v -0.070866359463996637 0.0061919504475157865 0.49044433077964694
v -0.070957827062391593 0.0061935970258277066 0.49045032477173717
v -0.070957827062391593 -0.0076835992116171883 0.49045032477173717
v -0.072545836709485306 0.006193712509826959 0.49141387017611177
v -0.072593453370080246 0.0061962866854231961 0.49149233317170055
v -0.072593453370080246 -0.0076835992116171883 0.49149233317170055
v -0.07068293654521593 0.0061919541728060849 0.4946403231488517
v -0.070591772936330094 0.0061935970258277066 0.49463434219527752
v -0.070591772936330094 -0.0076835992116171883 0.49463434219527752
v -0.069724800095007672 0.0062338208478253491 0.49072368005458028
v -0.069841125311375513 0.006248779751018823 0.49066130938175828
v -0.069724800095007672 -0.0076835992116171883 0.49072368005458028
v -0.069887301623401149 -0.0076835992116171883 0.49063908709380538
v -0.069570289488927378 -0.0076835992116171883 0.49082211433145911
v -0.069424946123779668 -0.0076835992116171883 0.49093364020976932
v -0.069424946123779668 0.0062039514702122815 0.49093364020976932
v -0.069496419892691924 0.0062097685110133298 0.49087627725843103
v -0.069570289488927378 0.0062166919630330213 0.49082211433145911
v -0.069606661477171733 0.006220415390686334 0.4907972107658139
v -0.069289875828706576 -0.0076835992116171883 0.49105740925464542
v -0.069166106783830478 -0.0076835992116171883 0.49119247989896447
v -0.069166109694213523 0.0061917679082911618 0.49119247617367418
v -0.069226543798156931 0.0061931779306691297 0.49112356575373323
v -0.069289875828706576 0.0061956664245885022 0.49105740925464542
v -0.069356206717946484 0.0061992631923716672 0.49099391726944358
v -0.068956146745056762 -0.0076835992116171883 0.49149233317170055
v -0.069003683428325607 0.0061937162351172574 0.49141399590465934
v -0.069054580789104952 -0.0076835992116171883 0.49133782303128154
v -0.069054580789104952 0.0061920752447407849 0.49133782303128154
v -0.069117508276411249 0.0061914009671967633 0.49125261074099452
v -0.068871553667866542 -0.0076835992116171883 0.49165483499113233
v -0.068912163173825397 0.0061997251283686765 0.49157249676231057
v -0.068956146745056762 0.0061962866854231961 0.49149233317170055
v -0.068801445450679316 -0.0076835992116171883 0.49182409076187522
v -0.068834569218614056 0.0062090234529536374 0.49173890082332999
v -0.068871553667866542 0.0062039961736958631 0.49165483499113233
v -0.068746355624915018 -0.0076835992116171883 0.49199881339613111
v -0.068774519518063321 0.006220415390686334 0.49190289741549403
v -0.068801439397082581 0.0062147101085942395 0.49182410845700414
v -0.068706703634978189 -0.0076835992116171883 0.49290699446741254
v -0.068682790996552362 0.0062914939295809873 0.49272536048833043
v -0.068682790996552362 -0.0076835992116171883 0.49272536048833043
v -0.068674800016031518 0.0062752963673632749 0.4925423332506767
v -0.068674800016031518 -0.0076835992116171883 0.4925423332506767
v -0.068682790996552362 0.0062588268589537747 0.49235930601302297
v -0.068682790996552362 -0.0076835992116171883 0.49235930601302297
v -0.068706703634978189 0.0062427801709931501 0.49217767203394086
v -0.068706703634978189 -0.0076835992116171883 0.49217767203394086
v -0.068724588753701105 0.00623512656207496 0.49208776308391006
v -0.068746355624915018 0.0062278473448317655 0.49199881339613111
v -0.068746355624915018 -0.0076835992116171883 0.49308585310522229
v -0.068707789091438903 0.0063072407316725858 0.49291309835556657
v -0.068706703634978189 0.0063067489933531888 0.49290699446741254
v -0.068801445450679316 -0.0076835992116171883 0.49326057573947818
v -0.068772059429482474 0.006326541460708917 0.49317402141336114
v -0.068746355624915018 0.0063204412978451856 0.49308585310522229
v -0.068871553667866542 -0.0076835992116171883 0.49342983151022107
v -0.068834667938806965 0.0063368698280614035 0.49334600502792508
v -0.068801445450679316 0.0063320195000928061 0.49326057573947818
v -0.068956146745056762 -0.0076835992116171883 0.49359233332965285
v -0.068912014045798137 0.0063444284420769827 0.49351188382301242
v -0.068871553667866542 0.0063410179388087408 0.49342983151022107
v -0.069054580789104952 -0.0076835992116171883 0.49374684440139444
v -0.069003555255056276 0.0063489211421769278 0.49367047036234052
v -0.068956146745056762 0.0063470789861243384 0.49359233332965285
v -0.069166106783830478 -0.0076835992116171883 0.4938921875337115
v -0.069108887372583999 0.0063501616638463156 0.49382090130988271
v -0.069054580789104952 0.0063499567728799002 0.49374684440139444
v -0.069424946123779668 -0.0076835992116171883 0.49415102629158408
v -0.069289875828706576 0.0063373876434128897 0.49402725724670798
v -0.069289875828706576 -0.0076835992116171883 0.49402725724670798
v -0.06923878021263416 0.0063477141481202261 0.49397434042934091
v -0.069166106783830478 0.0063495395403664725 0.4938921875337115
v -0.069570289488927378 0.0062871390652220853 0.49426255263555557
v -0.069450047711887314 0.0063073618036072858 0.49417176032606275
v -0.069424946123779668 0.0063118340146105893 0.49415102629158408
v -0.069570289488927378 -0.0076835992116171883 0.49426255263555557
v -0.069724800095007672 -0.0076835992116171883 0.49436098598111183
v -0.069724800095007672 0.0062640404027264722 0.49436098598111183
v -0.069887301623401149 -0.0076835992116171883 0.49444557894188673
v -0.069887301623401149 0.0062432253431838163 0.49444557894188673
v -0.069805014617320998 0.0062533227425377973 0.49440499656069786
v -0.070056557685182347 -0.0076835992116171883 0.49451568704265864
v -0.070231280028399928 -0.0076835992116171883 0.49457077756691487
v -0.070231280028399928 0.0062107966911357053 0.49457077756691487
v -0.070110237488568677 0.006220415390686334 0.49453440662640841
v -0.070056535391648217 0.0062253048342030652 0.49451567959207804
v -0.069970883691728963 0.0062338972162764676 0.49448236338961632
v -0.070410138811728834 -0.0076835992116171883 0.49461042955685169
v -0.070500560716771438 0.0061963332515519269 0.4946243491040519
v -0.070410138811728834 0.0062001255970757611 0.49461042955685169
v -0.070320316154555335 0.0062049572985928662 0.49459256306458027
v -0.070774800000000332 0.0061914009671967633 0.49464233294296772
v -0.070774800000000332 -0.0076835992116171883 0.49464233294296772
v -0.070866630900871391 0.0061919523101609357 0.49464032408017428
v -0.070957827062391593 -0.0076835992116171883 0.49463434219527752
v -0.070957827062391593 0.0061935970258277066 0.49463434219527752
v -0.07104895907179351 0.0061963313889067777 0.49462436027992279
v -0.071139461186992853 -0.0076835992116171883 0.49461042955685169
v -0.071139461186992853 0.0062001255970757611 0.49461042955685169
v -0.071229205089201136 0.0062049517106574185 0.49459258075970919
v -0.071318319970321759 -0.0076835992116171883 0.49457077756691487
v -0.071318319970321759 0.0062107966911357053 0.49457077756691487
v -0.071662298375320538 -0.0076835992116171883 0.49444557894188673
v -0.071578624513511463 0.0062338879030507215 0.49448240157384188
v -0.07149304231353934 -0.0076835992116171883 0.49451568704265864
v -0.07149304231353934 0.006225302971557916 0.49451568704265864
v -0.071439362510153009 0.006220415390686334 0.49453440662640841
v -0.07197931062620963 -0.0076835992116171883 0.49426255263555557
v -0.071824800020129337 0.0062640404027264722 0.49436098598111183
v -0.071824800020129337 -0.0076835992116171883 0.49436098598111183
v -0.071744493355088784 0.0062533115666669019 0.49440504498947174
v -0.071662298375320538 0.0062432253431838163 0.49444557894188673
v -0.07212465399135734 0.0063118340146105893 0.49415102629158408
v -0.072099552403249695 0.0063073618036072858 0.49417176032606275
v -0.07197931062620963 0.0062871390652220853 0.49426255263555557
v -0.07212465399135734 -0.0076835992116171883 0.49415102629158408
v -0.072259724286430432 -0.0076835992116171883 0.49402725724670798
v -0.072259724286430432 0.0063373876434128897 0.49402725724670798
v -0.072310819902502849 0.0063477141481202261 0.49397434042934091
v -0.072383493331306531 -0.0076835992116171883 0.4938921875337115
v -0.072383493331306531 0.0063495395403664725 0.4938921875337115
v -0.072440796561584725 0.0063501616638463156 0.4938207914138189
v -0.072495019326032056 -0.0076835992116171883 0.49374684440139444
v -0.072495019326032056 0.0063499567728799002 0.49374684440139444
v -0.072545787582219495 0.0063489285927575247 0.49367087362501533
v -0.072593453370080246 -0.0076835992116171883 0.49359233332965285
v -0.072593453370080246 0.0063470789861243384 0.49359233332965285
v -0.072637645790398969 0.0063444247167866842 0.49351176927033574
v -0.072678046447270467 -0.0076835992116171883 0.49342983151022107
v -0.072678046447270467 0.0063410179388087408 0.49342983151022107
v -0.072714981070765211 0.0063368623774808066 0.49334588674995811
v -0.072748154431627049 -0.0076835992116171883 0.49326057573947818
v -0.072748154431627049 0.0063320195000928061 0.49326057573947818
v -0.072777579102710738 0.0063265321474831708 0.49317389941010387
v -0.072803244257391347 -0.0076835992116171883 0.49308585310522229
v -0.072803244257391347 0.0063204412978451856 0.49308585310522229
v -0.072841810790867462 0.0063072407316725858 0.49291309835556657
v -0.072842896247328176 -0.0076835992116171883 0.49290699446741254
v -0.072842896247328176 0.0063067489933531888 0.49290699446741254
v -0.072866808885754003 -0.0076835992116171883 0.49272536048833043
v -0.072866808885754003 0.0062914939295809873 0.49272536048833043
v -0.072874799866274848 -0.0076835992116171883 0.4925423332506767
v -0.072874799866274848 0.0062752963673632749 0.4925423332506767
v -0.072866808885754003 -0.0076835992116171883 0.49235930601302297
v -0.072866808885754003 0.0062588268589537747 0.49235930601302297
v -0.072842896247328176 -0.0076835992116171883 0.49217767203394086
v -0.072842896247328176 0.0062427801709931501 0.49217767203394086
v -0.072803244257391347 -0.0076835992116171883 0.49199881339613111
v -0.072748154431627049 -0.0076835992116171883 0.49182409076187522
v -0.072748154431627049 0.0062147082459490903 0.49182409076187522
v -0.072775080364243044 0.006220415390686334 0.49190289741549403
v -0.072803244257391347 0.0062278473448317655 0.49199881339613111
v -0.072824984818742527 0.0062351172488492139 0.49208764480594308
v -0.072678046447270467 -0.0076835992116171883 0.49165483499113233
v -0.072637524369218304 0.0061997325789492734 0.491572664400374
v -0.072678046447270467 0.0062039961736958631 0.49165483499113233
v -0.072715019487821414 0.0062090215903084882 0.49173887288365276
v -0.072495019326032056 0.0061920752447407849 0.49133782303128154
v -0.072495019326032056 -0.0076835992116171883 0.49133782303128154
v -0.07243209183872576 0.0061914009671967633 0.49125261074099452
v -0.072383493331306531 -0.0076835992116171883 0.49119247989896447
v -0.072383493331306531 0.0061917679082911618 0.49119247989896447
v -0.072323211498604073 0.0061931742053788312 0.49112373432311923
v -0.072259724286430432 -0.0076835992116171883 0.49105740925464542
v -0.072259724286430432 0.0061956664245885022 0.49105740925464542
v -0.072193406668537213 0.006199261329726518 0.49099392937663705
v -0.07212465399135734 -0.0076835992116171883 0.49093364020976932
v -0.07212465399135734 0.0062039514702122815 0.49093364020976932
v -0.072053062992216005 0.006209777824239076 0.49087618692014129
v -0.07197931062620963 -0.0076835992116171883 0.49082211433145911
v -0.071979293629572644 0.0062166938256781705 0.49082210222426564
v -0.071942938637965276 0.006220415390686334 0.4907972107658139
v -0.071824800020129337 -0.0076835992116171883 0.49072368005458028
v -0.071824800020129337 0.0062338208478253491 0.49072368005458028
v -0.071708474687346174 0.006248779751018823 0.49066130938175828
v -0.071662298375320538 -0.0076835992116171883 0.49063908709380538
v -0.071662298375320538 0.0062432253431838163 0.49063908709380538
v -0.07149304231353934 -0.0076835992116171883 0.49056897899303348
v -0.071318319970321759 -0.0076835992116171883 0.49051388940009982
v -0.071318319970321759 0.0062107966911357053 0.49051388940009982
v -0.071435606428001924 0.0062200875651400693 0.49054901050571115
v -0.071493066062264993 0.0062253048342030652 0.49056898737493665
v -0.071578405943744733 0.0062338655513089307 0.4906021741235605
v -0.071139461186992853 -0.0076835992116171883 0.49047423741016299
v -0.071048690239711582 0.0061963202130358823 0.49046027129683406
v -0.071139461186992853 0.0062001255970757611 0.49047423741016299
v -0.07122960867201808 0.0062049759250443585 0.49049217468295009
v -0.070774800000000332 0.0061914009671967633 0.49044233309272439
v -0.070774800000000332 -0.0076835992116171883 0.49044233309272439
v -0.070683332495553336 0.0061919485848706372 0.49044432612303407
v -0.070591772936330094 -0.0076835992116171883 0.49045032477173717
v -0.070591772936330094 0.0061935970258277066 0.49045032477173717
v -0.070500844973883509 0.0061963239383261808 0.49046027967873723
v -0.070410138811728834 -0.0076835992116171883 0.49047423741016299
v -0.070410138811728834 0.0062001255970757611 0.49047423741016299
v -0.070320064057175918 0.0062049721997540601 0.49049215885046632
v -0.070231280028399928 -0.0076835992116171883 0.49051388940009982
v -0.070231280028399928 0.0062107966911357053 0.49051388940009982
v -0.069887282356665387 0.0062432272058289655 0.49063909640703113
v -0.069971292309508576 0.0062338543754380353 0.49060213314536721
v -0.070056557685182347 -0.0076835992116171883 0.49056897899303348
v -0.070056557685182347 0.006225302971557916 0.49056897899303348
v -0.070113993570719763 0.0062200875651400693 0.49054901050571115
v -0.070866663453505757 0.021440847001628242 0.4946403231488517
v -0.070957827062391593 0.021439203217284045 0.49463434219527752
v -0.070957827062391593 0.035316400386051515 0.49463434219527752
v -0.069887301623401149 0.035316400386051515 0.49063908709380538
v -0.069887301623401149 0.021389574899927936 0.49063908709380538
v -0.069841125311375513 0.021384020492092929 0.49066130938175828
v -0.069724800095007672 0.035316400386051515 0.49072368005458028
v -0.070056557685182347 0.035316400386051515 0.49056897899303348
v -0.070231280028399928 0.035316400386051515 0.49051388940009982
v -0.070231280028399928 0.021422004483298621 0.49051388940009982
v -0.070113993570719763 0.021412712677971683 0.49054901050571115
v -0.070056533936456694 0.021407494477586112 0.49056898737493665
v -0.069971194054976954 0.021398935623125396 0.4906021741235605
v -0.070410138811728834 0.035316400386051515 0.49047423741016299
v -0.070591772936330094 0.035316400386051515 0.49045032477173717
v -0.070591772936330094 0.021439203217284045 0.49045032477173717
v -0.070500909759010105 0.021436479098753295 0.49046027129683406
v -0.070410138811728834 0.021432675577358565 0.49047423741016299
v -0.070319991326703607 0.021427824318067393 0.49049217468295009
v -0.070957827062391593 0.035316400386051515 0.49045032477173717
v -0.070866267503168351 0.021440851658241115 0.49044432612303407
v -0.070774800000000332 0.035316400386051515 0.49044233309272439
v -0.070774800000000332 0.021441400207237563 0.49044233309272439
v -0.07068324053472505 0.02144085072691854 0.49044433077964694
v -0.071139461186992853 0.035316400386051515 0.49047423741016299
v -0.071048755024838178 0.021436477236108146 0.49046027967873723
v -0.070957827062391593 0.021439203217284045 0.49045032477173717
v -0.071435606428001924 0.021412712677971683 0.49054901050571115
v -0.071318319970321759 0.021422004483298621 0.49051388940009982
v -0.071318319970321759 0.035316400386051515 0.49051388940009982
v -0.071229535941545769 0.021427828043357692 0.49049215885046632
v -0.071139461186992853 0.021432675577358565 0.49047423741016299
v -0.07149304231353934 0.021407497271553836 0.49056897899303348
v -0.07149304231353934 0.035316400386051515 0.49056897899303348
v -0.071578307689213111 0.021398945867673717 0.49060213314536721
v -0.071662298375320538 0.035316400386051515 0.49063908709380538
v -0.0716623176420563 0.021389572105960212 0.49063909640703113
v -0.071708474687346174 0.021384020492092929 0.49066130938175828
v -0.071824800020129337 0.035316400386051515 0.49072368005458028
v -0.071824800020129337 0.021398979395286403 0.49072368005458028
v -0.07197931062620963 0.035316400386051515 0.49082211433145911
v -0.07212465399135734 0.035316400386051515 0.49093364020976932
v -0.07212465399135734 0.021428847841576896 0.49093364020976932
v -0.072053180222445085 0.021423032663420997 0.49087627725843103
v -0.07197931062620963 0.021416109211401305 0.49082211433145911
v -0.071942938637965276 0.021412384852425418 0.4907972107658139
v -0.072259724286430432 0.035316400386051515 0.49105740925464542
v -0.072383493331306531 0.035316400386051515 0.49119247989896447
v -0.072383490420923485 0.021441031403498016 0.49119247617367418
v -0.072323056316980078 0.021439622312442622 0.49112356575373323
v -0.072259724286430432 0.021437134749845824 0.49105740925464542
v -0.072193393397190525 0.021433537982062659 0.49099391726944358
v -0.072593453370080246 0.035316400386051515 0.49149233317170055
v -0.072545916686811401 0.021439084939317069 0.49141399590465934
v -0.072495019326032056 0.035316400386051515 0.49133782303128154
v -0.072495019326032056 0.021440724998370967 0.49133782303128154
v -0.07243209183872576 0.021441400207237563 0.49125261074099452
v -0.072678046447270467 0.035316400386051515 0.49165483499113233
v -0.072637436941311612 0.021433075114743076 0.49157249676231057
v -0.072593453370080246 0.02143651448901113 0.49149233317170055
v -0.072748154431627049 0.035316400386051515 0.49182409076187522
v -0.072715030896522953 0.021423776790158115 0.49173890082332999
v -0.072678046447270467 0.021428804069415889 0.49165483499113233
v -0.072803244257391347 0.035316400386051515 0.49199881339613111
v -0.072775080364243044 0.021412384852425418 0.49190289741549403
v -0.072748160485223784 0.021418091065840087 0.49182410845700414
v -0.072842896247328176 0.035316400386051515 0.49290699446741254
v -0.072866808885754003 0.021341307244853339 0.49272536048833043
v -0.072866808885754003 0.035316400386051515 0.49272536048833043
v -0.072874799866274848 0.021357503875748477 0.4925423332506767
v -0.072874799866274848 0.035316400386051515 0.4925423332506767
v -0.072866808885754003 0.021373972452835403 0.49235930601302297
v -0.072866808885754003 0.035316400386051515 0.49235930601302297
v -0.072842896247328176 0.021390021003441177 0.49217767203394086
v -0.072842896247328176 0.035316400386051515 0.49217767203394086
v -0.07282501112860526 0.021397673681036792 0.49208776308391006
v -0.072803244257391347 0.021404952898279987 0.49199881339613111
v -0.072803244257391347 0.035316400386051515 0.49308585310522229
v -0.072841810790867462 0.021325559511439166 0.49291309835556657
v -0.072842896247328176 0.021326051249758563 0.49290699446741254
v -0.072748154431627049 0.035316400386051515 0.49326057573947818
v -0.072777540452823891 0.02130625971372541 0.49317402141336114
v -0.072803244257391347 0.021312358013943992 0.49308585310522229
v -0.072678046447270467 0.035316400386051515 0.49342983151022107
v -0.072714932176330044 0.021295931346372924 0.49334600502792508
v -0.072748154431627049 0.021300779811696372 0.49326057573947818
v -0.072593453370080246 0.035316400386051515 0.49359233332965285
v -0.072637586069338872 0.021288370869712196 0.49351188382301242
v -0.072678046447270467 0.021291781372980437 0.49342983151022107
v -0.072495019326032056 0.035316400386051515 0.49374684440139444
v -0.072546044860080733 0.021283879100934825 0.49367047036234052
v -0.072593453370080246 0.021285722188309989 0.49359233332965285
v -0.072383493331306531 0.035316400386051515 0.4938921875337115
v -0.07244071274255301 0.021282638579265437 0.49382090130988271
v -0.072495019326032056 0.021282844401554427 0.49374684440139444
v -0.07212465399135734 0.035316400386051515 0.49415102629158408
v -0.072259724286430432 0.021295412599698863 0.49402725724670798
v -0.072259724286430432 0.035316400386051515 0.49402725724670798
v -0.072310819902502849 0.021285086094991527 0.49397434042934091
v -0.072383493331306531 0.02128326070274528 0.4938921875337115
v -0.07197931062620963 0.021345662109212241 0.49426255263555557
v -0.072099552403249695 0.021325438439504466 0.49417176032606275
v -0.07212465399135734 0.021320967159823737 0.49415102629158408
v -0.07197931062620963 0.035316400386051515 0.49426255263555557
v -0.071824800020129337 0.035316400386051515 0.49436098598111183
v -0.071824800020129337 0.021368758909062705 0.49436098598111183
v -0.071662298375320538 0.035316400386051515 0.49444557894188673
v -0.071662298375320538 0.021389574899927936 0.49444557894188673
v -0.071744585381400688 0.021379477500573955 0.49440499656069786
v -0.07149304231353934 0.035316400386051515 0.49451568704265864
v -0.071318319970321759 0.035316400386051515 0.49457077756691487
v -0.071318319970321759 0.021422004483298621 0.49457077756691487
v -0.071439362510153009 0.021412384852425418 0.49453440662640841
v -0.07149306460707347 0.021407495408908687 0.49451567959207804
v -0.071578716306992723 0.021398903026835284 0.49448236338961632
v -0.071139461186992853 0.035316400386051515 0.49461042955685169
v -0.071049039281950249 0.021436466991559825 0.4946243491040519
v -0.071139461186992853 0.021432675577358565 0.49461042955685169
v -0.071229283844166352 0.02142784387584146 0.49459256306458027
v -0.070774800000000332 0.021441400207237563 0.49464233294296772
v -0.070774800000000332 0.035316400386051515 0.49464233294296772
v -0.070682969097850296 0.021440847001628242 0.49464032408017428
v -0.070591772936330094 0.035316400386051515 0.49463434219527752
v -0.070591772936330094 0.021439203217284045 0.49463434219527752
v -0.070500640926928176 0.021436469785527549 0.49462436027992279
v -0.070410138811728834 0.035316400386051515 0.49461042955685169
v -0.070410138811728834 0.021432675577358565 0.49461042955685169
v -0.07032039490952055 0.021427848532454333 0.49459258075970919
v -0.070231280028399928 0.035316400386051515 0.49457077756691487
v -0.070231280028399928 0.021422004483298621 0.49457077756691487
v -0.069887301623401149 0.035316400386051515 0.49444557894188673
v -0.069970975485210224 0.021398912340061031 0.49448240157384188
v -0.070056557685182347 0.035316400386051515 0.49451568704265864
v -0.070056557685182347 0.021407497271553836 0.49451568704265864
v -0.070110237488568677 0.021412384852425418 0.49453440662640841
v -0.069570289488927378 0.035316400386051515 0.49426255263555557
v -0.069724800095007672 0.021368758909062705 0.49436098598111183
v -0.069724800095007672 0.035316400386051515 0.49436098598111183
v -0.069805106643632903 0.021379489607767425 0.49440504498947174
v -0.069887301623401149 0.021389574899927936 0.49444557894188673
v -0.069424946123779668 0.021320967159823737 0.49415102629158408
v -0.069450047711887314 0.021325438439504466 0.49417176032606275
v -0.069570289488927378 0.021345662109212241 0.49426255263555557
v -0.069424946123779668 0.035316400386051515 0.49415102629158408
v -0.069289875828706576 0.035316400386051515 0.49402725724670798
v -0.069289875828706576 0.021295412599698863 0.49402725724670798
v -0.06923878021263416 0.021285086094991527 0.49397434042934091
v -0.069166106783830478 0.035316400386051515 0.4938921875337115
v -0.069166106783830478 0.02128326070274528 0.4938921875337115
v -0.069108803553552284 0.021282638579265437 0.4938207914138189
v -0.069054580789104952 0.035316400386051515 0.49374684440139444
v -0.069054580789104952 0.021282844401554427 0.49374684440139444
v -0.069003812532917513 0.021283871650354228 0.49367087362501533
v -0.068956146745056762 0.035316400386051515 0.49359233332965285
v -0.068956146745056762 0.021285722188309989 0.49359233332965285
v -0.06891195432473804 0.021288375526325069 0.49351176927033574
v -0.068871553667866542 0.035316400386051515 0.49342983151022107
v -0.068871553667866542 0.021291781372980437 0.49342983151022107
v -0.068834619044371798 0.021295937865630946 0.49334588674995811
v -0.068801445450679316 0.035316400386051515 0.49326057573947818
v -0.068801445450679316 0.021300779811696372 0.49326057573947818
v -0.068772020779595627 0.021306268095628581 0.49317389941010387
v -0.068746355624915018 0.035316400386051515 0.49308585310522229
v -0.068746355624915018 0.021312358013943992 0.49308585310522229
v -0.068707789091438903 0.021325559511439166 0.49291309835556657
v -0.068706703634978189 0.035316400386051515 0.49290699446741254
v -0.068706703634978189 0.021326051249758563 0.49290699446741254
v -0.068682790996552362 0.035316400386051515 0.49272536048833043
v -0.068682790996552362 0.021341307244853339 0.49272536048833043
v -0.068674800016031518 0.035316400386051515 0.4925423332506767
v -0.068674800016031518 0.021357503875748477 0.4925423332506767
v -0.068682790996552362 0.035316400386051515 0.49235930601302297
v -0.068682790996552362 0.021373972452835403 0.49235930601302297
v -0.068706703634978189 0.035316400386051515 0.49217767203394086
v -0.068706703634978189 0.021390021003441177 0.49217767203394086
v -0.068746355624915018 0.035316400386051515 0.49199881339613111
v -0.068801445450679316 0.035316400386051515 0.49182409076187522
v -0.068801445450679316 0.021418091997162662 0.49182409076187522
v -0.068774519518063321 0.021412384852425418 0.49190289741549403
v -0.068746355624915018 0.021404952898279987 0.49199881339613111
v -0.068724615063563838 0.021397682994262538 0.49208764480594308
v -0.068871553667866542 0.035316400386051515 0.49165483499113233
v -0.068956146745056762 0.035316400386051515 0.49149233317170055
v -0.068956146745056762 0.02143651448901113 0.49149233317170055
v -0.068912075745918705 0.021433067664162479 0.491572664400374
v -0.068871553667866542 0.021428804069415889 0.49165483499113233
v -0.068834580627315595 0.021423777721480689 0.49173887288365276
v -0.069166106783830478 0.035316400386051515 0.49119247989896447
v -0.069117508276411249 0.021441400207237563 0.49125261074099452
v -0.069054580789104952 0.035316400386051515 0.49133782303128154
v -0.069054580789104952 0.021440724998370967 0.49133782303128154
v -0.069003763405651702 0.021439088664607368 0.49141387017611177
v -0.069289875828706576 0.035316400386051515 0.49105740925464542
v -0.069226388616532936 0.021439626969055495 0.49112373432311923
v -0.069166106783830478 0.021441031403498016 0.49119247989896447
v -0.069424946123779668 0.035316400386051515 0.49093364020976932
v -0.069356193446599795 0.021433538913385234 0.49099392937663705
v -0.069289875828706576 0.021437134749845824 0.49105740925464542
v -0.069570289488927378 0.035316400386051515 0.49082211433145911
v -0.069496537122921004 0.021423022418872676 0.49087618692014129
v -0.069424946123779668 0.021428847841576896 0.49093364020976932
v -0.069724800095007672 0.021398979395286403 0.49072368005458028
v -0.069606661477171733 0.021412384852425418 0.4907972107658139
v -0.069570306485564365 0.021416107348756156 0.49082210222426564
v -0.081274800265253452 -0.0076835992116171883 0.50454233382064617
v -0.080860587099612621 -0.0066836009103495644 0.50554233398455894
v -0.091274800041736048 0.0023163987022202567 0.50454233382064617
v -0.091274800041736048 0.0037306138944190118 0.50554233398455894
v -0.070774800000000332 -0.0066836009103495644 0.50554233398455894
v -0.060274800548375487 -0.0076835992116171883 0.50454233382064617
v -0.060689013714016318 -0.0066836009103495644 0.50554233398455894
v -0.050274798909247742 0.0037306138944190118 0.50554233398455894
v -0.050274798909247742 0.0023163987022202567 0.50454233382064617
v -0.046574799606622086 -0.0076835992116171883 0.47869566669855029
v -0.046306170785845147 -0.0066836009103495644 0.47764713857490332
v -0.038574798295319887 0.0023163987022202567 0.48469566663428904
v -0.037974799314559313 0.0037306138944190118 0.4838956667127064
v -0.054374799395025604 -0.0066836009103495644 0.47159566618669541
v -0.06444146650102818 -0.0076835992116171883 0.465295666644161
v -0.063574800064832807 -0.0066836009103495644 0.46469566766340042
v -0.1029748006556639 0.0023163987022202567 0.48469566663428904
v -0.10357479963642448 0.0037306138944190118 0.4838956667127064
v -0.094974799344361704 -0.0076835992116171883 0.47869566669855029
v -0.095243428165138644 -0.0066836009103495644 0.47764713857490332
v -0.077974799817473558 -0.0066836009103495644 0.46469566766340042
v -0.077108133381278185 -0.0076835992116171883 0.465295666644161
v -0.087174799555958193 -0.0066836009103495644 0.47159566618669541
v -0.038574798295319887 0.025316400609568919 0.48469566663428904
v -0.037974799314559313 0.02390218634869274 0.4838956667127064
v -0.046574799606622086 0.035316400386051515 0.47869566669855029
v -0.046306170785845147 0.034316400222138742 0.47764713857490332
v -0.063574800064832807 0.034316400222138742 0.46469566766340042
v -0.06444146650102818 0.035316400386051515 0.465295666644161
v -0.054374799395025604 0.034316400222138742 0.47159566618669541
v -0.060274800548375487 0.035316400386051515 0.50454233382064617
v -0.060689013714016318 0.034316400222138742 0.50554233398455894
v -0.050274798909247742 0.025316400609568919 0.50454233382064617
v -0.050274798909247742 0.02390218634869274 0.50554233398455894
v -0.070774800000000332 0.034316400222138742 0.50554233398455894
v -0.081274800265253452 0.035316400386051515 0.50454233382064617
v -0.080860587099612621 0.034316400222138742 0.50554233398455894
v -0.091274800041736048 0.02390218634869274 0.50554233398455894
v -0.091274800041736048 0.025316400609568919 0.50454233382064617
v -0.11587910566669793 0.019816400639371234 0.44116556067187096
v -0.1220890491102347 0.019816400639371234 0.4458230191858461
v -0.12213380102259012 0.019819264456288177 0.44576204735953118
v -0.12240081493002268 0.019998259067193824 0.44533807207066323
v -0.11603082928997369 0.019998250685290653 0.44056059587914254
v -0.11603576902490945 0.019974526174024898 0.44060846585947777
v -0.12238736663204523 0.019979452870444614 0.44536265526134278
v -0.11603821281534524 0.019951686419205028 0.44065706227142121
v -0.12236513409954401 0.019951693869785625 0.44540223647076393
v -0.11603807870489449 0.019931120954112369 0.44070346821266915
v -0.12235125739318224 0.019936229258434135 0.44542635400015618
v -0.11603541139704079 0.019911573424593765 0.4407505670579126
v -0.12232629794818255 0.019911579012529212 0.44546871800143029
v -0.11603038598042817 0.019894189357415992 0.44079566169697548
v -0.12231230575782152 0.019899368442253429 0.4454919451864412
v -0.11602285716873498 0.019878208793358165 0.44084073025900627
v -0.12228456352096888 0.019878212518648464 0.4455369951220205
v -0.11601318631512017 0.019864288314835388 0.44088393617588784
v -0.12227079112273546 0.019869099527255851 0.44555889610368515
v -0.11600098971468301 0.019851843051270801 0.4409271346421888
v -0.1222401915882239 0.01985184491391595 0.44560652394015099
v -0.11598676655632348 0.019841388024048168 0.44096861574966217
v -0.12222699660998675 0.019845594808117706 0.44562664423305298
v -0.1159702448938498 0.019832671776072341 0.44100934062320496
v -0.1221934429202685 0.019832672707394916 0.4456767307611158
v -0.11595174510222764 0.019825853563503582 0.44104857538062836
v -0.12218121279221865 0.019828966043547946 0.44569460470396782
v -0.11593103993874879 0.019820838391439277 0.44108687509018685
v -0.12214455593568178 0.019820838391439277 0.44574700836259629
v -0.11590852800947518 0.019817715666846591 0.44112353567201401
v -0.1158837846313128 0.019816431373016197 0.44115925375539566
v -0.12241040382725092 0.020012712262229282 0.445320220479553
v -0.12242036525350901 0.020028756156222183 0.44530134443361069
v -0.11602305833441109 0.020024187087671119 0.44051072169262673
v -0.12243308711987826 0.020050926290110904 0.44527671281415726
v -0.11601274300557465 0.02005108088965829 0.44046122376043106
v -0.12244999248725268 0.020083808496252853 0.44524289090353752
v -0.11600776229244561 0.020062434643165428 0.44044091347772385
v -0.12246170107466074 0.020109304383055526 0.44521860946137215
v -0.11598372299414964 0.020109293207184631 0.4403601417334726
v -0.12247600618940684 0.020144232704893905 0.4451877379806688
v -0.1159431210551867 0.020172944448546726 0.4402567202242067
v -0.12248643327695223 0.020172955624417621 0.44516419042069222
v -0.12249817166668268 0.020209608755664188 0.44513628427106644
v -0.11589057211023659 0.020241394795135814 0.44015147332269455
v -0.12250706765991541 0.020241406902329284 0.44511383567172791
v -0.12251628030282351 0.020279475643889266 0.4450889060290506
v -0.11582562539917321 0.020314134813503582 0.4400445574911287
v -0.12252341423374506 0.020314147852019626 0.44506789166647698
v -0.12253013838273379 0.020353337905959445 0.44504592735487725
v -0.11574689138871522 0.020391495123164016 0.43993485141712929
v -0.12253530163508745 0.020390634581105072 0.4450266676040342
v -0.12253957826835009 0.020430666550652343 0.44500765372235085
v -0.11571560640078873 0.020419843651012737 0.43989542294461037
v -0.12254258830291125 0.020470297120169956 0.44499042798001076
v -0.11565673191291184 0.020470283150331336 0.43982603941280152
v -0.12254445839864107 0.02051090464706834 0.44497433472592141
v -0.11555180911165566 0.020552527315573055 0.43971439246255661
v -0.12254515502792689 0.020552541285411674 0.44495939631182457
v -0.12254466328960749 0.0205934701185983 0.44494618643242623
v -0.11543250668984742 0.020636739365414936 0.43960095364767815
v -0.12254291240316721 0.020636753335253555 0.44493375141340996
v -0.12254010353428217 0.020677761330859027 0.44492338020521904
v -0.11529792685252518 0.020722436874763332 0.43948520887810494
v -0.12253580082398745 0.020722305558280311 0.44491363112050797
v -0.11529036823850961 0.020726997561411224 0.4394790137203386
v -0.12253071952802035 0.020763158954338393 0.4449060464294603
v -0.11514751825672478 0.020808783515946231 0.43936690855938698
v -0.12252246055942866 0.020816399871961436 0.44489807803351189
v -0.11513347763758988 0.020816399871961436 0.43935633991081025
v -0.11602330420357079 0.0076093265485327865 0.44051206279713417
v -0.11601304847937913 0.0075824448537390853 0.44046253506261612
v -0.12243683103662821 0.0075824355405133392 0.44528035614806916
v -0.11600776229244561 0.0075703655999463226 0.44044091347772385
v -0.11598372299414964 0.0075235070359271194 0.4403601417334726
v -0.12246576909166666 0.0075234995853465225 0.44522166792470719
v -0.11513347763758988 0.0068164003711503164 0.43935633991081025
v -0.12252246055942866 0.0068164003711503164 0.44489807803351189
v -0.1152865051124701 0.0069034808945220129 0.4394758583994558
v -0.12252974350196215 0.0068623145740788595 0.44490485806185509
v -0.12253452304941508 0.0068980922621052878 0.44491130281407143
v -0.1225351824257979 0.0069035535376828329 0.44491237569767739
v -0.11529036823850961 0.0069058036130231039 0.4394790137203386
v -0.11542351383906693 0.0069900491904776717 0.43959285859185959
v -0.12254232380730005 0.0069780798327487127 0.44492942262608315
v -0.12254314337116572 0.0069900436025422241 0.44493257794696595
v -0.11554499555569978 0.0070752186399262573 0.43970757145602013
v -0.12254601184469553 0.00705639288540298 0.44495227355677391
v -0.12254629496675822 0.0070752111893456603 0.44495854322034623
v -0.11565176610094399 0.0071584211360972549 0.43982044402677323
v -0.12254564676624628 0.0071330351453583862 0.44497978110033776
v -0.12254479367476794 0.0071546828072827483 0.44498852435666825
v -0.12254461486083361 0.0071584174108069564 0.44499007780272271
v -0.11571572188478799 0.0072130599689047958 0.43989556450564171
v -0.11574441407066674 0.0072390177917044784 0.43993165884334351
v -0.12253914240938517 0.0072296132963460113 0.4450222978385141
v -0.12253812167984339 0.0072390122037690307 0.44502693582493569
v -0.11582345728021951 0.0073163995217841293 0.44004129413682724
v -0.12252957213860842 0.0073007905554335738 0.4450598487647226
v -0.12252687875372263 0.0073163902085583831 0.44506885279137398
v -0.11588938374263139 0.0073899758678239013 0.44014932755548264
v -0.12251623187404963 0.0073683300685446883 0.44510104302484299
v -0.1225109792147288 0.0073899646919530059 0.44511551577765252
v -0.11594265166860909 0.0074591880362790252 0.44025566596705223
v -0.12249918867093416 0.0074322765391629363 0.4451458210142305
v -0.12249230433446261 0.0074539558660548354 0.44516245443541314
v -0.12249054972273203 0.0074591843109887267 0.44516658578235413
v -0.12247010532957407 0.007513350031928363 0.44521241057831551
v -0.12244481060844752 0.0075675232034485961 0.44526463542300965
v -0.11603108260971398 0.0076355525922339592 0.44056257400829102
v -0.12241653192979189 0.0076166541945498611 0.44531905446368958
v -0.12240396280032488 0.0076355432790082131 0.44534221831876541
v -0.12238531772238108 0.0076608324121993218 0.44537564162332322
v -0.11603827614528031 0.0076824260574143563 0.44065993819553162
v -0.11603595156413407 0.0076594447415631447 0.44061089102346207
v -0.12237286407691332 0.0076761191409390602 0.44539741967040802
v -0.12236742887836786 0.0076824223321240578 0.44540679622608925
v -0.11603797067147584 0.0077031740617316399 0.44070695508438851
v -0.11603508729678483 0.0077227076214116249 0.44075427744704987
v -0.12228455979567858 0.0077560899477761422 0.44554211739618088
v -0.11602197054964394 0.0077560936730664406 0.44084518570620324
v -0.12229973290306421 0.0077453517984908257 0.44551827926356102
v -0.116029834637464 0.0077400507103961144 0.44079956207591797
v -0.12232752729398104 0.0077227038961213265 0.44547359440643097
v -0.1223372987304339 0.0077137445729535256 0.4454575421305349
v -0.12226677153450342 0.0077673459124129448 0.44556961376387383
v -0.11599937666398377 0.0077823253047030602 0.44093224201518799
v -0.1160119048152575 0.0077700318467181359 0.44088894296604897
v -0.12226022992473932 0.0077711438458722268 0.4455796161683252
v -0.12223886538487765 0.007782323442057911 0.44561185110527779
v -0.1159847809765944 0.0077926257323783074 0.44097386840898301
v -0.12221881959778162 0.0077912119847100411 0.44564156029540802
v -0.11596774522405953 0.0078012088012259636 0.44101498071271683
v -0.1220890491102347 0.0078164005350630922 0.4458230191858461
v -0.11587910566669793 0.0078164005350630922 0.44116556067187096
v -0.12211480576735827 0.0078154673498433275 0.44578837026078011
v -0.1159043631349215 0.0078154449981015367 0.4411298537643602
v -0.12214073378783556 0.0078125951510232133 0.44575283471662308
v -0.11592751208883614 0.0078125951510232133 0.44109292496163155
v -0.12215985197764727 0.0078091809224646721 0.44572620261627938
v -0.11594883565050454 0.007807800702409092 0.44105427507478501
v -0.12219080168944689 0.0078012069385808144 0.44568226654249932
v -0.12220377315026613 0.0077969191294472847 0.44566353578287865
v -0.10835049513918252 0.0078164005350630922 0.43551910091358925
v -0.10214054797035545 0.0078164005350630922 0.43086164239961411
v -0.10218655158025115 0.007813535786823575 0.43080160934645439
v -0.10251880277139037 0.0076345411759179268 0.43042656202036644
v -0.10888877723556847 0.007634550489143673 0.43520405683833863
v -0.10884143997174592 0.0076582750004094277 0.43521271813828255
v -0.10249897305113166 0.0076533483039897118 0.43044635821301247
v -0.10879410270792336 0.0076811128925841484 0.4352239796908548
v -0.10246719632488578 0.0076811073046487007 0.43047878313977028
v -0.10874958921414704 0.0077016802203219567 0.43523710016328598
v -0.10244792912346214 0.0076965709846776162 0.43049885872918869
v -0.1087051241491446 0.0077212268185179863 0.43525285069066788
v -0.10241424877387374 0.0077212212305825386 0.4305346811206987
v -0.10866324071031899 0.0077386108856957589 0.43527030367571617
v -0.10239586819154113 0.0077334327321808968 0.43055461514908577
v -0.10862208370310159 0.0077545923810761605 0.43529014829713608
v -0.10236038852673858 0.0077545867931407128 0.43059386480767037
v -0.10858331088167519 0.0077685119282763634 0.43531153146344925
v -0.10234322238904327 0.0077637007158558998 0.43061321769077088
v -0.10854525704127641 0.0077809581231635247 0.43533533234316613
v -0.10230606634360641 0.0077809543978732262 0.43065592814404274
v -0.1085094160233149 0.0077914112877410088 0.43536060471255089
v -0.10229044247609466 0.0077872054349940453 0.43067423049527909
v -0.10847494963747353 0.0078001284670394097 0.43538786638695504
v -0.10225175906163543 0.0078001266043942604 0.4307204650731733
v -0.10844246138078065 0.0078069476109307442 0.43541661072689797
v -0.1022380201910147 0.0078038351308863793 0.43073721025306488
v -0.10841148931723923 0.0078119618516724739 0.43544721398669983
v -0.10219797704559654 0.0078119618516724739 0.4307870769890001
v -0.10838259969097466 0.0078150855075877351 0.43547909129578377
v -0.10835523743373246 0.0078163688700955553 0.43551284242588784
v -0.10253325689774841 0.007620088912205043 0.43041236121374871
v -0.10254859019261688 0.0076040440868895675 0.43039751220661904
v -0.10893883396130891 0.007608613155440631 0.43519755248147751
v -0.10256867323261588 0.0075818730216782714 0.43037840519267823
v -0.1089892371390471 0.0075817202847760345 0.43519359622318055
v -0.10259640801888793 0.0075489917468588973 0.43035270068961884
v -0.10901013229233117 0.0075703655999463226 0.43519268725234772
v -0.10261643890482276 0.007523495860056224 0.43033466655928398
v -0.10909440580946297 0.0075235070359271194 0.43519315291363503
v -0.10264207262736648 0.0074885675382178451 0.43031228874046112
v -0.10920505810719819 0.0074598567258875991 0.43520317021924759
v -0.10266175706130355 0.0074598436873715545 0.43029568512160088
v -0.10268525991779655 0.007423192418770137 0.43027660045940186
v -0.1093208066020617 0.0073914063792985107 0.43522415105420853
v -0.10270432222825378 0.0073913933407824661 0.43026177752930428
v -0.10272567559224456 0.0073533245992224838 0.43024595249611641
v -0.10944162894231171 0.0073186663609307433 0.43525656480509545
v -0.10274385128361076 0.0073186533224146987 0.43023321945387627
v -0.10276305142980903 0.0072794632684748794 0.43022061307150627
v -0.10956899289232583 0.007241305119947734 0.43530143220145012
v -0.10278009835821479 0.0072421656620066787 0.43021026421505715
v -0.10279715273720115 0.007202133692459407 0.43020083550531174
v -0.10961560744983048 0.0072129556607764388 0.43532042373139168
v -0.10281284738522857 0.0071625040542643691 0.43019312042910363
v -0.10969869632464738 0.0071625170927804137 0.43535751644689347
v -0.10282777089816421 0.0071218946647208358 0.43018681723791863
v -0.10983525801640839 0.0070802738588612701 0.43542697820979859
v -0.10286716211778014 0.0069960469078581954 0.43017694149333741
v -0.10997756410580964 0.0069960618090193893 0.43550974670964981
v -0.10285473454934448 0.0070393291931908752 0.43017874080855156
v -0.10284191955071777 0.0070802589577000762 0.43018197063524033
v -0.10287790585500091 0.0069550389122527258 0.43017673287708069
v -0.1028825289402613 0.0069361386519234793 0.43017712030727173
v -0.1101263633762011 0.0069103633683484213 0.43560653720218445
v -0.10288847450357765 0.0069104956161540167 0.43017813358623291
v -0.11013442490440697 0.0069058036130231039 0.43561205808240677
v -0.10289717678171485 0.0068696422200959341 0.43018089030105378
v -0.11028204325777383 0.0068240167271655218 0.43571780044752861
v -0.10290713820797294 0.0068164003711503164 0.43018658626992012
v -0.11029612112981171 0.0068164003711503164 0.43572832439262177
v -0.03319910381180128 0.019816400639371234 0.43551910091358925
v -0.039409173915208193 0.019816400639371234 0.43086155299264695
v -0.03936316285473189 0.019819264456288177 0.43080151621419693
v -0.039030893037141176 0.019998259067193824 0.43042648751456047
v -0.032660821715415324 0.019998250685290653 0.43520405683833863
v -0.032708158979237879 0.019974526174024898 0.43521271813828255
v -0.039050733933270784 0.019979446351186592 0.4304462874324968
v -0.032755496243060435 0.019951686419205028 0.4352239796908548
v -0.039082503208936067 0.019951693869785625 0.43047870863396431
v -0.032800009736836756 0.019931120954112369 0.43523710016328598
v -0.039101777860940309 0.019936225533143836 0.43049878794867302
v -0.032844474801839198 0.019911573424593765 0.43525285069066788
v -0.039135450759948107 0.019911579012529212 0.43053460288960244
v -0.032886358240664805 0.019894189357415992 0.43527030367571617
v -0.039153835067571016 0.019899367510930854 0.4305545406432798
v -0.032927515247882212 0.019878208793358165 0.43529014829713608
v -0.039189314732373567 0.019878212518648464 0.4305937865765741
v -0.032966288069308604 0.019864288314835388 0.43531153146344925
v -0.039206484595359178 0.019869099527255851 0.43061313573438431
v -0.033004341909707392 0.019851843051270801 0.43533533234316613
v -0.039243644366086336 0.01985184491391595 0.43065584618765618
v -0.033040182927668894 0.019841388024048168 0.43536060471255089
v -0.039259264508307787 0.01984559573944028 0.43067414481360222
v -0.033074649313510264 0.019832671776072341 0.43538786638695504
v -0.039297951648057314 0.019832672707394916 0.43072038311678673
v -0.03310713757020315 0.019825853563503582 0.43541661072689797
v -0.039311686793387743 0.019828966974870521 0.43073712084609772
v -0.033138109633744563 0.019820838391439277 0.43544721398669983
v -0.039351737389386507 0.019820838391439277 0.43078698758203293
v -0.033166999260009135 0.019817715666846591 0.43547909129578377
v -0.033194361517251338 0.019816431373016197 0.43551284242588784
v -0.039016461262524935 0.02001269177313264 0.43041230905968453
v -0.03900111679178557 0.020028746842996437 0.43039744515139366
v -0.032610764989674891 0.020024187087671119 0.43519755248147751
v -0.038981022575915666 0.020050926290110904 0.43037833068687226
v -0.032560361811936701 0.02005108088965829 0.43519359622318055
v -0.038953298965514513 0.020083796389059383 0.43035264108497406
v -0.032539466658652628 0.020062434643165428 0.43519268725234772
v -0.038933253178418489 0.020109304383055526 0.43033459205347802
v -0.032455193141520823 0.020109293207184631 0.43519315291363503
v -0.038907630631745668 0.020144216872410137 0.43031222541052605
v -0.032344540843785609 0.020172944448546726 0.43520317021924759
v -0.038887931296647402 0.020172955624417621 0.43029561434108521
v -0.038864439616025301 0.020209589197890121 0.43027654458004738
v -0.032228792348922099 0.020241394795135814 0.43522415105420853
v -0.038845366129697176 0.020241406902329284 0.43026171047407891
v -0.038824023941577288 0.020279453292147476 0.43024589661676194
v -0.032107970008672083 0.020314134813503582 0.43525656480509545
v -0.038805833349049898 0.020314147852019626 0.4302331561239412
v -0.038786644378722521 0.020353311828927356 0.4302205609174421
v -0.031980606058657969 0.020391495123164016 0.43530143220145012
v -0.038769582549155565 0.020390634581105072 0.43021020461041237
v -0.038752539346040102 0.02043063767965253 0.43020077962595726
v -0.031933991501153315 0.020419843651012737 0.43532042373139168
v -0.038736829796851488 0.020470297120169956 0.43019306454974915
v -0.031850902626336421 0.020470283150331336 0.43535751644689347
v -0.038721913734496446 0.020510873913423378 0.43018676508385445
v -0.031714340934575404 0.020552527315573055 0.43542697820979859
v -0.038682503888429018 0.020636753335253555 0.43017688933927323
v -0.031572034845174152 0.020636739365414936 0.43550974670964981
v -0.038694942632735582 0.020593437522308189 0.43017869237977768
v -0.038707753906071993 0.020552541285411674 0.43018191475588585
v -0.038671763876498552 0.020677725940601192 0.43017668444830681
v -0.038667151967109056 0.020696588948027454 0.43017707187849785
v -0.031423235574782687 0.020722436874763332 0.43560653720218445
v -0.038661187777341219 0.020722305558280311 0.43017808515745903
v -0.031415174046576816 0.020726997561411224 0.43561205808240677
v -0.03865248922449431 0.020763122632757983 0.4301808418722799
v -0.031267555693209964 0.020808783515946231 0.43571780044752861
v -0.038642516622365328 0.020816399871961436 0.43018654529172684
v -0.031253477821172077 0.020816399871961436 0.43572832439262177
v -0.025526294747412991 0.020023474625901538 0.44051206279713417
v -0.025536550471604656 0.020050355389372665 0.44046253506261612
v -0.019112663606227223 0.020050363771275836 0.44528043810445572
v -0.025541836658538174 0.020062434643165428 0.44044091347772385
v -0.025565875956834148 0.020109293207184631 0.4403601417334726
v -0.019083725551188771 0.020109300657765228 0.44522174615580346
v -0.026416121313393902 0.020816399871961436 0.43935633991081025
v -0.019027082512200658 0.020816399871961436 0.44489811901170517
v -0.026263093838513683 0.02072931934858974 0.4394758583994558
v -0.019019784668505971 0.020770415819839797 0.44490491394120957
v -0.019015012571633641 0.020734707981006465 0.44491135124284531
v -0.019014353195250813 0.02072924670542892 0.44491242412645127
v -0.026259230712474178 0.020726997561411224 0.4394790137203386
v -0.026126085111916851 0.020642751983956653 0.43959285859185959
v -0.019007208088458363 0.020654722273008189 0.44492947105485703
v -0.019006388524592702 0.020642756640569526 0.44493263010103012
v -0.026004603395284008 0.020557581603185493 0.43970757145602013
v -0.019003516325772588 0.020576411082999069 0.44495232571083809
v -0.019003229478419606 0.02055758905376609 0.4449585990997007
v -0.025897832850039791 0.02047438003833707 0.43982044402677323
v -0.01900387395364124 0.020499773479656536 0.44497983697969223
v -0.019004723319829289 0.020478111847893554 0.44498858396131302
v -0.019004905859053914 0.020474382832304794 0.44499013740736748
v -0.025833877066195797 0.020419741205529529 0.43989556450564171
v -0.025805184880317043 0.020393781520084697 0.43993165884334351
v -0.019010374585212056 0.020403179496185142 0.44502236116844918
v -0.019011391589463536 0.02039378803934272 0.44502699915487076
v -0.025726141670764278 0.020316399790005046 0.44004129413682724
v -0.019019937405408208 0.020332001305775005 0.44505991954523827
v -0.019022630790293996 0.020316410034553367 0.44506891984659935
v -0.025660215208352398 0.020242823443965274 0.44014932755548264
v -0.019033277669967 0.02026446365530904 0.44510111753064896
v -0.019038522878707234 0.020242835551158744 0.44511558655816819
v -0.025606947282374691 0.020173612206832725 0.44025566596705223
v -0.019050317147792165 0.020200514390723068 0.44514589924532677
v -0.019057197758973424 0.020178839720444042 0.4451625326665094
v -0.019058948645413701 0.020173616863445598 0.4451666602881601
v -0.01907939303857166 0.020119445554570514 0.44521249253470208
v -0.019104687759698216 0.020065269589082557 0.44526472482997681
v -0.025518516341269802 0.019997248582200366 0.44056257400829102
v -0.019132966438353841 0.020016133941368419 0.44531915132123734
v -0.019145524391949956 0.019997256032780963 0.44534230400044228
v -0.019164173195184056 0.019971955723718959 0.44537574965674187
v -0.025511322805703472 0.019950375117019969 0.44065993819553162
v -0.025513647386849712 0.019973355501548606 0.44061089102346207
v -0.019176619390071217 0.019956672720269519 0.44539752397853638
v -0.019182047138036076 0.019950378842310268 0.44540688935834671
v -0.025511628279507946 0.019929626181380111 0.44070695508438851
v -0.025514511654198956 0.019910092621700126 0.44075427744704987
v -0.01926491994601566 0.019876710295335609 0.44554220680314804
v -0.02552762840133984 0.019876707501367885 0.44084518570620324
v -0.019249761739791219 0.019887439131395179 0.44551838729697968
v -0.025519764313519787 0.019892749532715637 0.44079956207591797
v -0.019221956173003499 0.019910096346990425 0.44547368008810784
v -0.019212188461840932 0.019919049150900203 0.44545764271337296
v -0.019282190391839329 0.019865761667148429 0.44556891340929772
v -0.025550222287000011 0.019850474007086116 0.44093224201518799
v -0.025537694135726284 0.019862767465071041 0.44088894296604897
v -0.019289264718116109 0.019861648946658927 0.44557972420174385
v -0.019310610631526295 0.01985047680105384 0.44561194051224495
v -0.025564817974389385 0.019840175442056018 0.44097386840898301
v -0.019330671319783513 0.019841583601788837 0.44564166832882668
v -0.025581853726924252 0.019831592373208362 0.44101498071271683
v -0.01946042690616924 0.019816400639371234 0.44582311231810356
v -0.025670493284285854 0.019816400639371234 0.44116556067187096
v -0.019434677699626271 0.01981733196194585 0.44578846711832787
v -0.025645235816062283 0.01981735617633279 0.4411298537643602
v -0.019408742228568379 0.019820206023411113 0.44575292784888054
v -0.02562208686214764 0.019820205092088539 0.44109292496163155
v -0.019389635214627568 0.019823615595356781 0.44572631064969803
v -0.025600763300479244 0.019825000472025234 0.44105427507478501
v -0.019358678052247349 0.019831593304530937 0.44568235967475678
v -0.019345721492589299 0.019835874594406444 0.4456636512668779
v -0.025670493284285854 0.0078164005350630922 0.44116556067187096
v -0.01946042690616924 0.0078164005350630922 0.44582311231810356
v -0.019415674993813817 0.007813535786823575 0.44576213304120804
v -0.019148683438123051 0.0076345411759179268 0.4453381465764692
v -0.025518769661010098 0.007634550489143673 0.44056059587914254
v -0.025513829926074337 0.0076582750004094277 0.44060846585947777
v -0.019162135461390797 0.0076533538919251595 0.44536273721772934
v -0.025511386135638546 0.0076811128925841484 0.44065706227142121
v -0.019184360543311421 0.0076811073046487007 0.4454023147018602
v -0.025511520246089291 0.0077016802203219567 0.44070346821266915
v -0.01919824097496349 0.0076965747099679146 0.44542643595654274
v -0.025514187553942989 0.0077212268185179863 0.4407505670579126
v -0.019223196694672887 0.0077212212305825386 0.44546879623252655
v -0.025519212970555614 0.0077386108856957589 0.44079566169697548
v -0.01923718888503391 0.0077334327321808968 0.44549202714282776
v -0.025526741782248806 0.0077545923810761605 0.44084073025900627
v -0.019264931121886555 0.0077545867931407128 0.44553707335311676
v -0.025536412635863613 0.0077685119282763634 0.44088393617588784
v -0.019278699794829671 0.0077637007158558998 0.44555897433478142
v -0.025548609236300777 0.0077809581231635247 0.4409271346421888
v -0.019309295604050938 0.0077809543978732262 0.44560660589653756
v -0.025562832394660305 0.0077914112877410088 0.44096861574966217
v -0.01932249058228809 0.0077872054349940453 0.44562672618943955
v -0.025579354057133984 0.0078001284670394097 0.44100934062320496
v -0.019356044272006337 0.0078001266043942604 0.44567681271750237
v -0.025597853848756146 0.0078069476109307442 0.44104857538062836
v -0.019368270674765889 0.00780383326824123 0.44569468666035439
v -0.025618559012234997 0.0078119618516724739 0.44108687509018685
v -0.019404927531302754 0.0078119618516724739 0.44574709404427315
v -0.025641070941508602 0.0078150855075877351 0.44112353567201401
v -0.025665814319670986 0.0078163688700955553 0.44115925375539566
v -0.019139109442056004 0.0076201094013016845 0.44532032106239106
v -0.01912914056521732 0.0076040534001153137 0.44530142638999726
v -0.025526540616572689 0.007608613155440631 0.44051072169262673
v -0.019116414973557774 0.0075818730216782714 0.44527678731996323
v -0.02553685594540913 0.0075817202847760345 0.44046122376043106
v -0.019099513331473653 0.0075490047853749419 0.44524297658521439
v -0.025541836658538174 0.0075703655999463226 0.44044091347772385
v -0.019087804744065587 0.007523495860056224 0.44521868396717812
v -0.025565875956834148 0.0075235070359271194 0.4403601417334726
v -0.01907350707990009 0.0074885843020241882 0.44518781993705536
v -0.025606477895797085 0.0074598567258875991 0.4402567202242067
v -0.019063076267064397 0.0074598436873715545 0.44516425747591759
v -0.019051341602624242 0.0074232110452216293 0.44513636622745301
v -0.025659026840747189 0.0073914063792985107 0.44015147332269455
v -0.019042441884101216 0.0073913933407824661 0.44511390272695328
v -0.019033236691773717 0.0073533469509642745 0.44508898426014687
v -0.025723973551810574 0.0073186663609307433 0.4400445574911287
v -0.019026099035561864 0.0073186533224146987 0.44506795499641205
v -0.019019382337153737 0.0072794874828618194 0.44504600558597351
v -0.025802707562268566 0.007241305119947734 0.43993485141712929
v -0.01901421535950977 0.0072421656620066787 0.44502672720867897
v -0.019009942451537434 0.0072021616321366454 0.44500772822815682
v -0.025833992550195049 0.0072129556607764388 0.43989542294461037
v -0.019006932416976277 0.0071625040542643691 0.44499048385936524
v -0.025892867038071941 0.0071625170927804137 0.43982603941280152
v -0.019005066046536748 0.0071219263296883727 0.44497440178114678
v -0.025997789839328121 0.0070802738588612701 0.43971439246255661
v -0.019004373142541234 0.0070802589577000762 0.44495945219117905
v -0.019004864880860631 0.0070393627208035613 0.4449462497623613
v -0.026117092261136364 0.0069960618090193893 0.43960095364767815
v -0.019006619492591206 0.0069960469078581954 0.44493380356747414
v -0.019009428361476247 0.0069550743025105612 0.44492343980986382
v -0.026251672098458599 0.0069103633683484213 0.43948520887810494
v -0.019013734797061269 0.0069104956161540167 0.44491367582399155
v -0.026259230712474178 0.0069058036130231039 0.4394790137203386
v -0.019018816093028371 0.0068696776103537695 0.44490609485823418
v -0.026402080694258999 0.0068240167271655218 0.43936690855938698
v -0.019027082512200658 0.0068164003711503164 0.44489811901170517
v -0.026416121313393902 0.0068164003711503164 0.43935633991081025
v -0.032610619703353251 0.0076085367869895126 0.43519753758031632
v -0.032560663560450877 0.0075818841975491668 0.43519361484963204
v -0.038981030026496263 0.0075818748843234206 0.43037832323629166
v -0.032539928594649638 0.007570618919686618 0.43519270587879921
v -0.032455193141520823 0.0075235070359271194 0.43519315291363503
v -0.038933264354289385 0.0075234977227013732 0.43033458832818772
v -0.03873103697043738 0.0071471037041705276 0.43019048664886261
v -0.038736833522141786 0.0071625096421998168 0.43019306454974915
v -0.031850902626336421 0.0071625170927804137 0.43535751644689347
v -0.038642516622365328 0.0068164003711503164 0.43018654529172684
v -0.038643887529195162 0.0068242495578091757 0.43018555436450745
v -0.031253477821172077 0.0068164003711503164 0.43572832439262177
v -0.031267529616177875 0.0068240036886494772 0.43571781907398011
v -0.038648424932778688 0.0068489668589394705 0.4301827752979448
v -0.031423488894522983 0.0069105086546700613 0.43560636211354042
v -0.031415177771867114 0.0069058054756682532 0.43561205435711647
v -0.038659846672833773 0.006904473684386553 0.4301784055324247
v -0.038661191502631517 0.0069105049293797629 0.43017808515745903
v -0.031572034845174152 0.0069960618090193893 0.43550974670964981
v -0.038667178044141146 0.0069363211911481039 0.43017706815320755
v -0.038680007943929048 0.0069868603419821883 0.4301767179759195
v -0.038682503888429018 0.0069960562210839416 0.43017688933927323
v -0.031714340934575404 0.0070802738588612701 0.43542697820979859
v -0.038690196612895342 0.0070232936811011459 0.43017783183771874
v -0.038703782746613832 0.0070679301094573165 0.43018078599292542
v -0.038707757631362291 0.0070802664082806731 0.43018191475588585
v -0.038717465737880083 0.0071091932874482299 0.43018511105496193
v -0.038748929539740892 0.007193302891806903 0.43019891698080803
v -0.031982040295422877 0.0072421787005227233 0.43530086595732476
v -0.031934170315087641 0.0072130655568402435 0.43532034922558571
v -0.038761621603787752 0.0072238409590285445 0.43020567465740944
v -0.038769586274445864 0.0072421712499421264 0.43021020088512207
v -0.032107970008672083 0.0073186663609307433 0.43525656480509545
v -0.038784487435639711 0.0072749016505044128 0.43021920118648316
v -0.03879536528331122 0.0072976296466153289 0.43022616375405098
v -0.038805837074340196 0.007318655185059848 0.4302331523986509
v -0.032228792348922099 0.0073914063792985107 0.43522415105420853
v -0.038832055667460771 0.0073679798912566329 0.43025173787194992
v -0.038845369854987474 0.0073913952034276153 0.43026170674878861
v -0.032344540843785609 0.0074598567258875991 0.43520317021924759
v -0.038871461788237902 0.0074344334822457458 0.43028214369136597
v -0.038887938747227999 0.0074598455500167037 0.43029561061579491
v -0.038913326600612017 0.0074965657364886428 0.43031711299139763
v -0.038957366982520433 0.007553989223794284 0.43035634402353073
v -0.032660821715415324 0.007634550489143673 0.43520405683833863
v -0.039003277460158678 0.0076063519042294647 0.43039951268750931
v -0.039030904213012071 0.0076345430385630761 0.43042648378927018
v -0.039050741383851381 0.007653350166634861 0.4304462762566259
v -0.032755496243060435 0.0076811128925841484 0.4352239796908548
v -0.032708151528657282 0.00765826941247398 0.43521271813828255
v -0.039071409294427248 0.0076717288863223229 0.43046726826745774
v -0.039082514384806963 0.0076811073046487007 0.43047870118338372
v -0.032800196001351679 0.0077017640393536721 0.43523715976793076
v -0.032844474801839198 0.0077212268185179863 0.43525285069066788
v -0.039099408576310488 0.0076947195153992806 0.43049628082830216
v -0.0391354656611093 0.0077212230932276879 0.43053459543902184
v -0.032886194327891673 0.0077385456931155358 0.43527022916991021
v -0.039148917684377046 0.0077302420210402642 0.43054915759879853
v -0.032927515247882212 0.0077545923810761605 0.43529014829713608
v -0.039189329633534761 0.007754588655785862 0.4305937791259935
v -0.03296646688324293 0.007768573395566288 0.43531163577157761
v -0.039198888728440615 0.0077597519081395302 0.43060452286321427
v -0.033004341909707392 0.0077809581231635247 0.43533533234316613
v -0.039243655541957231 0.0077809562605183754 0.43065584246236588
v -0.033040074894250239 0.0077913833480637703 0.43536052275616433
v -0.039248926827729555 0.0077831318300526772 0.43066199291664864
v -0.033074649313510264 0.0078001284670394097 0.43538786638695504
v -0.039297966549218508 0.0078001284670394097 0.43072037939149643
v -0.03310699228388151 0.0078069196712535057 0.43541647289115692
v -0.033138109633744563 0.0078119618516724739 0.43544721398669983
v -0.039298625925601335 0.007800316594199482 0.4307211803289106
v -0.039347553888381334 0.007811300612644497 0.43078169394451882
v -0.039351744839967104 0.0078119618516724739 0.43078698758203293
v -0.039395274857104631 0.0078161341768067522 0.43084314260799195
v -0.033167099842847193 0.007815092958168332 0.43547920677978302
v -0.039409173915208193 0.0078164005350630922 0.43086155299264695
v -0.03319910381180128 0.0078164005350630922 0.43551910091358925
v -0.045199105778754571 0.0078164005350630922 0.45151910353619362
v -0.051409172156871186 0.0078164005350630922 0.44686155188996102
v -0.045308385307014802 0.0078202562105220003 0.45165662262756134
v -0.051581846812785492 0.007826198048548047 0.44708177615124489
v -0.045423755684913018 0.0078316220712226076 0.45178639311510826
v -0.051625849941790924 0.0078316276591580553 0.44713490996677185
v -0.045547545218885759 0.0078507160466473741 0.45191130582410599
v -0.051661437640012131 0.0078368300270598573 0.44717705790120865
v -0.045677041897595742 0.0078771693330567522 0.45202889088708664
v -0.051761677751363144 0.0078552143346827669 0.44729203153569008
v -0.051855657512367592 0.0078771935474436922 0.44739510659295822
v -0.045813590550840715 0.0079112874042552156 0.45214084331113602
v -0.051948888490022049 0.0079032761674683732 0.44749317858535553
v -0.045955308044374803 0.0079526977312129182 0.45224604550916458
v -0.052096335480035172 0.0079527331214707536 0.44764044303614403
v -0.046025559568823197 0.0079753121059697313 0.45229458604175354
v -0.052143723035276757 0.0079706741195481462 0.44768586550075318
v -0.04625382300657116 0.0080576298456948442 0.45243816618043686
v -0.052170925105036126 0.0079814122688334627 0.44771154020149018
v -0.052345412114680634 0.0080576875876944704 0.44786967504936959
v -0.046409901494205819 0.0081212727051537675 0.45252559874374176
v -0.052391009667933808 0.0080796891521971864 0.44790921528059746
v -0.046567132959187851 0.0081911684643786592 0.4526061730476072
v -0.052599918359936104 0.0081911964040558977 0.44808165896851326
v -0.046728074813307152 0.008268630288199727 0.45268177781421448
v -0.052614666784227715 0.0081997291814845247 0.44809331912714745
v -0.046890018770516739 0.0083526132326882524 0.45275160093027855
v -0.052841324621857033 0.0083417838137906236 0.44826453346926476
v -0.052856922412336693 0.0083523207973998231 0.44827578757125641
v -0.047020439321220742 0.0084247106384795351 0.45280370656568314
v -0.053004829475701676 0.0084571970325272722 0.44837928358632828
v -0.047214875260413514 0.0085397923063796205 0.45287515763360764
v -0.053113289440096245 0.0085399301421206636 0.44845159519631173
v -0.047537820676387177 0.0087522232603591127 0.45297900382596756
v -0.053247528413356171 0.0086494369130891008 0.44853707198220993
v -0.053365342581690178 0.0087523331564229173 0.44860853050071503
v -0.047757996508897171 0.0089137052815716905 0.45304012838918473
v -0.053483179101765976 0.0088619926642935914 0.44867675546724106
v -0.047853002587378846 0.0089879726689618272 0.45306421611625458
v -0.053609956318558083 0.0089880397241871995 0.44874658230859543
v -0.048155613506258355 0.0092452505301993532 0.45313194561917092
v -0.053710354754746781 0.0090942775529187364 0.44879926536399628
v -0.053843897098720894 0.0092452561181348009 0.44886573571879174
v -0.048362257221759186 0.0094416981261532945 0.4531702639551809
v -0.053879546264232032 0.0092875810038607759 0.4488827789219072
v -0.048441371211827622 0.0095220936160844011 0.45318316463548447
v -0.054064106458843582 0.009522076852278058 0.4489660987647226
v -0.054086370656312339 0.009552279643372838 0.44897557590324189
v -0.048706526199401246 0.0098164008628886402 0.45321866665202881
v -0.054267671221912735 0.0098163859617274463 0.44904779438096787
v -0.048856141308368073 0.010002745238722509 0.45323282648045327
v -0.048947865406096802 0.0101259275503766 0.45323907379228379
v -0.054274555558384292 0.0098271241110127628 0.44905035365540291
v -0.054443894216836326 0.010111324412406629 0.44910849426109101
v -0.054753603676379554 0.010781073866070457 0.44918283987957741
v -0.049348889181435929 0.010781124157489486 0.45323639530855919
v -0.054639615381182068 0.010503498760641761 0.44916171748358513
v -0.049248447904408799 0.010593935770572372 0.45324286986309792
v -0.054614581430376404 0.010448297408999153 0.44915595073420311
v -0.049162708485544548 0.010448319760740944 0.4532448628934076
v -0.054594107234896057 0.01040441721457357 0.44915097747165467
v -0.054451929668010109 0.010125892160118765 0.44911100510675217
v -0.054760361352980964 0.010799176914275833 0.44918377865273262
v -0.049504602590621338 0.01112145922857637 0.45321394298393036
v -0.049430495390714035 0.010950209496201225 0.4532269218953302
v -0.055014752114237182 0.011816399095238395 0.44915736634451653
v -0.0497212244961866 0.011816399095238395 0.45312751252371575
v -0.054996187130034797 0.011689877060831733 0.44916878808457161
v -0.049678918236912117 0.011640811262310691 0.45315442402083184
v -0.054954707885206573 0.011467629966915794 0.4491833576949289
v -0.049629092479170189 0.011467777115882583 0.45317758787590767
v -0.054938048386991852 0.011392211464823433 0.44918670300561692
v -0.049539046624720917 0.011208496911109634 0.45320606772023941
v -0.054867394531191223 0.011121740487993904 0.44919190723616387
v -0.054859588185370796 0.011095376608551689 0.4491918401809385
v -0.037948375830472322 0.011816399095238395 0.46195715274829174
v -0.032654846349776591 0.011816399095238395 0.46592729892749096
v -0.032692706475079859 0.011503614408553787 0.46588359195906426
v -0.037986064592421862 0.011640760970891662 0.46192406285721566
v -0.03269660312873205 0.011467685846270271 0.46587694417852665
v -0.038022240886510225 0.011467777115882583 0.46188272517341877
v -0.032723048964560832 0.011195553389967628 0.46581555325705315
v -0.038074797282040926 0.011208496911109634 0.46180425752121712
v -0.032729273924649561 0.011121639905155845 0.46579547953027989
v -0.038091933617413851 0.011121807543219276 0.46177352387625481
v -0.032745925972283686 0.010891782043160148 0.46572357583958413
v -0.038125219086230608 0.010950164792717643 0.46170586701649929
v -0.032752434054435099 0.010780919266523071 0.465683670529907
v -0.038157152274669023 0.010781124157489486 0.46163019705731179
v -0.032761043200314845 0.010593615395606704 0.46560829859394337
v -0.038191492000640245 0.010593935770572372 0.4615355877222469
v -0.032765539625705088 0.010448096243323036 0.46554264221507813
v -0.038217416295827242 0.010448319760740944 0.461453834364002
v -0.032768139878333415 0.0102825108148467 0.46546009164470936
v -0.038272010425151201 0.0101259275503766 0.46124596316534783
v -0.032767931262076701 0.010125748736442274 0.46537392195481564
v -0.03276529375654539 0.0099843311287772119 0.46528917905110623
v -0.038291698584378572 0.010002745238722509 0.4611561613174131
v -0.032758834103167857 0.0098162797909539402 0.46517934817988182
v -0.038319995889485689 0.0098164008628886402 0.46100856345314289
v -0.032751953491986598 0.0096990262788098514 0.46509650517422463
v -0.038360158244193407 0.0095220936160844011 0.4607440752925327
v -0.032737409958661402 0.0095220563631814165 0.46496110391039158
v -0.032731013635218943 0.009460210956291501 0.46491066534239556
v -0.038369925955355974 0.0094416981261532945 0.4606645124049833
v -0.032702720055402125 0.0092452468049090547 0.46472161244768406
v -0.038390996197284075 0.0092452505301993532 0.46045540813524033
v -0.032695340255320872 0.0091994909268181962 0.4646784177066734
v -0.032684928068936671 0.009139921672300641 0.4646205117942741
v -0.038410710433543535 0.0089879726689618272 0.46014593523163105
v -0.032653821894944514 0.0089879931580584688 0.46446362491864468
v -0.032647567132533396 0.0089611002873938722 0.4644343795271566
v -0.038414189854682299 0.0089137052815716905 0.46004798617381359
v -0.032589765528262461 0.0087522362988751573 0.46419006753880288
v -0.038417158911050173 0.0087522232603591127 0.45981950294393803
v -0.032587269583762492 0.0087444951456349534 0.46418037433344628
v -0.032513855287850703 0.008549377478317563 0.46391796302217747
v -0.038407890388787599 0.0085397923063796205 0.45948039721864964
v -0.032509656885684336 0.0085397978943150682 0.46390408445317055
v -0.032493436971724833 0.0085040947120946092 0.46385143306273724
v -0.038393425086558672 0.0084227567237179918 0.45927005615252758
v -0.032412724832118357 0.0083523207973998231 0.46360894087869431
v -0.038380166778386446 0.0083522984456580324 0.45913330819625164
v -0.032408086845696772 0.0083447081666749162 0.46359586138445641
v -0.032312454918444956 0.0082084333222668809 0.46334286015648152
v -0.038358563819945665 0.0082686768543284578 0.4589590242149284
v -0.032298339793504084 0.0081912187557976884 0.46330790203232075
v -0.038331033924640032 0.0081911684643786592 0.45878325011748577
v -0.032206533739388789 0.008093742809848134 0.46309290435332562
v -0.038297755906403871 0.0081213602494757814 0.45860997941512371
v -0.032166088262618388 0.0080577024888556642 0.46300421450454499
v -0.038257474342406603 0.0080576298456948442 0.45843542907554413
v -0.032090159395755137 0.0079994873773615999 0.46284621562976147
v -0.038183549681723924 0.0079753121059697313 0.45817609485406185
v -0.032015780249656046 0.0079527480226319475 0.46270092930812146
v -0.038156623283446642 0.0079526977312129182 0.45809506233948971
v -0.031962937006772364 0.0079248698126834077 0.46260272879320885
v -0.038095457742036196 0.0079113749485772294 0.45792993512172009
v -0.031847590843261088 0.0078771823715727968 0.46240107510406281
v -0.038026070484937044 0.0078771693330567522 0.45776712317187096
v -0.031828118750871028 0.007870724580840413 0.46236859243530537
v -0.0316847844813474 0.0078354032408755464 0.46214165147561337
v -0.037949646154464098 0.007850771926001851 0.45761026982385422
v -0.031662157068074542 0.0078316239338677568 0.46210763026196267
v -0.03786419172030768 0.0078316220712226076 0.45745606888252999
v -0.03153263244968732 0.0078182575922768754 0.4619212875159433
v -0.037771469244778963 0.0078202208202641649 0.45730830896813179
v -0.031460425147832233 0.0078164005350630922 0.46182311307806279
v -0.037670495251239153 0.0078164005350630922 0.45716556329447533
v -0.037670495251239153 0.019816400639371234 0.45716556329447533
v -0.031460425147832233 0.019816400639371234 0.46182311307806279
v -0.03777191255432448 0.019812544963912326 0.45730897765774037
v -0.031623492280066806 0.01980660312588628 0.46205054391342903
v -0.03786419172030768 0.019801179103211719 0.45745606888252999
v -0.031662179419816333 0.019801172583953697 0.46210766378957535
v -0.037949441263497682 0.019782085127786952 0.45760988239366318
v -0.031774984935344065 0.019777585908428985 0.46228205207902695
v -0.038026070484937044 0.019755630910055 0.45776712317187096
v -0.031847624370873774 0.019755605764345485 0.46240113470870758
v -0.038095308730424257 0.019721511907533962 0.45792955700475479
v -0.031915666798175181 0.019729525006965953 0.46251809578556324
v -0.038156623283446642 0.019680103443221408 0.45809506233948971
v -0.032015754172623957 0.019680068052963573 0.46270087901670243
v -0.038183549681723924 0.019657489068464595 0.45817609485406185
v -0.032046092936814631 0.019662126123563606 0.46275908854026104
v -0.038257474342406603 0.019575170397416908 0.45843542907554413
v -0.032063124964059199 0.019651388905600864 0.46279239263552929
v -0.032086948195517863 0.019635527550832588 0.46283976156431939
v -0.032166077086747492 0.019575111724094707 0.46300417911428715
v -0.038297707477629991 0.019511528469280559 0.45860974658448006
v -0.032191267499745692 0.01955311202223714 0.46305902097541596
v -0.038331033924640032 0.019441631778733093 0.45878325011748577
v -0.032298321167052592 0.01944160290773328 0.46330785919148232
v -0.038358548918784471 0.019364169954912025 0.45895892176944519
v -0.032305384317458476 0.019433071061627227 0.46332528423685337
v -0.038380233833611818 0.0192801870104235 0.45913393963295723
v -0.032406287530482615 0.019291016429321128 0.46359081547874714
v -0.032412724832118357 0.019280479445711929 0.46360894087869431
v -0.038393738010943743 0.019208089604632217 0.45927373301405217
v -0.032470664272130335 0.019175604141907054 0.46377990748900677
v -0.038407890388787599 0.019093007936732131 0.45948039721864964
v -0.032509712765038813 0.019092869169668514 0.46390427816826607
v -0.038417158911050173 0.018880577914075214 0.45981950294393803
v -0.032554185280621852 0.018983363330022651 0.46405708026308323
v -0.032589795330584849 0.018880467086688835 0.46419019047338272
v -0.038414189854682299 0.018719095892862636 0.46004798617381359
v -0.032622302213729228 0.018770807578818161 0.46432241778988148
v -0.038410710433543535 0.01864482664282735 0.46014593523163105
v -0.032653833070815409 0.018644761450247127 0.46446367521006371
v -0.038390996197284075 0.018387550644234973 0.46045540813524033
v -0.032676300296605433 0.01853852362151559 0.46457480807024742
v -0.032702720055402125 0.018387545056299526 0.46472162176090981
v -0.038369925955355974 0.018191101185635883 0.4606645124049833
v -0.032709097752393092 0.018345220170573551 0.46476061437446381
v -0.038360158244193407 0.018110705695704776 0.4607440752925327
v -0.032737409958661402 0.018110722459511119 0.46496112253684307
v -0.03274027470690092 0.018080521531061489 0.46498515065926815
v -0.038319995889485689 0.017816400311545688 0.46100856345314289
v -0.032758841553748454 0.017816415212706882 0.46517941896039749
v -0.038291698584378572 0.017630055470050532 0.4611561613174131
v -0.038272010425151201 0.017506873158396438 0.46124596316534783
v -0.032759366819680537 0.017805677063421566 0.46518674474376942
v -0.032767767349303568 0.017521474433721259 0.46536559034306313
v -0.032752422878564204 0.016851726842702582 0.46568372827190663
v -0.038157152274669023 0.016851676551283553 0.46163019705731179
v -0.032764060685456599 0.017129301948131278 0.4655683839710405
v -0.038191492000640245 0.017038864938200667 0.4615355877222469
v -0.032765532175124491 0.017184503299773887 0.46554273720998074
v -0.038217416295827242 0.017184480948032096 0.461453834364002
v -0.032766493300021494 0.017228383494199469 0.46552168931979443
v -0.032767927536786402 0.017506906686009124 0.46537400577384735
v -0.032751431951344813 0.016833623794497207 0.46569047849792744
v -0.038092000672639223 0.01651133961755152 0.46177339535373951
v -0.038125207910359712 0.016682589349926665 0.46170588750559594
v -0.032654846349776591 0.015816399750889495 0.46592729892749096
v -0.037948375830472322 0.015816399750889495 0.46195715274829174
v -0.032671010384381617 0.015942923647941306 0.4659126734377792
v -0.037986053416550966 0.015991987583817199 0.4619240721704414
v -0.032696610579312647 0.016165168879212096 0.46587693300265576
v -0.038022240886510225 0.016165023592890456 0.46188272517341877
v -0.032704485843003596 0.016240587381304458 0.46586187537926937
v -0.038074797282040926 0.016424303797663405 0.46180425752121712
v -0.032729266474068965 0.016511060220779136 0.46579550746995713
v -0.032731386164248789 0.016537424100221351 0.46578799355942513
v -0.09182837445479719 0.011816399095238395 0.45312751252371575
v -0.086534895265520495 0.011816399095238395 0.44915740359741951
v -0.086587457248986643 0.01150360695797319 0.44918151367623116
v -0.091870693752587718 0.011640760970891662 0.45315443147141243
v -0.086594930181325358 0.011467685846270271 0.44918339494783188
v -0.091920506471813601 0.011467777115882583 0.45317758787590767
v -0.086661275738895815 0.011195538488806434 0.4491915943117788
v -0.092010552326262873 0.011208496911109634 0.45320606772023941
v -0.086682286376179141 0.011121639905155845 0.44919194821435715
v -0.092044854799331111 0.011121807543219276 0.45321391318160797
v -0.08675598938208906 0.01089175410348291 0.44918780196625496
v -0.092119124049366397 0.010950164792717643 0.4532269256206205
v -0.086796110758603495 0.010780919266523071 0.4491828771324804
v -0.092200709769547862 0.010781124157489486 0.45323639530855919
v -0.086870957428635043 0.010593436581672378 0.4491700248809507
v -0.092301151046574992 0.010593935770572372 0.45324286986309792
v -0.08693517212015478 0.010448096243323036 0.4491559730859449
v -0.092386890465439242 0.010448319760740944 0.4532448628934076
v -0.087015237921894473 0.010282339451492971 0.44913533497769142
v -0.092601733544886988 0.0101259275503766 0.45323907379228379
v -0.087097814569295329 0.010125748736442274 0.44911102745849396
v -0.087178532296837252 0.0099841653533589304 0.44908474181014801
v -0.092693457642615718 0.010002745238722509 0.45323282648045327
v -0.087282067427457255 0.0098162797909539402 0.44904782418329026
v -0.092843072751582545 0.0098164008628886402 0.45321866665202881
v -0.087359784433663767 0.0096988623660367191 0.44901798088270928
v -0.093108227739156169 0.0095220936160844011 0.45318316463548447
v -0.087485585624397677 0.0095220545005362672 0.44896614719349648
v -0.087532343605578822 0.0094600470435183687 0.44894583318549897
v -0.093187341729224604 0.0094416981261532945 0.4531702639551809
v -0.087705791259230059 0.0092452468049090547 0.44886579532343651
v -0.093393985444725436 0.0092452505301993532 0.45313194561917092
v -0.087745333353103083 0.0091993270140450639 0.44884654674846436
v -0.093696596363604945 0.0089879726689618272 0.45306421611625458
v -0.087939774880231303 0.0089879931580584688 0.44874662328678872
v -0.087966259831608218 0.0089609363746207399 0.44873234052378441
v -0.093791602442086619 0.0089137052815716905 0.45304012838918473
v -0.088184459397614878 0.0087522362988751573 0.44860853422600533
v -0.094011778274596614 0.0087522232603591127 0.45297900382596756
v -0.088193249220074099 0.0087443312328618211 0.44860331509429718
v -0.088424662390769404 0.0085491949390929384 0.44845932517368103
v -0.094334723690570277 0.0085397923063796205 0.45287515763360764
v -0.088436577731789034 0.0085397978943150682 0.44845155794340874
v -0.088482724765361231 0.008503988541321103 0.44842115584928299
v -0.094532601797998828 0.0084227567237179918 0.45280237291175629
v -0.088692780846775454 0.0083523226600449724 0.44827586952764298
v -0.094660166913689059 0.0083522984456580324 0.45275135878640915
v -0.088704157883346957 0.0083446262102883501 0.44826766643840577
v -0.088920258248270434 0.0082083662670415086 0.44810502026397492
v -0.094821431005419177 0.0082686768543284578 0.45268181879240776
v -0.088949755096853655 0.0081912187557976884 0.44808177072722222
v -0.094982465991795939 0.0081911684643786592 0.4526061730476072
v -0.089130554610908908 0.0080936906557839555 0.44793335516173149
v -0.095139488840521258 0.0081213602494757814 0.45252571050245072
v -0.089204272517980021 0.0080577024888556642 0.44786978308278824
v -0.095295775944412631 0.0080576298456948442 0.45243816618043686
v -0.089334761986554545 0.0079994575750392122 0.44775258172470833
v -0.095524039382160586 0.0079753121059697313 0.45229458604175354
v -0.089453339839399737 0.0079527480226319475 0.44764056969601418
v -0.095594290906608981 0.0079526977312129182 0.45224604550916458
v -0.089533005172432345 0.0079248064827483339 0.44756215233523156
v -0.089619668463290614 0.0078976733308594865 0.44747376982290055
v -0.095735688025177401 0.0079113749485772294 0.45214109290558602
v -0.08969410721403448 0.0078771823715727968 0.44739514757115151
v -0.095872557053388041 0.0078771693330567522 0.45202889088708664
v -0.089720016608060282 0.0078706817400019807 0.44736716691571976
v -0.089897746482909602 0.0078353771638434572 0.44716600869018341
v -0.096001738945067805 0.007850771926001851 0.45191160757262017
v -0.089923896158159655 0.0078316239338677568 0.44713496957141663
v -0.096125843266070765 0.0078316220712226076 0.45178639311510826
v -0.090066679084719103 0.0078182482790511293 0.44695824552494789
v -0.096241729596675318 0.0078202208202641649 0.4516560079546621
v -0.090140547866047305 0.0078164005350630922 0.44686164502221848
v -0.096350493172229212 0.0078164005350630922 0.45151910353619362
v -0.10325790036660522 0.010002745238722509 0.4611561613174131
v -0.1032296030614981 0.0098164008628886402 0.46100856345314289
v -0.10879068661671967 0.0098163859617274463 0.46517936680633332
v -0.1088051593695292 0.0095987526398461521 0.46502131577748562
v -0.10387910369974464 0.0078164005350630922 0.45716556329447533
v -0.11008905086857171 0.0078164005350630922 0.46182302180845047
v -0.10377768639665931 0.0078202562105220003 0.45730897765774037
v -0.10992598746162743 0.0078261961859028978 0.46205044891852642
v -0.10368540723067611 0.0078316220712226076 0.45745606888252999
v -0.10988730032187791 0.0078316276591580553 0.46210757251996304
v -0.10360015768748611 0.0078507160466473741 0.45760988239366318
v -0.10977449480635018 0.0078552143346827669 0.46228195335883404
v -0.10352352846604675 0.0078771693330567522 0.45776712317187096
v -0.10975107390624375 0.0078616795759957475 0.46231973525304104
v -0.10970185537082047 0.0078771935474436922 0.46240104343909527
v -0.10345429022055953 0.0079112874042552156 0.45792955700475479
v -0.10963382411938996 0.0079032705795329256 0.46251798588949944
v -0.10339297566753715 0.0079526977312129182 0.45809506233948971
v -0.10953372556907029 0.0079527331214707536 0.46270078960973526
v -0.10336604926925987 0.0079753121059697313 0.45817609485406185
v -0.10950340543133111 0.0079706648063224 0.46275897119361664
v -0.10329212460857719 0.0080576298456948442 0.45843542907554413
v -0.10948638085466714 0.0079813973676722688 0.46279225852507855
v -0.10938341010552735 0.0080576875876944704 0.46300409529525544
v -0.1032518914733538 0.0081212727051537675 0.45860974658448006
v -0.10935824576956124 0.0080796668004553956 0.46305888686496521
v -0.10321856502634376 0.0081911684643786592 0.45878325011748577
v -0.10925116602522225 0.0081911964040558977 0.4633077753724506
v -0.10319105003219932 0.008268630288199727 0.45895892176944519
v -0.10924413267713876 0.0081996956538718385 0.46332513336259629
v -0.10316936511737197 0.0083526132326882524 0.45913393963295723
v -0.10923380989772172 0.008212458498434369 0.46335083786565567
v -0.10914323691469521 0.0083417353850167436 0.46359065156597401
v -0.10913676981073708 0.0083523207973998231 0.46360886078495289
v -0.10315586094004005 0.0084247106384795351 0.45927373301405217
v -0.1090788527224669 0.0084571579169791383 0.46377977337855603
v -0.10314170856219619 0.0085397923063796205 0.45948039721864964
v -0.10903978560310693 0.0085399320047658128 0.4639042036624601
v -0.10313244003993362 0.0087522232603591127 0.45981950294393803
v -0.10899533543926568 0.0086493940722506685 0.46405695174056794
v -0.10895971048814149 0.0087523350190680665 0.46419011969286705
v -0.10313540909630149 0.0089137052815716905 0.46004798617381359
v -0.1089272222314486 0.0088619460981648607 0.46432229858059193
v -0.10313888851744026 0.0089879726689618272 0.46014593523163105
v -0.10889567647320123 0.0089880397241871995 0.46446361001748349
v -0.10315860275369972 0.0092452505301993532 0.46045540813524033
v -0.1088732241485724 0.0090942291241448564 0.46457469444889332
v -0.10884679321390481 0.0092452561181348009 0.46472156029361988
v -0.10317967299562782 0.0094416981261532945 0.4606645124049833
v -0.10884043041807503 0.0092875027727645082 0.46476048398930336
v -0.10318944070679038 0.0095220936160844011 0.4607440752925327
v -0.10881211076122613 0.009522076852278058 0.46496106479484345
v -0.10880925718885751 0.0095521976869862718 0.4649850277246883
v -0.10327758852583259 0.0101259275503766 0.46124596316534783
v -0.10879016507607789 0.0098270365666907489 0.46518663298506047
v -0.10878176454645486 0.010111236868084615 0.46536548789757992
v -0.10879711646777482 0.010781073866070457 0.4656836854310682
v -0.10339244667631477 0.010781124157489486 0.46163019705731179
v -0.10878547493559212 0.010503407491029449 0.46556829828936364
v -0.10335810695034355 0.010593935770572372 0.4615355877222469
v -0.10878400344592423 0.010448297408999153 0.46554269064385201
v -0.10333218265515655 0.010448319760740944 0.461453834364002
v -0.10878304232102723 0.010404322219670959 0.46552159618753697
v -0.10878160063368172 0.010125892160118765 0.46537395548242833
v -0.10879810739499421 0.010799081919373222 0.46569040212947632
v -0.10345759827834457 0.01112145922857637 0.46177339535373951
v -0.10342439104062408 0.010950209496201225 0.46170588750559594
v -0.10889470417243333 0.011816399095238395 0.46592726167458798
v -0.10360122312051147 0.011816399095238395 0.46195715274829174
v -0.10887852523666711 0.011689770890058227 0.46591262314636017
v -0.10356354553443282 0.011640811262310691 0.4619240721704414
v -0.10885293994289727 0.011467629966915794 0.46587689574975277
v -0.10352735806447357 0.011467777115882583 0.46188272517341877
v -0.10884505350333543 0.011392103431404777 0.46586181391197945
v -0.10347480166894286 0.011208496911109634 0.46180425752121712
v -0.10882028032285065 0.011121740487993904 0.46579546835440899
v -0.10881815318209023 0.01109527602571363 0.46578792464155461
v -0.092693457642615718 0.017630055470050532 0.45323282648045327
v -0.092843072751582545 0.017816400311545688 0.45321866665202881
v -0.087281998509586733 0.017816415212706882 0.44904784653503205
v -0.087429676467598361 0.018034046671943027 0.44898970220405365
v -0.096350493172229212 0.019816400639371234 0.45151910353619362
v -0.090140547866047305 0.019816400639371234 0.44686164502221848
v -0.096241213643968981 0.019812544963912326 0.45165662262756134
v -0.089967876935423297 0.019806604057208854 0.44708186555821205
v -0.096125843266070765 0.019801179103211719 0.45178639311510826
v -0.089923870081127566 0.019801172583953697 0.44713499937373902
v -0.096002053732098025 0.019782085127786952 0.45191130582410599
v -0.089788049722135943 0.01977758683975156 0.44729211721736695
v -0.095872557053388041 0.019755630910055 0.45202889088708664
v -0.08975833866936056 0.019771120667116004 0.44732518289405609
v -0.089694062510550898 0.019755605764345485 0.44739519972521569
v -0.095736008400143069 0.019721511907533962 0.45214084331113602
v -0.089600846434057635 0.019729529663578826 0.4474932493658712
v -0.095594290906608981 0.019680103443221408 0.45224604550916458
v -0.08945338081759302 0.019680068052963573 0.4476405287178209
v -0.095524039382160586 0.019657489068464595 0.45229458604175354
v -0.089406017476738375 0.019662135436789352 0.44768592883068825
v -0.095295775944412631 0.019575170397416908 0.45243816618043686
v -0.089378828445495051 0.019651403806762058 0.44771159235555436
v -0.089204296732366961 0.019575111724094707 0.44786975700575615
v -0.095139697456777972 0.019511528469280559 0.45252559874374176
v -0.089158743882597369 0.019553132511333782 0.44790925998408104
v -0.094982465991795939 0.019441631778733093 0.4526061730476072
v -0.08894979234975664 0.01944160290773328 0.44808174465019013
v -0.094821524137676638 0.019364169954912025 0.45268177781421448
v -0.088935099804819506 0.019433104589239913 0.44809335638005043
v -0.094659580180467051 0.0192801870104235 0.45275160093027855
v -0.088913312444508952 0.019420342675999958 0.44811046291310097
v -0.088708451280415934 0.019291063926772434 0.44826456327158715
v -0.088692780846775454 0.019280479445711929 0.44827586580235268
v -0.094529159629763049 0.019208089604632217 0.45280370656568314
v -0.088544922212184352 0.019175642326132614 0.44837932456452156
v -0.094334723690570277 0.019093007936732131 0.45287515763360764
v -0.088436408231080454 0.019092869169668514 0.44845166970211769
v -0.094011778274596614 0.018880577914075214 0.45297900382596756
v -0.088302215823949259 0.018983406170861084 0.44853711296040322
v -0.088184349501551074 0.01888046615536626 0.4486085975559404
v -0.093791602442086619 0.018719095892862636 0.45304012838918473
v -0.088066555822313708 0.018770853213624317 0.44867679644543434
v -0.093696596363604945 0.01864482664282735 0.45306421611625458
v -0.087939730176747721 0.018644761450247127 0.44874664563853051
v -0.093393985444725436 0.018387550644234973 0.45313194561917092
v -0.087839374581397456 0.01853857205028947 0.44879930634218956
v -0.087705783808649462 0.018387545056299526 0.44886579904872681
v -0.093187341729224604 0.018191101185635883 0.4531702639551809
v -0.087670199835718554 0.018345298401669818 0.44888280872422959
v -0.093108227739156169 0.018110705695704776 0.45318316463548447
v -0.087485570723236483 0.018110722459511119 0.44896615464407708
v -0.087463364267767352 0.018080603487448055 0.44897560943085457
v -0.092601733544886988 0.017506873158396438 0.45323907379228379
v -0.087275170052469653 0.01780576274509843 0.4490503871830156
v -0.087105822080791873 0.017521563840688422 0.44910853151399399
v -0.086796053016603869 0.016851724980057433 0.44918288458306099
v -0.092200709769547862 0.016851676551283553 0.45323639530855919
v -0.086910084152639788 0.01712939321774359 0.44916175473648812
v -0.092301151046574992 0.017038864938200667 0.45324286986309792
v -0.086935078987897318 0.017184503299773887 0.44915599543768669
v -0.092386890465439242 0.017184480948032096 0.4532448628934076
v -0.086955597886861247 0.017228476626456931 0.44915101099926735
v -0.08709773820084421 0.017506906686009124 0.44911105353552605
v -0.086789328867615145 0.016833716926754668 0.44918381590563561
v -0.092044996360362452 0.01651133961755152 0.45321394298393036
v -0.092119103560269755 0.016682589349926665 0.4532269218953302
v -0.086534895265520495 0.015816399750889495 0.44915740359741951
v -0.09182837445479719 0.015816399750889495 0.45312751252371575
v -0.086553478876174372 0.015943029818714812 0.44916883651334549
v -0.091870680714071673 0.015991987583817199 0.45315442402083184
v -0.086594941357196253 0.016165170741857245 0.44918339494783188
v -0.091920506471813601 0.016165023592890456 0.45317758787590767
v -0.086611626932443064 0.016240697277368262 0.4491867439838102
v -0.092010552326262873 0.016424303797663405 0.45320606772023941
v -0.086682256573856753 0.016511060220779136 0.44919194821435715
v -0.086690094584644717 0.016537524683059409 0.44919187743384148
v -0.091822652408898753 0.015789894310415938 0.45312322098929192
v -0.091822652408898753 0.011842904535711952 0.45312322098929192
v -0.091707472020805758 0.01249233253079767 0.45303683895785118
v -0.086463962012947482 0.012585999367417047 0.44910420272666718
v -0.091638012120545786 0.013151837436140727 0.45298474077302719
v -0.086420985201419276 0.013816399433755865 0.44907197151500489
v -0.09161479983669607 0.013816399433755865 0.45296733249146248
v -0.086463962012947482 0.015046801341355992 0.44910420272666718
v -0.091638012120545786 0.014480963272632312 0.45298474077302719
v -0.091707472020805758 0.015140468177975369 0.45303683895785118
v -0.11008905086857171 0.019816400639371234 0.46182302180845047
v -0.10387910369974464 0.019816400639371234 0.45716556329447533
v -0.074567691685677423 0.0072016736191075469 0.48054233314636857
v -0.073997264292136683 0.0069058036130231039 0.48054233314636857
v -0.070774800000000332 0.013816399433755865 0.47596077136862786
v -0.073980168702126398 0.0068978575688164847 0.48054233314636857
v -0.073382703617260708 0.0066512433510583059 0.48054233314636857
v -0.073368526326537981 0.0066461005878012793 0.48054233314636857
v -0.072748295061335816 0.0064512157511275427 0.48054233314636857
v -0.072737367155075922 0.0064482969861786978 0.48054233314636857
v -0.072098867415496065 0.0063072407316725858 0.48054233314636857
v -0.070774800000000332 0.0061914009671967633 0.48054233314636857
v -0.070110237488568677 0.006220415390686334 0.48054233314636857
v -0.071439362510153009 0.006220415390686334 0.48054233314636857
v -0.072091440583624794 0.0063059350174229749 0.48054233314636857
v -0.069458159531512215 0.0063059350174229749 0.48054233314636857
v -0.069450732699640944 0.0063072407316725858 0.48054233314636857
v -0.068812232727230443 0.0064482969861786978 0.48054233314636857
v -0.068801304820970549 0.0064512157511275427 0.48054233314636857
v -0.068181073555768384 0.0066461005878012793 0.48054233314636857
v -0.068166896265045657 0.0066512433510583059 0.48054233314636857
v -0.066981908196628942 0.020431125692681629 0.48054233314636857
v -0.067552335590169682 0.020726997561411224 0.48054233314636857
v -0.067569431180179967 0.020734943605617843 0.48054233314636857
v -0.068166896265045657 0.020981556892053447 0.48054233314636857
v -0.068181073555768384 0.020986700586633048 0.48054233314636857
v -0.068801304820970549 0.02118158449198421 0.48054233314636857
v -0.068812232727230443 0.02118450418825563 0.48054233314636857
v -0.069450732699640944 0.021325559511439166 0.48054233314636857
v -0.070774800000000332 0.021441400207237563 0.48054233314636857
v -0.071439362510153009 0.021412384852425418 0.48054233314636857
v -0.070110237488568677 0.021412384852425418 0.48054233314636857
v -0.069458159531512215 0.021326865225688777 0.48054233314636857
v -0.072091440583624794 0.021326865225688777 0.48054233314636857
v -0.072098867415496065 0.021325559511439166 0.48054233314636857
v -0.072737367155075922 0.02118450418825563 0.48054233314636857
v -0.072748295061335816 0.02118158449198421 0.48054233314636857
v -0.073368526326537981 0.020986700586633048 0.48054233314636857
v -0.073382703617260708 0.020981556892053447 0.48054233314636857
v -0.068157660804734482 0.010593935770572372 0.47845515310931713
v -0.068176923815206542 0.010705137548626609 0.47839621529150517
v -0.068243032351181759 0.011208496911109634 0.47814471628684313
v -0.068250252196610822 0.011283731011332222 0.47810944616961987
v -0.068280985841573133 0.01172384239512796 0.47791683841664107
v -0.068286352355078711 0.011842682880939193 0.47786919474769146
v -0.068294023426295175 0.012079341260374734 0.4777804583327821
v -0.068299104722262277 0.012381881398738573 0.47768000029194863
v -0.068299944076732649 0.01249233253079767 0.47764726057816059
v -0.068300447922245516 0.012657349852503488 0.47760254126209528
v -0.068299980398313059 0.012915639130057046 0.4775432262586406
v -0.068298869097650899 0.013151837436140727 0.47750111743975193
v -0.068298863044054164 0.013152956885875415 0.47750094700772078
v -0.068296931015373125 0.013599615481922615 0.47745531220156462
v -0.068297729391650214 0.013379625899375629 0.47747210581023009
v -0.068296646729157223 0.013816399433755865 0.47744979597795517
v -0.068297729391650214 0.014253174809397411 0.47747210581023009
v -0.068296931015373125 0.014033185255954254 0.47745531220156462
v -0.068298863044054164 0.014479825196446132 0.47750094421375305
v -0.068298869097650899 0.014480965135277461 0.47750111837107451
v -0.068299980398313059 0.014717159716070844 0.4775432262586406
v -0.068300451647535815 0.014970207510174466 0.47760120574552328
v -0.068299942679748787 0.015140693558038426 0.47764732483941824
v -0.068299154780850663 0.015245715079487515 0.47767840866166861
v -0.068293687218845739 0.015566799712957097 0.47778523322362215
v -0.06828636120264317 0.015789894310415938 0.47786910720336945
v -0.06828037326414968 0.015921121386469558 0.47792182564902813
v -0.068251068500847473 0.016340130863369658 0.47810529992151768
v -0.068022056978241457 0.017628900630058009 0.47878626994956047
v -0.067958829721481456 0.017838021896437961 0.47891069278288395
v -0.073391939077571883 0.017038864938200667 0.47845515310931713
v -0.073372676067099823 0.016927661297501281 0.47839621529150517
v -0.073306567531124606 0.016424303797663405 0.47814471628684313
v -0.073299347685695543 0.016349067834795668 0.47810944616961987
v -0.073268614040733232 0.015908958313645079 0.47791683841664107
v -0.073263247527227654 0.015790115965188697 0.47786919474769146
v -0.07325557645601119 0.015553457585753156 0.4777804583327821
v -0.073250495160044088 0.015250919310034467 0.47768000029194863
v -0.073249655805573716 0.015140468177975369 0.47764726057816059
v -0.073249151960060849 0.014975448993624402 0.47760254126209528
v -0.073249619483993306 0.014717159716070844 0.4775432262586406
v -0.073250730784655466 0.014480963272632312 0.47750111743975193
v -0.073250736838252201 0.014479841960252475 0.47750094700772078
v -0.07325266886693324 0.014033185255954254 0.47745531220156462
v -0.073251870490656151 0.014253174809397411 0.47747210581023009
v -0.073252953153149142 0.013816399433755865 0.47744979597795517
v -0.073251870490656151 0.013379625899375629 0.47747210581023009
v -0.07325266886693324 0.013599615481922615 0.47745531220156462
v -0.073250736838252201 0.013152975512326907 0.47750094421375305
v -0.073250730784655466 0.013151833710850429 0.47750111837107451
v -0.073249619483993306 0.012915639130057046 0.4775432262586406
v -0.07324914823477055 0.012662593198598573 0.47760120574552328
v -0.073249657202557578 0.012492107150734613 0.47764732483941824
v -0.073250445101455702 0.012387085629285524 0.47767840866166861
v -0.073255912663460626 0.012065999133170793 0.47778523322362215
v -0.073263238679663195 0.011842904535711952 0.47786910720336945
v -0.073269226618156685 0.011711679322303482 0.47792182564902813
v -0.073298531381458892 0.011292667982758232 0.47810529992151768
v -0.073527542904064908 0.010003900078715032 0.47878626994956047
v -0.073590770160824909 0.009794777415351218 0.47891069278288395
v -0.073964368814648046 0.008915145106272046 0.47947442699391157
v -0.074108748260931029 0.0086648130487960023 0.47964782668445022
v -0.074587299983994021 0.0072129556607764388 0.48054233314636857
v -0.073833461647898807 0.0091758837621968431 0.47930027013811977
v -0.073717833526478066 0.0094428790431779069 0.47912823157552392
v -0.074266585318417205 0.0084247106384795351 0.47982047060671956
v -0.074437783595220103 0.0081948918920319719 0.47999230893496186
v -0.074622387561992659 0.0079753121059697313 0.48016345715317638
v -0.074818824680567636 0.007767670012668911 0.48033267846498401
v -0.075028566440612926 0.0075703655999463226 0.48050144389439137
v -0.07508146649417366 0.007524084455923381 0.48054233314636857
v -0.073369577556894078 0.010724063885987945 0.47838629950005324
v -0.073391903687314047 0.010594131348313041 0.4784550478698662
v -0.073453096237079157 0.010295607072890943 0.47861880697477371
v -0.073306564969987525 0.011208521125496574 0.47814470417964966
v -0.073590770160824909 0.017838021896437961 0.47891069278288395
v -0.073527411121920599 0.017628431243480402 0.47878599567506225
v -0.073453112302393569 0.017337262553752616 0.47861884702164442
v -0.073717833526478066 0.01818992026861127 0.47912823157552392
v -0.073833494244188919 0.018456986330108005 0.47930031577292592
v -0.07508146649417366 0.020108716718510944 0.48054233314636857
v -0.075028550608129158 0.020062420673326808 0.4805014317871979
v -0.074587299983994021 0.020419843651012737 0.48054233314636857
v -0.074818896392405881 0.019865201942281085 0.48033273806962878
v -0.074622387561992659 0.019657489068464595 0.48016345715317638
v -0.074437846226663246 0.019437987513498622 0.47999236900526793
v -0.074266585318417205 0.019208089604632217 0.47982047060671956
v -0.074108618807093157 0.018967777646736461 0.47964767813849957
v -0.073964368814648046 0.018717656068162281 0.47947442699391157
v -0.067585231067658319 0.018717656068162281 0.47947442699391157
v -0.067440851621375336 0.01896798719431575 0.47964782668445022
v -0.066962299898312344 0.020419843651012737 0.48054233314636857
v -0.067716138234407558 0.018456915549592334 0.47930027013811977
v -0.067831766355828299 0.01818992026861127 0.47912823157552392
v -0.06728301456388916 0.019208089604632217 0.47982047060671956
v -0.067111816287086262 0.01943790835107978 0.47999230893496186
v -0.066927212320313706 0.019657489068464595 0.48016345715317638
v -0.066730775201738729 0.01986513023044284 0.48033267846498401
v -0.066521033441693439 0.020062434643165428 0.48050144389439137
v -0.066468133388132705 0.020108716718510944 0.48054233314636857
v -0.068180022325412287 0.016908734960139945 0.47838629950005324
v -0.068157696194992318 0.017038669360459998 0.4784550478698662
v -0.068096503645227208 0.017337193635882094 0.47861880697477371
v -0.06824303491231884 0.016424279583276465 0.47814470417964966
v -0.067958829721481456 0.009794777415351218 0.47891069278288395
v -0.068022188760385766 0.010004367602647489 0.47878599567506225
v -0.068096487579912796 0.010295536292375273 0.47861884702164442
v -0.067831766355828299 0.0094428790431779069 0.47912823157552392
v -0.067716105638117446 0.0091758148443263216 0.47930031577292592
v -0.066468133388132705 0.007524084455923381 0.48054233314636857
v -0.066521049274177207 0.0075703805011075164 0.4805014317871979
v -0.066962299898312344 0.0072129556607764388 0.48054233314636857
v -0.066730703489900484 0.0077675992321532402 0.48033273806962878
v -0.066927212320313706 0.0079753121059697313 0.48016345715317638
v -0.067111753655643119 0.0081948136609357042 0.47999236900526793
v -0.06728301456388916 0.0084247106384795351 0.47982047060671956
v -0.067440981075213208 0.0086650235276978654 0.47964767813849957
v -0.067585231067658319 0.008915145106272046 0.47947442699391157
v -0.073997264292136683 0.020726997561411224 0.48054233314636857
v -0.074567691685677423 0.020431125692681629 0.48054233314636857
v -0.073980168702126398 0.020734943605617843 0.48054233314636857
v -0.067552335590169682 0.0069058036130231039 0.48054233314636857
v -0.066981908196628942 0.0072016736191075469 0.48054233314636857
v -0.067569431180179967 0.0068978575688164847 0.48054233314636857
v -0.058774800302506328 0.013816399433755865 0.50954233464021004
v -0.059816658759535193 0.012857686651529024 0.51054233480412281
v -0.058820463979662299 0.012770531622351358 0.50954233464021004
v -0.059941915126562953 0.01190626986104364 0.51054233480412281
v -0.058957107627809882 0.011732621041716285 0.50954233464021004
v -0.060149615893185973 0.010969391015948005 0.51054233480412281
v -0.059183690028310657 0.010710570884526916 0.50954233464021004
v -0.060438181536317706 0.010054178459228224 0.51054233480412281
v -0.059498489165724158 0.0097121579271119297 0.50954233464021004
v -0.060805415066004634 0.0091675987165730638 0.51054233480412281
v -0.059899106884420752 0.0087449812960189027 0.50954233464021004
v -0.061248520651877761 0.0083163996856969041 0.51054233480412281
v -0.060382495896936297 0.0078164005350630922 0.50954233464021004
v -0.061764127837539554 0.00750705987925941 0.51054233480412281
v -0.060944975616455913 0.0069334825199406759 0.50954233464021004
v -0.062348311098338008 0.0067457372021239416 0.51054233480412281
v -0.061582267547071814 0.0061029495369952329 0.50954233464021004
v -0.062996625231624484 0.0060382263433497556 0.51054233480412281
v -0.062289519498170257 0.0053311196785729518 0.50954233464021004
v -0.063704136090398669 0.0053899122100632794 0.51054233480412281
v -0.063061348425269961 0.0046238677274745097 0.50954233464021004
v -0.064465459233195424 0.0048057270866196742 0.51054233480412281
v -0.063891882805199265 0.0039865748655360314 0.50954233464021004
v -0.065274799970955505 0.0042901208322804561 0.51054233480412281
v -0.064774799888999104 0.0034240951460164162 0.50954233464021004
v -0.066125999001831665 0.0038470143150847527 0.51054233480412281
v -0.065703380649954929 0.0029407052021782967 0.50954233464021004
v -0.067012578278825535 0.0034797807853978249 0.51054233480412281
v -0.066670558212370529 0.0025400874834817008 0.50954233464021004
v -0.067927790369884028 0.0031912160735886666 0.51054233480412281
v -0.067668971402616157 0.0022252892773907736 0.50954233464021004
v -0.068864670146302237 0.002983516238288221 0.51054233480412281
v -0.06869102179263617 0.0019987059455674246 0.50954233464021004
v -0.069816086820372297 0.0028582570772927376 0.51054233480412281
v -0.069728931092702701 0.0018620622974198416 0.50954233464021004
v -0.070774800000000332 0.0028163997154992196 0.51054233480412281
v -0.070774800000000332 0.0018164014142315939 0.50954233464021004
v -0.07173351317834939 0.0028582570772927376 0.51054233480412281
v -0.071820669022434308 0.0018620622974198416 0.50954233464021004
v -0.072684929968834772 0.002983516238288221 0.51054233480412281
v -0.072858578089670195 0.0019987059455674246 0.50954233464021004
v -0.073621809512422337 0.0031912160735886666 0.51054233480412281
v -0.073880628479690208 0.0022252892773907736 0.50954233464021004
v -0.07453702160348083 0.0034797807853978249 0.51054233480412281
v -0.074879041669935836 0.0025400874834817008 0.50954233464021004
v -0.0754236008804747 0.0038470143150847527 0.51054233480412281
v -0.075846219232351436 0.0029407052021782967 0.50954233464021004
v -0.07627479991135086 0.0042901208322804561 0.51054233480412281
v -0.076774799993307261 0.0034240951460164162 0.50954233464021004
v -0.077084140649110941 0.0048057270866196742 0.51054233480412281
v -0.0776577170771071 0.0039865748655360314 0.50954233464021004
v -0.077845463791907696 0.0053899122100632794 0.51054233480412281
v -0.078488251457036404 0.0046238677274745097 0.50954233464021004
v -0.078552974650681881 0.0060382263433497556 0.51054233480412281
v -0.079260081315458683 0.0053311196785729518 0.50954233464021004
v -0.079201289715290932 0.0067457372021239416 0.51054233480412281
v -0.079967333266557125 0.0061029495369952329 0.50954233464021004
v -0.079785472976089386 0.00750705987925941 0.51054233480412281
v -0.080604625197173027 0.0069334825199406759 0.50954233464021004
v -0.080301080161751179 0.0083163996856969041 0.51054233480412281
v -0.081167104916692642 0.0078164005350630922 0.50954233464021004
v -0.080744185747624306 0.0091675987165730638 0.51054233480412281
v -0.081650493929208187 0.0087449812960189027 0.50954233464021004
v -0.081111419277311234 0.010054178459228224 0.51054233480412281
v -0.082051111647904781 0.0097121579271119297 0.50954233464021004
v -0.081399984920442967 0.010969391015948005 0.51054233480412281
v -0.082365910785318283 0.010710570884526916 0.50954233464021004
v -0.081607685687065987 0.01190626986104364 0.51054233480412281
v -0.082592493185819058 0.011732621041716285 0.50954233464021004
v -0.081732942054093746 0.012857686651529024 0.51054233480412281
v -0.082729136833966641 0.012770531622351358 0.50954233464021004
v -0.081774800347209839 0.013816399433755865 0.51054233480412281
v -0.082774800511122612 0.013816399433755865 0.50954233464021004
v -0.081732942054093746 0.014775114057244016 0.51054233480412281
v -0.082729136833966641 0.014862269086421681 0.50954233464021004
v -0.081607685687065987 0.0157265308477294 0.51054233480412281
v -0.082592493185819058 0.015900177804411605 0.50954233464021004
v -0.081399984920442967 0.016663409692825034 0.51054233480412281
v -0.082365910785318283 0.016922227961600974 0.50954233464021004
v -0.081111419277311234 0.017578622249544817 0.51054233480412281
v -0.082051111647904781 0.017920641384677249 0.50954233464021004
v -0.080744185747624306 0.018465200595216114 0.51054233480412281
v -0.081650493929208187 0.018887818947092849 0.50954233464021004
v -0.080301080161751179 0.019316400557414848 0.51054233480412281
v -0.081167104916692642 0.019816400639371234 0.50954233464021004
v -0.079785472976089386 0.020125741295174915 0.51054233480412281
v -0.080604625197173027 0.020699317723171077 0.50954233464021004
v -0.079201289715290932 0.020887063972310386 0.51054233480412281
v -0.079967333266557125 0.021529851637439094 0.50954233464021004
v -0.078552974650681881 0.021594574831084571 0.51054233480412281
v -0.079260081315458683 0.022301681495861377 0.50954233464021004
v -0.077845463791907696 0.022242888964371047 0.51054233480412281
v -0.078488251457036404 0.023008933446959819 0.50954233464021004
v -0.077084140649110941 0.02282707315649208 0.51054233480412281
v -0.0776577170771071 0.023646224446253146 0.50954233464021004
v -0.07627479991135086 0.023342679410831298 0.51054233480412281
v -0.076774799993307261 0.024208705097095336 0.50954233464021004
v -0.0754236008804747 0.023785785928026999 0.51054233480412281
v -0.075846219232351436 0.024692094109610881 0.50954233464021004
v -0.07453702160348083 0.024153019457713927 0.51054233480412281
v -0.074879041669935836 0.025092711828307475 0.50954233464021004
v -0.073621809512422337 0.024441584169523085 0.51054233480412281
v -0.073880628479690208 0.025407510034398402 0.50954233464021004
v -0.072684929968834772 0.02464928586746868 0.51054233480412281
v -0.072858578089670195 0.025634093366221751 0.50954233464021004
v -0.07173351317834939 0.02477454223449644 0.51054233480412281
v -0.071820669022434308 0.025770737014369334 0.50954233464021004
v -0.070774800000000332 0.024816400527612532 0.51054233480412281
v -0.070774800000000332 0.025816399760202731 0.50954233464021004
v -0.069816086820372297 0.02477454223449644 0.51054233480412281
v -0.069728931092702701 0.025770737014369334 0.50954233464021004
v -0.068864670146302237 0.02464928586746868 0.51054233480412281
v -0.06869102179263617 0.025634093366221751 0.50954233464021004
v -0.067927790369884028 0.024441584169523085 0.51054233480412281
v -0.067668971402616157 0.025407510034398402 0.50954233464021004
v -0.067012578278825535 0.024153019457713927 0.51054233480412281
v -0.066670558212370529 0.025092711828307475 0.50954233464021004
v -0.066125999001831665 0.023785785928026999 0.51054233480412281
v -0.065703380649954929 0.024692094109610881 0.50954233464021004
v -0.065274799970955505 0.023342679410831298 0.51054233480412281
v -0.064774799888999104 0.024208705097095336 0.50954233464021004
v -0.064465459233195424 0.02282707315649208 0.51054233480412281
v -0.063891882805199265 0.023646224446253146 0.50954233464021004
v -0.063704136090398669 0.022242888964371047 0.51054233480412281
v -0.063061348425269961 0.023008933446959819 0.50954233464021004
v -0.062996625231624484 0.021594574831084571 0.51054233480412281
v -0.062289519498170257 0.022301681495861377 0.50954233464021004
v -0.062348311098338008 0.020887063972310386 0.51054233480412281
v -0.061582267547071814 0.021529851637439094 0.50954233464021004
v -0.061764127837539554 0.020125741295174915 0.51054233480412281
v -0.060944975616455913 0.020699317723171077 0.50954233464021004
v -0.061248520651877761 0.019316400557414848 0.51054233480412281
v -0.060382495896936297 0.019816400639371234 0.50954233464021004
v -0.060805415066004634 0.018465200595216114 0.51054233480412281
v -0.059899106884420752 0.018887818947092849 0.50954233464021004
v -0.060438181536317706 0.017578622249544817 0.51054233480412281
v -0.059498489165724158 0.017920641384677249 0.50954233464021004
v -0.060149615893185973 0.016663409692825034 0.51054233480412281
v -0.059183690028310657 0.016922227961600974 0.50954233464021004
v -0.059941915126562953 0.0157265308477294 0.51054233480412281
v -0.058957107627809882 0.015900177804411605 0.50954233464021004
v -0.059816658759535193 0.014775114057244016 0.51054233480412281
v -0.058820463979662299 0.014862269086421681 0.50954233464021004
v -0.059774800466419101 0.013816399433755865 0.51054233480412281
v -0.069450732699640944 0.021325559511439166 0.58554233405906486
v -0.069047000638254835 0.02361523748155054 0.58554233405906486
v -0.070110237488568677 0.021412384852425418 0.58554233405906486
v -0.069907600380991503 0.023728537529365386 0.58554233405906486
v -0.070774800000000332 0.021441400207237563 0.58554233405906486
v -0.070774800000000332 0.023766400448636378 0.58554233405906486
v -0.071439362510153009 0.021412384852425418 0.58554233405906486
v -0.071641999617730184 0.023728537529365386 0.58554233405906486
v -0.072098867415496065 0.021325559511439166 0.58554233405906486
v -0.072502599476882174 0.02361523748155054 0.58554233405906486
v -0.072748295061335816 0.02118158449198421 0.58554233405906486
v -0.073350049352318897 0.023427361778573359 0.58554233405906486
v -0.073382703617260708 0.020981556892053447 0.58554233405906486
v -0.07417790035908009 0.023166341863231028 0.58554233405906486
v -0.073997264292136683 0.020726997561411224 0.58554233405906486
v -0.074979851750702514 0.022834162383930053 0.58554233405906486
v -0.074587299983994021 0.020419843651012737 0.58554233405906486
v -0.075749799871862783 0.022433352812783088 0.58554233405906486
v -0.07514832008820857 0.020062434643165428 0.58554233405906486
v -0.076481885539413361 0.021966963231221995 0.58554233405906486
v -0.075676055422098293 0.019657489068464595 0.58554233405906486
v -0.077170536650390295 0.021438541978256068 0.58554233405906486
v -0.076166488958568229 0.019208089604632217 0.58554233405906486
v -0.077810512187004952 0.020852112367407642 0.58554233405906486
v -0.076615888888061909 0.018717656068162281 0.58554233405906486
v -0.078396942263514666 0.020212137296454269 0.58554233405906486
v -0.077020834462762741 0.01818992026861127 0.58554233405906486
v -0.078925363050819305 0.019523485719816047 0.58554233405906486
v -0.07737824347061005 0.017628900630058009 0.58554233405906486
v -0.079391753563702969 0.018791400052265483 0.58554233405906486
v -0.077685396915347246 0.017038864938200667 0.58554233405906486
v -0.079792563134849934 0.018021451465443927 0.58554233405906486
v -0.07793995624598947 0.016424303797663405 0.58554233405906486
v -0.080124741682828335 0.017219500539482787 0.58554233405906486
v -0.07813998431158152 0.015789894310415938 0.58554233405906486
v -0.08038576252949324 0.016391649765552237 0.58554233405906486
v -0.078283958865375189 0.015140468177975369 0.58554233405906486
v -0.080573637301147846 0.015544200239361478 0.58554233405906486
v -0.078370784672022728 0.014480963272632312 0.58554233405906486
v -0.080686937348962692 0.01468360043841715 0.58554233405906486
v -0.078399800026834873 0.013816399433755865 0.58554233405906486
v -0.080724800268233685 0.013816399433755865 0.58554233405906486
v -0.078370784672022728 0.013151837436140727 0.58554233405906486
v -0.080686937348962692 0.01294920027035589 0.58554233405906486
v -0.078283958865375189 0.01249233253079767 0.58554233405906486
v -0.080573637301147846 0.012088600469411561 0.58554233405906486
v -0.07813998431158152 0.011842904535711952 0.58554233405906486
v -0.08038576252949324 0.011241150943220802 0.58554233405906486
v -0.07793995624598947 0.011208496911109634 0.58554233405906486
v -0.080124741682828335 0.010413300169290252 0.58554233405906486
v -0.077685396915347246 0.010593935770572372 0.58554233405906486
v -0.079792563134849934 0.0096113478463452518 0.58554233405906486
v -0.07737824347061005 0.010003900078715032 0.58554233405906486
v -0.079391753563702969 0.0088414011221688432 0.58554233405906486
v -0.077020834462762741 0.0094428790431779069 0.58554233405906486
v -0.078925363050819305 0.0081093145232957048 0.58554233405906486
v -0.076615888888061909 0.008915145106272046 0.58554233405906486
v -0.078396942263514666 0.0074206629466574813 0.58554233405906486
v -0.076166488958568229 0.0084247106384795351 0.58554233405906486
v -0.077810512187004952 0.0067806878757041113 0.58554233405906486
v -0.075676055422098293 0.0079753121059697313 0.58554233405906486
v -0.077170536650390295 0.0061942582648556836 0.58554233405906486
v -0.07514832008820857 0.0075703655999463226 0.58554233405906486
v -0.076481885539413361 0.0056658370118897565 0.58554233405906486
v -0.074587299983994021 0.0072129556607764388 0.58554233405906486
v -0.075749799871862783 0.0051994474303286662 0.58554233405906486
v -0.073997264292136683 0.0069058036130231039 0.58554233405906486
v -0.074979851750702514 0.0047986378591817012 0.58554233405906486
v -0.073382703617260708 0.0066512433510583059 0.58554233405906486
v -0.07417790035908009 0.0044664593112033 0.58554233405906486
v -0.072748295061335816 0.0064512157511275427 0.58554233405906486
v -0.073350049352318897 0.0042054375332158198 0.58554233405906486
v -0.072098867415496065 0.0063072407316725858 0.58554233405906486
v -0.072502599476882174 0.0040175636928837868 0.58554233405906486
v -0.071439362510153009 0.006220415390686334 0.58554233405906486
v -0.071641999617730184 0.0039042627137463662 0.58554233405906486
v -0.070774800000000332 0.0061914009671967633 0.58554233405906486
v -0.070774800000000332 0.0038664007257979485 0.58554233405906486
v -0.070110237488568677 0.006220415390686334 0.58554233405906486
v -0.069907600380991503 0.0039042627137463662 0.58554233405906486
v -0.069450732699640944 0.0063072407316725858 0.58554233405906486
v -0.069047000638254835 0.0040175636928837868 0.58554233405906486
v -0.068801304820970549 0.0064512157511275427 0.58554233405906486
v -0.068199550529987468 0.0042054375332158198 0.58554233405906486
v -0.068166896265045657 0.0066512433510583059 0.58554233405906486
v -0.067371699523226275 0.0044664593112033 0.58554233405906486
v -0.067552335590169682 0.0069058036130231039 0.58554233405906486
v -0.066569748131603851 0.0047986378591817012 0.58554233405906486
v -0.066962299898312344 0.0072129556607764388 0.58554233405906486
v -0.065799800010443582 0.0051994474303286662 0.58554233405906486
v -0.066401279794097795 0.0075703655999463226 0.58554233405906486
v -0.065067714342893004 0.0056658370118897565 0.58554233405906486
v -0.065873544460208072 0.0079753121059697313 0.58554233405906486
v -0.06437906323191607 0.0061942582648556836 0.58554233405906486
v -0.065383110923738136 0.0084247106384795351 0.58554233405906486
v -0.063739087695301413 0.0067806878757041113 0.58554233405906486
v -0.064933710994244456 0.008915145106272046 0.58554233405906486
v -0.063152657618791699 0.0074206629466574813 0.58554233405906486
v -0.064528765419543624 0.0094428790431779069 0.58554233405906486
v -0.062624237762809634 0.0081093145232957048 0.58554233405906486
v -0.064171356411696315 0.010003900078715032 0.58554233405906486
v -0.062157847249925971 0.0088414011221688432 0.58554233405906486
v -0.063864202966959119 0.010593935770572372 0.58554233405906486
v -0.061757037678779006 0.0096113478463452518 0.58554233405906486
v -0.063609643636316895 0.011208496911109634 0.58554233405906486
v -0.061424859130800605 0.010413300169290252 0.58554233405906486
v -0.063409615570724845 0.011842904535711952 0.58554233405906486
v -0.061163838284135699 0.011241150943220802 0.58554233405906486
v -0.063265641016931176 0.01249233253079767 0.58554233405906486
v -0.060975963512481093 0.012088600469411561 0.58554233405906486
v -0.063178815210283637 0.013151837436140727 0.58554233405906486
v -0.060862663464666247 0.01294920027035589 0.58554233405906486
v -0.063149799855471492 0.013816399433755865 0.58554233405906486
v -0.060824800545395255 0.013816399433755865 0.58554233405906486
v -0.063178815210283637 0.014480963272632312 0.58554233405906486
v -0.060862663464666247 0.01468360043841715 0.58554233405906486
v -0.063265641016931176 0.015140468177975369 0.58554233405906486
v -0.060975963512481093 0.015544200239361478 0.58554233405906486
v -0.063409615570724845 0.015789894310415938 0.58554233405906486
v -0.061163838284135699 0.016391649765552237 0.58554233405906486
v -0.063609643636316895 0.016424303797663405 0.58554233405906486
v -0.061424859130800605 0.017219500539482787 0.58554233405906486
v -0.063864202966959119 0.017038864938200667 0.58554233405906486
v -0.061757037678779006 0.018021451465443927 0.58554233405906486
v -0.064171356411696315 0.017628900630058009 0.58554233405906486
v -0.062157847249925971 0.018791400052265483 0.58554233405906486
v -0.064528765419543624 0.01818992026861127 0.58554233405906486
v -0.062624237762809634 0.019523485719816047 0.58554233405906486
v -0.064933710994244456 0.018717656068162281 0.58554233405906486
v -0.063152657618791699 0.020212137296454269 0.58554233405906486
v -0.065383110923738136 0.019208089604632217 0.58554233405906486
v -0.063739087695301413 0.020852112367407642 0.58554233405906486
v -0.065873544460208072 0.019657489068464595 0.58554233405906486
v -0.06437906323191607 0.021438541978256068 0.58554233405906486
v -0.066401279794097795 0.020062434643165428 0.58554233405906486
v -0.065067714342893004 0.021966963231221995 0.58554233405906486
v -0.066962299898312344 0.020419843651012737 0.58554233405906486
v -0.065799800010443582 0.022433352812783088 0.58554233405906486
v -0.067552335590169682 0.020726997561411224 0.58554233405906486
v -0.066569748131603851 0.022834162383930053 0.58554233405906486
v -0.068166896265045657 0.020981556892053447 0.58554233405906486
v -0.067371699523226275 0.023166341863231028 0.58554233405906486
v -0.068801304820970549 0.02118158449198421 0.58554233405906486
v -0.068199550529987468 0.023427361778573359 0.58554233405906486
v -0.06437906323191607 0.0061942582648556836 0.51054233480412281
v -0.063739087695301413 0.0067806878757041113 0.51054233480412281
v -0.063152657618791699 0.0074206629466574813 0.51054233480412281
v -0.062624237762809634 0.0081093145232957048 0.51054233480412281
v -0.062157847249925971 0.0088414011221688432 0.51054233480412281
v -0.061757037678779006 0.0096113478463452518 0.51054233480412281
v -0.061424859130800605 0.010413300169290252 0.51054233480412281
v -0.061163838284135699 0.011241150943220802 0.51054233480412281
v -0.060975963512481093 0.012088600469411561 0.51054233480412281
v -0.060862663464666247 0.01294920027035589 0.51054233480412281
v -0.060824800545395255 0.013816399433755865 0.51054233480412281
v -0.060862663464666247 0.01468360043841715 0.51054233480412281
v -0.060975963512481093 0.015544200239361478 0.51054233480412281
v -0.061163838284135699 0.016391649765552237 0.51054233480412281
v -0.061424859130800605 0.017219500539482787 0.51054233480412281
v -0.061757037678779006 0.018021451465443927 0.51054233480412281
v -0.062157847249925971 0.018791400052265483 0.51054233480412281
v -0.062624237762809634 0.019523485719816047 0.51054233480412281
v -0.063152657618791699 0.020212137296454269 0.51054233480412281
v -0.063739087695301413 0.020852112367407642 0.51054233480412281
v -0.06437906323191607 0.021438541978256068 0.51054233480412281
v -0.065067714342893004 0.021966963231221995 0.51054233480412281
v -0.065799800010443582 0.022433352812783088 0.51054233480412281
v -0.066569748131603851 0.022834162383930053 0.51054233480412281
v -0.067371699523226275 0.023166341863231028 0.51054233480412281
v -0.068199550529987468 0.023427361778573359 0.51054233480412281
v -0.069047000638254835 0.02361523748155054 0.51054233480412281
v -0.069907600380991503 0.023728537529365386 0.51054233480412281
v -0.070774800000000332 0.023766400448636378 0.51054233480412281
v -0.071641999617730184 0.023728537529365386 0.51054233480412281
v -0.072502599476882174 0.02361523748155054 0.51054233480412281
v -0.073350049352318897 0.023427361778573359 0.51054233480412281
v -0.07417790035908009 0.023166341863231028 0.51054233480412281
v -0.074979851750702514 0.022834162383930053 0.51054233480412281
v -0.075749799871862783 0.022433352812783088 0.51054233480412281
v -0.076481885539413361 0.021966963231221995 0.51054233480412281
v -0.077170536650390295 0.021438541978256068 0.51054233480412281
v -0.077810512187004952 0.020852112367407642 0.51054233480412281
v -0.078396942263514666 0.020212137296454269 0.51054233480412281
v -0.078925363050819305 0.019523485719816047 0.51054233480412281
v -0.079391753563702969 0.018791400052265483 0.51054233480412281
v -0.079792563134849934 0.018021451465443927 0.51054233480412281
v -0.080124741682828335 0.017219500539482787 0.51054233480412281
v -0.08038576252949324 0.016391649765552237 0.51054233480412281
v -0.080573637301147846 0.015544200239361478 0.51054233480412281
v -0.080686937348962692 0.01468360043841715 0.51054233480412281
v -0.080724800268233685 0.013816399433755865 0.51054233480412281
v -0.080686937348962692 0.01294920027035589 0.51054233480412281
v -0.080573637301147846 0.012088600469411561 0.51054233480412281
v -0.08038576252949324 0.011241150943220802 0.51054233480412281
v -0.080124741682828335 0.010413300169290252 0.51054233480412281
v -0.079792563134849934 0.0096113478463452518 0.51054233480412281
v -0.079391753563702969 0.0088414011221688432 0.51054233480412281
v -0.078925363050819305 0.0081093145232957048 0.51054233480412281
v -0.078396942263514666 0.0074206629466574813 0.51054233480412281
v -0.077810512187004952 0.0067806878757041113 0.51054233480412281
v -0.077170536650390295 0.0061942582648556836 0.51054233480412281
v -0.076481885539413361 0.0056658370118897565 0.51054233480412281
v -0.075749799871862783 0.0051994474303286662 0.51054233480412281
v -0.074979851750702514 0.0047986378591817012 0.51054233480412281
v -0.07417790035908009 0.0044664593112033 0.51054233480412281
v -0.073350049352318897 0.0042054375332158198 0.51054233480412281
v -0.072502599476882174 0.0040175636928837868 0.51054233480412281
v -0.071641999617730184 0.0039042627137463662 0.51054233480412281
v -0.070774800000000332 0.0038664007257979485 0.51054233480412281
v -0.069907600380991503 0.0039042627137463662 0.51054233480412281
v -0.069047000638254835 0.0040175636928837868 0.51054233480412281
v -0.068199550529987468 0.0042054375332158198 0.51054233480412281
v -0.067371699523226275 0.0044664593112033 0.51054233480412281
v -0.066569748131603851 0.0047986378591817012 0.51054233480412281
v -0.065799800010443582 0.0051994474303286662 0.51054233480412281
v -0.065067714342893004 0.0056658370118897565 0.51054233480412281
v -0.12136636514407488 0.0047419948201935878 0.44403100554067398
v -0.12196615178328844 0.0057190676849644788 0.44448084552008416
v -0.12249553043586107 0.0067577661644976752 0.44487787950951363
v -0.1148011221383223 0.0066512433510583059 0.43910707328635956
v -0.11748777169925065 0.0010218081694405613 0.44112206045705582
v -0.11836170617681832 0.0015904886346619681 0.4417775141091993
v -0.11919266570550294 0.0022522119503777579 0.44240073282439019
v -0.11997432474237771 0.0030019452493947121 0.44298697430807854
v -0.120700733998836 0.0038339832496207329 0.4435317831130674
v -0.10293406833154052 0.0067577661644976752 0.43020678479391838
v -0.10346344698411315 0.0057190676849644788 0.43060381878334786
v -0.10406323362332671 0.0047419948201935878 0.43105365876275803
v -0.1047288647685656 0.0038339832496207329 0.43155288119036461
v -0.10545527402502389 0.0030019452493947121 0.43209768999535347
v -0.10623693306189866 0.0022522119503777579 0.43268393147904183
v -0.10706789259058327 0.0015904886346619681 0.43330715019423272
v -0.10794182706815095 0.0010218081694405613 0.43396260384637619
v -0.11062847662907929 0.0066512433510583059 0.43597759101707245
v -0.10885208685141892 0.00055050679262095073 0.43464529682118203
v -0.11113600272876115 0.0064512157511275427 0.43635823372918869
v -0.10979174662572236 0.00018016450817995647 0.43535003978926445
v -0.11165554661494584 0.0063072407316725858 0.43674789164382721
v -0.11075365010839791 -8.6394913836189066e-05 0.43607146833259369
v -0.1121831483040461 0.006220415390686334 0.43714359570462014
v -0.1117304771040091 -0.00024714864079541758 0.43680409137326981
v -0.1127147993837008 0.0061914009671967633 0.43754233215171601
v -0.1127147993837008 -0.00030086732689923838 0.43754233215171601
v -0.11324645046335549 0.006220415390686334 0.43794106859881188
v -0.11369912166339249 -0.00024714864079541758 0.4382805729301622
v -0.11377405215245576 0.0063072407316725858 0.4383367726596048
v -0.11467594865900368 -8.6394913836189066e-05 0.43901319597083832
v -0.11429359603864045 0.0064512157511275427 0.43872643057424332
v -0.11563785214167924 0.00018016450817995647 0.43973462451416756
v -0.11657751191598267 0.00055050679262095073 0.44043936748224999
v -0.037942653784573885 0.015789894310415938 0.46196144428271557
v -0.037942653784573885 0.011842904535711952 0.46196144428271557
v -0.037827471533835741 0.01249233253079767 0.46204783003944661
v -0.032583913097203578 0.012585993779481599 0.46598049793559815
v -0.037758013496220919 0.013151837436140727 0.4620999244989803
v -0.032540938148320521 0.013816399433755865 0.46601273100990559
v -0.037734801212371202 0.013816399433755865 0.46211733464319016
v -0.032583913097203578 0.01504680692929144 0.46598049793559815
v -0.037758013496220919 0.014480963272632312 0.4620999244989803
v -0.037827471533835741 0.015140468177975369 0.46204783003944661
v -0.10360122312051147 0.015816399750889495 0.46195715274829174
v -0.10889470417243333 0.015816399750889495 0.46592726167458798
v -0.10885684032183976 0.0161291918881547 0.46588355284351612
v -0.10356353435856193 0.015992037875236228 0.46192406285721566
v -0.10885294366818757 0.016165114862502768 0.46587690692562367
v -0.10352735806447357 0.016165023592890456 0.46188272517341877
v -0.10882649410706849 0.016437262219966605 0.46581550855356957
v -0.10347480166894286 0.016424303797663405 0.46180425752121712
v -0.10882026914697976 0.016511160803617194 0.4657954385520866
v -0.10345766533356994 0.016510993165553763 0.46177352387625481
v -0.10880361709934563 0.01674104474264498 0.46572352368551995
v -0.10342437986475318 0.016682635916055396 0.46170586701649929
v -0.10879710901719422 0.016851881442249968 0.46568362768906857
v -0.10339244667631477 0.016851676551283553 0.46163019705731179
v -0.10878849242073388 0.017039364127100661 0.46560817565936352
v -0.10335810695034355 0.017038864938200667 0.4615355877222469
v -0.10878399972063393 0.017184704465450003 0.4655425956489494
v -0.10333218265515655 0.017184480948032096 0.461453834364002
v -0.10878139574271531 0.017350461257280066 0.46545995380896832
v -0.10327758852583259 0.017506873158396438 0.46124596316534783
v -0.10878160808426232 0.017507051972330764 0.46537387352604176
v -0.10878424186450333 0.017648633492768961 0.46528902631420399
v -0.10325790036660522 0.017630055470050532 0.4611561613174131
v -0.10879069406730027 0.017816521383480388 0.4651792941631725
v -0.1032296030614981 0.017816400311545688 0.46100856345314289
v -0.10879758212906213 0.017933938808397609 0.4650963300855806
v -0.10318944070679038 0.018110705695704776 0.4607440752925327
v -0.10881211448651643 0.01811074481125291 0.46496104803103711
v -0.10881852571112008 0.018172752268270809 0.46491047162730004
v -0.10317967299562782 0.018191101185635883 0.4606645124049833
v -0.10884679693919511 0.018387554369525272 0.46472155098039414
v -0.10315860275369972 0.018387550644234973 0.46045540813524033
v -0.10885420654159875 0.018433474160389263 0.46467819977719094
v -0.10313888851744026 0.01864482664282735 0.46014593523163105
v -0.10889568764907212 0.018644806153730709 0.46446355972606446
v -0.10890198338967652 0.018671862937168437 0.46443413365799691
v -0.10313540909630149 0.018719095892862636 0.46004798617381359
v -0.10895974029046387 0.018880563944236595 0.46418999862093235
v -0.10313244003993362 0.018880577914075214 0.45981950294393803
v -0.10896228838902802 0.018888469010249931 0.46418009679931904
v -0.1090357250366816 0.019083606235341388 0.46391762402076031
v -0.10314170856219619 0.019093007936732131 0.45948039721864964
v -0.1090398452077517 0.019093003280119258 0.46390400994736458
v -0.10905610982519479 0.019128812633113224 0.46385119650680329
v -0.10315617386442512 0.019210044450716335 0.45927005615252758
v -0.10913676981073708 0.019280478514389354 0.46360886264759804
v -0.10316943217259734 0.01928050179745372 0.45913330819625164
v -0.10914145995122285 0.019288174964145977 0.4635956415923288
v -0.10923709187847466 0.019424433044747669 0.46334264595228936
v -0.10319103513103813 0.019364123388783294 0.4589590242149284
v -0.10925115112406106 0.019441582418636638 0.46330782007593418
v -0.10321856502634376 0.019441631778733093 0.45878325011748577
v -0.10934300560695023 0.019539108656005222 0.4630926957370689
v -0.10325184304457992 0.019511439062313396 0.45860997941512371
v -0.10938339147907586 0.019575098685578662 0.46300412696022297
v -0.10329212460857719 0.019575170397416908 0.45843542907554413
v -0.10945936877471299 0.01963334266807254 0.46284604054111744
v -0.10336604926925987 0.019657489068464595 0.45817609485406185
v -0.1095336994920382 0.019680052220479805 0.46270084176379944
v -0.10339297566753715 0.019680103443221408 0.45809506233948971
v -0.10958667312008233 0.019707993760363418 0.46260240655559803
v -0.10345414120894759 0.019721425294534523 0.45792993512172009
v -0.10970188889843316 0.019755617871538955 0.46240098569709565
v -0.10352352846604675 0.019755630910055 0.45776712317187096
v -0.10972149882656426 0.019762119434432346 0.4623682795109203
v -0.10986484427195878 0.019797423079268295 0.462141334825938
v -0.10359995279651969 0.019782028317109901 0.45761026982385422
v -0.1098873226736197 0.019801176309243995 0.46210753899235035
v -0.10368540723067611 0.019801179103211719 0.45745606888252999
v -0.11001699630361886 0.019814551032738048 0.46192098576742913
v -0.10377812970620483 0.019812579422847587 0.45730830896813179
v -0.068127334380567922 0.023407720185474719 0.57842646334487724
v -0.06812480001901175 0.023407020762221183 0.5785423347743206
v -0.068134883914188399 0.023409801691428984 0.57831137422639656
v -0.068147478422195568 0.023413257829503382 0.57819638196546363
v -0.068127336941705002 0.023407721116797293 0.57865826580840873
v -0.068134883914188399 0.023409801691428984 0.57877329532224464
v -0.068147486105606808 0.023413260623471106 0.57888834718782234
v -0.068284614507154479 0.023449752635912265 0.57763597909528541
v -0.068247543444902553 0.023440093889490927 0.57774516735393333
v -0.068744782155425205 0.023557115502313937 0.57683894578534889
v -0.068604046974376692 0.023526720858768786 0.57702235672790336
v -0.068479832524479284 0.023498116217212046 0.57721733842212486
v -0.068326600391463294 0.023460508480326499 0.57752802763301658
v -0.068424213707492604 0.02348476291413721 0.5773187184723072
v -0.068373084330976858 0.023472189128057326 0.57742240075189399
v -0.068215102452830328 0.023431515477256144 0.57785644177514839
v -0.068199550529987468 0.023427361778573359 0.57791736517268943
v -0.068165059464097871 0.023418054140762652 0.57808216456491279
v -0.069449800096497788 0.023677783243016566 0.57624736968595314
v -0.069254822476812555 0.023649618185715045 0.57637158576566505
v -0.069907600380991503 0.023728537529365386 0.57603824678975868
v -0.069868446648632093 0.023725033893839682 0.57605214957315254
v -0.069760516781405463 0.023714568622068728 0.57609412614423561
v -0.06965486161135967 0.023703171096400584 0.57614061776716041
v -0.069551202265591278 0.02369087763841566 0.57619173620063591
v -0.069071412931241943 0.023619510389522876 0.57651231978256035
v -0.069046194112905218 0.023615094989196624 0.5765337476523571
v -0.068900967046664013 0.023588362306014861 0.57666850630361366
v -0.07042891223756495 0.023760385967449511 0.57591500673610496
v -0.070314632321986287 0.023755753568963374 0.5759325975568943
v -0.070543837283201433 0.02376371917094406 0.57590242270547676
v -0.070201457915407522 0.023749867610291804 0.57595509831029701
v -0.070088929526553406 0.023742732748047675 0.57598263565618324
v -0.071348387370397254 0.023749853640453185 0.57595515791494178
v -0.0712349676767354 0.023755753568963374 0.5759325975568943
v -0.071120937617541208 0.02376037758554634 0.57591503653842735
v -0.071005762715520254 0.02376371917094406 0.57590242270547676
v -0.070890391697337768 0.02376572896506008 0.57589486036617088
v -0.070774800000000332 0.023766400448636378 0.57589233461934852
v -0.070658994468265596 0.023765726171092356 0.57589486781675148
v -0.072294777638324453 0.023649618185715045 0.57637158576566505
v -0.072099800018639221 0.023677783243016566 0.57624736968595314
v -0.071998638363600626 0.023690847836093272 0.57619186286050605
v -0.071894738503777339 0.023703171096400584 0.57614061776716041
v -0.071789080306933178 0.023714568622068728 0.57609412614423561
v -0.071681168716912075 0.023725032962517108 0.57605215702373314
v -0.071641999617730184 0.023728537529365386 0.57603824678975868
v -0.071460670472168281 0.023742732748047675 0.57598263565618324
v -0.073302097648427739 0.023440082713620032 0.57774530146438408
v -0.073264985375151886 0.023449752635912265 0.57763597909528541
v -0.073223100772173061 0.02346048240329441 0.57752827350217628
v -0.073176515551329507 0.023472189128057326 0.57742240075189399
v -0.073125503521458163 0.023484734974459971 0.57731894198972511
v -0.073069767357827081 0.023498116217212046 0.57721733842212486
v -0.072945552907929673 0.023526720858768786 0.57702235672790336
v -0.07280481772688116 0.023557115502313937 0.57683894578534889
v -0.072648633068472995 0.023588362306014861 0.57666850630361366
v -0.072503406002231791 0.023615094989196624 0.5765337476523571
v -0.072478187183895065 0.023619510389522876 0.57651231978256035
v -0.073402143113360657 0.023413252241567935 0.57888812367040443
v -0.073414715968117966 0.023409801691428984 0.57877329532224464
v -0.073422285758004441 0.023407714597539271 0.57865774426776695
v -0.073424799863294615 0.023407020762221183 0.5785423347743206
v -0.073422279471577062 0.02340771646018442 0.57842678371984291
v -0.073414715968117966 0.023409801691428984 0.57831137422639656
v -0.073402162671134724 0.023413246653632487 0.57819669488984871
v -0.073384540418208494 0.023418054140762652 0.57808216456491279
v -0.073350049352318897 0.023427361778573359 0.57791736517268943
v -0.073334503483072772 0.02343151454593357 0.57785646412689018
v -0.07280481772688116 0.023557115502313937 0.58024572376329231
v -0.072945552907929673 0.023526720858768786 0.58006231282073784
v -0.073069767357827081 0.023498116217212046 0.57986733857709694
v -0.073264985375151886 0.023449752635912265 0.57944869045335579
v -0.073302133271516218 0.023440073400394286 0.57933925632554817
v -0.073223145708487286 0.023460471227423514 0.57955629173833656
v -0.073125366384209051 0.023484768502072657 0.57976599577981758
v -0.073176515551329507 0.023472189128057326 0.5796622762473278
v -0.073334497429476037 0.023431515477256144 0.57922822777349281
v -0.073350049352318897 0.023427361778573359 0.57916730437595176
v -0.073384540418208494 0.023418054140762652 0.57900250498372841
v -0.071788662143097176 0.023714611462907161 0.58099072221833992
v -0.071894738503777339 0.023703171096400584 0.58094405178148079
v -0.071641999617730184 0.023728537529365386 0.58104642275888252
v -0.071681153350089594 0.023725033893839682 0.58103251997548866
v -0.071998718340926721 0.023690838522867526 0.58089276943523216
v -0.072099800018639221 0.023677783243016566 0.58083729986268806
v -0.072294777638324453 0.023649618185715045 0.58071309123355674
v -0.072478187183895065 0.023619510389522876 0.58057235721666145
v -0.072503406002231791 0.023615094989196624 0.5805509218962841
v -0.072648633068472995 0.023588362306014861 0.58041617069560814
v -0.070774800000000332 0.023766400448636378 0.58119233492929268
v -0.070890095827797345 0.023765731759027804 0.58118982408363151
v -0.071005762715520254 0.02376371917094406 0.58118225429374504
v -0.071121033660181715 0.023760374791578616 0.58116961810905265
v -0.0712349676767354 0.023755753568963374 0.5811520794423275
v -0.071348512342245235 0.023749846189872588 0.58112948928195762
v -0.071460670472168281 0.023742732748047675 0.58110204134303856
v -0.070314632321986287 0.023755753568963374 0.5811520794423275
v -0.07020144056952457 0.023749866678969229 0.58112956378776359
v -0.070088929526553406 0.023742732748047675 0.58110204134303856
v -0.07042905048075962 0.023760391555384959 0.58116968516427803
v -0.070543837283201433 0.02376371917094406 0.58118225429374504
v -0.070659134290343067 0.023765728033737506 0.58118980918247032
v -0.069071412931241943 0.023619510389522876 0.58057235721666145
v -0.069254822476812555 0.023649618185715045 0.58071309123355674
v -0.069449800096497788 0.023677783243016566 0.58083729986268806
v -0.069551295165018096 0.02369088974560913 0.58089297805148887
v -0.06965486161135967 0.023703171096400584 0.58094405178148079
v -0.06976061410461451 0.023714577935294474 0.58099058810788917
v -0.069868431340017273 0.023725032962517108 0.58103251252490806
v -0.069907600380991503 0.023728537529365386 0.58104642275888252
v -0.068165059464097871 0.023418054140762652 0.57900250498372841
v -0.068199550529987468 0.023427361778573359 0.57916730437595176
v -0.068215096399233593 0.02343151454593357 0.57922820542175102
v -0.068247375108347191 0.023440049186007346 0.57933896575290489
v -0.068284614507154479 0.023449752635912265 0.57944869045335579
v -0.068326637411535635 0.023460517793552245 0.57955673132259178
v -0.068373084330976858 0.023472189128057326 0.5796622762473278
v -0.068424257712484254 0.023484774090008105 0.57976604048330116
v -0.068479832524479284 0.023498116217212046 0.57986733857709694
v -0.068604046974376692 0.023526720858768786 0.58006231282073784
v -0.068744782155425205 0.023557115502313937 0.58024572376329231
v -0.068900967046664013 0.023588362306014861 0.58041617069560814
v -0.069046194112905218 0.023615094989196624 0.5805509218962841
v -0.073422265501738443 0.0042250791263144603 0.57842646334487724
v -0.073424799863294615 0.0042257794808905711 0.5785423347743206
v -0.073414715968117966 0.0042229985516827693 0.57831137422639656
v -0.073402121460110797 0.0042195414822857966 0.57819638196546363
v -0.073422262940601363 0.0042250791263144603 0.57865826580840873
v -0.073414715968117966 0.0042229985516827693 0.57877329532224464
v -0.073402113776699557 0.0042195396196406474 0.57888834718782234
v -0.073264985375151886 0.0041830485385220637 0.57763597909528541
v -0.073302056437403812 0.0041927063536208262 0.57774516735393333
v -0.07280481772688116 0.0040756856721203914 0.57683894578534889
v -0.072945552907929673 0.0041060784530203929 0.57702235672790336
v -0.073069767357827081 0.0041346849572222819 0.57721733842212486
v -0.073222999490843071 0.0041722917627852549 0.57752802763301658
v -0.073125386174813761 0.0041480363976519694 0.5773187184723072
v -0.073176515551329507 0.0041606111150544276 0.57742240075189399
v -0.073334497429476037 0.0042012838345330348 0.57785644177514839
v -0.073350049352318897 0.0042054375332158198 0.57791736517268943
v -0.073384540418208494 0.0042147470336716761 0.57808216456491279
v -0.072099800018639221 0.0039550179314177605 0.57624736968595314
v -0.072294777638324453 0.0039831829887192818 0.57637158576566505
v -0.071641999617730184 0.0039042627137463662 0.57603824678975868
v -0.071681153350089594 0.0039077663492720696 0.57605214957315254
v -0.071789083333731546 0.0039182325523655984 0.57609412614423561
v -0.071894738503777339 0.0039296300780337426 0.57614061776716041
v -0.071998397849545731 0.0039419216733735177 0.57619173620063591
v -0.072478187183895065 0.004013290784911451 0.57651231978256035
v -0.072503406002231791 0.0040177052539151284 0.5765337476523571
v -0.072648633068472995 0.0040444379370968911 0.57666850630361366
v -0.071120687761156737 0.0038724133443396661 0.57591500673610496
v -0.0712349676767354 0.0038770476054709527 0.5759325975568943
v -0.071005762715520254 0.0038690810721676919 0.57590242270547676
v -0.071348142083314164 0.0038829317014973733 0.57595509831029701
v -0.071460670472168281 0.0038900674950640771 0.57598263565618324
v -0.070201212628324433 0.0038829466026585671 0.57595515791494178
v -0.070314632321986287 0.0038770476054709527 0.5759325975568943
v -0.070428662381180479 0.0038724226575654122 0.57591503653842735
v -0.070543837283201433 0.0038690810721676919 0.57590242270547676
v -0.070659208301383919 0.0038670712780516717 0.57589486036617088
v -0.070774800000000332 0.0038664007257979485 0.57589233461934852
v -0.070890605530456091 0.0038670750033419701 0.57589486781675148
v -0.069254822476812555 0.0039831829887192818 0.57637158576566505
v -0.069449800096497788 0.0039550179314177605 0.57624736968595314
v -0.069550961751536383 0.0039419514756959054 0.57619186286050605
v -0.06965486161135967 0.0039296300780337426 0.57614061776716041
v -0.06976051980820383 0.0039182325523655984 0.57609412614423561
v -0.069868431281809612 0.0039077682119172188 0.57605215702373314
v -0.069907600380991503 0.0039042627137463662 0.57603824678975868
v -0.070088929526553406 0.0038900674950640771 0.57598263565618324
v -0.068247502233878626 0.0041927175294917216 0.57774530146438408
v -0.068284614507154479 0.0041830485385220637 0.57763597909528541
v -0.068326499110133304 0.0041723178398173442 0.57752827350217628
v -0.068373084330976858 0.0041606111150544276 0.57742240075189399
v -0.068424096360848202 0.0041480661999743571 0.57731894198972511
v -0.068479832524479284 0.0041346849572222819 0.57721733842212486
v -0.068604046974376692 0.0041060784530203929 0.57702235672790336
v -0.068744782155425205 0.0040756856721203914 0.57683894578534889
v -0.068900967046664013 0.0040444379370968911 0.57666850630361366
v -0.069046194112905218 0.0040177052539151284 0.5765337476523571
v -0.069071412931241943 0.004013290784911451 0.57651231978256035
v -0.068147456768945708 0.0042195489328663936 0.57888812367040443
v -0.068134883914188399 0.0042229985516827693 0.57877329532224464
v -0.068127314124301924 0.004225084714249908 0.57865774426776695
v -0.06812480001901175 0.0042257794808905711 0.5785423347743206
v -0.068127320410729303 0.0042250828516047587 0.57842678371984291
v -0.068134883914188399 0.0042229985516827693 0.57831137422639656
v -0.068147437211171641 0.004219552658156692 0.57819669488984871
v -0.068165059464097871 0.0042147470336716761 0.57808216456491279
v -0.068199550529987468 0.0042054375332158198 0.57791736517268943
v -0.068215096399233593 0.004201285697178184 0.57785646412689018
v -0.068744782155425205 0.0040756856721203914 0.58024572376329231
v -0.068604046974376692 0.0041060784530203929 0.58006231282073784
v -0.068479832524479284 0.0041346849572222819 0.57986733857709694
v -0.068284614507154479 0.0041830485385220637 0.57944869045335579
v -0.068247466610790147 0.0041927268427174678 0.57933925632554817
v -0.068326454173819079 0.0041723290156882396 0.57955629173833656
v -0.068424233498097314 0.004148032672361671 0.57976599577981758
v -0.068373084330976858 0.0041606111150544276 0.5796622762473278
v -0.068215102452830328 0.0042012838345330348 0.57922822777349281
v -0.068199550529987468 0.0042054375332158198 0.57916730437595176
v -0.068165059464097871 0.0042147470336716761 0.57900250498372841
v -0.069760937972039833 0.0039181897115271661 0.58099072221833992
v -0.06965486161135967 0.0039296300780337426 0.58094405178148079
v -0.069907600380991503 0.0039042627137463662 0.58104642275888252
v -0.069868446648632093 0.0039077663492720696 0.58103251997548866
v -0.069550881774210288 0.0039419626515668008 0.58089276943523216
v -0.069449800096497788 0.0039550179314177605 0.58083729986268806
v -0.069254822476812555 0.0039831829887192818 0.58071309123355674
v -0.069071412931241943 0.004013290784911451 0.58057235721666145
v -0.069046194112905218 0.0040177052539151284 0.5805509218962841
v -0.068900967046664013 0.0040444379370968911 0.58041617069560814
v -0.070774800000000332 0.0038664007257979485 0.58119233492929268
v -0.070659504170924342 0.0038670675527613732 0.58118982408363151
v -0.070543837283201433 0.0038690810721676919 0.58118225429374504
v -0.070428566338539972 0.0038724263828557107 0.58116961810905265
v -0.070314632321986287 0.0038770476054709527 0.5811520794423275
v -0.070201087656476452 0.003882954053239164 0.58112948928195762
v -0.070088929526553406 0.0038900674950640771 0.58110204134303856
v -0.0712349676767354 0.0038770476054709527 0.5811520794423275
v -0.071348159429197117 0.0038829335641425225 0.58112956378776359
v -0.071460670472168281 0.0038900674950640771 0.58110204134303856
v -0.071120549517962067 0.0038724096190493676 0.58116968516427803
v -0.071005762715520254 0.0038690810721676919 0.58118225429374504
v -0.070890465708378619 0.0038670731406968209 0.58118980918247032
v -0.072478187183895065 0.004013290784911451 0.58057235721666145
v -0.072294777638324453 0.0039831829887192818 0.58071309123355674
v -0.072099800018639221 0.0039550179314177605 0.58083729986268806
v -0.071998304950118913 0.0039419104975026223 0.58089297805148887
v -0.071894738503777339 0.0039296300780337426 0.58094405178148079
v -0.071788986010522499 0.003918221376494703 0.58099058810788917
v -0.071681168658704414 0.0039077682119172188 0.58103251252490806
v -0.071641999617730184 0.0039042627137463662 0.58104642275888252
v -0.073384540418208494 0.0042147470336716761 0.57900250498372841
v -0.073350049352318897 0.0042054375332158198 0.57916730437595176
v -0.073334503483072772 0.004201285697178184 0.57922820542175102
v -0.073302224773959174 0.0041927510571044078 0.57933896575290489
v -0.073264985375151886 0.0041830485385220637 0.57944869045335579
v -0.073222962470770731 0.0041722824495595088 0.57955673132259178
v -0.073176515551329507 0.0041606111150544276 0.5796622762473278
v -0.073125342169822111 0.0041480270844262233 0.57976604048330116
v -0.073069767357827081 0.0041346849572222819 0.57986733857709694
v -0.072945552907929673 0.0041060784530203929 0.58006231282073784
v -0.07280481772688116 0.0040756856721203914 0.58024572376329231
v -0.072648633068472995 0.0040444379370968911 0.58041617069560814
v -0.072503406002231791 0.0040177052539151284 0.5805509218962841
v -0.083559214400173096 -0.0076835992116171883 0.49434686619955809
v -0.082870667131663231 -0.0076835992116171883 0.49580034222621233
v -0.082301134506286053 -0.0076835992116171883 0.4973044440167001
v -0.08527479998958197 -0.0076835992116171883 0.49162900010291249
v -0.084362322727263836 -0.0076835992116171883 0.49295341530982167
v -0.081854298973501591 -0.0076835992116171883 0.4988494448380521
v -0.081533051358581451 -0.0076835992116171883 0.5004253543930105
v -0.081339467579544453 -0.0076835992116171883 0.50202198028731859
v -0.081274800265253452 -0.0076835992116171883 0.50362900067288197
v -0.060274800548375487 -0.0076835992116171883 0.50362900067288197
v -0.060210133234084487 -0.0076835992116171883 0.50202198028731859
v -0.060016549455047488 -0.0076835992116171883 0.5004253543930105
v -0.059695301840127349 -0.0076835992116171883 0.4988494448380521
v -0.059248466307342887 -0.0076835992116171883 0.4973044440167001
v -0.058678933681965709 -0.0076835992116171883 0.49580034222621233
v -0.057990386413455844 -0.0076835992116171883 0.49434686619955809
v -0.057187278086365104 -0.0076835992116171883 0.49295341530982167
v -0.056274800824046962 -0.0076835992116171883 0.49162900010291249
v -0.085745446646631626 -0.0066055896062094735 0.47052365150470049
v -0.084326970653654007 -0.0063721591908175515 0.46945979427713663
v -0.082930168399632839 -0.0059850791770655679 0.46841219235379011
v -0.081565670000434784 -0.0054472999948699009 0.46738881971854479
v -0.07133361641974087 0.0085106102448266191 0.45971477944571282
v -0.071023952856938272 0.010256612596691793 0.45948253180999066
v -0.070774800000000332 0.0023163987022202567 0.45929566752332951
v -0.070837206950107506 0.012029707355083177 0.45934247207063938
v -0.070774800000000332 0.013816399433755865 0.45929566752332951
v -0.080243860634089378 -0.0047629082876879704 0.46639746222812439
v -0.078974800447047619 -0.0039371194619376194 0.46544566732067372
v -0.077768146323085693 -0.0029762180823523499 0.46454067696053292
v -0.073740706343249335 0.0020580833476346091 0.46152009796518589
v -0.072971983376935973 0.0035663993727725121 0.46094355527478958
v -0.07663308296543446 -0.0018875094432074524 0.46368937920946385
v -0.07557824885663475 -0.00067928976599759654 0.46289825420994068
v -0.074611671065957202 0.00063925438340120891 0.46217332016844059
v -0.072311352386184885 0.0051527267020505061 0.4604480823518684
v -0.071763841115915133 0.0068049879443209784 0.46003744732755925
v -0.10360694516640991 0.011842904535711952 0.46196144428271557
v -0.10360694516640991 0.015789894310415938 0.46196144428271557
v -0.10372212741714805 0.015140468177975369 0.46204783003944661
v -0.10896563742500634 0.015046801341355992 0.46598046254534031
v -0.10379158545476287 0.014480963272632312 0.4620999244989803
v -0.1090086123738894 0.013816399433755865 0.46601269561964775
v -0.10381479773861259 0.013816399433755865 0.46211733464319016
v -0.10896563742500634 0.012585999367417047 0.46598046254534031
v -0.10379158545476287 0.013151837436140727 0.4620999244989803
v -0.10372212741714805 0.01249233253079767 0.46204783003944661
v -0.070110237488568677 0.006220415390686334 0.57597701791841316
v -0.071439362510153009 0.021412384852425418 0.57597701791841316
v -0.068801304820970549 0.02118158449198421 0.49412016505542905
v -0.068799692934424533 0.021181152358309589 0.57677557114679145
v -0.068900967046664013 0.021207569323138557 0.57666850630361366
v -0.069071412931241943 0.021248701184646449 0.57651231978256035
v -0.069254822476812555 0.021288367144421897 0.57637158576566505
v -0.069449800096497788 0.021325394667343459 0.57624736968595314
v -0.069450732699640944 0.021325559511439166 0.57624683324415016
v -0.069977570180361076 0.021399608969346843 0.57601509783584404
v -0.069868446648632093 0.021387341588394008 0.57605214957315254
v -0.069551717985466971 0.021342666975812278 0.57619146797973442
v -0.06965486161135967 0.021358705281869731 0.57614061776716041
v -0.069760554383554413 0.021373643695966563 0.57609411124307441
v -0.070088916662660344 0.021410489610986076 0.57598263565618324
v -0.070110237488568677 0.021412384852425418 0.57597701791841316
v -0.070314632321986287 0.021427502080456576 0.5759325975568943
v -0.070429011510730638 0.021433555677191577 0.57591499183494377
v -0.070543837283201433 0.021437901228324733 0.57590242270547676
v -0.070890055824582382 0.021440529420630298 0.57589484546500969
v -0.071005762715520254 0.021437901228324733 0.57590242270547676
v -0.071121054411212831 0.021433534256772361 0.57591505143958854
v -0.0712349676767354 0.021427502080456576 0.5759325975568943
v -0.070659094854652799 0.021440521970049701 0.57589486036617088
v -0.070774800000000332 0.021441400207237563 0.57589233461934852
v -0.071460670472168281 0.02141049054230865 0.57598263565618324
v -0.071571587789383634 0.021399655535475574 0.5760149562748127
v -0.071681153350089594 0.021387341588394008 0.57605214957315254
v -0.071788802307144656 0.021373676292256675 0.57609400693494606
v -0.071894738503777339 0.021358705281869731 0.57614061776716041
v -0.072294777638324453 0.021288367144421897 0.57637158576566505
v -0.072478187183895065 0.021248701184646449 0.57651231978256035
v -0.072748295061335816 0.02118158449198421 0.49412016505542905
v -0.071998217638627543 0.02134261295910295 0.57619164679366874
v -0.072098878009290351 0.021325557648794017 0.57624683324415016
v -0.072099800018639221 0.021325394667343459 0.57624736968595314
v -0.072648633068472995 0.021207569323138557 0.57666850630361366
v -0.072749906947881832 0.021181152358309589 0.57677557114679145
v -0.073382703617260708 0.020981556892053447 0.49433163441885025
v -0.07280481772688116 0.021166206493632159 0.57683894578534889
v -0.072945552907929673 0.021125877432183585 0.57702235672790336
v -0.073069767357827081 0.021087833836333118 0.57721733842212486
v -0.07312549187992598 0.021070011116222701 0.57731891963798332
v -0.073176515551329507 0.02105327711220201 0.57742240075189399
v -0.073223108455584301 0.021037647656754813 0.57752828840333748
v -0.073264985375151886 0.021023313671008906 0.57763597909528541
v -0.073302102537871255 0.021010381325737796 0.57774531636554527
v -0.073334503483072772 0.020998916744844279 0.57785646412689018
v -0.073414715968117966 0.020969824090258441 0.57831137422639656
v -0.073422282731206073 0.020967026397244296 0.57842685822564888
v -0.073997264292136683 0.020726997561411224 0.49453648813236267
v -0.073402168491900815 0.020974441587583385 0.57819673959333229
v -0.073360770970628514 0.020989501073614917 0.57796332780439186
v -0.073382895702541723 0.020981486111537776 0.5780729332955532
v -0.073384540418208494 0.020980887271122298 0.57808216456491279
v -0.073424799863294615 0.020966094143347106 0.5785423347743206
v -0.073422282265544786 0.020967027328566871 0.57865782622415352
v -0.073414715968117966 0.020969824090258441 0.57877329532224464
v -0.073402169656054034 0.020974441587583385 0.57888792250472831
v -0.073384539719716563 0.020980888202444873 0.57900250498372841
v -0.074587299983994021 0.020419843651012737 0.49473316669631512
v -0.07514832008820857 0.020062434643165428 0.49492017347533018
v -0.075676055422098293 0.019657489068464595 0.49509608447719128
v -0.076166488958568229 0.019208089604632217 0.49525956232268126
v -0.077020834462762741 0.01818992026861127 0.49554434400219233
v -0.076824119111568598 0.018458206362680751 0.49547877237368138
v -0.076615888888061909 0.018717656068162281 0.49540936276484043
v -0.076396539604336886 0.018967775784091312 0.49533624649215252
v -0.077685396915347246 0.017038864938200667 0.49576586559582264
v -0.077538257727445034 0.017337232751430228 0.49571681842375309
v -0.07737824347061005 0.017628900630058009 0.49566348064858229
v -0.077205659618646769 0.017913310013369876 0.49560595285314829
v -0.07813998431158152 0.015789894310415938 0.4959173945726803
v -0.078046891635329393 0.01610928207415457 0.49588636383581669
v -0.07793995624598947 0.016424303797663405 0.49585071839559586
v -0.077819381171883015 0.01673436157184954 0.49581052716988833
v -0.078370784672022728 0.014480963272632312 0.49599432740527899
v -0.078334566934079794 0.014811662880362226 0.49598225560206682
v -0.078283958865375189 0.015140468177975369 0.49596538562495024
v -0.078219056857795385 0.015466751454056455 0.4959437519328645
v -0.078370784672022728 0.013151837436140727 0.49599432740527899
v -0.078392542695672182 0.013483801779926967 0.4960015805454901
v -0.078399800026834873 0.013816399433755865 0.49600399919021637
v -0.078392542695672182 0.014148997066200923 0.4960015805454901
v -0.07813998431158152 0.011842904535711952 0.4959173945726803
v -0.078219056857795385 0.012166047392071435 0.4959437519328645
v -0.078283958865375189 0.01249233253079767 0.49596538562495024
v -0.078334566934079794 0.012821137828410814 0.49598225560206682
v -0.077685396915347246 0.010593935770572372 0.49576586559582264
v -0.077819381171883015 0.0108984391369235 0.49581052716988833
v -0.07793995624598947 0.011208496911109634 0.49585071839559586
v -0.078046891635329393 0.011523518634618469 0.49588636383581669
v -0.077020834462762741 0.0094428790431779069 0.49554434400219233
v -0.077205659618646769 0.0097194911610644519 0.49560595285314829
v -0.07737824347061005 0.010003900078715032 0.49566348064858229
v -0.077538257727445034 0.01029556609469766 0.49571681842375309
v -0.076166488958568229 0.0084247106384795351 0.49525956232268126
v -0.076396539604336886 0.0086650253903430147 0.49533624649215252
v -0.076615888888061909 0.008915145106272046 0.49540936276484043
v -0.076824119111568598 0.0091745948117535753 0.49547877237368138
v -0.075676055422098293 0.0079753121059697313 0.49509608447719128
v -0.07514832008820857 0.0075703655999463226 0.49492017347533018
v -0.074587299983994021 0.0072129556607764388 0.49473316669631512
v -0.073997264292136683 0.0069058036130231039 0.49453648813236267
v -0.073414715968117966 0.0066629761528533117 0.57877329532224464
v -0.073422261310786857 0.0066657663952868597 0.57865830306131172
v -0.07340210888725604 0.0066583363037865774 0.57888838444072532
v -0.073424799863294615 0.0066667070310872214 0.5785423347743206
v -0.073422262242109432 0.0066657663952868597 0.57842638883907127
v -0.073414715968117966 0.0066629761528533117 0.57831137422639656
v -0.073382703617260708 0.0066512433510583059 0.49433163441885025
v -0.073402111681223764 0.0066583381664317267 0.57819630745965767
v -0.073384539719716563 0.0066519120406668799 0.57808216456491279
v -0.073382703617260708 0.0066512433510583059 0.57807186786252784
v -0.073360866198361768 0.0066433326971095221 0.57796375248748588
v -0.073334503483072772 0.0066338834982674734 0.57785646412689018
v -0.073302205681846394 0.0066224543076317923 0.57774564419109153
v -0.073264985375151886 0.0066094865721028464 0.57763597909528541
v -0.073222956184343352 0.0065951013636153357 0.57752792332488823
v -0.073176515551329507 0.0065795240622323172 0.57742240075189399
v -0.073125337746039881 0.006562739766792597 0.57731862161475944
v -0.073069767357827081 0.0065449664067786352 0.57721733842212486
v -0.072945552907929673 0.0065069237422507422 0.57702235672790336
v -0.072748295061335816 0.0064512157511275427 0.49412016505542905
v -0.07280481772688116 0.0064665937494795935 0.57683894578534889
v -0.072749906947881832 0.0064516478848021643 0.57677557114679145
v -0.072648633068472995 0.0064252318512957709 0.57666850630361366
v -0.072478187183895065 0.0063840990584653036 0.57651231978256035
v -0.072294777638324453 0.0063444321673672812 0.57637158576566505
v -0.072099800018639221 0.0063074065070908673 0.57624736968595314
v -0.072098867415496065 0.0063072407316725858 0.57624683324415016
v -0.071572029818360611 0.0062331912737649091 0.57601509783584404
v -0.071681153350089594 0.0062454586547177442 0.57605214957315254
v -0.071997882129670038 0.0062901323359768994 0.57619146797973442
v -0.071894738503777339 0.0062740949612420209 0.57614061776716041
v -0.071789045731582596 0.0062591565471451886 0.57609411124307441
v -0.071460683336061342 0.0062223115634482511 0.57598263565618324
v -0.071439362510153009 0.006220415390686334 0.57597701791841316
v -0.0712349676767354 0.0062052981626551755 0.5759325975568943
v -0.071120588487991049 0.0061992445659201749 0.57591499183494377
v -0.071005762715520254 0.0061948990147870191 0.57590242270547676
v -0.070659544174139305 0.0061922708224814542 0.57589484546500969
v -0.070543837283201433 0.0061948990147870191 0.57590242270547676
v -0.070428545587508856 0.0061992669176619657 0.57591505143958854
v -0.070314632321986287 0.0062052981626551755 0.5759325975568943
v -0.070890505144068888 0.0061922782730620511 0.57589486036617088
v -0.070774800000000332 0.0061914009671967633 0.57589233461934852
v -0.070088929526553406 0.0062223097008031018 0.57598263565618324
v -0.069978012209338053 0.0062331447076361783 0.5760149562748127
v -0.069868446648632093 0.0062454586547177442 0.57605214957315254
v -0.069760797807992353 0.0062591248821776517 0.57609400693494606
v -0.06965486161135967 0.0062740949612420209 0.57614061776716041
v -0.069254822476812555 0.0063444321673672812 0.57637158576566505
v -0.069071412931241943 0.0063840990584653036 0.57651231978256035
v -0.068801304820970549 0.0064512157511275427 0.49412016505542905
v -0.069551382476509466 0.0062901882153313764 0.57619164679366874
v -0.069450722105846657 0.006307242594317735 0.57624683324415016
v -0.069449800096497788 0.0063074065070908673 0.57624736968595314
v -0.068900967046664013 0.0064252318512957709 0.57666850630361366
v -0.068799692934424533 0.0064516478848021643 0.57677557114679145
v -0.068166896265045657 0.0066512433510583059 0.49433163441885025
v -0.068744782155425205 0.0064665937494795935 0.57683894578534889
v -0.068604046974376692 0.0065069237422507422 0.57702235672790336
v -0.068479832524479284 0.0065449664067786352 0.57721733842212486
v -0.068424108002380385 0.0065627900582116263 0.57731891963798332
v -0.068373084330976858 0.0065795240622323172 0.57742240075189399
v -0.068326491426722064 0.0065951535176795141 0.57752828840333748
v -0.068284614507154479 0.0066094865721028464 0.57763597909528541
v -0.06824749734443511 0.0066224189173739569 0.57774531636554527
v -0.068215096399233593 0.0066338834982674734 0.57785646412689018
v -0.068134883914188399 0.0066629761528533117 0.57831137422639656
v -0.068127317151100292 0.0066657738458674566 0.57842685822564888
v -0.067552335590169682 0.0069058036130231039 0.49453648813236267
v -0.06814743139040555 0.0066583586555283682 0.57819673959333229
v -0.068188828911677851 0.0066432991694968359 0.57796332780439186
v -0.068166704179764642 0.0066513141315739767 0.5780729332955532
v -0.068165059464097871 0.0066519120406668799 0.57808216456491279
v -0.06812480001901175 0.0066667070310872214 0.5785423347743206
v -0.068127317616761579 0.0066657738458674566 0.57865782622415352
v -0.068134883914188399 0.0066629761528533117 0.57877329532224464
v -0.068147430226252331 0.0066583586555283682 0.57888792250472831
v -0.068165060162589802 0.0066519120406668799 0.57900250498372841
v -0.066962299898312344 0.0072129556607764388 0.49473316669631512
v -0.066401279794097795 0.0075703655999463226 0.49492017347533018
v -0.065873544460208072 0.0079753121059697313 0.49509608447719128
v -0.065383110923738136 0.0084247106384795351 0.49525956232268126
v -0.064528765419543624 0.0094428790431779069 0.49554434400219233
v -0.064725480770737767 0.0091745948117535753 0.49547877237368138
v -0.064933710994244456 0.008915145106272046 0.49540936276484043
v -0.06515306027796948 0.0086650253903430147 0.49533624649215252
v -0.063864202966959119 0.010593935770572372 0.49576586559582264
v -0.064011342154861331 0.01029556609469766 0.49571681842375309
v -0.064171356411696315 0.010003900078715032 0.49566348064858229
v -0.064343940263659596 0.0097194911610644519 0.49560595285314829
v -0.063409615570724845 0.011842904535711952 0.4959173945726803
v -0.063502708246976972 0.011523518634618469 0.49588636383581669
v -0.063609643636316895 0.011208496911109634 0.49585071839559586
v -0.06373021871042335 0.0108984391369235 0.49581052716988833
v -0.063178815210283637 0.013151837436140727 0.49599432740527899
v -0.063215032948226571 0.012821137828410814 0.49598225560206682
v -0.063265641016931176 0.01249233253079767 0.49596538562495024
v -0.06333054302451098 0.012166047392071435 0.4959437519328645
v -0.063178815210283637 0.014480963272632312 0.49599432740527899
v -0.063157057186634183 0.014148997066200923 0.4960015805454901
v -0.063149799855471492 0.013816399433755865 0.49600399919021637
v -0.063157057186634183 0.013483801779926967 0.4960015805454901
v -0.063409615570724845 0.015789894310415938 0.4959173945726803
v -0.06333054302451098 0.015466751454056455 0.4959437519328645
v -0.063265641016931176 0.015140468177975369 0.49596538562495024
v -0.063215032948226571 0.014811662880362226 0.49598225560206682
v -0.063864202966959119 0.017038864938200667 0.49576586559582264
v -0.06373021871042335 0.01673436157184954 0.49581052716988833
v -0.063609643636316895 0.016424303797663405 0.49585071839559586
v -0.063502708246976972 0.01610928207415457 0.49588636383581669
v -0.064528765419543624 0.01818992026861127 0.49554434400219233
v -0.064343940263659596 0.017913310013369876 0.49560595285314829
v -0.064171356411696315 0.017628900630058009 0.49566348064858229
v -0.064011342154861331 0.017337232751430228 0.49571681842375309
v -0.065383110923738136 0.019208089604632217 0.49525956232268126
v -0.06515306027796948 0.018967775784091312 0.49533624649215252
v -0.064933710994244456 0.018717656068162281 0.49540936276484043
v -0.064725480770737767 0.018458206362680751 0.49547877237368138
v -0.065873544460208072 0.019657489068464595 0.49509608447719128
v -0.066401279794097795 0.020062434643165428 0.49492017347533018
v -0.066962299898312344 0.020419843651012737 0.49473316669631512
v -0.067552335590169682 0.020726997561411224 0.49453648813236267
v -0.068134883914188399 0.020969824090258441 0.57877329532224464
v -0.068127338571519508 0.020967034779147468 0.57865830306131172
v -0.068147490995050325 0.020974463939325175 0.57888838444072532
v -0.06812480001901175 0.020966094143347106 0.5785423347743206
v -0.068127337640196933 0.020967034779147468 0.57842638883907127
v -0.068134883914188399 0.020969824090258441 0.57831137422639656
v -0.068166896265045657 0.020981556892053447 0.49433163441885025
v -0.068147488201082601 0.020974463008002601 0.57819630745965767
v -0.068165060162589802 0.020980888202444873 0.57808216456491279
v -0.068166896265045657 0.020981556892053447 0.57807186786252784
v -0.068188733683944597 0.020989466614679656 0.57796375248748588
v -0.068215096399233593 0.020998916744844279 0.57785646412689018
v -0.068247394200459971 0.021010345004157386 0.57774564419109153
v -0.068284614507154479 0.021023313671008906 0.57763597909528541
v -0.068326643697963013 0.021037698879496417 0.57752792332488823
v -0.068373084330976858 0.02105327711220201 0.57742240075189399
v -0.068424262136266484 0.02107006140764173 0.57731862161475944
v -0.068479832524479284 0.021087833836333118 0.57721733842212486
v -0.068604046974376692 0.021125877432183585 0.57702235672790336
v -0.068744782155425205 0.021166206493632159 0.57683894578534889
v -0.068604046974376692 0.021125877432183585 0.58006231282073784
v -0.068479832524479284 0.021087833836333118 0.57986733857709694
v -0.068424292637080802 0.021070070720867477 0.57976610753852653
v -0.068373084330976858 0.02105327711220201 0.5796622762473278
v -0.068326669309333815 0.021037707261399589 0.57955680582839775
v -0.068284614507154479 0.021023313671008906 0.57944869045335579
v -0.06824736672644402 0.02101033569093164 0.5793389434011631
v -0.068215096399233593 0.020998916744844279 0.57922820542175102
v -0.068188737874896183 0.020989468477324805 0.57912093941289711
v -0.068166704878256573 0.020981487042860351 0.57901174370366859
v -0.068165059464097871 0.020980887271122298 0.57900250498372841
v -0.069254822476812555 0.021288367144421897 0.58071309123355674
v -0.069071412931241943 0.021248701184646449 0.58057235721666145
v -0.068900967046664013 0.021207569323138557 0.58041617069560814
v -0.068799692934424533 0.021181152358309589 0.58030909840184974
v -0.068744782155425205 0.021166206493632159 0.58024572376329231
v -0.069977614010729744 0.021399613625959716 0.58106958661395836
v -0.069868446648632093 0.021387341588394008 0.58103251997548866
v -0.069760595827408983 0.021373649283902011 0.58099058065730858
v -0.06965486161135967 0.021358705281869731 0.58094405178148079
v -0.069551757101015105 0.0213426734950703 0.58089322392064857
v -0.069450722105846657 0.021325557648794017 0.58083783630449104
v -0.069449800096497788 0.021325394667343459 0.58083729986268806
v -0.070429008978697388 0.021433555677191577 0.58116967771369743
v -0.070314632321986287 0.021427502080456576 0.5811520794423275
v -0.070110237488568677 0.021412384852425418 0.58110765163022804
v -0.070088929526553406 0.02141049054230865 0.58110204134303856
v -0.070774800000000332 0.021441400207237563 0.58119233492929268
v -0.070659092293515718 0.021440521970049701 0.58118980918247032
v -0.070543837283201433 0.021437901228324733 0.58118225429374504
v -0.0712349676767354 0.021427502080456576 0.5811520794423275
v -0.071121071989926427 0.021433533325449786 0.58116961810905265
v -0.071005762715520254 0.021437901228324733 0.58118225429374504
v -0.070890058873208622 0.021440529420630298 0.58118983153421211
v -0.071998280968562617 0.021342602714554629 0.58089299295265007
v -0.071894738503777339 0.021358705281869731 0.58094405178148079
v -0.071788667731032624 0.021373694918708167 0.58099071476775932
v -0.071681153350089594 0.021387341588394008 0.58103251997548866
v -0.071571604203944011 0.021399653672830424 0.58106970582324791
v -0.071460683277853682 0.021410489610986076 0.58110203389245796
v -0.071439362510153009 0.021412384852425418 0.58110765163022804
v -0.072648633068472995 0.021207569323138557 0.58041617069560814
v -0.072478187183895065 0.021248701184646449 0.58057235721666145
v -0.072294777638324453 0.021288367144421897 0.58071309123355674
v -0.072099800018639221 0.021325394667343459 0.58083729986268806
v -0.072098867415496065 0.021325559511439166 0.58083784375507164
v -0.073382703617260708 0.020981556892053447 0.57901280168611335
v -0.073360776791394605 0.020989499210969768 0.57912131939250755
v -0.073334503483072772 0.020998916744844279 0.57922820542175102
v -0.073302111152605071 0.021010378531770072 0.57933933083135414
v -0.073264985375151886 0.021023313671008906 0.57944869045335579
v -0.07322311916579391 0.021037643931464515 0.57955635134298134
v -0.073176515551329507 0.02105327711220201 0.5796622762473278
v -0.073125360097781672 0.021070053957061134 0.57976600323039817
v -0.073069767357827081 0.021087833836333118 0.57986733857709694
v -0.072945552907929673 0.021125877432183585 0.58006231282073784
v -0.07280481772688116 0.021166206493632159 0.58024572376329231
v -0.072749906947881832 0.021181152358309589 0.58030909840184974
v -0.072945552907929673 0.0065069237422507422 0.58006231282073784
v -0.073069767357827081 0.0065449664067786352 0.57986733857709694
v -0.073125307245225563 0.0065627285909217016 0.57976610753852653
v -0.073176515551329507 0.0065795240622323172 0.5796622762473278
v -0.07322293057297255 0.0065950920503895895 0.57955680582839775
v -0.073264985375151886 0.0066094865721028464 0.57944869045335579
v -0.073302233155862345 0.0066224654835026877 0.5793389434011631
v -0.073334503483072772 0.0066338834982674734 0.57922820542175102
v -0.073360862007410182 0.0066433326971095221 0.57912093941289711
v -0.073382895004049792 0.0066513141315739767 0.57901174370366859
v -0.073384540418208494 0.0066519120406668799 0.57900250498372841
v -0.072294777638324453 0.0063444321673672812 0.58071309123355674
v -0.072478187183895065 0.0063840990584653036 0.58057235721666145
v -0.072648633068472995 0.0064252318512957709 0.58041617069560814
v -0.072749906947881832 0.0064516478848021643 0.58030909840184974
v -0.07280481772688116 0.0064665937494795935 0.58024572376329231
v -0.071571985987991943 0.0062331875484746106 0.58106958661395836
v -0.071681153350089594 0.0062454586547177442 0.58103251997548866
v -0.071789004287728025 0.0062591509592097409 0.58099058065730858
v -0.071894738503777339 0.0062740949612420209 0.58094405178148079
v -0.071997843014121904 0.0062901267480414517 0.58089322392064857
v -0.072098878009290351 0.006307242594317735 0.58083783630449104
v -0.072099800018639221 0.0063074065070908673 0.58083729986268806
v -0.071120591020024299 0.0061992445659201749 0.58116967771369743
v -0.0712349676767354 0.0062052981626551755 0.5811520794423275
v -0.071439362510153009 0.006220415390686334 0.58110765163022804
v -0.071460670472168281 0.0062223097008031018 0.58110204134303856
v -0.070774800000000332 0.0061914009671967633 0.58119233492929268
v -0.070890507705205968 0.0061922782730620511 0.58118980918247032
v -0.071005762715520254 0.0061948990147870191 0.58118225429374504
v -0.070314632321986287 0.0062052981626551755 0.5811520794423275
v -0.07042852800879526 0.0061992669176619657 0.58116961810905265
v -0.070543837283201433 0.0061948990147870191 0.58118225429374504
v -0.070659541125513065 0.0061922708224814542 0.58118983153421211
v -0.069551319146574392 0.0062901975285571225 0.58089299295265007
v -0.06965486161135967 0.0062740949612420209 0.58094405178148079
v -0.069760932384104385 0.0062591062557261594 0.58099071476775932
v -0.069868446648632093 0.0062454586547177442 0.58103251997548866
v -0.069977995794777675 0.0062331465702813275 0.58106970582324791
v -0.070088916720868005 0.0062223115634482511 0.58110203389245796
v -0.070110237488568677 0.006220415390686334 0.58110765163022804
v -0.068900967046664013 0.0064252318512957709 0.58041617069560814
v -0.069071412931241943 0.0063840990584653036 0.58057235721666145
v -0.069254822476812555 0.0063444321673672812 0.58071309123355674
v -0.069449800096497788 0.0063074065070908673 0.58083729986268806
v -0.069450732699640944 0.0063072407316725858 0.58083784375507164
v -0.068166896265045657 0.0066512433510583059 0.57901280168611335
v -0.06818882309091176 0.0066433010321419851 0.57912131939250755
v -0.068215096399233593 0.0066338834982674734 0.57922820542175102
v -0.068247488729701294 0.0066224226426642554 0.57933933083135414
v -0.068284614507154479 0.0066094865721028464 0.57944869045335579
v -0.068326480716512455 0.0065951572429698126 0.57955635134298134
v -0.068373084330976858 0.0065795240622323172 0.5796622762473278
v -0.068424239784524693 0.0065627472173731939 0.57976600323039817
v -0.068479832524479284 0.0065449664067786352 0.57986733857709694
v -0.068604046974376692 0.0065069237422507422 0.58006231282073784
v -0.068744782155425205 0.0064665937494795935 0.58024572376329231
v -0.068799692934424533 0.0064516478848021643 0.58030909840184974
v -0.0497212244961866 0.015816399750889495 0.45312751252371575
v -0.055014752114237182 0.015816399750889495 0.44915736634451653
v -0.054962193856061332 0.016129184437574103 0.44918147642332817
v -0.049678905198396073 0.015992037875236228 0.45315443147141243
v -0.054954719061077469 0.016165114862502768 0.4491833539696386
v -0.049629092479170189 0.016165023592890456 0.45317758787590767
v -0.054888380954087608 0.016437247318805411 0.44919155333358551
v -0.049539046624720917 0.016424303797663405 0.45320606772023941
v -0.054867366591513984 0.016511160803617194 0.44919190723616387
v -0.04950474415165268 0.016510993165553763 0.45321391318160797
v -0.054793676624120109 0.016741018665612891 0.44918776098806168
v -0.049430474901617394 0.016682635916055396 0.4532269256206205
v -0.054753544071734779 0.016851881442249968 0.44918283242899681
v -0.049348889181435929 0.016851676551283553 0.45323639530855919
v -0.054678777495444648 0.017039183450521186 0.44916999507862831
v -0.049248447904408799 0.017038864938200667 0.45324286986309792
v -0.054614488298118942 0.017184704465450003 0.44915592838246132
v -0.049162708485544548 0.017184480948032096 0.4532448628934076
v -0.054534511903346412 0.017350288031281188 0.44913530890065934
v -0.048947865406096802 0.017506873158396438 0.45323907379228379
v -0.054451847711623542 0.017507050109685614 0.44911098275501038
v -0.054371232429564827 0.01764846771735068 0.44908472318369652
v -0.048856141308368073 0.017630055470050532 0.45323282648045327
v -0.054267602304042213 0.017816521383480388 0.44904776830393578
v -0.048706526199401246 0.017816400311545688 0.45321866665202881
v -0.054190000781834953 0.017933774895624477 0.44901796970683838
v -0.048441371211827622 0.018110705695704776 0.45318316463548447
v -0.05406408783239209 0.01811074481125291 0.448966091314142
v -0.054017456511081093 0.018172588355497676 0.44894583318549897
v -0.048362257221759186 0.018191101185635883 0.4531702639551809
v -0.053843887785495148 0.018387554369525272 0.44886573199350144
v -0.048155613506258355 0.018387550644234973 0.45313194561917092
v -0.053804489115298615 0.01843331024761613 0.44884655419904496
v -0.053751815373123513 0.018492879502133686 0.44882034305650498
v -0.047853002587378846 0.01864482664282735 0.45306421611625458
v -0.053609913477719651 0.018644806153730709 0.44874655623156334
v -0.05358358871382557 0.018671700887040454 0.4487323591502359
v -0.047757996508897171 0.018719095892862636 0.45304012838918473
v -0.053365234548271523 0.018880564875559169 0.44860846344548966
v -0.047537820676387177 0.018880577914075214 0.45297900382596756
v -0.053356625402391777 0.018888305097476799 0.44860335607249047
v -0.053125268111050949 0.019083422764794189 0.448459399679487
v -0.047214875260413514 0.019093007936732131 0.45287515763360764
v -0.053113119939387665 0.019093003280119258 0.44845148343760277
v -0.053067116329491959 0.019128704599694568 0.44842117075044419
v -0.047016997152984963 0.019210044450716335 0.45280237291175629
v -0.052856922412336693 0.019280478514389354 0.44827578757125641
v -0.046889432037294732 0.01928050179745372 0.45275135878640915
v -0.052845666447699891 0.01928809300775941 0.44826767388898636
v -0.052629560494840966 0.019424365989522296 0.44810502771455551
v -0.046728167945564614 0.019364123388783294 0.45268181879240776
v -0.05259995375019394 0.019441582418636638 0.44808168877083565
v -0.046567132959187851 0.019441631778733093 0.4526061730476072
v -0.052419260406912194 0.019539057433263618 0.44793335516173149
v -0.046410110110462532 0.019511439062313396 0.45252571050245072
v -0.052345443779648171 0.019575098685578662 0.44786969740111138
v -0.04625382300657116 0.019575170397416908 0.45243816618043686
v -0.052215025091589318 0.019633311934427577 0.44775256309825684
v -0.046025559568823197 0.019657489068464595 0.45229458604175354
v -0.052096376458228455 0.019680053151802379 0.44764048028904702
v -0.045955308044374803 0.019680103443221408 0.45224604550916458
v -0.052016901115001069 0.019707930430428344 0.44756225291806961
v -0.045813910925806382 0.019721425294534523 0.45214109290558602
v -0.051855609083593712 0.019755617871538955 0.44739505816418434
v -0.045677041897595742 0.019755630910055 0.45202889088708664
v -0.051829878503502236 0.019762075662271339 0.44736727122384812
v -0.051652148628652916 0.019797397002236206 0.44716612417418267
v -0.045547860005915979 0.019782028317109901 0.45191160757262017
v -0.051625823864758835 0.019801176309243995 0.44713487643915917
v -0.045423755684913018 0.019801179103211719 0.45178639311510826
v -0.051483201125682221 0.019814543582157451 0.44695835728365685
v -0.045307869354308465 0.019812579422847587 0.4516560079546621
v -0.051409172156871186 0.019816400639371234 0.44686155188996102
v -0.045199105778754571 0.019816400639371234 0.45151910353619362
v -0.036734799185813273 0.013816399433755865 0.48224233351815254
v -0.038037205377639147 0.012029707355083177 0.48384886146690459
v -0.036797205248893107 0.012029707355083177 0.48219552803952009
v -0.038223954180301042 0.010256612596691793 0.48370880196038396
v -0.03698395405155501 0.010256612596691793 0.48205546876583011
v -0.038533615211070391 0.0085106102448266191 0.4834765543246618
v -0.037293615082324358 0.0085106102448266191 0.48182322113010795
v -0.03896384153705916 0.0068049879443209784 0.48315388597715409
v -0.037723841408313127 0.0068049879443209784 0.48150055278260023
v -0.039511351177514406 0.0051527267020505061 0.48274325234982879
v -0.038271351048768373 0.0051527267020505061 0.48108991915527494
v -0.040171982983172747 0.0035663993727725121 0.48224777896124632
v -0.038931982854426714 0.0035663993727725121 0.48059444576669247
v -0.040940705949486109 0.0020580833476346091 0.4816712367365113
v -0.039700705820740076 0.0020580833476346091 0.48001790354195745
v -0.041811671370685907 0.00063925438340120891 0.48101801313627274
v -0.040571671241939875 0.00063925438340120891 0.47936467994171889
v -0.04277824823004088 -0.00067928976599759654 0.48029308002609522
v -0.041538248101294847 -0.00067928976599759654 0.47863974683154137
v -0.04383308280450187 -0.0018875094432074524 0.47950195409524948
v -0.042593082675755831 -0.0018875094432074524 0.47784862090069563
v -0.044968145230830529 -0.0029762180823523499 0.4786506568098417
v -0.043728145102084497 -0.0029762180823523499 0.47699732314962656
v -0.046174800286115036 -0.0039371194619376194 0.47774566691536219
v -0.044934800157368997 -0.0039371194619376194 0.47609233278948576
v -0.047443859541834221 -0.0047629082876879704 0.47679387107658894
v -0.046203859413088189 -0.0047629082876879704 0.47514053788203509
v -0.048765668908179627 -0.0054472999948699009 0.47580251451749117
v -0.047525668779433594 -0.0054472999948699009 0.47414918039161474
v -0.050130166376055108 -0.0059850791770655679 0.47477914095092327
v -0.048890166247309075 -0.0059850791770655679 0.47312580682504685
v -0.05152696956139885 -0.0063721591908175515 0.47373153902757675
v -0.050286969432652817 -0.0063721591908175515 0.4720782058330229
v -0.052945444623053894 -0.0066055896062094735 0.4726676818000129
v -0.051705444494307862 -0.0066055896062094735 0.47101434860545904
v -0.053134799266279564 -0.0066836009103495644 0.46994233299214155
v -0.055804154166997307 -0.0066055896062094735 0.47052365150470049
v -0.054564154038251274 -0.0066055896062094735 0.46887031737882406
v -0.057222630159974933 -0.0063721591908175515 0.46945979427713663
v -0.055982630962551468 -0.0063721591908175515 0.46780646015126021
v -0.0586194324139961 -0.0059850791770655679 0.46841219235379011
v -0.057379432285250068 -0.0059850791770655679 0.46675886009055878
v -0.059983930813194156 -0.0054472999948699009 0.46738881971854479
v -0.058743930684448123 -0.0054472999948699009 0.46573548559266831
v -0.061305740179539561 -0.0047629082876879704 0.46639746222812439
v -0.060065740050793529 -0.0047629082876879704 0.46474412996489312
v -0.062574800366581321 -0.0039371194619376194 0.46544566732067372
v -0.061334800237835288 -0.0039371194619376194 0.46379233319479729
v -0.063781453559220672 -0.0029762180823523499 0.46454067696053292
v -0.062541454361797214 -0.0029762180823523499 0.46288734283465649
v -0.064916516916871905 -0.0018875094432074524 0.46368937920946385
v -0.063676516788125873 -0.0018875094432074524 0.46203604694623257
v -0.065971351025671615 -0.00067928976599759654 0.46289825420994068
v -0.064731351362586856 -0.00067928976599759654 0.46124492008406426
v -0.066937928816349163 0.00063925438340120891 0.46217332016844059
v -0.06569792868760313 0.00063925438340120891 0.46051998790520932
v -0.06780889353905703 0.0020580833476346091 0.46152009796518589
v -0.066568893643141641 0.0020580833476346091 0.45986676383930947
v -0.068577616505370392 0.0035663993727725121 0.46094355527478958
v -0.067337616609455003 0.0035663993727725121 0.45929022114891316
v -0.069238247728952124 0.0051527267020505061 0.4604480823518684
v -0.067998247716621413 0.0051527267020505061 0.45879474822599198
v -0.069785758999221875 0.0068049879443209784 0.46003744732755925
v -0.068545758986891164 0.0068049879443209784 0.45838411506432797
v -0.070215983578980817 0.0085106102448266191 0.45971477944571282
v -0.068975983566650106 0.0085106102448266191 0.45806144531983639
v -0.070525647141783415 0.010256612596691793 0.45948253180999066
v -0.069285647158556535 0.010256612596691793 0.45782919768411423
v -0.070712393048614181 0.012029707355083177 0.45934247207063938
v -0.069472393050835385 0.012029707355083177 0.45768913980740811
v -0.069534800045237793 0.013816399433755865 0.45764233339745308
v -0.070712393048614181 0.015603093353689862 0.45934247207063938
v -0.069472393050835385 0.015603093353689862 0.45768913980740811
v -0.070525647141783415 0.017376188112081244 0.45948253180999066
v -0.069285647158556535 0.017376188112081244 0.45782919768411423
v -0.070215983578980817 0.019122190929607707 0.45971477944571282
v -0.068975983566650106 0.019122190929607707 0.45806144531983639
v -0.069785758999221875 0.020827813230113349 0.46003744732755925
v -0.068545758986891164 0.020827813230113349 0.45838411506432797
v -0.069238247728952124 0.022480074472383822 0.4604480823518684
v -0.067998247716621413 0.022480074472383822 0.45879474822599198
v -0.068577616505370392 0.024066399939016665 0.46094355527478958
v -0.067337616609455003 0.024066399939016665 0.45929022114891316
v -0.06780889353905703 0.025574716895477141 0.46152009796518589
v -0.066568893643141641 0.025574716895477141 0.45986676383930947
v -0.066937928816349163 0.026993545859710543 0.46217332016844059
v -0.06569792868760313 0.026993545859710543 0.46051998790520932
v -0.065971351025671615 0.028312089077786776 0.46289825420994068
v -0.064731351362586856 0.028312089077786776 0.46124492008406426
v -0.064916516916871905 0.029520310617641779 0.46368937920946385
v -0.063676516788125873 0.029520310617641779 0.46203604694623257
v -0.063781453559220672 0.030609017394141527 0.46454067696053292
v -0.062541454361797214 0.030609017394141527 0.46288734283465649
v -0.062574800366581321 0.031569920636371943 0.46544566732067372
v -0.061334800237835288 0.031569920636371943 0.46379233319479729
v -0.061305740179539561 0.032395709462122294 0.46639746222812439
v -0.060065740050793529 0.032395709462122294 0.46474412996489312
v -0.059983930813194156 0.033080099306659075 0.46738881971854479
v -0.058743930684448123 0.033080099306659075 0.46573548559266831
v -0.0586194324139961 0.033617880351499894 0.46841219235379011
v -0.057379432285250068 0.033617880351499894 0.46675886009055878
v -0.057222630159974933 0.034004958502606729 0.46945979427713663
v -0.055982630962551468 0.034004958502606729 0.46780646015126021
v -0.055804154166997307 0.0342383907806438 0.47052365150470049
v -0.054564154038251274 0.0342383907806438 0.46887031737882406
v -0.053134799266279564 0.034316400222138742 0.46994233299214155
v -0.052945444623053894 0.0342383907806438 0.4726676818000129
v -0.051705444494307862 0.0342383907806438 0.47101434860545904
v -0.05152696956139885 0.034004958502606729 0.47373153902757675
v -0.050286969432652817 0.034004958502606729 0.4720782058330229
v -0.050130166376055108 0.033617880351499894 0.47477914095092327
v -0.048890166247309075 0.033617880351499894 0.47312580682504685
v -0.048765668908179627 0.033080099306659075 0.47580251451749117
v -0.047525668779433594 0.033080099306659075 0.47414918039161474
v -0.047443859541834221 0.032395709462122294 0.47679387107658894
v -0.046203859413088189 0.032395709462122294 0.47514053788203509
v -0.046174800286115036 0.031569920636371943 0.47774566691536219
v -0.044934800157368997 0.031569920636371943 0.47609233278948576
v -0.044968145230830529 0.030609017394141527 0.4786506568098417
v -0.043728145102084497 0.030609017394141527 0.47699732314962656
v -0.04383308280450187 0.029520310617641779 0.47950195409524948
v -0.042593082675755831 0.029520310617641779 0.47784862090069563
v -0.04277824823004088 0.028312089077786776 0.48029308002609522
v -0.041538248101294847 0.028312089077786776 0.47863974683154137
v -0.041811671370685907 0.026993545859710543 0.48101801313627274
v -0.040571671241939875 0.026993545859710543 0.47936467994171889
v -0.040940705949486109 0.025574716895477141 0.4816712367365113
v -0.039700705820740076 0.025574716895477141 0.48001790354195745
v -0.040171982983172747 0.024066399939016665 0.48224777896124632
v -0.038931982854426714 0.024066399939016665 0.48059444576669247
v -0.039511351177514406 0.022480074472383822 0.48274325234982879
v -0.038271351048768373 0.022480074472383822 0.48108991915527494
v -0.03896384153705916 0.020827813230113349 0.48315388597715409
v -0.037723841408313127 0.020827813230113349 0.48150055278260023
v -0.038533615211070391 0.019122190929607707 0.4834765543246618
v -0.037293615082324358 0.019122190929607707 0.48182322113010795
v -0.038223954180301042 0.017376188112081244 0.48370880196038396
v -0.03698395405155501 0.017376188112081244 0.48205546876583011
v -0.038037205377639147 0.015603093353689862 0.48384886146690459
v -0.036797205248893107 0.015603093353689862 0.48219552803952009
v -0.037974799314559313 0.013816399433755865 0.4838956667127064
v -0.070774800000000332 0.025316400609568919 0.45929566752332951
v -0.070837206950107506 0.015603093353689862 0.45934247207063938
v -0.071023952856938272 0.017376188112081244 0.45948253180999066
v -0.07133361641974087 0.019122190929607707 0.45971477944571282
v -0.071763841115915133 0.020827813230113349 0.46003744732755925
v -0.081565670000434784 0.033080099306659075 0.46738881971854479
v -0.082930168399632839 0.033617880351499894 0.46841219235379011
v -0.077974799817473558 0.034316400222138742 0.46469566766340042
v -0.084326970653654007 0.034004958502606729 0.46945979427713663
v -0.085745446646631626 0.0342383907806438 0.47052365150470049
v -0.087174799555958193 0.034316400222138742 0.47159566618669541
v -0.072311352386184885 0.022480074472383822 0.4604480823518684
v -0.072971983376935973 0.024066399939016665 0.46094355527478958
v -0.073740706343249335 0.025574716895477141 0.46152009796518589
v -0.074611671065957202 0.026993545859710543 0.46217332016844059
v -0.07557824885663475 0.028312089077786776 0.46289825420994068
v -0.07663308296543446 0.029520310617641779 0.46368937920946385
v -0.077768146323085693 0.030609017394141527 0.46454067696053292
v -0.078974800447047619 0.031569920636371943 0.46544566732067372
v -0.080243860634089378 0.032395709462122294 0.46639746222812439
v -0.057889314631045699 0.00026709788258486369 0.46575144846159722
v -0.059596692474604487 -0.0043097565252024662 0.46447091531175877
v -0.058814800607086062 0.0008693208616536198 0.4650573337467363
v -0.060834800155878901 -0.0035041066188056004 0.46354233455080296
v -0.059694774711550116 0.0015700777691166953 0.46439735386688019
v -0.062012023555160403 -0.0025666410404879547 0.46265941653568055
v -0.060522539803803801 0.0023640339892666892 0.46377652865070607
v -0.063119401486636043 -0.0015044899958807922 0.46182888169008995
v -0.061291797349274993 0.0032451545518200967 0.46319958549160267
v -0.064148508274973273 -0.00032573363964147166 0.46105705183166767
v -0.061996692122937083 0.0042067246210139384 0.46267091464418675
v -0.065091511031658292 0.00096064635332041362 0.46034979988056923
v -0.062631858775437713 0.0052414333146374812 0.46219453942198063
v -0.065941232519269838 0.0023448710959714011 0.45971250888127591
v -0.063192463742614627 0.0063413997810643332 0.46177408639508988
v -0.066691206565172328 0.0038163998794119927 0.45915002916175629
v -0.0636742411014148 0.0074982570182841445 0.46141275372523571
v -0.067335724627644672 0.0053640344810050138 0.45866664108056332
v -0.064073523769200683 0.0087031984400313539 0.4611132906766584
v -0.067869881896347656 0.0069759973954718725 0.45826602336186673
v -0.064387272840411305 0.009947055874050802 0.46087797898966576
v -0.068289613148243083 0.0086400193792145891 0.45795122329313065
v -0.064613100869626641 0.011220360098065086 0.46070860866624619
v -0.068591723946900024 0.010343436075032896 0.4577246399613073
v -0.06474928863537395 0.012513421399177263 0.46060646679419781
v -0.068773915089712395 0.012073285800994584 0.45758799817580487
v -0.064794800041288972 0.013816399433755865 0.46057233382183815
v -0.068834800070197238 0.013816399433755865 0.45754233356732632
v -0.06474928863537395 0.015119377446950627 0.46060646679419781
v -0.068773915089712395 0.015559514907778455 0.45758799817580487
v -0.064613100869626641 0.016412440610707953 0.46070860866624619
v -0.068591723946900024 0.017289362771094993 0.4577246399613073
v -0.064387272840411305 0.017685744834722239 0.46087797898966576
v -0.068289613148243083 0.018992780863897163 0.45795122329313065
v -0.064073523769200683 0.018929601803080398 0.4611132906766584
v -0.067869881896347656 0.02065680284763988 0.45826602336186673
v -0.0636742411014148 0.020134543224827606 0.46141275372523571
v -0.067335724627644672 0.022268765762106738 0.45866664108056332
v -0.063192463742614627 0.02129140046204742 0.46177408639508988
v -0.066691206565172328 0.023816400363699759 0.45915002916175629
v -0.062631858775437713 0.022391367859796847 0.46219453942198063
v -0.065941232519269838 0.025287929147140349 0.45971250888127591
v -0.061996692122937083 0.023426074690775241 0.46267091464418675
v -0.065091511031658292 0.026672152027146189 0.46034979988056923
v -0.061291797349274993 0.02438764662261423 0.46319958549160267
v -0.064148508274973273 0.027958535745398375 0.46105705183166767
v -0.060522539803803801 0.025268764391199912 0.46377652865070607
v -0.063119401486636043 0.02913728930766997 0.46182888169008995
v -0.059694774711550116 0.02606272340531763 0.46439735386688019
v -0.062012023555160403 0.030199440352277132 0.46265941653568055
v -0.058814800607086062 0.026763479381458132 0.4650573337467363
v -0.060834800155878901 0.031136907793239927 0.46354233455080296
v -0.057889314631045699 0.027365701429204314 0.46575144846159722
v -0.059596692474604487 0.03194255583699164 0.46447091531175877
v -0.056925361307383411 0.027864804647521349 0.46647441368717457
v -0.058307122701824546 0.032610252655701014 0.46543809194285179
v -0.055930275732696884 0.028256991102949949 0.46722072716969759
v -0.056975905114830368 0.033134916953400942 0.46643650513309742
v -0.054911632353485458 0.028539275906638475 0.46798470970410616
v -0.055613171571911209 0.033512555218891481 0.46745855529028685
v -0.053877182567537658 0.02870951049740729 0.46876054611224444
v -0.054229291418612831 0.033740293390707353 0.46849646400827677
v -0.052834799775899277 0.028766400336877676 0.4695423336716345
v -0.052834799775899277 0.033816399208859781 0.4695423336716345
v -0.051792416984260903 0.02870951049740729 0.47032412123102457
v -0.05144030813318573 0.033740293390707353 0.47058820147234709
v -0.050757967198313103 0.028539275906638475 0.47109995670784027
v -0.050056427979887352 0.033512555218891481 0.47162611112165959
v -0.049739323819101677 0.028256991102949949 0.47186394017357142
v -0.048693694436968193 0.033134916953400942 0.47264816127884896
v -0.048744239175737725 0.027864804647521349 0.47261025365609438
v -0.047362476849974022 0.032610252655701014 0.47364657446909458
v -0.047780284920752869 0.027365701429204314 0.47333321888167174
v -0.046072908008516655 0.03194255583699164 0.47461375203151018
v -0.04685479987603508 0.026763479381458132 0.47402733266521008
v -0.044834800327242234 0.031136907793239927 0.47554233279246599
v -0.045974824840248445 0.02606272340531763 0.47468731347638876
v -0.043657576927960733 0.030199440352277132 0.47642525080758841
v -0.04514705974799476 0.025268764391199912 0.47530813776124031
v -0.042550197133839937 0.02913728930766997 0.47725578472185642
v -0.044377802202523568 0.02438764662261423 0.47588508092034371
v -0.041521091276825281 0.027958535745398375 0.4780276145802787
v -0.043672908360184053 0.023426074690775241 0.47641375176775963
v -0.040578088054478975 0.026672152027146189 0.47873486653137715
v -0.043037740776360842 0.022391367859796847 0.47689012698996575
v -0.039728366101206156 0.025287929147140349 0.47937215799633176
v -0.042477134877861353 0.02129140046204742 0.47731058094817908
v -0.038978392520964952 0.023816400363699759 0.47993463818151266
v -0.041995357984722467 0.020134543224827606 0.47767191361803324
v -0.038333876321137758 0.022268765762106738 0.48041802672836692
v -0.041596075782597872 0.018929601803080398 0.47797137573528797
v -0.0377997181211122 0.02065680284763988 0.4808186449127248
v -0.041282326245725962 0.017685744834722239 0.47820668742228062
v -0.037379985937894197 0.018992780863897163 0.48113344311881573
v -0.0410564991478332 0.016412440610707953 0.47837605867702276
v -0.037077876070559831 0.017289362771094993 0.48136002645063908
v -0.04092030998510203 0.015119377446950627 0.47847819961774857
v -0.036895683297932948 0.015559514907778455 0.48149666963312537
v -0.04087479997617087 0.013816399433755865 0.4785123335214308
v -0.036834800878585185 0.013816399433755865 0.48154233331028135
v -0.04092030998510203 0.012513421399177263 0.47847819961774857
v -0.036895683297932948 0.012073285800994584 0.48149666963312537
v -0.0410564991478332 0.011220360098065086 0.47837605867702276
v -0.037077876070559831 0.010343436075032896 0.48136002645063908
v -0.041282326245725962 0.009947055874050802 0.47820668742228062
v -0.037379985937894197 0.0086400193792145891 0.48113344311881573
v -0.041596075782597872 0.0087031984400313539 0.47797137573528797
v -0.0377997181211122 0.0069759973954718725 0.4808186449127248
v -0.041995357984722467 0.0074982570182841445 0.47767191361803324
v -0.038333876321137758 0.0053640344810050138 0.48041802672836692
v -0.042477134877861353 0.0063413997810643332 0.47731058094817908
v -0.038978392520964952 0.0038163998794119927 0.47993463818151266
v -0.043037740776360842 0.0052414333146374812 0.47689012698996575
v -0.039728366101206156 0.0023448710959714011 0.47937215799633176
v -0.043672908360184053 0.0042067246210139384 0.47641375176775963
v -0.040578088054478975 0.00096064635332041362 0.47873486653137715
v -0.044377802202523568 0.0032451545518200967 0.47588508092034371
v -0.041521091276825281 -0.00032573363964147166 0.4780276145802787
v -0.04514705974799476 0.0023640339892666892 0.47530813776124031
v -0.042550197133839937 -0.0015044899958807922 0.47725578472185642
v -0.045974824840248445 0.0015700777691166953 0.47468731347638876
v -0.043657576927960733 -0.0025666410404879547 0.47642525080758841
v -0.04685479987603508 0.0008693208616536198 0.47402733266521008
v -0.044834800327242234 -0.0035041066188056004 0.47554233279246599
v -0.047780284920752869 0.00026709788258486369 0.47333321888167174
v -0.046072908008516655 -0.0043097565252024662 0.47461375203151018
v -0.048744239175737725 -0.0002320053357321699 0.47261025365609438
v -0.047362476849974022 -0.0049774514812666905 0.47364657446909458
v -0.049739323819101677 -0.00062419272248334483 0.47186394017357142
v -0.048693694436968193 -0.005502117641611768 0.47264816127884896
v -0.050757967198313103 -0.00090647659484929637 0.47109995670784027
v -0.050056427979887352 -0.0058797540444571542 0.47162611112165959
v -0.051792416984260903 -0.0010767111856181105 0.47032412123102457
v -0.05144030813318573 -0.0061074922162730264 0.47058820147234709
v -0.052834799775899277 -0.0011336000937659223 0.4695423336716345
v -0.052834799775899277 -0.0061835998970706033 0.4695423336716345
v -0.053877182567537658 -0.0010767111856181105 0.46876054611224444
v -0.054229291418612831 -0.0061074922162730264 0.46849646400827677
v -0.054911632353485458 -0.00090647659484929637 0.46798470970410616
v -0.055613171571911209 -0.0058797540444571542 0.46745855529028685
v -0.055930275732696884 -0.00062419272248334483 0.46722072716969759
v -0.056975905114830368 -0.005502117641611768 0.46643650513309742
v -0.056925361307383411 -0.0002320053357321699 0.46647441368717457
v -0.058307122701824546 -0.0049774514812666905 0.46543809194285179
v -0.057990386413455844 0.035316400386051515 0.49434686619955809
v -0.058678933681965709 0.035316400386051515 0.49580034222621233
v -0.059248466307342887 0.035316400386051515 0.4973044440167001
v -0.077108133381278185 0.035316400386051515 0.465295666644161
v -0.056274800824046962 0.035316400386051515 0.49162900010291249
v -0.057187278086365104 0.035316400386051515 0.49295341530982167
v -0.059695301840127349 0.035316400386051515 0.4988494448380521
v -0.060016549455047488 0.035316400386051515 0.5004253543930105
v -0.060210133234084487 0.035316400386051515 0.50202198028731859
v -0.060274800548375487 0.035316400386051515 0.50362900067288197
v -0.081274800265253452 0.035316400386051515 0.50362900067288197
v -0.081339467579544453 0.035316400386051515 0.50202198028731859
v -0.081533051358581451 0.035316400386051515 0.5004253543930105
v -0.081854298973501591 0.035316400386051515 0.4988494448380521
v -0.082301134506286053 0.035316400386051515 0.4973044440167001
v -0.082870667131663231 0.035316400386051515 0.49580034222621233
v -0.083559214400173096 0.035316400386051515 0.49434686619955809
v -0.094974799344361704 0.035316400386051515 0.47869566669855029
v -0.084362322727263836 0.035316400386051515 0.49295341530982167
v -0.08527479998958197 0.035316400386051515 0.49162900010291249
v -0.095243428165138644 0.034316400222138742 0.47764713857490332
v -0.088604154327929896 0.0342383907806438 0.4726676818000129
v -0.1030159837399134 0.019122190929607707 0.4834765543246618
v -0.10332564477068275 0.017376188112081244 0.48370880196038396
v -0.10357479963642448 0.02390218634869274 0.4838956667127064
v -0.10351239357334464 0.015603093353689862 0.48384886146690459
v -0.10357479963642448 0.013816399433755865 0.4838956667127064
v -0.10060889300149768 0.025574716895477141 0.4816712367365113
v -0.10137761596781104 0.024066399939016665 0.48224777896124632
v -0.090022629389584941 0.034004958502606729 0.47373153902757675
v -0.091419432574928683 0.033617880351499894 0.47477914095092327
v -0.092783930042804164 0.033080099306659075 0.47580251451749117
v -0.094105739409149569 0.032395709462122294 0.47679387107658894
v -0.095374798664868754 0.031569920636371943 0.47774566691536219
v -0.096581453720153254 0.030609017394141527 0.4786506568098417
v -0.10203824777346938 0.022480074472383822 0.48274325234982879
v -0.10258575741392463 0.020827813230113349 0.48315388597715409
v -0.097716516146481913 0.029520310617641779 0.47950195409524948
v -0.09877135072094291 0.028312089077786776 0.48029308002609522
v -0.099737927580297883 0.026993545859710543 0.48101801313627274
v -0.076936499012679724 0.011220360098065086 0.46070860866624619
v -0.072957875935406341 0.010343436075032896 0.4577246399613073
v -0.07716232704189506 0.009947055874050802 0.46087797898966576
v -0.073259986734063282 0.0086400193792145891 0.45795122329313065
v -0.077476076113105682 0.0087031984400313539 0.4611132906766584
v -0.073679717985958709 0.0069759973954718725 0.45826602336186673
v -0.077875358780891565 0.0074982570182841445 0.46141275372523571
v -0.074213875254661693 0.0053640344810050138 0.45866664108056332
v -0.078357136139691738 0.0063413997810643332 0.46177408639508988
v -0.074858393317134037 0.0038163998794119927 0.45915002916175629
v -0.078917742038191227 0.0052414333146374812 0.46219453942198063
v -0.075608367363036527 0.0023448710959714011 0.45971250888127591
v -0.079552908690691856 0.0042067246210139384 0.46267091464418675
v -0.076458088850648073 0.00096064635332041362 0.46034979988056923
v -0.080257803464353947 0.0032451545518200967 0.46319958549160267
v -0.077401091607333092 -0.00032573363964147166 0.46105705183166767
v -0.081027061009825138 0.0023640339892666892 0.46377652865070607
v -0.078430198395670322 -0.0015044899958807922 0.46182888169008995
v -0.081854826102078823 0.0015700777691166953 0.46439735386688019
v -0.079537577258468536 -0.0025666410404879547 0.46265941653568055
v -0.082734800206542877 0.0008693208616536198 0.4650573337467363
v -0.080714800657750038 -0.0035041066188056004 0.46354233455080296
v -0.083660286182583241 0.00026709788258486369 0.46575144846159722
v -0.081952908339024452 -0.0043097565252024662 0.46447091531175877
v -0.084624239506245522 -0.0002320053357321699 0.46647441368717457
v -0.083242478111804394 -0.0049774514812666905 0.46543809194285179
v -0.085619325080932049 -0.00062419272248334483 0.46722072716969759
v -0.084573695698798565 -0.005502117641611768 0.46643650513309742
v -0.086637966597498339 -0.00090647659484929637 0.46798470970410616
v -0.085936429241717738 -0.0058797540444571542 0.46745855529028685
v -0.087672416383446139 -0.0010767111856181105 0.46876054611224444
v -0.087320307532370967 -0.0061074922162730264 0.46849646400827677
v -0.088714799175084513 -0.0011336000937659223 0.4695423336716345
v -0.088714799175084513 -0.0061835998970706033 0.4695423336716345
v -0.089757181966722888 -0.0010767111856181105 0.47032412123102457
v -0.09010929081779806 -0.0061074922162730264 0.47058820147234709
v -0.090791631752670687 -0.00090647659484929637 0.47109995670784027
v -0.091493170971096438 -0.0058797540444571542 0.47162611112165959
v -0.091810275131882113 -0.00062419272248334483 0.47186394017357142
v -0.092855904514015597 -0.005502117641611768 0.47264816127884896
v -0.092805359775246066 -0.0002320053357321699 0.47261025365609438
v -0.094187122101009768 -0.0049774514812666905 0.47364657446909458
v -0.093769314030230921 0.00026709788258486369 0.47333321888167174
v -0.095476690942467135 -0.0043097565252024662 0.47461375203151018
v -0.09469479907494871 0.0008693208616536198 0.47402733266521008
v -0.096714798623741549 -0.0035041066188056004 0.47554233279246599
v -0.095574774110735339 0.0015700777691166953 0.47468731347638876
v -0.097892022023023051 -0.0025666410404879547 0.47642525080758841
v -0.096402539202989024 0.0023640339892666892 0.47530813776124031
v -0.098999401817143853 -0.0015044899958807922 0.47725578472185642
v -0.097171796748460215 0.0032451545518200967 0.47588508092034371
v -0.10002850767415851 -0.00032573363964147166 0.4780276145802787
v -0.097876690590799731 0.0042067246210139384 0.47641375176775963
v -0.10097151089650482 0.00096064635332041362 0.47873486653137715
v -0.098511858174622949 0.0052414333146374812 0.47689012698996575
v -0.10182123284977763 0.0023448710959714011 0.47937215799633176
v -0.099072464073122438 0.0063413997810643332 0.47731058094817908
v -0.10257120643001884 0.0038163998794119927 0.47993463818151266
v -0.099554240966261323 0.0074982570182841445 0.47767191361803324
v -0.10321572262984603 0.0053640344810050138 0.48041802672836692
v -0.099953523168385919 0.0087031984400313539 0.47797137573528797
v -0.10374988082987159 0.0069759973954718725 0.4808186449127248
v -0.10026727270525783 0.009947055874050802 0.47820668742228062
v -0.10416961301308959 0.0086400193792145891 0.48113344311881573
v -0.10049309980315059 0.011220360098065086 0.47837605867702276
v -0.10447172288042396 0.010343436075032896 0.48136002645063908
v -0.10062928896588176 0.012513421399177263 0.47847819961774857
v -0.10465391565305085 0.012073285800994584 0.48149666963312537
v -0.10067479897481292 0.013816399433755865 0.4785123335214308
v -0.10471479807239861 0.013816399433755865 0.48154233331028135
v -0.10062928896588176 0.015119377446950627 0.47847819961774857
v -0.10465391565305085 0.015559514907778455 0.48149666963312537
v -0.10049309980315059 0.016412440610707953 0.47837605867702276
v -0.10447172288042396 0.017289362771094993 0.48136002645063908
v -0.10026727270525783 0.017685744834722239 0.47820668742228062
v -0.10416961301308959 0.018992780863897163 0.48113344311881573
v -0.099953523168385919 0.018929601803080398 0.47797137573528797
v -0.10374988082987159 0.02065680284763988 0.4808186449127248
v -0.099554240966261323 0.020134543224827606 0.47767191361803324
v -0.10321572262984603 0.022268765762106738 0.48041802672836692
v -0.099072464073122438 0.02129140046204742 0.47731058094817908
v -0.10257120643001884 0.023816400363699759 0.47993463818151266
v -0.098511858174622949 0.022391367859796847 0.47689012698996575
v -0.10182123284977763 0.025287929147140349 0.47937215799633176
v -0.097876690590799731 0.023426074690775241 0.47641375176775963
v -0.10097151089650482 0.026672152027146189 0.47873486653137715
v -0.097171796748460215 0.02438764662261423 0.47588508092034371
v -0.10002850767415851 0.027958535745398375 0.4780276145802787
v -0.096402539202989024 0.025268764391199912 0.47530813776124031
v -0.098999401817143853 0.02913728930766997 0.47725578472185642
v -0.095574774110735339 0.02606272340531763 0.47468731347638876
v -0.097892022023023051 0.030199440352277132 0.47642525080758841
v -0.09469479907494871 0.026763479381458132 0.47402733266521008
v -0.096714798623741549 0.031136907793239927 0.47554233279246599
v -0.093769314030230921 0.027365701429204314 0.47333321888167174
v -0.095476690942467135 0.03194255583699164 0.47461375203151018
v -0.092805359775246066 0.027864804647521349 0.47261025365609438
v -0.094187122101009768 0.032610252655701014 0.47364657446909458
v -0.091810275131882113 0.028256991102949949 0.47186394017357142
v -0.092855904514015597 0.033134916953400942 0.47264816127884896
v -0.090791631752670687 0.028539275906638475 0.47109995670784027
v -0.091493170971096438 0.033512555218891481 0.47162611112165959
v -0.089757181966722888 0.02870951049740729 0.47032412123102457
v -0.09010929081779806 0.033740293390707353 0.47058820147234709
v -0.088714799175084513 0.028766400336877676 0.4695423336716345
v -0.088714799175084513 0.033816399208859781 0.4695423336716345
v -0.087672416383446139 0.02870951049740729 0.46876054611224444
v -0.087320307532370967 0.033740293390707353 0.46849646400827677
v -0.086637966597498339 0.028539275906638475 0.46798470970410616
v -0.085936429241717738 0.033512555218891481 0.46745855529028685
v -0.085619325080932049 0.028256991102949949 0.46722072716969759
v -0.084573695698798565 0.033134916953400942 0.46643650513309742
v -0.084624239506245522 0.027864804647521349 0.46647441368717457
v -0.083242478111804394 0.032610252655701014 0.46543809194285179
v -0.083660286182583241 0.027365701429204314 0.46575144846159722
v -0.081952908339024452 0.03194255583699164 0.46447091531175877
v -0.082734800206542877 0.026763479381458132 0.4650573337467363
v -0.080714800657750038 0.031136907793239927 0.46354233455080296
v -0.081854826102078823 0.02606272340531763 0.46439735386688019
v -0.079537577258468536 0.030199440352277132 0.46265941653568055
v -0.081027061009825138 0.025268764391199912 0.46377652865070607
v -0.078430198395670322 0.02913728930766997 0.46182888169008995
v -0.080257803464353947 0.02438764662261423 0.46319958549160267
v -0.077401091607333092 0.027958535745398375 0.46105705183166767
v -0.079552908690691856 0.023426074690775241 0.46267091464418675
v -0.076458088850648073 0.026672152027146189 0.46034979988056923
v -0.078917742038191227 0.022391367859796847 0.46219453942198063
v -0.075608367363036527 0.025287929147140349 0.45971250888127591
v -0.078357136139691738 0.02129140046204742 0.46177408639508988
v -0.074858393317134037 0.023816400363699759 0.45915002916175629
v -0.077875358780891565 0.020134543224827606 0.46141275372523571
v -0.074213875254661693 0.022268765762106738 0.45866664108056332
v -0.077476076113105682 0.018929601803080398 0.4611132906766584
v -0.073679717985958709 0.02065680284763988 0.45826602336186673
v -0.07716232704189506 0.017685744834722239 0.46087797898966576
v -0.073259986734063282 0.018992780863897163 0.45795122329313065
v -0.076936499012679724 0.016412440610707953 0.46070860866624619
v -0.072957875935406341 0.017289362771094993 0.4577246399613073
v -0.076800311246932415 0.015119377446950627 0.46060646679419781
v -0.07277568479259397 0.015559514907778455 0.45758799817580487
v -0.076754799841017393 0.013816399433755865 0.46057233382183815
v -0.07271480004493977 0.013816399433755865 0.45754233356732632
v -0.076800311246932415 0.012513421399177263 0.46060646679419781
v -0.07277568479259397 0.012073285800994584 0.45758799817580487
v -0.10475239370209069 0.012029707355083177 0.48219552803952009
v -0.10351239357334464 0.012029707355083177 0.48384886146690459
v -0.10456564489942878 0.010256612596691793 0.48205546876583011
v -0.10332564477068275 0.010256612596691793 0.48370880196038396
v -0.10425598386865943 0.0085106102448266191 0.48182322113010795
v -0.1030159837399134 0.0085106102448266191 0.4834765543246618
v -0.10382575754267066 0.0068049879443209784 0.48150055278260023
v -0.10258575741392463 0.0068049879443209784 0.48315388597715409
v -0.10327824790221542 0.0051527267020505061 0.48108991915527494
v -0.10203824777346938 0.0051527267020505061 0.48274325234982879
v -0.10261761609655708 0.0035663993727725121 0.48059444576669247
v -0.10137761596781104 0.0035663993727725121 0.48224777896124632
v -0.10184889313024371 0.0020580833476346091 0.48001790354195745
v -0.10060889300149768 0.0020580833476346091 0.4816712367365113
v -0.10097792770904392 0.00063925438340120891 0.47936467994171889
v -0.099737927580297883 0.00063925438340120891 0.48101801313627274
v -0.10001135084968894 -0.00067928976599759654 0.47863974683154137
v -0.09877135072094291 -0.00067928976599759654 0.48029308002609522
v -0.09895651627522796 -0.0018875094432074524 0.47784862090069563
v -0.097716516146481913 -0.0018875094432074524 0.47950195409524948
v -0.097821453848899287 -0.0029762180823523499 0.47699732314962656
v -0.096581453720153254 -0.0029762180823523499 0.4786506568098417
v -0.096614798793614787 -0.0039371194619376194 0.47609233278948576
v -0.095374798664868754 -0.0039371194619376194 0.47774566691536219
v -0.095345739537895602 -0.0047629082876879704 0.47514053788203509
v -0.094105739409149569 -0.0047629082876879704 0.47679387107658894
v -0.094023930171550196 -0.0054472999948699009 0.47414918039161474
v -0.092783930042804164 -0.0054472999948699009 0.47580251451749117
v -0.092659432703674716 -0.0059850791770655679 0.47312580682504685
v -0.091419432574928683 -0.0059850791770655679 0.47477914095092327
v -0.091262629518330973 -0.0063721591908175515 0.4720782058330229
v -0.090022629389584941 -0.0063721591908175515 0.47373153902757675
v -0.089844154456675929 -0.0066055896062094735 0.47101434860545904
v -0.088604154327929896 -0.0066055896062094735 0.4726676818000129
v -0.088414799684704226 -0.0066836009103495644 0.46994233299214155
v -0.086985444912732524 -0.0066055896062094735 0.46887031737882406
v -0.085566969851077465 -0.0063721591908175515 0.46780646015126021
v -0.084170168528378872 -0.0059850791770655679 0.46675886009055878
v -0.082805670129180817 -0.0054472999948699009 0.46573548559266831
v -0.081483860762835411 -0.0047629082876879704 0.46474412996489312
v -0.080214800575793652 -0.0039371194619376194 0.46379233319479729
v -0.079008146451831726 -0.0029762180823523499 0.46288734283465649
v -0.077873083094180492 -0.0018875094432074524 0.46203604694623257
v -0.076818248519719509 -0.00067928976599759654 0.46124492008406426
v -0.075851671194703235 0.00063925438340120891 0.46051998790520932
v -0.074980706239164724 0.0020580833476346091 0.45986676383930947
v -0.074211983272851362 0.0035663993727725121 0.45929022114891316
v -0.073551352165684952 0.0051527267020505061 0.45879474822599198
v -0.073003840895415201 0.0068049879443209784 0.45838411506432797
v -0.072573616548486902 0.0085106102448266191 0.45806144531983639
v -0.072263952956580474 0.010256612596691793 0.45782919768411423
v -0.072077207064301624 0.012029707355083177 0.45768913980740811
v -0.072014800069899215 0.013816399433755865 0.45764233339745308
v -0.072077207064301624 0.015603093353689862 0.45768913980740811
v -0.072263952956580474 0.017376188112081244 0.45782919768411423
v -0.072573616548486902 0.019122190929607707 0.45806144531983639
v -0.073003840895415201 0.020827813230113349 0.45838411506432797
v -0.073551352165684952 0.022480074472383822 0.45879474822599198
v -0.074211983272851362 0.024066399939016665 0.45929022114891316
v -0.074980706239164724 0.025574716895477141 0.45986676383930947
v -0.075851671194703235 0.026993545859710543 0.46051998790520932
v -0.076818248519719509 0.028312089077786776 0.46124492008406426
v -0.077873083094180492 0.029520310617641779 0.46203604694623257
v -0.079008146451831726 0.030609017394141527 0.46288734283465649
v -0.080214800575793652 0.031569920636371943 0.46379233319479729
v -0.081483860762835411 0.032395709462122294 0.46474412996489312
v -0.082805670129180817 0.033080099306659075 0.46573548559266831
v -0.084170168528378872 0.033617880351499894 0.46675886009055878
v -0.085566969851077465 0.034004958502606729 0.46780646015126021
v -0.086985444912732524 0.0342383907806438 0.46887031737882406
v -0.088414799684704226 0.034316400222138742 0.46994233299214155
v -0.089844154456675929 0.0342383907806438 0.47101434860545904
v -0.091262629518330973 0.034004958502606729 0.4720782058330229
v -0.092659432703674716 0.033617880351499894 0.47312580682504685
v -0.094023930171550196 0.033080099306659075 0.47414918039161474
v -0.095345739537895602 0.032395709462122294 0.47514053788203509
v -0.096614798793614787 0.031569920636371943 0.47609233278948576
v -0.097821453848899287 0.030609017394141527 0.47699732314962656
v -0.09895651627522796 0.029520310617641779 0.47784862090069563
v -0.10001135084968894 0.028312089077786776 0.47863974683154137
v -0.10097792770904392 0.026993545859710543 0.47936467994171889
v -0.10184889313024371 0.025574716895477141 0.48001790354195745
v -0.10261761609655708 0.024066399939016665 0.48059444576669247
v -0.10327824790221542 0.022480074472383822 0.48108991915527494
v -0.10382575754267066 0.020827813230113349 0.48150055278260023
v -0.10425598386865943 0.019122190929607707 0.48182322113010795
v -0.10456564489942878 0.017376188112081244 0.48205546876583011
v -0.10475239370209069 0.015603093353689862 0.48219552803952009
v -0.10481479976517052 0.013816399433755865 0.48224233351815254
v -0.091274800041736048 0.013816399433755865 0.50854233447629726
v -0.091196790600241107 0.012029707355083177 0.50554233398455894
v -0.091196790600241107 0.012029707355083177 0.50854233447629726
v -0.090963358322204035 0.010256612596691793 0.50554233398455894
v -0.090963358322204035 0.010256612596691793 0.50854233447629726
v -0.090576278308452052 0.0085106102448266191 0.50554233398455894
v -0.090576278308452052 0.0085106102448266191 0.50854233447629726
v -0.090038499126256388 0.0068049879443209784 0.50554233398455894
v -0.090038499126256388 0.0068049879443209784 0.50854233447629726
v -0.089354109281719607 0.0051527267020505061 0.50554233398455894
v -0.089354109281719607 0.0051527267020505061 0.50854233447629726
v -0.088528320455969256 0.0035663993727725121 0.50554233398455894
v -0.088528320455969256 0.0035663993727725121 0.50854233447629726
v -0.087567417213738841 0.0020580833476346091 0.50554233398455894
v -0.087567417213738841 0.0020580833476346091 0.50854233447629726
v -0.086478710437239092 0.00063925438340120891 0.50554233398455894
v -0.086478710437239092 0.00063925438340120891 0.50854233447629726
v -0.08527048982870665 -0.00067928976599759654 0.50554233398455894
v -0.08527048982870665 -0.00067928976599759654 0.50854233447629726
v -0.083951946610630421 -0.0018875094432074524 0.50554233398455894
v -0.083951946610630421 -0.0018875094432074524 0.50854233447629726
v -0.082533117646397022 -0.0029762180823523499 0.50554233398455894
v -0.082533117646397022 -0.0029762180823523499 0.50854233447629726
v -0.081024800689936546 -0.0039371194619376194 0.50554233398455894
v -0.081024800689936546 -0.0039371194619376194 0.50854233447629726
v -0.079438475223303703 -0.0047629082876879704 0.50554233398455894
v -0.079438475223303703 -0.0047629082876879704 0.50854233447629726
v -0.077786213049710659 -0.0054472999948699009 0.50554233398455894
v -0.077786213049710659 -0.0054472999948699009 0.50854233447629726
v -0.07608059028354372 -0.0059850791770655679 0.50554233398455894
v -0.07608059028354372 -0.0059850791770655679 0.50854233447629726
v -0.074334587698847904 -0.0063721591908175515 0.50554233398455894
v -0.074334587698847904 -0.0063721591908175515 0.50854233447629726
v -0.072561492824041202 -0.0066055896062094735 0.50554233398455894
v -0.072561492824041202 -0.0066055896062094735 0.50854233447629726
v -0.070774800000000332 -0.0066836009103495644 0.50854233447629726
v -0.068988107291095807 -0.0066055896062094735 0.50554233398455894
v -0.068988107291095807 -0.0066055896062094735 0.50854233447629726
v -0.067215012183458461 -0.0063721591908175515 0.50554233398455894
v -0.067215012183458461 -0.0063721591908175515 0.50854233447629726
v -0.065469009598762645 -0.0059850791770655679 0.50554233398455894
v -0.065469009598762645 -0.0059850791770655679 0.50854233447629726
v -0.063763386832595706 -0.0054472999948699009 0.50554233398455894
v -0.063763386832595706 -0.0054472999948699009 0.50854233447629726
v -0.062111125590325236 -0.0047629082876879704 0.50554233398455894
v -0.062111125590325236 -0.0047629082876879704 0.50854233447629726
v -0.060524800123692393 -0.0039371194619376194 0.50554233398455894
v -0.060524800123692393 -0.0039371194619376194 0.50854233447629726
v -0.059016483167231917 -0.0029762180823523499 0.50554233398455894
v -0.059016483167231917 -0.0029762180823523499 0.50854233447629726
v -0.057597654202998519 -0.0018875094432074524 0.50554233398455894
v -0.057597654202998519 -0.0018875094432074524 0.50854233447629726
v -0.056279110984922283 -0.00067928976599759654 0.50554233398455894
v -0.056279110984922283 -0.00067928976599759654 0.50854233447629726
v -0.055070888513744705 0.00063925438340120891 0.50554233398455894
v -0.055070888513744705 0.00063925438340120891 0.50854233447629726
v -0.053982181737244957 0.0020580833476346091 0.50554233398455894
v -0.053982181737244957 0.0020580833476346091 0.50854233447629726
v -0.053021278495014534 0.0035663993727725121 0.50554233398455894
v -0.053021278495014534 0.0035663993727725121 0.50854233447629726
v -0.052195489669264183 0.0051527267020505061 0.50554233398455894
v -0.052195489669264183 0.0051527267020505061 0.50854233447629726
v -0.051511099824727402 0.0068049879443209784 0.50554233398455894
v -0.051511099824727402 0.0068049879443209784 0.50854233447629726
v -0.050973320642531739 0.0085106102448266191 0.50554233398455894
v -0.050973320642531739 0.0085106102448266191 0.50854233447629726
v -0.050586240628779755 0.010256612596691793 0.50554233398455894
v -0.050586240628779755 0.010256612596691793 0.50854233447629726
v -0.050352808350742684 0.012029707355083177 0.50554233398455894
v -0.050352808350742684 0.012029707355083177 0.50854233447629726
v -0.050274798909247742 0.013816399433755865 0.50554233398455894
v -0.050274798909247742 0.013816399433755865 0.50854233447629726
v -0.050352808350742684 0.015603093353689862 0.50554233398455894
v -0.050352808350742684 0.015603093353689862 0.50854233447629726
v -0.050586240628779755 0.017376188112081244 0.50554233398455894
v -0.050586240628779755 0.017376188112081244 0.50854233447629726
v -0.050973320642531739 0.019122190929607707 0.50554233398455894
v -0.050973320642531739 0.019122190929607707 0.50854233447629726
v -0.051511099824727402 0.020827813230113349 0.50554233398455894
v -0.051511099824727402 0.020827813230113349 0.50854233447629726
v -0.052195489669264183 0.022480074472383822 0.50554233398455894
v -0.052195489669264183 0.022480074472383822 0.50854233447629726
v -0.053021278495014534 0.024066399939016665 0.50554233398455894
v -0.053021278495014534 0.024066399939016665 0.50854233447629726
v -0.053982181737244957 0.025574716895477141 0.50554233398455894
v -0.053982181737244957 0.025574716895477141 0.50854233447629726
v -0.055070888513744705 0.026993545859710543 0.50554233398455894
v -0.055070888513744705 0.026993545859710543 0.50854233447629726
v -0.056279110984922283 0.028312089077786776 0.50554233398455894
v -0.056279110984922283 0.028312089077786776 0.50854233447629726
v -0.057597654202998519 0.029520310617641779 0.50554233398455894
v -0.057597654202998519 0.029520310617641779 0.50854233447629726
v -0.059016483167231917 0.030609017394141527 0.50554233398455894
v -0.059016483167231917 0.030609017394141527 0.50854233447629726
v -0.060524800123692393 0.031569920636371943 0.50554233398455894
v -0.060524800123692393 0.031569920636371943 0.50854233447629726
v -0.062111125590325236 0.032395709462122294 0.50554233398455894
v -0.062111125590325236 0.032395709462122294 0.50854233447629726
v -0.063763386832595706 0.033080099306659075 0.50554233398455894
v -0.063763386832595706 0.033080099306659075 0.50854233447629726
v -0.065469009598762645 0.033617880351499894 0.50554233398455894
v -0.065469009598762645 0.033617880351499894 0.50854233447629726
v -0.067215012183458461 0.034004958502606729 0.50554233398455894
v -0.067215012183458461 0.034004958502606729 0.50854233447629726
v -0.068988107291095807 0.0342383907806438 0.50554233398455894
v -0.068988107291095807 0.0342383907806438 0.50854233447629726
v -0.070774800000000332 0.034316400222138742 0.50854233447629726
v -0.072561492824041202 0.0342383907806438 0.50554233398455894
v -0.072561492824041202 0.0342383907806438 0.50854233447629726
v -0.074334587698847904 0.034004958502606729 0.50554233398455894
v -0.074334587698847904 0.034004958502606729 0.50854233447629726
v -0.07608059028354372 0.033617880351499894 0.50554233398455894
v -0.07608059028354372 0.033617880351499894 0.50854233447629726
v -0.077786213049710659 0.033080099306659075 0.50554233398455894
v -0.077786213049710659 0.033080099306659075 0.50854233447629726
v -0.079438475223303703 0.032395709462122294 0.50554233398455894
v -0.079438475223303703 0.032395709462122294 0.50854233447629726
v -0.081024800689936546 0.031569920636371943 0.50554233398455894
v -0.081024800689936546 0.031569920636371943 0.50854233447629726
v -0.082533117646397022 0.030609017394141527 0.50554233398455894
v -0.082533117646397022 0.030609017394141527 0.50854233447629726
v -0.083951946610630421 0.029520310617641779 0.50554233398455894
v -0.083951946610630421 0.029520310617641779 0.50854233447629726
v -0.08527048982870665 0.028312089077786776 0.50554233398455894
v -0.08527048982870665 0.028312089077786776 0.50854233447629726
v -0.086478710437239092 0.026993545859710543 0.50554233398455894
v -0.086478710437239092 0.026993545859710543 0.50854233447629726
v -0.087567417213738841 0.025574716895477141 0.50554233398455894
v -0.087567417213738841 0.025574716895477141 0.50854233447629726
v -0.088528320455969256 0.024066399939016665 0.50554233398455894
v -0.088528320455969256 0.024066399939016665 0.50854233447629726
v -0.089354109281719607 0.022480074472383822 0.50554233398455894
v -0.089354109281719607 0.022480074472383822 0.50854233447629726
v -0.090038499126256388 0.020827813230113349 0.50554233398455894
v -0.090038499126256388 0.020827813230113349 0.50854233447629726
v -0.090576278308452052 0.019122190929607707 0.50554233398455894
v -0.090576278308452052 0.019122190929607707 0.50854233447629726
v -0.090963358322204035 0.017376188112081244 0.50554233398455894
v -0.090963358322204035 0.017376188112081244 0.50854233447629726
v -0.091196790600241107 0.015603093353689862 0.50554233398455894
v -0.091196790600241107 0.015603093353689862 0.50854233447629726
v -0.091274800041736048 0.013816399433755865 0.50554233398455894
v -0.020183200279296223 0.022890843607143725 0.44403103161770607
v -0.019583409914792363 0.021913767017082534 0.44448087532240654
v -0.019054027536929433 0.020875063880936465 0.44487790931183602
v -0.038615571597636553 0.020875063880936465 0.4302067512663057
v -0.038086189219773622 0.021913767017082534 0.43060378898102547
v -0.037486398855269762 0.022890843607143725 0.43105363268572594
v -0.026748476812661487 0.020981556892053447 0.43910707328635956
v -0.024061808625281643 0.026611044227735369 0.44112207535821701
v -0.023187866697133373 0.026042364693836535 0.44177752901036049
v -0.022356907168448757 0.025380638584153022 0.44240075145084168
v -0.021575244406283688 0.024630900628523196 0.44298699665982033
v -0.0208488314245351 0.023798858903006877 0.44353180546480919
v -0.036820767710030879 0.023798858903006877 0.43155285511333252
v -0.036094354728282298 0.024630900628523196 0.43209766764361168
v -0.035312691966117228 0.025380638584153022 0.43268391285259034
v -0.034481732437432612 0.026042364693836535 0.43330713529307152
v -0.033607790509284342 0.026611044227735369 0.433962588945215
v -0.030921122321904498 0.020981556892053447 0.43597759101707245
v -0.032697527000726069 0.027082349329845278 0.43464528564531113
v -0.030413596222222644 0.02118158449198421 0.43635823372918869
v -0.031757867226422633 0.027452691614286272 0.43535003233868386
v -0.029894052336037952 0.021325559511439166 0.43674789164382721
v -0.030795956293166477 0.027719253830270144 0.43607146460730339
v -0.029366450646937686 0.021412384852425418 0.43714359570462014
v -0.029819125572264987 0.027880007557229372 0.43680408764797951
v -0.028834799567282993 0.021441400207237563 0.43754233215171601
v -0.028834799567282993 0.027933728105978342 0.43754233215171601
v -0.028303148487628299 0.021412384852425418 0.43794106859881188
v -0.027850473562300998 0.027880007557229372 0.4382805766554525
v -0.027775546798528034 0.021325559511439166 0.4383367726596048
v -0.02687363911610921 0.027719253830270144 0.43901319969612862
v -0.027256002912343341 0.02118158449198421 0.43872643057424332
v -0.025911731908143353 0.027452691614286272 0.43973463196474816
v -0.024972072133839916 0.027082349329845278 0.44043937865812088
v -0.019054027536929433 0.0067577363621752875 0.44487790931183602
v -0.019583409914792363 0.0057190341573517926 0.44448087532240654
v -0.020183200279296223 0.0047419557046454539 0.44403103161770607
v -0.0208488314245351 0.0038339422714274499 0.44353180546480919
v -0.021575244406283688 0.0030019005459111306 0.44298699665982033
v -0.022356907168448757 0.0022521635216038779 0.44240075145084168
v -0.030921122321904498 0.0066512433510583059 0.43597759101707245
v -0.033607790509284342 0.0010217560153763829 0.433962588945215
v -0.034481732437432612 0.0015904364805977896 0.43330713529307152
v -0.035312691966117228 0.0022521635216038779 0.43268391285259034
v -0.036094354728282298 0.0030019005459111306 0.43209766764361168
v -0.036820767710030879 0.0038339422714274499 0.43155285511333252
v -0.037486398855269762 0.0047419557046454539 0.43105363268572594
v -0.038086189219773622 0.0057190341573517926 0.43060378898102547
v -0.038615571597636553 0.0067577363621752875 0.4302067512663057
v -0.023187866697133373 0.0015904364805977896 0.44177752901036049
v -0.024061808625281643 0.0010217560153763829 0.44112207535821701
v -0.026748476812661487 0.0066512433510583059 0.43910707328635956
v -0.024972072133839916 0.0005504509132664738 0.44043937865812088
v -0.027256002912343341 0.0064512157511275427 0.43872643057424332
v -0.025911731908143353 0.00018010862882547954 0.43973463196474816
v -0.027775546798528034 0.0063072407316725858 0.4383367726596048
v -0.02687363911610921 -8.6454518480964457e-05 0.43901319969612862
v -0.028303148487628299 0.006220415390686334 0.43794106859881188
v -0.027850473562300998 -0.00024720824544019297 0.4382805766554525
v -0.028834799567282993 0.0061914009671967633 0.43754233215171601
v -0.028834799567282993 -0.00030092693154401377 0.43754233215171601
v -0.029366450646937686 0.006220415390686334 0.43714359570462014
v -0.029819125572264987 -0.00024720824544019297 0.43680408764797951
v -0.029894052336037952 0.0063072407316725858 0.43674789164382721
v -0.030795956293166477 -8.6454518480964457e-05 0.43607146460730339
v -0.030413596222222644 0.0064512157511275427 0.43635823372918869
v -0.031757867226422633 0.00018010862882547954 0.43535003233868386
v -0.032697527000726069 0.0005504509132664738 0.43464528564531113
v -0.10214054797035545 0.019816400639371234 0.43086164239961411
v -0.10835049513918252 0.019816400639371234 0.43551910091358925
v -0.039593452850402208 0.021396646432236991 0.45051233265716339
v -0.039501695225060793 0.021412384852425418 0.45065725390035416
v -0.025594724604905437 0.0077772943001549874 0.44098070804197098
v -0.025602320471824001 0.019935401312665302 0.44081495125014092
v -0.067580206815198912 0.020739925250069461 0.48387855389322848
v -0.06756313753505136 0.020732023909346423 0.48382734605278582
v -0.06698266955283369 0.020431562482969123 0.48208594210613281
v -0.066962299898312344 0.020419843651012737 0.48202483337539942
v -0.033042861411393488 0.019855505942956764 0.43539460543710495
v -0.049726946542085038 0.015789894310415938 0.45312322098929192
v -0.049842126930178032 0.015140468177975369 0.45303683895785118
v -0.049911586830438004 0.014480963272632312 0.45298474077302719
v -0.04993479911428772 0.013816399433755865 0.45296733249146248
v -0.049911586830438004 0.013151837436140727 0.45298474077302719
v -0.049842126930178032 0.01249233253079767 0.45303683895785118
v -0.049726946542085038 0.011842904535711952 0.45312322098929192
v -0.032881094405473078 0.0076971092891257439 0.43535545263606812
v -0.06699326707241024 0.0071951748501818801 0.48211773419920118
v -0.06697362617780353 0.0072064308148186828 0.48205881174821169
v -0.067569431180179967 0.0068978575688164847 0.48384622722100229
v -0.067552972614810719 0.006905505589799227 0.48379685175772519
v -0.039053084591449114 0.021168331771747432 0.44779620487410332
v -0.039124654868663164 0.021162023923949561 0.44785363767463471
v -0.039193319419444414 0.021156762882725558 0.44791384954172875
v -0.039259722719014498 0.02115253188426908 0.44797740671951081
v -0.039323235193312975 0.021149406365708671 0.44804375786501671
v -0.039383491763890596 0.021147414266721568 0.44811247829515244
v -0.039440872410357805 0.021146553724662624 0.44818397406656052
v -0.039495019504845949 0.021146837778047881 0.44825782049614693
v -0.068166896265045657 0.020981556892053447 0.48563862265022234
v -0.03954585481625876 0.021148261770264468 0.44833389837462212
v -0.039593452850402208 0.021150821044699512 0.44841233063656594
v -0.039637450391472193 0.021154480211095176 0.44849252123553063
v -0.039678046742499681 0.021159233681516013 0.44857483524996544
v -0.039715031424582811 0.021165037683801017 0.44865890387613083
v -0.039748154843271585 0.021171807467595897 0.44874409008938576
v -0.06818147984524156 0.020986847735599837 0.48568237315797941
v -0.039784308785618158 0.02118158449198421 0.44885251838881279
v -0.068811309553728356 0.021184258319095931 0.48757186269089342
v -0.03980324443620524 0.021188139140264354 0.44891881365496422
v -0.039824992680967661 0.021197542704300246 0.44900767672974373
v -0.039842896426142069 0.021207710884169898 0.44909767229277398
v -0.039856853226245256 0.021218539371744952 0.44918837566096093
v -0.039866809064567896 0.02122990336980041 0.44927930627185608
v -0.039874799812258097 0.021254022761837802 0.44946233350950981
v -0.068822279718750073 0.021187172427431903 0.48760477237105132
v -0.039866809064567896 0.021279321208254657 0.44964536074716355
v -0.069457325648561968 0.021326719008044562 0.48950991016048701
v -0.039812291303695055 0.021325419813052974 0.44997088778931404
v -0.039842896426142069 0.021305021054701171 0.44982699472624565
v -0.069464653643825008 0.021328000507907233 0.4895318940298608
v -0.03980324443620524 0.021330343715504966 0.45000585336405541
v -0.039748154843271585 0.021354524574832282 0.45018057320434357
v -0.03971498485845408 0.021365948177532516 0.45026587117630745
v -0.039678046742499681 0.021376845582978091 0.45034983176905419
v -0.039637653419793459 0.021387067779557071 0.45043175090271736
v -0.039193755278409334 0.021438609033481441 0.45101041887122895
v -0.039124654868663164 0.021440537802533469 0.45107102561909462
v -0.039383491763890596 0.021426462724463306 0.45081218499857689
v -0.039323160687507006 0.021431547745720706 0.45088098365980889
v -0.039259722719014498 0.021435614831404052 0.45094725657421852
v -0.039495019504845949 0.021413346908644996 0.4506668427975824
v -0.039440805355132433 0.02142038398201879 0.45074077863413597
v -0.039034800866664263 0.021441400207237563 0.45114233140069748
v -0.038438393065751406 0.021412384852425418 0.4514547305198362
v -0.038979308942378374 0.021441091939465366 0.45118255336004998
v -0.038903067151130052 0.021439719169990382 0.45123349297959114
v -0.038824798801959368 0.021437261409715972 0.45128098670560624
v -0.038744563499511095 0.021433735422448478 0.45132500846106316
v -0.03866229791385016 0.021429155178026519 0.45136558059770371
v -0.038578590640843721 0.021423578418449721 0.4514024162681749
v -0.038493020722688051 0.02141700607504066 0.45143569428641106
v -0.038318319508851381 0.021401168003336749 0.45149077642876412
v -0.038229273894847246 0.02139199913258966 0.45151256565171982
v -0.038139460871041628 0.021382097310976348 0.45153042841870095
v -0.038049033174336763 0.021371537044302783 0.4515443498285463
v -0.03795782689195952 0.021360352791504226 0.45155434105712677
v -0.037591772416652056 0.021311469532207809 0.45155434105712677
v -0.037774799654305788 0.021336575194851718 0.45156233180481697
v -0.037691979000390383 0.021325346238569579 0.45156070012766625
v -0.037410138437569948 0.021285791106180511 0.45153042841870095
v -0.037231279799760195 0.021260317571119628 0.45149077642876412
v -0.037056556234181734 0.021235829375342689 0.45143568683583046
v -0.036971079448283525 0.021224181323901973 0.45140244607049729
v -0.036887301394761408 0.02121308275278028 0.45136558059770371
v -0.036805207172454203 0.021202597923235259 0.45132509786803032
v -0.036289876589597071 0.02115253188426908 0.45094725657421852
v -0.036226580182135905 0.021149414747611842 0.45088114012200142
v -0.036496220419228877 0.021168304763392768 0.4511282386274984
v -0.036424944439948405 0.021162023923949561 0.45107102561909462
v -0.03635600049239477 0.021156742393628917 0.45101056043226029
v -0.036724800506652201 0.021192790165201984 0.45128098670560624
v -0.036626717338383998 0.02118158449198421 0.45122071523386742
v -0.036570290366233195 0.021175587705926261 0.45118255336004998
v -0.036166107544720973 0.021147414266721568 0.45081218499857689
v -0.036108920613349284 0.021146555587307773 0.45074094627219941
v -0.03605457980376562 0.021146837778047881 0.4506668427975824
v -0.036003532150805796 0.02114827015216764 0.45059042964298035
v -0.035956146458209361 0.021150821044699512 0.45051233265716339
v -0.035912031570494975 0.021154491386966071 0.4504319185407808
v -0.035871552566111888 0.021159233681516013 0.45034983176905419
v -0.035834605136931742 0.0064677690785687582 0.45026584882456566
v -0.035871552566111888 0.0064735674929183142 0.45034983176905419
v -0.035911938438237513 0.0064782986115973608 0.45043173600155617
v -0.035956146458209361 0.0064819791984122412 0.45051233265716339
v -0.036003807822287882 0.006484542198137583 0.45059086550194527
v -0.03605457980376562 0.006485961533741297 0.4506668427975824
v -0.036108797678769435 0.0064862465184491293 0.45074078235942627
v -0.036166107544720973 0.0064853859763901846 0.45081218499857689
v -0.036226442346394862 0.0064833910834353583 0.45088099111038948
v -0.036289876589597071 0.0064802692901652472 0.45094725657421852
v -0.036355922261298503 0.0064760634374182837 0.45101048965174462
v -0.036424944439948405 0.006470775387839617 0.45107102561909462
v -0.036496585497678126 0.006464461020783724 0.45112851802427079
v -0.036570312717974986 0.0064572097432177679 0.45118256826121117
v -0.036626717338383998 0.0064512157511275427 0.45122071523386742
v -0.036724800506652201 0.0064400100779097693 0.45128098670560624
v -0.036805017182648982 0.006430225602940859 0.45132499728519226
v -0.036887301394761408 0.006419716559008898 0.45136558059770371
v -0.036971250811637255 0.0064085965674679892 0.45140251685101296
v -0.037056556234181734 0.0063969717990916388 0.45143568683583046
v -0.037231279799760195 0.0063724817406695502 0.45149077642876412
v -0.037410138437569948 0.0063470100682538168 0.45153042841870095
v -0.037691979000390383 0.0063074549358647473 0.45156070012766625
v -0.037774799654305788 0.0062962250482600339 0.45156233180481697
v -0.03795782689195952 0.0062724465202849515 0.45155434105712677
v -0.038048813382209154 0.0062612892758410581 0.45154437963086869
v -0.038139460871041628 0.0062507020008128293 0.45153042841870095
v -0.038229054102719637 0.0062408243935864575 0.4515126140804937
v -0.037591772416652056 0.006321331642226518 0.45155434105712677
v -0.038493043074429842 0.0062157923054259427 0.45143568683583046
v -0.038578501233876558 0.0062092283439200528 0.45140245352107788
v -0.03866229791385016 0.0062036441337626584 0.45136558059770371
v -0.03874438096028647 0.0061990732025664456 0.45132510159332062
v -0.038824798801959368 0.0061955397647183545 0.45128098670560624
v -0.038902892062486025 0.0061930847984116681 0.4512336047383001
v -0.038438393065751406 0.006220415390686334 0.4514547305198362
v -0.038318319508851381 0.0062316322397750028 0.45149077642876412
v -0.039034800866664263 0.0061914009671967633 0.45114233140069748
v -0.038979305217088075 0.0061917083036463864 0.45118255336004998
v -0.039124654868663164 0.0061922633719008573 0.45107102561909462
v -0.039193602541507097 0.0061941856216948636 0.45101055670696999
v -0.039259722719014498 0.0061971863430302747 0.45094725657421852
v -0.039323022851765962 0.0062012431841652997 0.45088113639671112
v -0.039383491763890596 0.0062063375186484464 0.45081218499857689
v -0.039440723398745867 0.0062124078791897901 0.45074088666755463
v -0.069460938481659545 0.0063054488670390256 0.48952074889261038
v -0.039748154843271585 0.0062782747369568952 0.45018057320434357
v -0.069453538308896973 0.0063067471307080396 0.4894985480250767
v -0.039495019504845949 0.0062194542657893308 0.4506668390722921
v -0.039501695225060793 0.006220415390686334 0.45065725390035416
v -0.039593452850402208 0.0062361547421973355 0.45051233265716339
v -0.039637550974310251 0.0062457082491677411 0.45043194834310318
v -0.039678046742499681 0.0062559546601336606 0.45034983176905419
v -0.039714901039422365 0.0062668250572245725 0.45026607606727387
v -0.039812291303695055 0.0063073804300587781 0.44997088778931404
v -0.039842896426142069 0.0063277782570880063 0.44982699472624565
v -0.06880157630150105 0.0064511431079667227 0.48754266200288893
v -0.03980324443620524 0.0063024574589293607 0.45000585336405541
v -0.068812232727230443 0.0064482969861786978 0.48757463151290775
v -0.039866809064567896 0.0063534790348570959 0.44964536074716355
v -0.039874799812258097 0.0063787774812739508 0.44946233350950981
v -0.039866809064567896 0.0064028968733113424 0.44927930627185608
v -0.039856829011858316 0.0064142832231085913 0.449188189396446
v -0.039842896426142069 0.0064250902902644293 0.44909767229277398
v -0.039825052285612436 0.0064352286678116934 0.44900794867593552
v -0.039803251886785837 0.0064446573775571005 0.44891883973199631
v -0.039784308785618158 0.0064512157511275427 0.44885251838881279
v -0.068189742771954193 0.006642969481305422 0.48570716217094795
v -0.039495019504845949 0.006485961533741297 0.44825782049614693
v -0.039440928289712282 0.0064862465184491293 0.44818404857236649
v -0.039593452850402208 0.0064819791984122412 0.44841233063656594
v -0.039546007553160997 0.0064845328849118368 0.44833413679320122
v -0.068175576424271717 0.0066480898928206579 0.48566466242940859
v -0.039714873099745127 0.006467791430310549 0.44865852017123009
v -0.039678046742499681 0.0064735674929183142 0.44857483524996544
v -0.039637513721407266 0.0064783135127585547 0.44849264417011048
v -0.039748154843271585 0.006460992775515856 0.44874409008938576
v -0.039383491763890596 0.0064853859763901846 0.44811247829515244
v -0.039322944620669695 0.0064833817702096121 0.44804344121534134
v -0.039259722719014498 0.0064802692901652472 0.44797740671951081
v -0.039193516859830232 0.0064760522615473883 0.44791403208095337
v -0.039124654868663164 0.006470775387839617 0.44785363767463471
v -0.039053315559447618 0.0064644889604609625 0.44779637996274735
v -0.038979286590636583 0.0064572097432177679 0.44774209503251816
v -0.035724533984483088 0.021197577163235507 0.44991666618901993
v -0.035706704745114649 0.021207710884169898 0.44982699472624565
v -0.035746356735051478 0.021188139140264354 0.45000585336405541
v -0.03583468336802801 0.021165017194704375 0.45026604253966118
v -0.035801446327985133 0.021171807467595897 0.45018057320434357
v -0.035765288660348261 0.02118158449198421 0.45007214490491654
v -0.035692764708817805 0.021218522607938609 0.44973642546850945
v -0.035682792106688822 0.02122990336980041 0.44964536074716355
v -0.035674797633708323 0.021254022761837802 0.44946233350950981
v -0.038139460871041628 0.021285791106180511 0.44739423487502838
v -0.038318319508851381 0.021260317571119628 0.44743388686496521
v -0.038493043074429842 0.021235829375342689 0.44748897645789887
v -0.038744664082349153 0.021202564395622573 0.44759971071202065
v -0.038824798801959368 0.021192790165201984 0.44764368031341339
v -0.038922881970227571 0.02118158449198421 0.44770395178515221
v -0.038979308942378374 0.021175587705926261 0.44774211365896965
v -0.038578169683039995 0.021224227890030704 0.4475220756622007
v -0.03866229791385016 0.02121308275278028 0.44755908642131592
v -0.037320452073634477 0.021391986094073615 0.44741207156497742
v -0.037410138437569948 0.021382097310976348 0.44739423487502838
v -0.037500852981627794 0.021371502585367522 0.44738027621228005
v -0.037591772416652056 0.021360352791504226 0.44737032223660256
v -0.037774799654305788 0.021336575194851718 0.44736233148891236
v -0.037857620308221193 0.021325346238569579 0.44736396689135338
v -0.03795782689195952 0.021311469532207809 0.44737032223660256
v -0.036646364519418086 0.021439723826603255 0.44769127834755684
v -0.036724800506652201 0.021437261409715972 0.44764368031341339
v -0.03680531148058256 0.021433722383932433 0.44759951327163483
v -0.036887301394761408 0.021429155178026519 0.44755908642131592
v -0.036971191206992479 0.021423565379933677 0.44752217251974846
v -0.037056578585923525 0.02141700607504066 0.44748896900731827
v -0.03711120624286017 0.021412384852425418 0.44746993649918343
v -0.037231279799760195 0.021401168003336749 0.44743388686496521
v -0.03605457980376562 0.021413346908644996 0.44825782049614693
v -0.036108592787803019 0.02142035976763185 0.44818414542991425
v -0.036166107544720973 0.021426462724463306 0.44811247829515244
v -0.036226650962651576 0.021431563578204475 0.44804344494063164
v -0.036289876589597071 0.021435614831404052 0.44797740671951081
v -0.036356078723491038 0.021438617415384612 0.44791403580624367
v -0.036424944439948405 0.021440537802533469 0.44785363767463471
v -0.036514798441947306 0.021441400207237563 0.44778233189303185
v -0.036570290366233195 0.021441091939465366 0.44774211365896965
v -0.035682792106688822 0.021279321208254657 0.44927930627185608
v -0.035706704745114649 0.021305021054701171 0.44909767229277398
v -0.035737308004916514 0.021325419813052974 0.44895377922970559
v -0.035746356735051478 0.021330343715504966 0.44891881365496422
v -0.035801446327985133 0.021354524574832282 0.44874409008938576
v -0.035834728071511592 0.0213659854304355 0.4486585089953592
v -0.035871552566111888 0.021376845582978091 0.44857483524996544
v -0.035912087449849452 0.021387101307169757 0.44849264044482018
v -0.035956146458209361 0.021396646432236991 0.44841233063656594
v -0.036047904083550776 0.021412384852425418 0.44826740939337517
v -0.035682792106688822 0.0063534790348570959 0.44927930627185608
v -0.035674797633708323 0.0063787774812739508 0.44946233350950981
v -0.035682792106688822 0.0064028968733113424 0.44964536074716355
v -0.03569272745591482 0.0064142459702056067 0.44973616097289826
v -0.035706704745114649 0.0064250902902644293 0.44982699472624565
v -0.03572462711674055 0.0064352677833598272 0.44991707969624306
v -0.035746349284470881 0.0064446573775571005 0.45000582356173302
v -0.035765288660348261 0.0064512157511275427 0.45007214490491654
v -0.035801446327985133 0.006460992775515856 0.45018057320434357
v -0.035912016669333781 0.006245715699748338 0.44849277455527092
v -0.035871552566111888 0.0062559546601336606 0.44857483524996544
v -0.03583458651048025 0.0062668604474824079 0.44865885544735695
v -0.035801446327985133 0.0062782747369568952 0.44874409008938576
v -0.035746356735051478 0.0063024574589293607 0.44891881365496422
v -0.035737308004916514 0.0063073804300587781 0.44895377922970559
v -0.035706704745114649 0.0063277782570880063 0.44909767229277398
v -0.036356186756909693 0.0061941800337594159 0.44791393522340561
v -0.036289876589597071 0.0061971863430302747 0.44797740671951081
v -0.036226367840588893 0.0062012580853264936 0.44804375413972641
v -0.036166107544720973 0.0062063375186484464 0.44811247829515244
v -0.036108730623544062 0.0062124246429961331 0.44818396661597992
v -0.036054576078475321 0.0062194542657893308 0.44825782422143723
v -0.036047904083550776 0.006220415390686334 0.44826740939337517
v -0.035956146458209361 0.0062361547421973355 0.44841233063656594
v -0.037056556234181734 0.0062157923054259427 0.44748897645789887
v -0.036971437076152178 0.0062092525583069928 0.4475220719369104
v -0.036887301394761408 0.0062036441337626584 0.44755908642131592
v -0.036804938951552714 0.006199060164050401 0.44759970698673035
v -0.036724800506652201 0.0061955397647183545 0.44764368031341339
v -0.036646439025224055 0.0061930792104762204 0.44769122991878296
v -0.036570294091523493 0.0061917083036463864 0.44774210993367936
v -0.036514798441947306 0.0061914009671967633 0.44778233189303185
v -0.036424944439948405 0.0061922633719008573 0.44785363767463471
v -0.037774799654305788 0.0062962250482600339 0.44736233148891236
v -0.037591772416652056 0.0062724465202849515 0.44737032223660256
v -0.037500484177888246 0.0062612538855832227 0.44738032464105393
v -0.037410138437569948 0.0062507020008128293 0.44739423487502838
v -0.037320243457377764 0.0062407927286189206 0.447412116268461
v -0.037231279799760195 0.0062316322397750028 0.44743388686496521
v -0.03711120624286017 0.006220415390686334 0.44746993649918343
v -0.038493043074429842 0.0063969717990916388 0.44748897645789887
v -0.038318319508851381 0.0063724817406695502 0.44743388686496521
v -0.038922881970227571 0.0064512157511275427 0.44770395178515221
v -0.038824798801959368 0.0064400100779097693 0.44764368031341339
v -0.038744321355641695 0.0064301939379733221 0.44759953189808632
v -0.03866229791385016 0.006419716559008898 0.44755908642131592
v -0.03857844907981238 0.0064086096059840338 0.44752219114619995
v -0.038139460871041628 0.0063470100682538168 0.44739423487502838
v -0.03795782689195952 0.006321331642226518 0.44737032223660256
v -0.037857620308221193 0.0063074549358647473 0.44736396689135338
v -0.072088661633477463 0.021327351376072726 0.48952074889261038
v -0.074575973704502835 0.020426370359615642 0.48205881174821169
v -0.074556332809896125 0.020437626324252445 0.48211773419920118
v -0.073980168702126398 0.020734943605617843 0.48384622722100229
v -0.073996627267495646 0.020727293721989951 0.48379685175772519
v -0.073374023458034648 0.02098470941896852 0.48566466242940859
v -0.073359857110352172 0.020989830761806331 0.48570716217094795
v -0.072748023580805316 0.02118165713514503 0.48754266200288893
v -0.072737367155075922 0.02118450418825563 0.48757463151290775
v -0.072096061806240036 0.021326053112403712 0.4894985480250767
v -0.10915259484392495 0.016200991270722106 0.46688960474151875
v -0.10918097038012833 0.015934374106706336 0.46691946108061583
v -0.10908108417135567 0.017356499952853873 0.46659530867058541
v -0.10909509871345849 0.016973327768624976 0.46672340277749802
v -0.10911909330827088 0.016588183043183043 0.46682128105479981
v -0.10913313392740578 0.016412749809802726 0.46685592439193035
v -0.10914474193197579 0.018817648447708446 0.46578349154609944
v -0.1091091058049807 0.018476870067076046 0.46602495555001999
v -0.10908723835092873 0.018121531389312107 0.46624027360398079
v -0.10908377755624146 0.018030246875838596 0.46629010867494847
v -0.10907793257576318 0.017737459547476131 0.46643588114697243
v -0.10907767925602288 0.017686277551234919 0.46645924057978894
v -0.1095077751968512 0.020094162940637428 0.46443179417568947
v -0.10940086309057565 0.019868046201423961 0.46474492903966214
v -0.10931097183567376 0.019616730667309124 0.46504563819784428
v -0.10923683483344407 0.019340636364774066 0.46533280965108181
v -0.10919567410093636 0.019142879329280216 0.46551605668086316
v -0.10917566556674332 0.0190288994159859 0.46561428699809815
v -0.10916048873406739 0.018931622773067314 0.46569419633764531
v -0.12269926283699366 0.02129140046204742 0.44580818135458733
v -0.12272778365951868 0.021229307323352656 0.4458295719714811
v -0.12273298789006563 0.020891611620442233 0.44613442737776543
v -0.12274554211837145 0.021187869056717715 0.44584518466312195
v -0.12275306347948405 0.02116832525248941 0.44585358146745468
v -0.12275953430873247 0.021150156080381236 0.4458620304258516
v -0.12276411269050928 0.021136293343858085 0.44586891103703286
v -0.12277145523768755 0.021111656136469207 0.4458821283670118
v -0.12277320612412783 0.021105200208381972 0.44588581267911698
v -0.1227800569329867 0.021076379499987922 0.4459034295769384
v -0.12278581250649782 0.021043636992232165 0.44592598248440529
v -0.12278904605847689 0.021012786931948028 0.44594998452979828
v -0.12278991032582613 0.020983326404945216 0.44597572628576065
v -0.12272525791269633 0.020838608190075717 0.44619196821171547
v -0.12272080619078966 0.020836682214991412 0.44619960878211762
v -0.12275792125803324 0.020864605128423534 0.4461253078671148
v -0.12274805668932291 0.020853907026008926 0.44614797998387123
v -0.12273720119339319 0.020845319300548396 0.44617008585650231
v -0.12271207038503977 0.020833653553978763 0.4462139399738958
v -0.12270447824341151 0.020831724784926734 0.44622577149588372
v -0.12269742999416682 0.020830441422418914 0.44623630661684777
v -0.12278939623576494 0.020967790081755481 0.44599053431469704
v -0.12278834197861048 0.020954053073779903 0.44600439611989762
v -0.12278723929268213 0.02094439525868114 0.4460146071406057
v -0.12278485510689112 0.020929483852938972 0.44603124801236893
v -0.12278340969425532 0.020922507315532527 0.44603945855218674
v -0.12277994144898745 0.020909101858393512 0.44605614040214325
v -0.12277778823119494 0.020902354426340423 0.44606506619769837
v -0.12277386922580096 0.020892069831148944 0.4460795091481855
v -0.12277025569421145 0.020884211331264339 0.44609136302191521
v -0.12276679117423388 0.020877751677886806 0.44610175285655762
v -0.12276074502807947 0.020868352770463786 0.44611820373851563
v -0.12268707368713709 0.020829326629297099 0.44625109974462296
v -0.12267739910823199 0.02082900997962173 0.44626428354698922
v -0.11067740086656899 0.02082900997962173 0.46226428430694844
v -0.11049280900698991 0.020817577995018325 0.46252051349896695
v -0.11040806982857079 0.020804010487751327 0.46264547091144825
v -0.11032014552694649 0.020783711380915008 0.46278055552560593
v -0.1101585871372828 0.020727634586052261 0.46304494310337807
v -0.1100503302012095 0.020674215785817466 0.46323547307569291
v -0.10999684993368478 0.020642367347733337 0.46333410386163498
v -0.10984572235685677 0.020529246113852817 0.46363135408777501
v -0.1097092910502562 0.020390737026588279 0.46392777916211392
v -0.10958668057066293 0.02022654671932872 0.4642231890948465
v -0.10953098003012032 0.020135677575723487 0.46436871383506562
v -0.088389629760802668 0.020485200144008953 0.44767556507307793
v -0.088616052905143183 0.020598853163079578 0.44746908713299538
v -0.088156838232696932 0.020347410037772018 0.44787296448070313
v -0.088836040610493106 0.020689410313622317 0.44725325498897339
v -0.088908184582413119 0.020714662193910442 0.44717890191990639
v -0.089114984760106486 0.020774156942622028 0.44695502314883973
v -0.089312391618312281 0.020811778649346194 0.44672489706594254
v -0.089500928560317439 0.020828184827820621 0.44648801330644394
v -0.10195541408103793 0.021229307323352656 0.43025029245931412
v -0.1019263102505812 0.021170249364928565 0.43023319337684418
v -0.10194202538770526 0.021201037026600204 0.43024131078440453
v -0.10194637466412872 0.021210001006380878 0.43024400416929032
v -0.10190582115393966 0.021133448153392635 0.43022597376424576
v -0.10186650444012969 0.021076122454957328 0.43022504989225174
v -0.10188473601085037 0.021098933338777385 0.43022190202194954
v -0.10186898548346847 0.021075069129125438 0.43022076580840851
v -0.08955219973069517 0.02082900997962173 0.44642038066107537
v -0.10182738889199584 0.021018657058135829 0.43022427503186966
v -0.101839835086883 0.021034623652355037 0.43022233043033387
v -0.10184852805179447 0.021046219549731574 0.43022140655833985
v -0.10186283316654056 0.02106615078415092 0.43022072110492493
v -0.10179044332546085 0.020975208066062293 0.4302338825555494
v -0.10178352732402175 0.020967668078498206 0.43023625184017922
v -0.10176621776264995 0.020949531502680144 0.43024289403278138
v -0.10180568162542671 0.020992457091466746 0.4302292706461599
v -0.10181540463310569 0.021003946818069778 0.43022679332811142
v -0.10155219983500331 0.02082900997962173 0.43042038176376129
v -0.10164711836916297 0.020877584971145949 0.43033701349217202
v -0.10166904170256942 0.020868326693431697 0.4302995221706083
v -0.10166107144397586 0.020863411172882877 0.43030576948243882
v -0.101646207535685 0.020855036720291934 0.43031812999564911
v -0.10167984504443496 0.020875446654514632 0.43029147181827332
v -0.10169213105183929 0.020884166627780757 0.43028287757355477
v -0.10169940281850189 0.020889629766003451 0.43027807194906975
v -0.10172005769056171 0.020906331173734031 0.43026550281960274
v -0.10174218032699912 0.020926063105122409 0.43025375325400139
v -0.10176103588384479 0.020944301195101104 0.43024507332760598
v -0.101562168711842 0.020829330354587398 0.43040737305003907
v -0.10156962674301952 0.020829979486421905 0.43039800394493843
v -0.10158159796339362 0.020831731304184756 0.43038359452206398
v -0.10158844318431705 0.020833115249530635 0.43037569318134095
v -0.1016021261755833 0.02083668780292686 0.43036061320621277
v -0.10160675484877914 0.020838133215562663 0.43035572562534119
v -0.10162478525382369 0.020844863883809409 0.43033765424210335
v -0.10164280448299735 0.020853269070045314 0.43032109532672669
v -0.087252667436421794 0.019604464217678863 0.44851837847549225
v -0.087503003219188136 0.019845386191860992 0.44835736397821213
v -0.087006345653952044 0.019336681969122249 0.44866445828396584
v -0.08775580514413206 0.020060228339986164 0.44818147812206055
v -0.087852835917890948 0.020135596550659496 0.44811026547271515
v -0.087917870173276347 0.020183980621055919 0.44806134123522545
v -0.08650925781768648 0.018679490469054538 0.44892150331455971
v -0.086363662296951693 0.018448004655198413 0.44898642394859101
v -0.08629657913190214 0.018333507857875186 0.4490145387144735
v -0.086620416754902285 0.018842645145611125 0.44886859301645066
v -0.086684318522036952 0.018931762471453506 0.44883694295007492
v -0.086765850225509089 0.019040935828940231 0.44879529420453812
v -0.085576610902369885 0.016412701381028846 0.44918853584844376
v -0.085649462679446606 0.016736522240222648 0.44919271562415863
v -0.08576206144136278 0.017126835805953696 0.44918119702655579
v -0.085900018254340571 0.017510084358633712 0.44915117863733078
v -0.085930279718757552 0.017584992495955187 0.44914300907570626
v -0.085973188543737811 0.017686799091876704 0.44913063366133477
v -0.086103056820155066 0.017968731157140094 0.44908835906702782
v -0.085427112208724884 0.015119377446950627 0.44910406489092614
v -0.085502230824948219 0.015934374106706336 0.44916040618140007
v -0.085562608467460541 0.016339139936150267 0.44918589834291245
v -0.085381600337148575 0.013816399433755865 0.44906993005592133
v -0.085427112208724884 0.012513421399177263 0.44910406489092614
v -0.085502230824948219 0.011698426602066703 0.44916040618140007
v -0.08553883832138863 0.011431807575405784 0.44917928595263268
v -0.085841384979010504 0.010276298893274015 0.44916553218085076
v -0.085714489484251408 0.010659471077502914 0.4491879435272863
v -0.085613807926000027 0.011044617665589996 0.4491923170180967
v -0.085576620215595631 0.011220049036325164 0.44918853584844376
v -0.086602904165209216 0.0088151527267258806 0.44887711275536324
v -0.086381077097774428 0.0091559292447131319 0.4489789323898008
v -0.086180495360911769 0.00951126978512222 0.44906021077353264
v -0.085995316768110674 0.0098953397643130481 0.44912391696292664
v -0.085972964094997328 0.0099465212948929727 0.44913070071656014
v -0.087798884401143473 0.0075386373024743224 0.4481501223536184
v -0.087528210395992678 0.0077647549730103646 0.44834043625909592
v -0.087264698261440676 0.0080160686444800539 0.44851093162018563
v -0.08700977105838148 0.0082921648096602601 0.44866250995713974
v -0.086845379585445803 0.0084899218451541109 0.44875333253461624
v -0.086684217939198893 0.0087011774700444383 0.4488369913788488
v -0.10198393490356296 0.0063413997810643332 0.43027168307620789
v -0.10195541408103793 0.0064034929197590964 0.43025029245931412
v -0.10166129309874862 0.0067411886226695196 0.43033065814692284
v -0.10193545397561878 0.0064449311863940375 0.43023761902171875
v -0.10192524109226554 0.0064645597409766333 0.43023272771555687
v -0.10180565741103977 0.0066403673660319464 0.4302292780967405
v -0.10179771136683315 0.0066494738381665365 0.43023157660085465
v -0.10182266522389739 0.0066200142424862997 0.43022519890386368
v -0.10191536348503917 0.0064826441627305166 0.43022890184242035
v -0.10190739136380046 0.0064966493916075842 0.43022640962321068
v -0.10189273048383087 0.0065211431753199713 0.43022308293897416
v -0.1018698721025595 0.0065564216744464056 0.4302207956107309
v -0.10184661325258106 0.0065891632508795874 0.43022158164698387
v -0.10160822075051158 0.0067941920530360357 0.43035419080573822
v -0.101602122450293 0.0067961198907654898 0.43036061320621277
v -0.10166306819957584 0.0067681951146882193 0.43030417133290078
v -0.10164406549376338 0.0067788941484254019 0.43031998519021775
v -0.10162588235181659 0.0067874809425633566 0.43033659625965859
v -0.10159081991952747 0.0067991466891329901 0.43037300352174546
v -0.10158158492487758 0.0068010763895075934 0.43038360569793488
v -0.10157344702822059 0.0068023597520154135 0.43039331752974297
v -0.10178350683492511 0.0066651535850327627 0.43023625929075981
v -0.10177062478107303 0.0066787471693318503 0.43024110961872841
v -0.1017610172573933 0.0066885204684298651 0.43024507705289627
v -0.10174582552355617 0.0067033154588502066 0.43025197629052903
v -0.10173825387102454 0.0067103804719012396 0.43025570903140808
v -0.10172330428105682 0.0067236983847182409 0.4302636625261953
v -0.10171526324194759 0.0067305063527386801 0.4302682707102945
v -0.10170256931525558 0.0067407304119628088 0.43027603421527649
v -0.10169214967829078 0.0067486280273955481 0.43028285894710327
v -0.10168319780570358 0.0067550485652249472 0.43028905783015992
v -0.10166906219166606 0.0067644716870349066 0.43029949609357621
v -0.10156214449745506 0.0068034736138146536 0.43040740285236145
v -0.10155219983500331 0.0068037902634900229 0.43042038176376129
v -0.08955219973069517 0.0068037902634900229 0.44642038066107537
v -0.08935790348988859 0.0068152231794160025 0.44666933436114098
v -0.089261671790898722 0.0068287906866830008 0.44678567145187165
v -0.08915660929125635 0.0068490897935193197 0.44690790195185448
v -0.088948034012735766 0.0069051647257369177 0.44713702593166138
v -0.08871572677236883 0.0069904328953784133 0.44737325776535775
v -0.088472681382716578 0.0071035531979363586 0.44760156963187958
v -0.088226313034118098 0.007242063216523471 0.44781554658133294
v -0.088150609547317904 0.0072893669527333404 0.44787804950196053
v -0.087977051997602862 0.0074062535237830306 0.44801596719939019
v -0.087852943951309603 0.0074971226673882629 0.44811018351632859
v -0.10967362139564843 0.0072853902053397323 0.46401055511254574
v -0.1097979417834887 0.0071476010304253722 0.46373180281538273
v -0.10993276376468034 0.0070339480113547469 0.4634566212089708
v -0.11007836673599572 0.0069433899294894354 0.46318500098008419
v -0.11012954477411599 0.0069181380492013113 0.46309492532331253
v -0.11028656576019616 0.0068586433004897253 0.46283370983022953
v -0.11045221079331727 0.0068210215937655585 0.46257976237851883
v -0.11062683005076737 0.0068046154152911322 0.46233244035560395
v -0.12274645481449457 0.0064475537907641546 0.44584644381124283
v -0.12275057871085497 0.006458347819403948 0.4458511227758577
v -0.12276000369531008 0.006485026485876383 0.44586363975126053
v -0.12273555088979098 0.0064209961962264197 0.44583584536034371
v -0.12272778365951868 0.0064034929197590964 0.4458295719714811
v -0.12276305843335482 0.0064944384318154471 0.44586838204581047
v -0.11067740086656899 0.0068037902634900229 0.46226428430694844
v -0.12277113858801218 0.0065218453925412314 0.44588320870119835
v -0.12278311539632174 0.0065753144841950552 0.44591681081969048
v -0.12278425906044337 0.0065821727436345236 0.4459216127188852
v -0.12278753359061571 0.0066066385876696722 0.44593974743205811
v -0.12277979988795611 0.0065579192411463873 0.44590515811163689
v -0.12277333278399798 0.0065301453393262045 0.44588800687510277
v -0.12278517175656649 0.0067003948312562124 0.44602818954903389
v -0.1227868406866202 0.0066906345706742422 0.44601715151387955
v -0.12278840903383585 0.0066779667210143225 0.44600360263306404
v -0.12278942603808733 0.0066642986309092657 0.44598985258657242
v -0.12278982836943957 0.006646832607344927 0.4459734315069368
v -0.12278963465434405 0.0066363105248969214 0.44596409592944886
v -0.12278836060506197 0.0066152030300658362 0.44594649393278862
v -0.12267739910823199 0.0068037902634900229 0.44626428354698922
v -0.12269246045690867 0.0068028589409154074 0.44624337721783425
v -0.12270032827001902 0.0068015662651818411 0.44623173941094185
v -0.12270650107604357 0.0068001152646105902 0.44622222501951958
v -0.12271956566912028 0.0067955964874785559 0.44620080087501313
v -0.12272092167478892 0.0067950023036759512 0.44619846511799599
v -0.12273035783511492 0.0067901147228043692 0.44618154857475067
v -0.12273169521433207 0.0067893063348096029 0.44617904890496041
v -0.12273558814269396 0.0067867694121163504 0.44617160577494408
v -0.12273920167428347 0.0067841542583268301 0.44616446439344193
v -0.12274720732313486 0.0067773425650160925 0.44614773784000183
v -0.12275478828889223 0.0067693089764874594 0.44613047484475876
v -0.12275746677261683 0.0067660195451539175 0.44612397048789765
v -0.12276150498730036 0.0067605210166733877 0.44611368868667389
v -0.12276640001875254 0.0067528040778201239 0.44610027019101883
v -0.12276751388055178 0.0067508538883488791 0.44609704036433007
v -0.12277025941950175 0.0067456887733500616 0.44608876276928688
v -0.12277282986980768 0.0067403038662236349 0.44608051497656609
v -0.12277323592645022 0.0067394004833262579 0.44607916269618775
v -0.12277744177919718 0.0067289063405554907 0.44606414605099465
v -0.12278011281234118 0.0067208690267365591 0.4460533687861612
v -0.12278443787437769 0.0067040251266520636 0.44603244383055474
v -0.10930719439131112 0.0080283360254328889 0.46505927276033665
v -0.10939167279940934 0.0077874140512507592 0.46477386709470059
v -0.10923592586261124 0.0082961192053120775 0.46533664483744408
v -0.10948973734122605 0.0075725728344481612 0.46448193099517132
v -0.10953093160134644 0.007497204623774829 0.46436884049493576
v -0.10955969084245057 0.0074488205533784057 0.46429270859975125
v -0.10912834692937226 0.0089533088427346391 0.46588582154530789
v -0.10910678867441506 0.009184794656590764 0.46604377199131752
v -0.10909858558517785 0.0092992933165591402 0.46611604448575283
v -0.10914801646214814 0.0087901541661780519 0.46576429512519146
v -0.10916050736051888 0.008701037771658246 0.4656940864415815
v -0.1091776623223433 0.0085918644141715211 0.46560415420848633
v -0.10913313765269608 0.011220099327744194 0.46685593184251095
v -0.10910872582537026 0.010896276605905243 0.46678716484624649
v -0.10908825535518021 0.010505964902819343 0.46667584572154786
v -0.10907844666582436 0.010122714487494177 0.46653500180858876
v -0.10907781709176392 0.010047806350172704 0.46650366280395295
v -0.10907768298131318 0.0099459997542511881 0.46645900588650013
v -0.10908190000993104 0.0096640700172942341 0.46632249448615815
v -0.10925608713370652 0.012513421399177263 0.46697580050844462
v -0.10918097038012833 0.011698426602066703 0.46691946108061583
v -0.10913958613020272 0.011293658909977623 0.46686863694507386
v -0.10925608713370652 0.015119377446950627 0.46697580050844462
v -0.10930159900528283 0.013816399433755865 0.46700993348080427
v -0.10168278988641589 0.028659644692794653 0.44927930627185608
v -0.10167479913872569 0.028671705320135923 0.44946233350950981
v -0.10341013807994216 0.028687636524097296 0.44739423487502838
v -0.10323127944213241 0.028674858778373571 0.44743388686496521
v -0.11026476908665986 0.028539275906638475 0.43648230824786927
v -0.10305655587655395 0.028662605367259356 0.44748897645789887
v -0.10257029000860542 0.028632591634647223 0.44774211365896965
v -0.10249628339153617 0.028628978103057715 0.44779637996274735
v -0.10280528504592269 0.028646030619398924 0.44759952817279602
v -0.10272480014902442 0.028641143038527342 0.44764368031341339
v -0.10264644239288657 0.028636653132395121 0.44769122991878296
v -0.1029711647723326 0.02865679298307118 0.44752218369561936
v -0.10288730103713363 0.028651250682429644 0.44755908642131592
v -0.10242494408232063 0.028625859103755327 0.44785363767463471
v -0.10235608209115356 0.028623242087320658 0.44791403208095337
v -0.10228987623196929 0.028621152199463221 0.44797740671951081
v -0.1022266543303141 0.028619609929279657 0.44804344121534134
v -0.10216610718709319 0.028618618070737692 0.44811247829515244
v -0.10210864085894912 0.028618191524998518 0.44818408209997918
v -0.10205457944613784 0.028618332154707285 0.44825782049614693
v -0.10200360629898399 0.028619039959863993 0.44833411444145943
v -0.10195614610058158 0.028620304695920321 0.44841233063656594
v -0.10191209640544742 0.028622120774940821 0.44849262181836869
v -0.10187155220848411 0.028624475158409449 0.44857483524996544
v -0.10183473702710956 0.028627338975326391 0.448658494094198
v -0.10180144410771221 0.028630714088336798 0.44874409008938576
v -0.10177191559416145 0.028634562313215109 0.44883109424430634
v -0.10174635451477855 0.028638829633251997 0.44891881365496422
v -0.10172455411595195 0.028643520705060335 0.44900791514832283
v -0.10170670252484172 0.02864857219870505 0.44909767229277398
v -0.10169277366441577 0.028653958968476625 0.44918816331941391
v -0.11129921514731736 0.02870951049740729 0.43725814465600754
v -0.11234159980160088 0.028766400336877676 0.43803993035275246
v -0.1049793085847506 0.028766242943362566 0.44774211365896965
v -0.10490320835453362 0.028765544451431604 0.44769125972110535
v -0.1048247984443316 0.028764289959923597 0.44764368031341339
v -0.10474469352704377 0.028762495301322313 0.44759972561318184
v -0.10466229755622239 0.028760158612982603 0.44755908642131592
v -0.10457821030360549 0.028757304109291407 0.4475220905633619
v -0.10449304271680206 0.028753973699764582 0.44748897645789887
v -0.1044062173758158 0.02875016365911183 0.44745950568634774
v -0.1043183191512236 0.028745920553461882 0.44743388686496521
v -0.1042294262741217 0.028741272322491976 0.44741213489491249
v -0.10413946051341384 0.028736241317943903 0.44739423487502838
v -0.10404911477309554 0.028730893663720461 0.44738032464105393
v -0.10395782653433173 0.028725226565853926 0.44737032223660256
v -0.103774799296678 0.028713208779351088 0.44736233148891236
v -0.10371919561368316 0.028709417365149828 0.44736306909639145
v -0.10359177205902427 0.028700550242916914 0.44737032223660256
v -0.10580324221593232 0.028710063703016611 0.44891881365496422
v -0.10574815262299866 0.028722277998582693 0.44874409008938576
v -0.11338398073059411 0.02870951049740729 0.43882171977478768
v -0.10571503106695504 0.028728051267222734 0.44865890015084053
v -0.10567804638487191 0.028733578666703077 0.44857483524996544
v -0.10563742209416718 0.028738789416508051 0.44849246535617615
v -0.10559345249277444 0.02874362391199288 0.44841233063656594
v -0.10554586935979218 0.028748084015802713 0.44833391700107361
v -0.10549501914721818 0.028752111054615351 0.44825782049614693
v -0.10544088695389123 0.028755687333301874 0.44818399269301201
v -0.10538349140626282 0.028758786774830195 0.44811247829515244
v -0.1053232534621367 0.028761373988942476 0.4480437764914682
v -0.10525972236138673 0.028763449906961294 0.44797740671951081
v -0.10519334886413903 0.028764983795241686 0.44791387561876084
v -0.10512465451103539 0.028765959821299883 0.44785363767463471
v -0.10503480050903649 0.028766400336877676 0.44778233189303185
v -0.10413946051341384 0.028687636524097296 0.45153042841870095
v -0.1043183191512236 0.028674858778373571 0.45149077642876412
v -0.10449304271680206 0.028662605367259356 0.45143568683583046
v -0.10457864988786071 0.028656779013232561 0.45140239019114281
v -0.1048247984443316 0.028641143038527342 0.45128098670560624
v -0.104903025815309 0.028636660582975718 0.45123351905662323
v -0.1049793085847506 0.028632591634647223 0.45118255336004998
v -0.10505301345330567 0.028628992072896334 0.45112851802427079
v -0.10466229755622239 0.028651250682429644 0.45136558059770371
v -0.10474452216369004 0.028646017580882879 0.45132503081280495
v -0.10512465451103539 0.028625859103755327 0.45107102561909462
v -0.10519369159084649 0.02862323649938521 0.45101047475058342
v -0.10525972236138673 0.028621152199463221 0.45094725657421852
v -0.10532310445052476 0.028619607135311934 0.45088104698974396
v -0.10538349140626282 0.028618618070737692 0.45081218499857689
v -0.10544075656873078 0.028618191524998518 0.45074084196407105
v -0.10549501914721818 0.028618332154707285 0.4506668427975824
v -0.11441843051654191 0.028539275906638475 0.43959755618292595
v -0.10554585445863099 0.028619037165896269 0.45059076864439751
v -0.10559345249277444 0.028620304695920321 0.45051233265716339
v -0.1056376120839724 0.028622126362876268 0.45043182913381363
v -0.10567804638487191 0.028624475158409449 0.45034983176905419
v -0.10571495283585877 0.028627347357229563 0.45026594940740372
v -0.10574815262299866 0.028630714088336798 0.45018057320434357
v -0.10577756006461472 0.028634544618086191 0.45009396393019463
v -0.10580324221593232 0.028638829633251997 0.45000585336405541
v -0.10582502398830743 0.028643516048447462 0.44991684872824456
v -0.10584289420586915 0.02864857219870505 0.44982699472624565
v -0.10585685659390778 0.028653972938315245 0.44973626528102661
v -0.10586680684429498 0.028659644692794653 0.44964536074716355
v -0.10587480131727547 0.028671705320135923 0.44946233350950981
v -0.10586680684429498 0.028684388070957037 0.44927930627185608
v -0.10584289420586915 0.028697304583744379 0.44909767229277398
v -0.10580538798314423 0.028709490939633223 0.44892688263375069
v -0.10280510250669807 0.02876249064470944 0.45132504198867585
v -0.10272480014902442 0.028764289959923597 0.45128098670560624
v -0.10264659140449851 0.028765541657463881 0.45123353395778443
v -0.10288730103713363 0.028760158612982603 0.45136558059770371
v -0.10297097478252738 0.028757319941775175 0.45140240136701371
v -0.10305655587655395 0.028753973699764582 0.45143568683583046
v -0.10314353767973274 0.028750156208531233 0.45146520976144577
v -0.10323127944213241 0.028745920553461882 0.45149077642876412
v -0.10332039956194251 0.028741260215298506 0.45151258055288102
v -0.10341013807994216 0.028736241317943903 0.45153042841870095
v -0.10350064773303359 0.02873088341917214 0.45154436100441719
v -0.10359177205902427 0.028725226565853926 0.45155434105712677
v -0.103774799296678 0.028713208779351088 0.45156233180481697
v -0.10383040297967285 0.028709417365149828 0.45156159792262818
v -0.10395782653433173 0.028700550242916914 0.45155434105712677
v -0.10174635451477855 0.028710063703016611 0.45000585336405541
v -0.10180144410771221 0.028722277998582693 0.45018057320434357
v -0.10168278988641589 0.028684388070957037 0.44964536074716355
v -0.10170670252484172 0.028697304583744379 0.44982699472624565
v -0.10174421061021179 0.028709490939633223 0.44999778065997864
v -0.10191200141054481 0.028738768927411409 0.45043185893613602
v -0.10195614610058158 0.02874362391199288 0.45051233265716339
v -0.10183465693336814 0.028728065237061354 0.45026597920972611
v -0.10187155220848411 0.028733578666703077 0.45034983176905419
v -0.10200365286511272 0.028748077496544691 0.45059062335807587
v -0.10205457944613784 0.028752111054615351 0.4506668427975824
v -0.10210885320049613 0.028755695715205046 0.45074085686523224
v -0.10216610718709319 0.028758786774830195 0.45081218499857689
v -0.10222650531870216 0.028761379576877924 0.45088105816561486
v -0.10228987623196929 0.028763449906961294 0.45094725657421852
v -0.10235591817838043 0.028764977275983664 0.45101048592645432
v -0.10242494408232063 0.028765959821299883 0.45107102561909462
v -0.10251479808431953 0.028766400336877676 0.45114233140069748
v -0.10257029000860542 0.028766242943362566 0.45118255336004998
v -0.10586680684429498 -0.0010515878278452833 0.44927930627185608
v -0.10587480131727547 -0.0010389069396693189 0.44946233350950981
v -0.11441843051654191 -0.00090647659484929637 0.43959755618292595
v -0.10586680684429498 -0.0010268444496828993 0.44964536074716355
v -0.10582503516417832 -0.0010107176679808576 0.44991678912359978
v -0.10580324221593232 -0.0010060275274950941 0.45000585336405541
v -0.10585683796745629 -0.0010211633819777449 0.44973639566618706
v -0.10584289420586915 -0.0010157728869158705 0.44982699472624565
v -0.10577755261403413 -0.0010017434436518629 0.45009398255664612
v -0.10574815262299866 -0.00099791384522504405 0.45018057320434357
v -0.10571494538527818 -0.00099454618279523448 0.45026596803385521
v -0.10567804638487191 -0.00099167398397512034 0.45034983176905419
v -0.10563760090810151 -0.00098932705108708933 0.45043184776026512
v -0.10559345249277444 -0.00098750538413114146 0.45051233265716339
v -0.10554590288740487 -0.00098623878542966441 0.45059069413859154
v -0.10549501914721818 -0.00098553098027295664 0.4506668427975824
v -0.10544074539285989 -0.00098539314453191355 0.45074085686523224
v -0.10538349140626282 -0.00098581782762593821 0.45081218499857689
v -0.10532309327465386 -0.00098680502955503062 0.45088106189090515
v -0.10525972236138673 -0.00098835102502889231 0.45094725657421852
v -0.10519368041497559 -0.00099043718759603099 0.45101048592645432
v -0.10512465451103539 -0.00099305979196614817 0.45107102561909462
v -0.10505305815678925 -0.00099618903581685618 0.4511284807713678
v -0.1049793085847506 -0.00099979139153546885 0.45118255336004998
v -0.10490300718885751 -0.0010038631338316877 0.45123353395778443
v -0.1048247984443316 -0.0010083409327704389 0.45128098670560624
v -0.10474449981194825 -0.0010132173377711256 0.45132504198867585
v -0.10466229755622239 -0.0010184513706404646 0.45136558059770371
v -0.10457862753611892 -0.0010239797014433821 0.45140240136701371
v -0.10449304271680206 -0.0010298060554701765 0.45143568683583046
v -0.1043183191512236 -0.0010420585352618177 0.45149077642876412
v -0.11234159980160088 -0.0011336000937659223 0.43803993035275246
v -0.10503480050903649 -0.0011336000937659223 0.44778233189303185
v -0.11338398073059411 -0.0010767111856181105 0.43882171977478768
v -0.10512465451103539 -0.0011331605095107038 0.44785363767463471
v -0.10519352022749276 -0.0011321807581622084 0.44791403208095337
v -0.10525972236138673 -0.0011306496638495405 0.44797740671951081
v -0.10532294426304192 -0.0011285858530241926 0.44804344494063164
v -0.10538349140626282 -0.0011259856003958662 0.44811247829515244
v -0.10544097636085839 -0.0011228824335772474 0.44818410817701126
v -0.10549501914721818 -0.0011193098801810224 0.44825782049614693
v -0.10554599229437203 -0.0011152716654974897 0.44833411444145943
v -0.10559345249277444 -0.0011108236688811262 0.44841233063656594
v -0.10563750032526345 -0.0011059807914931257 0.44849262181836869
v -0.10567804638487191 -0.0011007765609461744 0.44857483524996544
v -0.10571486342889161 -0.0010952780324656446 0.448658494094198
v -0.10574815262299866 -0.0010894777554709394 0.44874409008938576
v -0.10580324221593232 -0.0010772625285822828 0.44891881365496422
v -0.10580538798314423 -0.0010766925591666181 0.44892688263375069
v -0.10584289420586915 -0.0010645034093100508 0.44909767229277398
v -0.103774799296678 -0.0010804066735941847 0.44736233148891236
v -0.10395782653433173 -0.0010924244600970228 0.44737032223660256
v -0.11129921514731736 -0.0010767111856181105 0.43725814465600754
v -0.10404874969464629 -0.0010980720001894911 0.44738027621228005
v -0.10413946051341384 -0.0011034401435095747 0.44739423487502838
v -0.10422924373489707 -0.0011084618348319013 0.44741209391671921
v -0.1043183191512236 -0.0011131221729952772 0.44743388686496521
v -0.10440643716794341 -0.0011173727292258222 0.44745957646686341
v -0.10449304271680206 -0.0011211725253302534 0.44748897645789887
v -0.10457842264515251 -0.0011245103854376753 0.44752217997032906
v -0.10466229755622239 -0.0011273565072257002 0.44755908642131592
v -0.10474430609685273 -0.0011296848136622389 0.44759952444750573
v -0.1048247984443316 -0.0011314878541666944 0.44764368031341339
v -0.10490321953040452 -0.0011327432769972761 0.44769126717168595
v -0.1049793085847506 -0.0011334436315733869 0.44774211365896965
v -0.10168278988641589 -0.0010515878278452833 0.44964536074716355
v -0.10167479913872569 -0.0010389069396693189 0.44946233350950981
v -0.10168278988641589 -0.0010268444496828993 0.44927930627185608
v -0.10169278670293182 -0.0010211522061068495 0.44918806646186615
v -0.10177197706145137 -0.0010017546195227583 0.44883090425450112
v -0.10180144410771221 -0.00099791384522504405 0.44874409008938576
v -0.10174635451477855 -0.0010060275274950941 0.44891881365496422
v -0.10170670252484172 -0.0010157728869158705 0.44909767229277398
v -0.10172460254472583 -0.0010107102174002607 0.44900769163090493
v -0.10183456380111068 -0.0009945536333758314 0.44865891132671143
v -0.10187155220848411 -0.00099167398397512034 0.44857483524996544
v -0.10191219140035003 -0.00098931587521619395 0.44849244300443436
v -0.10195614610058158 -0.00098750538413114146 0.44841233063656594
v -0.10200372923356384 -0.00098623878542966441 0.44833392072636391
v -0.10205457944613784 -0.00098553098027295664 0.44825782049614693
v -0.10210871163946479 -0.00098538941924161509 0.44818399269301201
v -0.11026476908665986 -0.00090647659484929637 0.43648230824786927
v -0.10216610718709319 -0.00098581782762593821 0.44811247829515244
v -0.10222634513121932 -0.00098680502955503062 0.4480437802167585
v -0.10228987623196929 -0.00098835102502889231 0.44797740671951081
v -0.10235625345450729 -0.00099044836346692637 0.44791387189347054
v -0.10242494408232063 -0.00099305979196614817 0.44785363767463471
v -0.1024964659307608 -0.00099618531052655772 0.44779623840171601
v -0.10257029000860542 -0.00099979139153546885 0.44774211365896965
v -0.10264639396411269 -0.0010038519579607923 0.44769125972110535
v -0.10272480014902442 -0.0010083409327704389 0.44764368031341339
v -0.10280491251689285 -0.0010132061619002302 0.44759972188789154
v -0.10288730103713363 -0.0010184513706404646 0.44755908642131592
v -0.10297138083916992 -0.0010240057784754713 0.44752209428865219
v -0.10305655587655395 -0.0010298060554701765 0.44748897645789887
v -0.10323127944213241 -0.0010420585352618177 0.44743388686496521
v -0.10341013807994216 -0.0010548362809855421 0.44739423487502838
v -0.10359177205902427 -0.0010677518624503095 0.44737032223660256
v -0.10371919561368316 -0.0010766180533606489 0.44736306909639145
v -0.10251479808431953 -0.0011336000937659223 0.45114233140069748
v -0.10242494408232063 -0.0011331605095107038 0.45107102561909462
v -0.10235590327721923 -0.0011321770328719099 0.45101047475058342
v -0.10228987623196929 -0.0011306496638495405 0.45094725657421852
v -0.10222649414283126 -0.0011285784024435957 0.45088104698974396
v -0.10216610718709319 -0.0011259856003958662 0.45081218499857689
v -0.10210884202462524 -0.0011228936094481428 0.45074084196407105
v -0.10205457944613784 -0.0011193098801810224 0.4506668427975824
v -0.10200372737091869 -0.0011152828413683851 0.45059074256736542
v -0.10195614610058158 -0.0011108236688811262 0.45051233265716339
v -0.10191198837202876 -0.0011059658903319319 0.45043183285910393
v -0.10187155220848411 -0.0011007765609461744 0.45034983176905419
v -0.1018346476201424 -0.0010952631313044508 0.45026595313269402
v -0.10180144410771221 -0.0010894777554709394 0.45018057320434357
v -0.10174635451477855 -0.0010772625285822828 0.45000585336405541
v -0.10174421061021179 -0.0010766925591666181 0.44999778065997864
v -0.10170670252484172 -0.0010645034093100508 0.44982699472624565
v -0.103774799296678 -0.0010804066735941847 0.45156233180481697
v -0.10359177205902427 -0.0010924244600970228 0.45155434105712677
v -0.10413946051341384 -0.0010548362809855421 0.45153042841870095
v -0.10395782653433173 -0.0010677518624503095 0.45155434105712677
v -0.10383040297967285 -0.0010766180533606489 0.45156159792262818
v -0.1035006216560015 -0.0010980831760603865 0.4515443572791269
v -0.10341013807994216 -0.0011034401435095747 0.45153042841870095
v -0.10332037721020072 -0.0011084618348319013 0.45151257682759072
v -0.10323127944213241 -0.0011131221729952772 0.45149077642876412
v -0.10314356748205512 -0.0011173541027743299 0.45146521721202637
v -0.10305655587655395 -0.0011211725253302534 0.45143568683583046
v -0.10297095615607589 -0.0011245215613085707 0.45140239391643311
v -0.10288730103713363 -0.0011273565072257002 0.45136558059770371
v -0.10280508388024658 -0.0011296922642428358 0.45132503453809525
v -0.10272480014902442 -0.0011314878541666944 0.45128098670560624
v -0.10264657650333732 -0.0011327432769972761 0.45123352278191353
v -0.10257029000860542 -0.0011334436315733869 0.45118255336004998
v -0.11543707389575333 0.028256991102949949 0.44036153871733452
v -0.11643216226440758 0.027864804647521349 0.44110785219985749
v -0.11739611465674729 0.027365701429204314 0.44183081928807999
v -0.11832159970146508 0.026763479381458132 0.44252493027765061
v -0.11920157287460656 0.02606272340531763 0.44318491388279702
v -0.12002933982950539 0.025268764391199912 0.44380573723632599
v -0.1207985973749766 0.02438764662261423 0.44438268039542939
v -0.12150348935467097 0.023426074690775241 0.44491135124284531
v -0.12213865880113932 0.022391367859796847 0.44538772646505143
v -0.10198393490356296 0.02129140046204742 0.43027168307620789
v -0.10254454080206245 0.022391367859796847 0.43069213796574379
v -0.1031797065232405 0.023426074690775241 0.43116851318794991
v -0.10388460222822517 0.02438764662261423 0.43169718403536583
v -0.10465385977369637 0.025268764391199912 0.43227412719446923
v -0.10548162672859521 0.02606272340531763 0.4328949505479982
v -0.10636159990173669 0.026763479381458132 0.43355493042785431
v -0.10728708494645448 0.027365701429204314 0.43424904514271523
v -0.10825103733879418 0.027864804647521349 0.43497201223093773
v -0.10924612570744843 0.028256991102949949 0.4357183257134607
v -0.10924612570744843 -0.00062419272248334483 0.4357183257134607
v -0.10825103733879418 -0.0002320053357321699 0.43497201223093773
v -0.10728708494645448 0.00026709788258486369 0.43424904514271523
v -0.10636159990173669 0.0008693208616536198 0.43355493042785431
v -0.10548162672859521 0.0015700777691166953 0.4328949505479982
v -0.10465385977369637 0.0023640339892666892 0.43227412719446923
v -0.10388460222822517 0.0032451545518200967 0.43169718403536583
v -0.1031797065232405 0.0042067246210139384 0.43116851318794991
v -0.10254454080206245 0.0052414333146374812 0.43069213796574379
v -0.12269926283699366 0.0063413997810643332 0.44580818135458733
v -0.12213865880113932 0.0052414333146374812 0.44538772646505143
v -0.12150348935467097 0.0042067246210139384 0.44491135124284531
v -0.1207985973749766 0.0032451545518200967 0.44438268039542939
v -0.12002933982950539 0.0023640339892666892 0.44380573723632599
v -0.11920157287460656 0.0015700777691166953 0.44318491388279702
v -0.11832159970146508 0.0008693208616536198 0.44252493027765061
v -0.11739611465674729 0.00026709788258486369 0.44183081928807999
v -0.11643216226440758 -0.0002320053357321699 0.44110785219985749
v -0.11543707389575333 -0.00062419272248334483 0.44036153871733452
v -0.018850239256442372 0.0063413997810643332 0.44580805096942688
v -0.018821703532756154 0.0064035245847266333 0.44582945276219155
v -0.018816499302209203 0.0067413618486683981 0.44613443855363633
v -0.018803941348613087 0.0064449777525227682 0.445845072904413
v -0.018796386459887807 0.0064646100323956625 0.44585351068693901
v -0.018789941707671468 0.0064827074926655905 0.44586192611772324
v -0.018785318622411076 0.0064967108588975088 0.44586888123471047
v -0.018778013328135792 0.006521221406416239 0.44588203150946404
v -0.018776217738211934 0.0065278598737280981 0.44588582012969757
v -0.018769411632836644 0.0065565129440587179 0.44590334389526154
v -0.018763652334035222 0.0065892694216530935 0.44592590052801873
v -0.018760418782056157 0.0066201334517758505 0.44594991374928261
v -0.018759554514706914 0.0066496079486172812 0.44597566668111588
v -0.018824240455449406 0.0067943820428412573 0.44619199801403786
v -0.018828681001485173 0.0067963042926352637 0.44619962740856911
v -0.018791554758370702 0.0067683683406870978 0.4461253004165342
v -0.018801423052371327 0.0067790710997145788 0.44614798370916153
v -0.018812285998881642 0.0067876653444331305 0.4461701007576635
v -0.018837435433686558 0.0067993404042285101 0.44621398840266968
v -0.018845008948863332 0.0068012663793128149 0.44622579384762551
v -0.018852087000430409 0.006802557192401232 0.44623636994678284
v -0.0187600723300584 0.006665276519612612 0.44599060509521271
v -0.018761122861922566 0.0066788924556534903 0.44600435141641404
v -0.018762240449012105 0.0066886527162354605 0.44601467047054077
v -0.018764613458932225 0.0067034663331072943 0.44603120703417565
v -0.018766073772729222 0.0067105201702874319 0.44603950698096062
v -0.018769527116835896 0.0067238529842656271 0.44605610314924027
v -0.0187716989610799 0.0067306553643506186 0.44606510717589165
v -0.018775599340022389 0.0067408924620907919 0.44607947934586312
v -0.01877923149806339 0.0067487863522332327 0.4460913890989473
v -0.018782681116879765 0.0067552143406432287 0.44610173423010613
v -0.018788742164195363 0.0067646355998080389 0.44611822236496712
v -0.018862417230428044 0.0068036691915553229 0.44625113327223564
v -0.01887211416107494 0.0068039895665209906 0.44626434687692429
v -0.030872116128028232 0.0068039895665209906 0.46226434763688351
v -0.031056700537026721 0.006815420619801821 0.46252056751567627
v -0.031140366831839877 0.0068287813734572546 0.4626439137401035
v -0.031229356566489536 0.0068492835086148398 0.46278059650379921
v -0.031390888879121143 0.0069053509902518408 0.46304494310337807
v -0.031494902709544498 0.0069564042311471121 0.46322777476329113
v -0.031552573928654987 0.0069905819069903518 0.46333399582821633
v -0.03170370150548299 0.0071036891710322524 0.46363123301584031
v -0.053392887378157006 0.0072856360744994308 0.44787293467838074
v -0.053160101437986718 0.0071478357237141753 0.44767555017191674
v -0.053074980417312012 0.0071027243208449508 0.44759968090969826
v -0.052933719271839486 0.0070341938805144454 0.44746910948473717
v -0.052713681275070534 0.0069436078589718954 0.4472532326372316
v -0.052641604358375893 0.0069183764677804129 0.44717894662338997
v -0.052434809768617974 0.0068588724058430807 0.4469550827534845
v -0.052237404773057328 0.0068212376606028692 0.44672497157174851
v -0.052140571439684258 0.0068102666806738989 0.44660554994065071
v -0.052048869693697319 0.0068048184436123984 0.44648809898812081
v -0.03959410291355929 0.0064035245847266333 0.43025015462357308
v -0.039623257035435053 0.0064626766067307608 0.43023303318936135
v -0.039607482293666216 0.0064317790489953177 0.43024117667395378
v -0.039603181446016641 0.0064229147207301275 0.43024384025651718
v -0.039643755445302339 0.0064994880628150122 0.43022581357676293
v -0.039683006966532083 0.0065567271482508795 0.43022488225418831
v -0.03966484990161738 0.0065340140533011572 0.43022174555975701
v -0.039680449554742189 0.0065576528828900473 0.43022061679679657
v -0.051997483039320336 0.0068039895665209906 0.44642031733114029
v -0.039722055459440561 0.0066141059320729391 0.43022410366851593
v -0.039709769452036234 0.0065983423661749975 0.43022218514401223
v -0.039700906986416193 0.0065865182947676794 0.43022124637085701
v -0.039686762059152933 0.0065668059211533682 0.43022056836802269
v -0.039759181702555033 0.0066577737849515097 0.43023375217038895
v -0.039765958005607935 0.0066651610356133597 0.43023607302624489
v -0.039783424029172273 0.0066834652494948523 0.43024277482349182
v -0.039743779489816042 0.0066403375637095587 0.43022909183222557
v -0.039734211081684442 0.0066290294450085776 0.43022665549237038
v -0.039997482935012194 0.0068039895665209906 0.43042031843382622
v -0.039902549499691339 0.0067554173689644949 0.43033692408520485
v -0.039880570286930414 0.0067646449130337851 0.43029938433486725
v -0.039888605738104196 0.0067696014117758887 0.43030568380076195
v -0.039903424942911478 0.0067779497873347418 0.43031801078635956
v -0.039869830274999948 0.0067575649988215582 0.43029138241130616
v -0.039857458585918756 0.0067487844895880835 0.43028273228723313
v -0.039850265050352426 0.0067433809560101645 0.43027797509152199
v -0.039829602727712007 0.0067266767543118612 0.43026539851147438
v -0.039807470778048845 0.00670694016631061 0.43025364149529244
v -0.039788475522816988 0.0066885633092682974 0.43024489451367165
v -0.039987517783463808 0.0068036710542004721 0.43040731344539429
v -0.039980057889641138 0.0068030228536885397 0.43039794061500336
v -0.039968079218686434 0.0068012719672482626 0.43038352001625801
v -0.039961243310988756 0.0067998898845475332 0.43037562612611557
v -0.039947537967980715 0.0067963136058610098 0.43036052379924561
v -0.039942931646526667 0.0067948756438058035 0.43035565484482552
v -0.039924899378836962 0.0067881459068816321 0.43033758346158768
v -0.039906876424373003 0.0067797435146134512 0.43032101709563042
v -0.054543271923483246 0.008296309195117299 0.44866435770112778
v -0.054505026230634086 0.0082525519352715654 0.44864247162062432
v -0.054296959454239242 0.0080285278778832597 0.44851828161794449
v -0.054046603182376259 0.0077875835519593392 0.44835725221950318
v -0.053793734202206955 0.0075726845931571151 0.44818131420928742
v -0.053696554416836129 0.0074972083490651275 0.44810998607594277
v -0.053631849849642144 0.0074490682851832534 0.44806130770761277
v -0.055040348583877914 0.0089535100084107561 0.44892139528114106
v -0.055186390208125942 0.009185746468262021 0.44898650963026787
v -0.055253003986597889 0.0092994646799128694 0.44901442323047425
v -0.054930366838396423 0.0087920186739724321 0.44886906240302826
v -0.0548651500437864 0.0087010414969485445 0.4488367678614309
v -0.054783763626635902 0.0085920618545573396 0.44879519362170006
v -0.055972893053711288 0.011220099327744194 0.44918840546328331
v -0.055900052452505462 0.010896325034679123 0.44919258896428849
v -0.055787460209847324 0.010506030095399566 0.44918106664139534
v -0.05564948663306319 0.010122736839235967 0.44915104080158974
v -0.055619275460065239 0.010047949773849195 0.44914288241583611
v -0.055576305167795055 0.0099459997542511881 0.44913049210030342
v -0.055446514191151493 0.0096642395180028141 0.44908823985773827
v -0.056122392678678863 0.012513421399177263 0.44910393823105599
v -0.056047274993778103 0.01169843591529245 0.44916027579623963
v -0.055986900145233505 0.01129368871230001 0.449185767957752
v -0.056167904550255172 0.013816399433755865 0.44906980339605118
v -0.056122392678678863 0.015119377446950627 0.44910393823105599
v -0.056047274993778103 0.01593436479348059 0.44916027579623963
v -0.056010633969725006 0.016201192436398223 0.44917916674334313
v -0.055708091968716018 0.017356557694853499 0.44916539061981942
v -0.055834974424959057 0.016973450703204825 0.44918780569154526
v -0.055935657845855587 0.016588345093311026 0.44919218663293625
v -0.055972883740485542 0.016412751672447875 0.44918840918857361
v -0.055060901010454529 0.01864790373261388 0.44893086869437004
v -0.055168375635565155 0.018476918495849926 0.44897876102644707
v -0.054946566263259285 0.018817650310353595 0.44887694139200951
v -0.055368937814653747 0.018121639422730762 0.44906004313546921
v -0.055554158316970699 0.017737500525669414 0.449123771676605
v -0.055576530547858112 0.017686279413880068 0.4491305591555288
v -0.053750625142873154 0.02009407260234769 0.44814993236381317
v -0.054021291697443359 0.019867971695617992 0.448340249994581
v -0.054284801969350212 0.0196166654747289 0.4485107528062513
v -0.054539772013247841 0.01934053205664571 0.4486623646708181
v -0.054704100156248443 0.019142855114893276 0.44875316117126252
v -0.054791949952066772 0.019029996513978797 0.44879943672735001
v -0.054865250626624458 0.018931622773067314 0.44883682001549507
v -0.039565567189873072 0.02129140046204742 0.43027155641633774
v -0.03959410291355929 0.02122927565838512 0.43025015462357308
v -0.039888343105138155 0.020891439325765929 0.43033055383879448
v -0.039614070469559046 0.021187822490588985 0.43023747373539711
v -0.039624242374718996 0.021168273098425231 0.43023260478097702
v -0.039743762726009699 0.020992486893789134 0.43022908810693528
v -0.039751870820344301 0.020983192294494472 0.43023143131453301
v -0.039726905787409159 0.021012666791335902 0.43022504989225174
v -0.039634170273364397 0.021150093681768737 0.43022875655609871
v -0.03964205857557139 0.021136230945245586 0.43022628668863083
v -0.039656810725153299 0.021111578836695514 0.43022293392736222
v -0.039679678419650408 0.02107628636773046 0.43022064287382866
v -0.039702946582854601 0.021043529890136085 0.43022143263537194
v -0.039941437805116983 0.02083841913159307 0.43035410139877106
v -0.039947506303013178 0.020836498744444213 0.43036049399692322
v -0.039886556828440042 0.020864431902424655 0.43030404839832093
v -0.039905568847478243 0.020853728212074599 0.43031987343150879
v -0.039923763165295931 0.020845135830001197 0.43033649567682053
v -0.039958851674617143 0.020833459838883243 0.43037292529064919
v -0.039968060592234941 0.020831534795121513 0.43038349766451622
v -0.039976237604440065 0.020830243982033095 0.43039325792509819
v -0.039765931928575846 0.020967666215853057 0.43023606557566429
v -0.039778966719330164 0.020953907787458263 0.43024096805769707
v -0.039788447583139749 0.02094426207955297 0.43024488333780075
v -0.039803769702137323 0.020929334841327033 0.43025183845478798
v -0.039811238909185739 0.020922365754501186 0.43025551531631256
v -0.039826296532572122 0.020908947258846126 0.43026352469045426
v -0.039834257477939936 0.020902205414728484 0.43026808817106987
v -0.039847038948953958 0.020891908712343536 0.43027590010482575
v -0.039857398981273981 0.020884053937749229 0.43028268758374955
v -0.039866417909086557 0.020877584971145949 0.43028893117028977
v -0.039880512544930788 0.020868187926368079 0.43029933963138367
v -0.039987514058173509 0.02082913105155643 0.43040730972010399
v -0.039997482935012194 0.020828810676590762 0.43042031843382622
v -0.051997483039320336 0.020828810676590762 0.44642031733114029
v -0.052191771829546318 0.020817378691987357 0.44666925985533501
v -0.052286757418931351 0.020804018869654498 0.44678412173110749
v -0.052393054852307663 0.020783516734496913 0.44690781999546791
v -0.05260160032850586 0.020727448321537337 0.44713691044766213
v -0.052747994924009667 0.020676396943287215 0.44728795234281327
v -0.052833818161905632 0.020642219267443973 0.44737306032497193
v -0.05307685051304184 0.020529112003402072 0.44760136846620346
v -0.053323215136350022 0.020390616885976154 0.44781535286623741
v -0.053572427744091378 0.020226470350877601 0.44801574740726258
v -0.053696440795482026 0.020135679438368637 0.4481099003942659
v -0.031875914225400294 0.020347165099934894 0.46401066873389984
v -0.03175160128814062 0.020484964519397575 0.46373192574996258
v -0.031616809109271365 0.020598606362597305 0.46345679443496968
v -0.031471176335633594 0.020689192384139857 0.46318511273879315
v -0.031420043000996906 0.020714424706653915 0.46309511903840805
v -0.031386411080182391 0.020729365914718471 0.46303730439562107
v -0.03126303691607793 0.020773927837268672 0.4628339128585508
v -0.031097403058827716 0.020811563513831458 0.4625799728574207
v -0.031009873637975055 0.020822533562437854 0.46245357748288418
v -0.030922798702538806 0.020827981799499354 0.46233265642244126
v -0.018802939245522801 0.021184973574833236 0.44584642518479134
v -0.018798882404387776 0.021174349978224597 0.44585103709418084
v -0.018789401540578191 0.021147490635172687 0.44586364347655083
v -0.018813824543774907 0.021211509748951755 0.44583582673389222
v -0.018821703532756154 0.02122927565838512 0.44582945276219155
v -0.018778274098456685 0.021110656827346645 0.44588323850352074
v -0.018786406407178227 0.02113826588507112 0.44586829636413361
v -0.018774060795129124 0.021082096889273486 0.4459041560085466
v -0.018776150682986562 0.021102623238818011 0.44588788021523262
v -0.018765194604218785 0.021050445891575179 0.44592158664185311
v -0.018766304740727727 0.021057120680467448 0.44591691140252854
v -0.018769627699673955 0.021074584841386638 0.44590520281512047
v -0.030872116128028232 0.020828810676590762 0.46226434763688351
v -0.018761905172885243 0.021025791920379958 0.44593987036663796
v -0.018764322886288945 0.020932115770534835 0.44602831248361374
v -0.018762601802171056 0.020942161015824638 0.44601695034820343
v -0.018761070707858388 0.020954545743421874 0.4460037032159021
v -0.018760049978316609 0.020968141190366111 0.44599001649934555
v -0.01875963647109348 0.020986069149927459 0.44597315956074501
v -0.018759822735608403 0.020996119983152709 0.4459642412157705
v -0.018761104235471074 0.021017467759208045 0.44594643432814385
v -0.018829943874896352 0.020837000727311931 0.4462008604796579
v -0.01882825259310085 0.020837745785371623 0.4461979473026445
v -0.018818872312129323 0.020842648267404399 0.44618109036404396
v -0.018817810604394261 0.020843291811303458 0.44617910478431488
v -0.01887211416107494 0.020828810676590762 0.44626434687692429
v -0.018857056537688557 0.020829741999165378 0.44624344054776932
v -0.018848950305999104 0.020831082172350249 0.44623144511300827
v -0.018843012193263356 0.02083248474414762 0.44622228834945465
v -0.018813947478354756 0.02084580638225492 0.44617172125894333
v -0.018810125330508534 0.020848577998236976 0.44616415891963745
v -0.018802328297913853 0.020855222053484283 0.44614786077458168
v -0.018794523814738576 0.020863504305140338 0.44613008368927742
v -0.018792065123141591 0.020866528309540115 0.44612411204892899
v -0.018787751236975972 0.020872417062179408 0.44611310754138733
v -0.018783139327586476 0.02087970186735805 0.44610045273024346
v -0.018781746069014851 0.020882146589116416 0.44609641079026963
v -0.018779022881806676 0.020887307978824935 0.44608816672283913
v -0.018776485959113423 0.020892663083628974 0.44607998971063401
v -0.018776288518727605 0.020893106393174491 0.44607932660896088
v -0.018771952280820195 0.020903934880749545 0.44606384057719017
v -0.018769393006385152 0.020911641575054488 0.44605350662190224
v -0.018765015790284459 0.020928690366105399 0.44603232462126519
v -0.032242307702124919 0.019604272365228492 0.4650592746229818
v -0.032157818118155802 0.019845217622474987 0.46477384288031365
v -0.032313572505534495 0.019336491047994453 0.46533663552421833
v -0.032059720048726405 0.020060115649954635 0.46448182668704296
v -0.032018455008090342 0.020135591894046623 0.46436856296080853
v -0.031989841053307856 0.020183731026605922 0.46429281477052475
v -0.03246571336132368 0.018030155606226284 0.46629000995475556
v -0.032450909057677592 0.018333334631876308 0.4661159941943338
v -0.03242114771348318 0.018679291166023571 0.4658857991935661
v -0.032401701698125208 0.01884078156913932 0.46576556358653809
v -0.032388961205304469 0.018931759677485782 0.46569391321558262
v -0.032371836045802439 0.019040739319876987 0.46560414116997029
v -0.032416364440739955 0.016412701381028846 0.46685580331999565
v -0.032440772542775477 0.016736473811448768 0.46678704749960209
v -0.032461239287675227 0.017126770613373473 0.46667573210019375
v -0.032471047977031077 0.017510062006891921 0.46653487142342831
v -0.032471677551091517 0.017584849072278697 0.46650358457285668
v -0.032471811661542262 0.017686800954521853 0.46645886246282364
v -0.032467590907634104 0.017968561656431514 0.46632243301886822
v -0.032293414959729518 0.015119377446950627 0.46697567198592932
v -0.032368531713307704 0.01593436479348059 0.46691933255810053
v -0.032409912237943019 0.016339111996473029 0.46686851214784886
v -0.032247903088153208 0.013816399433755865 0.46700980495828898
v -0.032293414959729518 0.012513421399177263 0.46697567198592932
v -0.032368531713307704 0.01169843591529245 0.46691933255810053
v -0.032396929601252879 0.011431608272374816 0.46688944827932621
v -0.032468414196790064 0.010276243013919538 0.46659514848310257
v -0.032454407105267848 0.010659348142923065 0.46672323327678944
v -0.032430419961036051 0.011044455615462013 0.46682111527938153
v -0.032416368166030253 0.011220049036325164 0.46685579400676991
v -0.032424485573590602 0.0089848974418204469 0.46590818260032441
v -0.032440370211423243 0.0091558826785844011 0.46602476556021477
v -0.032404730359137858 0.0088151490014355821 0.46578332018274571
v -0.032462245116055811 0.0095111617517035646 0.46624006498772408
v -0.032471558341801966 0.0098952987861197651 0.4664357209594896
v -0.032471811661542262 0.0099465212948929727 0.46645909901875759
v -0.031840143987954463 0.0072421824258130218 0.46392765995282437
v -0.031962739566386546 0.0074063298922341491 0.46422301400620247
v -0.032018406579316462 0.0074971208047431136 0.46436842698771263
v -0.03204166356664976 0.0075387285720866348 0.46443165447730328
v -0.032148583123505915 0.0077648276161711846 0.4647447837533405
v -0.032238485554278697 0.0080161338370602769 0.46504549291152264
v -0.032312641182959879 0.0082922691177886171 0.46533271651882435
v -0.03235379073959669 0.0084899460595410509 0.46551589463073517
v -0.032373620459855403 0.0086028037291329545 0.4656131880374601
v -0.032388979831755961 0.0087011774700444383 0.46569402311164643
v -0.035682792106688822 0.028684388070957037 0.44927930627185608
v -0.035674797633708323 0.028671705320135923 0.44946233350950981
v -0.027131071576894122 0.028539275906638475 0.4395974295230558
v -0.035682792106688822 0.028659644692794653 0.44964536074716355
v -0.03572455261093458 0.028643520705060335 0.4499167481454065
v -0.035746356735051478 0.028638829633251997 0.45000585336405541
v -0.035771915951789225 0.028634562313215109 0.45009356904942299
v -0.035801446327985133 0.028630714088336798 0.45018057320434357
v -0.035692772159398402 0.028653958968476625 0.44973650369960572
v -0.035706704745114649 0.02864857219870505 0.44982699472624565
v -0.035834735522092188 0.028627338975326391 0.45026616919953133
v -0.035871552566111888 0.028624475158409449 0.45034983176905419
v -0.035912094900430049 0.028622120774940821 0.45043204147536064
v -0.035956146458209361 0.028620304695920321 0.45051233265716339
v -0.036003606656611765 0.028619039959863993 0.4505905488522699
v -0.03605457980376562 0.028618332154707285 0.4506668427975824
v -0.036108641216576899 0.028618191524998518 0.45074058119375016
v -0.036166107544720973 0.028618618070737692 0.45081218499857689
v -0.036226654687941874 0.028619609929279657 0.45088122207838799
v -0.036289876589597071 0.028621152199463221 0.45094725657421852
v -0.036356082448781336 0.028623242087320658 0.45101063493806626
v -0.036424944439948405 0.028625859103755327 0.45107102561909462
v -0.036496283749163951 0.028628978103057715 0.45112828705627228
v -0.036570290366233195 0.028632591634647223 0.45118255336004998
v -0.036646439025224055 0.028636653132395121 0.45123343710023667
v -0.036724800506652201 0.028641143038527342 0.45128098670560624
v -0.036805285403550471 0.028646030619398924 0.45132513884622361
v -0.036887301394761408 0.028651250682429644 0.45136558059770371
v -0.03697116512996039 0.02865679298307118 0.45140247959810997
v -0.037056556234181734 0.028662605367259356 0.45143568683583046
v -0.037231279799760195 0.028674858778373571 0.45149077642876412
v -0.029207902291835147 0.028766400336877676 0.43803980369288231
v -0.036514798441947306 0.028766400336877676 0.44778233189303185
v -0.028165521362841922 0.02870951049740729 0.43882158938962723
v -0.036424944439948405 0.028765959821299883 0.44785363767463471
v -0.036355918536008204 0.028764977275983664 0.44791417736727501
v -0.036289876589597071 0.028763449906961294 0.44797740671951081
v -0.036226505676329936 0.028761379576877924 0.44804360512811447
v -0.036166107544720973 0.028758786774830195 0.44811247829515244
v -0.036108853558123911 0.028755695715205046 0.44818380642849709
v -0.03605457980376562 0.028752111054615351 0.44825782049614693
v -0.036003651360095347 0.028748077496544691 0.44833403993565346
v -0.035956146458209361 0.02874362391199288 0.44841233063656594
v -0.035912001768172587 0.028738768927411409 0.44849280435759331
v -0.035871552566111888 0.028733578666703077 0.44857483524996544
v -0.035834657290995921 0.028728065237061354 0.44865868408400322
v -0.035801446327985133 0.028722277998582693 0.44874409008938576
v -0.035746356735051478 0.028710063703016611 0.44891881365496422
v -0.035744210967839564 0.028709490939633223 0.44892688263375069
v -0.035706704745114649 0.028697304583744379 0.44909767229277398
v -0.037774799654305788 0.028713208779351088 0.44736233148891236
v -0.037591772416652056 0.028725226565853926 0.44737032223660256
v -0.030250286946118671 0.02870951049740729 0.43725801799613739
v -0.03750064436537108 0.02873088341917214 0.44738030601460244
v -0.037410138437569948 0.028736241317943903 0.44739423487502838
v -0.037320399919570299 0.028741260215298506 0.44741208274084832
v -0.037231279799760195 0.028745920553461882 0.44743388686496521
v -0.037143538037360521 0.028750156208531233 0.44745945725757386
v -0.037056556234181734 0.028753973699764582 0.44748897645789887
v -0.036970975140155168 0.028757319941775175 0.44752226192671563
v -0.036887301394761408 0.028760158612982603 0.44755908642131592
v -0.036805102864325846 0.02876249064470944 0.44759962130505349
v -0.036724800506652201 0.028764289959923597 0.44764368031341339
v -0.036646591762126292 0.028765541657463881 0.4476911330612352
v -0.036570290366233195 0.028766242943362566 0.44774211365896965
v -0.038493043074429842 0.028662605367259356 0.44748897645789887
v -0.038318319508851381 0.028674858778373571 0.44743388686496521
v -0.03128473673206647 0.028539275906638475 0.43648217786270882
v -0.039866809064567896 0.028684388070957037 0.44964536074716355
v -0.039874799812258097 0.028671705320135923 0.44946233350950981
v -0.039866809064567896 0.028659644692794653 0.44927930627185608
v -0.039856856951535555 0.028653972938315245 0.44918839801270272
v -0.039777558559597345 0.028634544618086191 0.448830703088825
v -0.039748154843271585 0.028630714088336798 0.44874409008938576
v -0.03980324443620524 0.028638829633251997 0.44891881365496422
v -0.039842896426142069 0.02864857219870505 0.44909767229277398
v -0.039825022483290048 0.028643516048447462 0.44900781456548478
v -0.039714953193486544 0.028627347357229563 0.44865871388632561
v -0.039678046742499681 0.028624475158409449 0.44857483524996544
v -0.039637612441600176 0.028622126362876268 0.4484928341599157
v -0.039593452850402208 0.028620304695920321 0.44841233063656594
v -0.039545852953613611 0.028619037165896269 0.44833389837462212
v -0.039495019504845949 0.028618332154707285 0.44825782049614693
v -0.039440753201068254 0.028618191524998518 0.44818382132965828
v -0.039383491763890596 0.028618618070737692 0.44811247829515244
v -0.039323104808152529 0.028619607135311934 0.44804361630398537
v -0.039259722719014498 0.028621152199463221 0.44797740671951081
v -0.03919369194847426 0.02862323649938521 0.44791418854314591
v -0.039124654868663164 0.028625859103755327 0.44785363767463471
v -0.039053013810933443 0.028628992072896334 0.44779614899474884
v -0.038979308942378374 0.028632591634647223 0.44774211365896965
v -0.038903026172936769 0.028636660582975718 0.4476911442371061
v -0.038824798801959368 0.028641143038527342 0.44764368031341339
v -0.038744522521317812 0.028646017580882879 0.44759963620621468
v -0.03866229791385016 0.028651250682429644 0.44755908642131592
v -0.038578650245488497 0.028656779013232561 0.44752227310258652
v -0.038139460871041628 0.028687636524097296 0.44739423487502838
v -0.03795782689195952 0.028700550242916914 0.44737032223660256
v -0.03783040333730063 0.028709417365149828 0.44736306909639145
v -0.039034800866664263 0.028766400336877676 0.45114233140069748
v -0.039124654868663164 0.028765959821299883 0.45107102561909462
v -0.039193349221766802 0.028764983795241686 0.45101078767496849
v -0.039259722719014498 0.028763449906961294 0.45094725657421852
v -0.039323250094474169 0.028761373988942476 0.45088088680226113
v -0.039383491763890596 0.028758786774830195 0.45081218499857689
v -0.039440887311518999 0.028755687333301874 0.45074067060071732
v -0.039495019504845949 0.028752111054615351 0.4506668427975824
v -0.039545867854774805 0.028748084015802713 0.45059074629265572
v -0.039593452850402208 0.02874362391199288 0.45051233265716339
v -0.039637422451794954 0.028738789416508051 0.45043219793755318
v -0.039678046742499681 0.028733578666703077 0.45034983176905419
v -0.039715031424582811 0.028728051267222734 0.4502657631428888
v -0.039748154843271585 0.028722277998582693 0.45018057320434357
v -0.03980324443620524 0.028710063703016611 0.45000585336405541
v -0.039805388340772005 0.028709490939633223 0.44999778065997864
v -0.039842896426142069 0.028697304583744379 0.44982699472624565
v -0.037774799654305788 0.028713208779351088 0.45156233180481697
v -0.03795782689195952 0.028725226565853926 0.45155434105712677
v -0.037410138437569948 0.028687636524097296 0.45153042841870095
v -0.037591772416652056 0.028700550242916914 0.45155434105712677
v -0.037719195971310945 0.028709417365149828 0.45156159792262818
v -0.038049115130723329 0.028730893663720461 0.4515443386526754
v -0.038139460871041628 0.028736241317943903 0.45153042841870095
v -0.038229426631749483 0.028741272322491976 0.45151253212410714
v -0.038318319508851381 0.028745920553461882 0.45149077642876412
v -0.03840621773344359 0.02875016365911183 0.4514651576073816
v -0.038493043074429842 0.028753973699764582 0.45143568683583046
v -0.038578210661233278 0.028757304109291407 0.45140257273036744
v -0.03866229791385016 0.028760158612982603 0.45136558059770371
v -0.038744693884671541 0.028762495301322313 0.45132493768054749
v -0.038824798801959368 0.028764289959923597 0.45128098670560624
v -0.038903204986871096 0.028765544451431604 0.45123340357262398
v -0.038979308942378374 0.028766242943362566 0.45118255336004998
v -0.039866809064567896 -0.0010268444496828993 0.44927930627185608
v -0.039874799812258097 -0.0010389069396693189 0.44946233350950981
v -0.038139460871041628 -0.0010548362809855421 0.44739423487502838
v -0.038318319508851381 -0.0010420585352618177 0.44743388686496521
v -0.03128473673206647 -0.00090647659484929637 0.43648217786270882
v -0.038493043074429842 -0.0010298060554701765 0.44748897645789887
v -0.038979308942378374 -0.00099979139153546885 0.44774211365896965
v -0.039053058514417024 -0.00099618903581685618 0.44779618252236153
v -0.038744500169576021 -0.0010132173377711256 0.44759962503034378
v -0.038824798801959368 -0.0010083409327704389 0.44764368031341339
v -0.038903007546485277 -0.0010038631338316877 0.4476911330612352
v -0.038578627893746706 -0.0010239797014433821 0.44752226565200592
v -0.03866229791385016 -0.0010184513706404646 0.44755908642131592
v -0.039124654868663164 -0.00099305979196614817 0.44785363767463471
v -0.039193677047313066 -0.00099043718759603099 0.44791417736727501
v -0.039259722719014498 -0.00098835102502889231 0.44797740671951081
v -0.039323089906991335 -0.00098680502955503062 0.44804360140282418
v -0.039383491763890596 -0.00098581782762593821 0.44811247829515244
v -0.039440742025197359 -0.00098539314453191355 0.44818380642849709
v -0.039495019504845949 -0.00098553098027295664 0.44825782049614693
v -0.039545901382387491 -0.00098623878542966441 0.44833397288042809
v -0.039593452850402208 -0.00098750538413114146 0.44841233063656594
v -0.03963760312837443 -0.00098932705108708933 0.44849281553346421
v -0.039678046742499681 -0.00099167398397512034 0.44857483524996544
v -0.039714945742905947 -0.00099454618279523448 0.44865869525987412
v -0.039748154843271585 -0.00099791384522504405 0.44874409008938576
v -0.039777551109016748 -0.0010017434436518629 0.44883068073708321
v -0.03980324443620524 -0.0010060275274950941 0.44891881365496422
v -0.039825035521806093 -0.0010107176679808576 0.44900787417012955
v -0.039842896426142069 -0.0010157728869158705 0.44909767229277398
v -0.039856838325084062 -0.0010211633819777449 0.44918826762754227
v -0.039805388340772005 -0.0010766925591666181 0.44999778065997864
v -0.039842896426142069 -0.0010645034093100508 0.44982699472624565
v -0.039866809064567896 -0.0010515878278452833 0.44964536074716355
v -0.030250286946118671 -0.0010767111856181105 0.43725801799613739
v -0.029207902291835147 -0.0011336000937659223 0.43803980369288231
v -0.036570290366233195 -0.0011334436315733869 0.44774211365896965
v -0.036646576860965098 -0.0011327432769972761 0.4476911405118158
v -0.036724800506652201 -0.0011314878541666944 0.44764368031341339
v -0.036805084237874354 -0.0011296922642428358 0.44759963248092438
v -0.036887301394761408 -0.0011273565072257002 0.44755908642131592
v -0.036970956513703676 -0.0011245215613085707 0.44752226937729622
v -0.037056556234181734 -0.0011211725253302534 0.44748897645789887
v -0.037143567839682909 -0.0011173541027743299 0.44745944608170296
v -0.037231279799760195 -0.0011131221729952772 0.44743388686496521
v -0.03732037384253821 -0.0011084618348319013 0.44741209019142891
v -0.037410138437569948 -0.0011034401435095747 0.44739423487502838
v -0.037500622013629289 -0.0010980831760603865 0.44738030601460244
v -0.037591772416652056 -0.0010924244600970228 0.44737032223660256
v -0.037774799654305788 -0.0010804066735941847 0.44736233148891236
v -0.03783040333730063 -0.0010766180533606489 0.44736306909639145
v -0.03795782689195952 -0.0010677518624503095 0.44737032223660256
v -0.035746356735051478 -0.0010772625285822828 0.44891881365496422
v -0.035801446327985133 -0.0010894777554709394 0.44874409008938576
v -0.028165521362841922 -0.0010767111856181105 0.43882158938962723
v -0.035834646115125025 -0.0010952631313044508 0.44865871016103531
v -0.035871552566111888 -0.0011007765609461744 0.44857483524996544
v -0.035911986867011393 -0.0011059658903319319 0.4484928304346254
v -0.035956146458209361 -0.0011108236688811262 0.44841233063656594
v -0.036003729591191615 -0.0011152828413683851 0.44833392445165421
v -0.03605457980376562 -0.0011193098801810224 0.44825782049614693
v -0.036108842382253016 -0.0011228936094481428 0.44818382132965828
v -0.036166107544720973 -0.0011259856003958662 0.44811247829515244
v -0.03622649450045904 -0.0011285784024435957 0.44804362002927567
v -0.036289876589597071 -0.0011306496638495405 0.44797740671951081
v -0.03635590363484701 -0.0011321770328719099 0.44791419226843621
v -0.036424944439948405 -0.0011331605095107038 0.44785363767463471
v -0.036514798441947306 -0.0011336000937659223 0.44778233189303185
v -0.035682792106688822 -0.0010268444496828993 0.44964536074716355
v -0.035674797633708323 -0.0010389069396693189 0.44946233350950981
v -0.027131071576894122 -0.00090647659484929637 0.4395974295230558
v -0.037410138437569948 -0.0010548362809855421 0.45153042841870095
v -0.037231279799760195 -0.0010420585352618177 0.45149077642876412
v -0.036570290366233195 -0.00099979139153546885 0.45118255336004998
v -0.036496466288388575 -0.00099618531052655772 0.45112842489201332
v -0.036646394321740473 -0.0010038519579607923 0.45123340729791428
v -0.037056556234181734 -0.0010298060554701765 0.45143568683583046
v -0.036971381196797701 -0.0010240057784754713 0.45140256900507714
v -0.036887301394761408 -0.0010184513706404646 0.45136558059770371
v -0.036804912874520625 -0.0010132061619002302 0.45132494140583779
v -0.036724800506652201 -0.0010083409327704389 0.45128098670560624
v -0.036424944439948405 -0.00099305979196614817 0.45107102561909462
v -0.036356253812135066 -0.00099044836346692637 0.45101079140025879
v -0.036289876589597071 -0.00098835102502889231 0.45094725657421852
v -0.036226345488847102 -0.00098680502955503062 0.45088088680226113
v -0.036166107544720973 -0.00098581782762593821 0.45081218499857689
v -0.03610871199709257 -0.00098538941924161509 0.45074067060071732
v -0.03605457980376562 -0.00098553098027295664 0.4506668427975824
v -0.036003729591191615 -0.00098623878542966441 0.45059074256736542
v -0.035956146458209361 -0.00098750538413114146 0.45051233265716339
v -0.035912191757977809 -0.00098931587521619395 0.45043222401458527
v -0.035871552566111888 -0.00099167398397512034 0.45034983176905419
v -0.035834564158738459 -0.0009945536333758314 0.4502657519670179
v -0.035801446327985133 -0.00099791384522504405 0.45018057320434357
v -0.035771975556434001 -0.0010017546195227583 0.45009375903922821
v -0.035746356735051478 -0.0010060275274950941 0.45000585336405541
v -0.035724604764998759 -0.0010107102174002607 0.44991697166282441
v -0.035706704745114649 -0.0010157728869158705 0.44982699472624565
v -0.035692787060559596 -0.0010211522061068495 0.44973659683186318
v -0.035682792106688822 -0.0010515878278452833 0.44927930627185608
v -0.035706704745114649 -0.0010645034093100508 0.44909767229277398
v -0.035744210967839564 -0.0010766925591666181 0.44892688263375069
v -0.038903219888032289 -0.0011327432769972761 0.45123339612204338
v -0.038824798801959368 -0.0011314878541666944 0.45128098670560624
v -0.038744306454480501 -0.0011296848136622389 0.4513251425715139
v -0.03866229791385016 -0.0011273565072257002 0.45136558059770371
v -0.03857842300278029 -0.0011245103854376753 0.45140248332340027
v -0.038493043074429842 -0.0011211725253302534 0.45143568683583046
v -0.038406437525571199 -0.0011173727292258222 0.45146509055215622
v -0.038318319508851381 -0.0011131221729952772 0.45149077642876412
v -0.038229244092524858 -0.0011084618348319013 0.45151257310230042
v -0.038139460871041628 -0.0011034401435095747 0.45153042841870095
v -0.03804875005227408 -0.0010980720001894911 0.45154438708144928
v -0.03795782689195952 -0.0010924244600970228 0.45155434105712677
v -0.037774799654305788 -0.0010804066735941847 0.45156233180481697
v -0.037719195971310945 -0.0010766180533606489 0.45156159792262818
v -0.037591772416652056 -0.0010677518624503095 0.45155434105712677
v -0.03980324443620524 -0.0010772625285822828 0.45000585336405541
v -0.039748154843271585 -0.0010894777554709394 0.45018057320434357
v -0.039714861923874231 -0.0010952780324656446 0.45026617292482163
v -0.039678046742499681 -0.0011007765609461744 0.45034983176905419
v -0.039637502545536371 -0.0011059807914931257 0.45043204520065094
v -0.039593452850402208 -0.0011108236688811262 0.45051233265716339
v -0.039545992651999803 -0.0011152716654974897 0.4505905488522699
v -0.039495019504845949 -0.0011193098801810224 0.4506668427975824
v -0.039440976718486162 -0.0011228824335772474 0.45074055884200837
v -0.039383491763890596 -0.0011259856003958662 0.45081218499857689
v -0.039322944620669695 -0.0011285858530241926 0.45088122207838799
v -0.039259722719014498 -0.0011306496638495405 0.45094725657421852
v -0.039193520585120531 -0.0011321807581622084 0.45101063493806626
v -0.039124654868663164 -0.0011331605095107038 0.45107102561909462
v -0.039034800866664263 -0.0011336000937659223 0.45114233140069748
v -0.038979308942378374 -0.0011334436315733869 0.45118255336004998
v -0.032303380111277903 0.028256991102949949 0.43571819532830025
v -0.033298464754641856 0.027864804647521349 0.43497188184577729
v -0.034262417146981562 0.027365701429204314 0.43424891848284508
v -0.035187902191699351 0.026763479381458132 0.43355480376798416
v -0.036067879090131129 0.02606272340531763 0.43289482388812806
v -0.036895642319739665 0.025268764391199912 0.43227400053459908
v -0.037664899865210863 0.02438764662261423 0.43169705737549569
v -0.038369795570195528 0.023426074690775241 0.43116838652807976
v -0.039004961291373583 0.022391367859796847 0.43069201130587365
v -0.018850239256442372 0.02129140046204742 0.44580805096942688
v -0.019410843292296712 0.022391367859796847 0.44538759607989098
v -0.020046012738765065 0.023426074690775241 0.44491122085768486
v -0.020750904718459431 0.02438764662261423 0.44438255001026894
v -0.02152016226393063 0.025268764391199912 0.44380561057645584
v -0.022347929218829464 0.02606272340531763 0.44318478349763657
v -0.023227902391970943 0.026763479381458132 0.44252480361778046
v -0.024153387436688732 0.027365701429204314 0.44183068890291954
v -0.025117343554318737 0.027864804647521349 0.44110772553998734
v -0.02611242819768269 0.028256991102949949 0.44036141205746437
v -0.02611242819768269 -0.00062419272248334483 0.44036141205746437
v -0.025117343554318737 -0.0002320053357321699 0.44110772553998734
v -0.024153387436688732 0.00026709788258486369 0.44183068890291954
v -0.023227902391970943 0.0008693208616536198 0.44252480361778046
v -0.022347929218829464 0.0015700777691166953 0.44318478349763657
v -0.02152016226393063 0.0023640339892666892 0.44380561057645584
v -0.020750904718459431 0.0032451545518200967 0.44438255001026894
v -0.020046012738765065 0.0042067246210139384 0.44491122085768486
v -0.019410843292296712 0.0052414333146374812 0.44538759607989098
v -0.039565567189873072 0.0063413997810643332 0.43027155641633774
v -0.039004961291373583 0.0052414333146374812 0.43069201130587365
v -0.038369795570195528 0.0042067246210139384 0.43116838652807976
v -0.037664899865210863 0.0032451545518200967 0.43169705737549569
v -0.036895642319739665 0.0023640339892666892 0.43227400053459908
v -0.036067879090131129 0.0015700777691166953 0.43289482388812806
v -0.035187902191699351 0.0008693208616536198 0.43355480376798416
v -0.034262417146981562 0.00026709788258486369 0.43424891848284508
v -0.033298464754641856 -0.0002320053357321699 0.43497188184577729
v -0.032303380111277903 -0.00062419272248334483 0.43571819532830025
v -0.10293406833154052 0.020875034078614078 0.43020678479391838
v -0.10290713820797294 0.020816399871961436 0.43018658626992012
v -0.11029612112981171 0.020816399871961436 0.43572832439262177
v -0.10706789259058327 0.026042313471094931 0.43330715019423272
v -0.10794182706815095 0.026610990211026041 0.43396260384637619
v -0.11062847662907929 0.020981556892053447 0.43597759101707245
v -0.12249553043586107 0.020875034078614078 0.44487787950951363
v -0.12196615178328844 0.021913732558147273 0.44448084552008416
v -0.12136636514407488 0.022890805422918166 0.44403100554067398
v -0.120700733998836 0.023798816062168444 0.4435317831130674
v -0.11997432474237771 0.02463085499371704 0.44298697430807854
v -0.11919266570550294 0.025380589224056567 0.44240073282439019
v -0.11836170617681832 0.026042313471094931 0.4417775141091993
v -0.11748777169925065 0.026610990211026041 0.44112206045705582
v -0.1148011221383223 0.020981556892053447 0.43910707328635956
v -0.11657751191598267 0.027082292519168227 0.44043936748224999
v -0.11429359603864045 0.02118158449198421 0.43872643057424332
v -0.11563785214167924 0.027452633872286646 0.43973462451416756
v -0.11377405215245576 0.021325559511439166 0.4383367726596048
v -0.11467594865900368 0.027719195156947943 0.43901319597083832
v -0.11324645046335549 0.021412384852425418 0.43794106859881188
v -0.11369912166339249 0.027879947952584597 0.4382805729301622
v -0.1127147993837008 0.021441400207237563 0.43754233215171601
v -0.1127147993837008 0.027933668501333567 0.43754233215171601
v -0.1121831483040461 0.021412384852425418 0.43714359570462014
v -0.1117304771040091 0.027879947952584597 0.43680409137326981
v -0.11165554661494584 0.021325559511439166 0.43674789164382721
v -0.11075365010839791 0.027719195156947943 0.43607146833259369
v -0.11113600272876115 0.02118158449198421 0.43635823372918869
v -0.10979174662572236 0.027452633872286646 0.43535003978926445
v -0.10885208685141892 0.027082292519168227 0.43464529682118203
v -0.10623693306189866 0.025380589224056567 0.43268393147904183
v -0.10545527402502389 0.02463085499371704 0.43209768999535347
v -0.1047288647685656 0.023798816062168444 0.43155288119036461
v -0.10406323362332671 0.022890805422918166 0.43105365876275803
v -0.10346344698411315 0.021913732558147273 0.43060381878334786
v -0.072084946471312 0.0063048006665270932 0.4895318940298608
v -0.072727320396386935 0.0064456278156798498 0.48760477237105132
v -0.07209227446657504 0.0063060821663897641 0.48950991016048701
v -0.072738290328578009 0.0064485428553383963 0.48757186269089342
v -0.073368120037064805 0.00664595343883449 0.48568237315797941
v -0.073382703617260708 0.0066512433510583059 0.48563862265022234
v -0.073969393067107453 0.0068928749930422918 0.48387855389322848
v -0.073986462347255005 0.0069007763337653296 0.48382734605278582
v -0.074566930329472675 0.0072012377601426269 0.48208594210613281
v -0.074587299983994021 0.0072129556607764388 0.48202483337539942
v -0.10195614610058158 0.0062361547421973355 0.45051233265716339
v -0.102047903725923 0.006220415390686334 0.45065725390035416
v -0.1048247984443316 0.021192790165201984 0.45128098670560624
v -0.10474458176833482 0.021202573708848319 0.45132499728519226
v -0.10466229755622239 0.02121308275278028 0.45136558059770371
v -0.10457834813934654 0.021224204606966338 0.45140251685101296
v -0.10449304271680206 0.021235829375342689 0.45143568683583046
v -0.1043183191512236 0.021260317571119628 0.45149077642876412
v -0.10413946051341384 0.021285791106180511 0.45153042841870095
v -0.10385761995059341 0.021325346238569579 0.45156070012766625
v -0.103774799296678 0.021336575194851718 0.45156233180481697
v -0.10359177205902427 0.021360352791504226 0.45155434105712677
v -0.10350078556877464 0.021371510967270694 0.45154437963086869
v -0.10341013807994216 0.021382097310976348 0.45153042841870095
v -0.10332054484826415 0.021391975849525294 0.4515126140804937
v -0.10395782653433173 0.021311469532207809 0.45155434105712677
v -0.10305655587655395 0.021417007937685809 0.45143568683583046
v -0.10297109771710723 0.021423572830514274 0.45140245352107788
v -0.10288730103713363 0.021429155178026519 0.45136558059770371
v -0.10280521799069732 0.021433727040545306 0.45132510159332062
v -0.10272480014902442 0.021437261409715972 0.45128098670560624
v -0.10264670688849777 0.021439715444700084 0.4512336047383001
v -0.10311120588523238 0.021412384852425418 0.4514547305198362
v -0.10323127944213241 0.021401168003336749 0.45149077642876412
v -0.10251479808431953 0.021441400207237563 0.45114233140069748
v -0.10257029373389571 0.021441091939465366 0.45118255336004998
v -0.10242494408232063 0.021440537802533469 0.45107102561909462
v -0.10235599640947669 0.021438613690094314 0.45101055670696999
v -0.10228987623196929 0.021435614831404052 0.45094725657421852
v -0.10222657609921783 0.021431557990269027 0.45088113639671112
v -0.10216610718709319 0.021426462724463306 0.45081218499857689
v -0.10210887555223792 0.021420393295244537 0.45074088666755463
v -0.10180144410771221 0.021354524574832282 0.45018057320434357
v -0.10205457944613784 0.021413346908644996 0.4506668390722921
v -0.102047903725923 0.021412384852425418 0.45065725390035416
v -0.10195614610058158 0.021396646432236991 0.45051233265716339
v -0.10191204797667354 0.021387091993944011 0.45043194834310318
v -0.10187155220848411 0.021376845582978091 0.45034983176905419
v -0.10183469791156143 0.02136597518588718 0.45026607606727387
v -0.10173730764728874 0.021325419813052974 0.44997088778931404
v -0.10170670252484172 0.021305021054701171 0.44982699472624565
v -0.10174635451477855 0.021330343715504966 0.45000585336405541
v -0.10168278988641589 0.021279321208254657 0.44964536074716355
v -0.10167479913872569 0.021254022761837802 0.44946233350950981
v -0.10168278988641589 0.02122990336980041 0.44927930627185608
v -0.10169276993912547 0.021218517020003162 0.449188189396446
v -0.10170670252484172 0.021207710884169898 0.44909767229277398
v -0.10172454666537135 0.021197572506622634 0.44900794867593552
v -0.10174634706419795 0.021188142865554652 0.44891883973199631
v -0.10176529016536563 0.02118158449198421 0.44885251838881279
v -0.10183472585123866 0.021165009744123778 0.44865852017123009
v -0.10187155220848411 0.021159233681516013 0.44857483524996544
v -0.10191208522957652 0.021154485799030624 0.44849264417011048
v -0.10195614610058158 0.021150821044699512 0.44841233063656594
v -0.10180144410771221 0.021171807467595897 0.44874409008938576
v -0.10200359139782279 0.021148267358199916 0.44833413679320122
v -0.10205457944613784 0.021146837778047881 0.44825782049614693
v -0.10210867066127151 0.021146553724662624 0.44818404857236649
v -0.10216610718709319 0.021147414266721568 0.44811247829515244
v -0.1022266543303141 0.021149418472902141 0.44804344121534134
v -0.10228987623196929 0.02115253188426908 0.44797740671951081
v -0.10235608209115356 0.021156747981564365 0.44791403208095337
v -0.10242494408232063 0.021162023923949561 0.44785363767463471
v -0.10249628339153617 0.021168310351328216 0.44779637996274735
v -0.10257031236034721 0.021175590499893985 0.44774209503251816
v -0.11028206933480592 0.020808796554462276 0.43571781907398011
v -0.11013442117911668 0.020726995698766074 0.43561205435711647
v -0.11012611005646081 0.020722291588441692 0.43560636211354042
v -0.10997756410580964 0.020636739365414936 0.43550974670964981
v -0.10983525801640839 0.020552527315573055 0.43542697820979859
v -0.10969869632464738 0.020470283150331336 0.43535751644689347
v -0.10961542863589616 0.020419735617594081 0.43532034922558571
v -0.10956755865556092 0.020390620611266452 0.43530086595732476
v -0.10944162894231171 0.020314134813503582 0.43525656480509545
v -0.1093208066020617 0.020241394795135814 0.43522415105420853
v -0.10900967035633416 0.020062182254747707 0.43519270587879921
v -0.10909440580946297 0.020109293207184631 0.43519315291363503
v -0.10920505810719819 0.020172944448546726 0.43520317021924759
v -0.10866850454551072 0.019935691885308582 0.43535545263606812
v -0.10862208370310159 0.019878208793358165 0.43529014829713608
v -0.10858313206774087 0.019864226847545463 0.43531163577157761
v -0.10854525704127641 0.019851843051270801 0.43533533234316613
v -0.10850952405673356 0.019841417826370555 0.43536052275616433
v -0.10847494963747353 0.019832671776072341 0.43538786638695504
v -0.10844260666710229 0.019825880571858245 0.43541647289115692
v -0.10841148931723923 0.019820838391439277 0.43544721398669983
v -0.1083824991081366 0.01981770728494342 0.43547920677978302
v -0.10898893539053292 0.020050916976885158 0.43519361484963204
v -0.10893897924763055 0.020024263456122238 0.43519753758031632
v -0.10888877723556847 0.019998250685290653 0.43520405683833863
v -0.10884144742232651 0.019974530830637771 0.43521271813828255
v -0.10879410270792336 0.019951686419205028 0.4352239796908548
v -0.10874940294963212 0.019931036203758079 0.43523715976793076
v -0.1087051241491446 0.019911573424593765 0.43525285069066788
v -0.10866340462309212 0.01989425548131879 0.43527022916991021
v -0.10850673753959031 0.0077772943001549874 0.43539460543710495
v -0.10249651435953468 0.006464468471364321 0.44779620487410332
v -0.10242494408232063 0.006470775387839617 0.44785363767463471
v -0.10235627953153938 0.0064760373603861944 0.44791384954172875
v -0.10228987623196929 0.0064802692901652472 0.44797740671951081
v -0.10222636375767082 0.0064833948087256567 0.44804375786501671
v -0.10216610718709319 0.0064853859763901846 0.44811247829515244
v -0.10210872654062599 0.0064862465184491293 0.44818397406656052
v -0.10205457944613784 0.006485961533741297 0.44825782049614693
v -0.10200374413472503 0.0064845384728472845 0.44833389837462212
v -0.10195614610058158 0.0064819791984122412 0.44841233063656594
v -0.1019121485595116 0.0064783209633391516 0.44849252123553063
v -0.10187155220848411 0.0064735674929183142 0.44857483524996544
v -0.10183456752640098 0.0064677616279881613 0.44865890387613083
v -0.10180144410771221 0.006460992775515856 0.44874409008938576
v -0.10176529016536563 0.0064512157511275427 0.44885251838881279
v -0.10174635451477855 0.006444661102847399 0.44891881365496422
v -0.10172460627001613 0.0064352584701340811 0.44900767672974373
v -0.10170670252484172 0.0064250902902644293 0.44909767229277398
v -0.10169274572473853 0.0064142608713668005 0.44918837566096093
v -0.10168278988641589 0.0064028968733113424 0.44927930627185608
v -0.10167479913872569 0.0063787774812739508 0.44946233350950981
v -0.10168278988641589 0.0063534790348570959 0.44964536074716355
v -0.10173730764728874 0.0063073804300587781 0.44997088778931404
v -0.10170670252484172 0.0063277782570880063 0.44982699472624565
v -0.10174635451477855 0.0063024574589293607 0.45000585336405541
v -0.10180144410771221 0.0062782747369568952 0.45018057320434357
v -0.10183461409252971 0.0062668529969018109 0.45026587117630745
v -0.10187155220848411 0.0062559546601336606 0.45034983176905419
v -0.10191194553119033 0.0062457324635546811 0.45043175090271736
v -0.10235584367257446 0.0061941912096303113 0.45101041887122895
v -0.10242494408232063 0.0061922633719008573 0.45107102561909462
v -0.10216610718709319 0.0062063375186484464 0.45081218499857689
v -0.10222643826347678 0.0062012524973910459 0.45088098365980889
v -0.10228987623196929 0.0061971863430302747 0.45094725657421852
v -0.10205457944613784 0.0062194524031441815 0.4506668427975824
v -0.10210879359585136 0.0062124171924155362 0.45074077863413597
v -0.10251479808431953 0.0061914009671967633 0.45114233140069748
v -0.10311120588523238 0.006220415390686334 0.4514547305198362
v -0.10257029000860542 0.0061917083036463864 0.45118255336004998
v -0.10264653179985374 0.0061930810731213697 0.45123349297959114
v -0.10272480014902442 0.0061955397647183545 0.45128098670560624
v -0.1028050354514727 0.0061990638893406995 0.45132500846106316
v -0.10288730103713363 0.0062036441337626584 0.45136558059770371
v -0.10297100831014007 0.0062092208933394559 0.4514024162681749
v -0.10305657822829574 0.0062157941680710919 0.45143569428641106
v -0.10323127944213241 0.0062316322397750028 0.45149077642876412
v -0.10332032505613654 0.0062408020418446668 0.45151256565171982
v -0.10341013807994216 0.0062507020008128293 0.45153042841870095
v -0.10350056577664703 0.0062612631988089688 0.4515443498285463
v -0.10359177205902427 0.0062724465202849515 0.45155434105712677
v -0.10395782653433173 0.006321331642226518 0.45155434105712677
v -0.103774799296678 0.0062962250482600339 0.45156233180481697
v -0.10385761995059341 0.0063074549358647473 0.45156070012766625
v -0.10413946051341384 0.0063470100682538168 0.45153042841870095
v -0.1043183191512236 0.0063724817406695502 0.45149077642876412
v -0.10449304271680206 0.0063969717990916388 0.45143568683583046
v -0.10457851950270027 0.0064086189192097799 0.45140244607049729
v -0.10466229755622239 0.006419716559008898 0.45136558059770371
v -0.10474439177852959 0.006430201388553919 0.45132509786803032
v -0.10525972236138673 0.0064802692901652472 0.45094725657421852
v -0.10532301876884789 0.0064833854954999106 0.45088114012200142
v -0.10505337853175492 0.0064644964110415594 0.4511282386274984
v -0.10512465451103539 0.006470775387839617 0.45107102561909462
v -0.10519359845858903 0.006476057849482836 0.45101056043226029
v -0.1048247984443316 0.0064400100779097693 0.45128098670560624
v -0.1049228816125998 0.0064512157511275427 0.45122071523386742
v -0.1049793085847506 0.0064572116058629172 0.45118255336004998
v -0.10538349140626282 0.0064853859763901846 0.45081218499857689
v -0.10544067833763451 0.0064862446558039801 0.45074094627219941
v -0.10549501914721818 0.006485961533741297 0.4506668427975824
v -0.105546066800178 0.0064845310222666876 0.45059042964298035
v -0.10559345249277444 0.0064819791984122412 0.45051233265716339
v -0.10563756738048882 0.0064783097874682562 0.4504319185407808
v -0.10567804638487191 0.0064735674929183142 0.45034983176905419
v -0.11594727847915978 0.0076973998617690239 0.44081495125014092
v -0.11595487434607835 0.019855505942956764 0.44098070804197098
v -0.10567804638487191 0.021159233681516013 0.45034983176905419
v -0.10563766051274628 0.021154500700191817 0.45043173600155617
v -0.10571499381405206 0.021165031164542995 0.45026584882456566
v -0.10544080127221436 0.021146554655985198 0.45074078235942627
v -0.10559345249277444 0.021150821044699512 0.45051233265716339
v -0.10554579112869591 0.021148258976296744 0.45059086550194527
v -0.10549501914721818 0.021146837778047881 0.4506668427975824
v -0.10538349140626282 0.021147414266721568 0.45081218499857689
v -0.10532315660458894 0.021149409159676395 0.45088099111038948
v -0.10525972236138673 0.02115253188426908 0.45094725657421852
v -0.10519367668968529 0.021156736805693469 0.45101048965174462
v -0.10512465451103539 0.021162023923949561 0.45107102561909462
v -0.10505301345330567 0.021168339222328029 0.45112851802427079
v -0.10497928623300881 0.021175590499893985 0.45118256826121117
v -0.1049228816125998 0.02118158449198421 0.45122071523386742
v -0.10586680684429498 0.021279321208254657 0.44927930627185608
v -0.10587480131727547 0.021254022761837802 0.44946233350950981
v -0.10586680684429498 0.02122990336980041 0.44964536074716355
v -0.10585687149506898 0.021218555204228721 0.44973616097289826
v -0.10584289420586915 0.021207710884169898 0.44982699472624565
v -0.10582497183424325 0.021197532459751926 0.44991707969624306
v -0.10580324966651292 0.021188142865554652 0.45000582356173302
v -0.10578431029063554 0.02118158449198421 0.45007214490491654
v -0.10574815262299866 0.021171807467595897 0.45018057320434357
v -0.10563758228165002 0.021387084543363414 0.44849277455527092
v -0.10567804638487191 0.021376845582978091 0.44857483524996544
v -0.10571501244050355 0.021365939795629344 0.44865885544735695
v -0.10574815262299866 0.021354524574832282 0.44874409008938576
v -0.10580324221593232 0.021330343715504966 0.44891881365496422
v -0.10581229094606728 0.021325419813052974 0.44895377922970559
v -0.10584289420586915 0.021305021054701171 0.44909767229277398
v -0.1051934121940741 0.021438621140674911 0.44791393522340561
v -0.10525972236138673 0.021435614831404052 0.44797740671951081
v -0.1053232311103949 0.021431542157785258 0.44804375413972641
v -0.10538349140626282 0.021426462724463306 0.44811247829515244
v -0.10544086832743974 0.021420376531438193 0.44818396661597992
v -0.10549502287250848 0.021413346908644996 0.44825782422143723
v -0.10550169486743302 0.021412384852425418 0.44826740939337517
v -0.10559345249277444 0.021396646432236991 0.44841233063656594
v -0.10449304271680206 0.021417007937685809 0.44748897645789887
v -0.10457816187483161 0.021423547684804759 0.4475220719369104
v -0.10466229755622239 0.021429155178026519 0.44755908642131592
v -0.10474465999943108 0.021433741010383926 0.44759970698673035
v -0.1048247984443316 0.021437261409715972 0.44764368031341339
v -0.10490315992575974 0.021439721963958106 0.44769122991878296
v -0.1049793048594603 0.021441091939465366 0.44774210993367936
v -0.10503480050903649 0.021441400207237563 0.44778233189303185
v -0.10512465451103539 0.021440537802533469 0.44785363767463471
v -0.103774799296678 0.021336575194851718 0.44736233148891236
v -0.10395782653433173 0.021360352791504226 0.44737032223660256
v -0.10404911477309554 0.021371546357528529 0.44738032464105393
v -0.10413946051341384 0.021382097310976348 0.44739423487502838
v -0.10422935549360603 0.021392007514492831 0.447412116268461
v -0.1043183191512236 0.021401168003336749 0.44743388686496521
v -0.10443839270812362 0.021412384852425418 0.44746993649918343
v -0.10305655587655395 0.021235829375342689 0.44748897645789887
v -0.10323127944213241 0.021260317571119628 0.44743388686496521
v -0.10262671698075622 0.02118158449198421 0.44770395178515221
v -0.10272480014902442 0.021192790165201984 0.44764368031341339
v -0.1028052775953421 0.021202606305138431 0.44759953189808632
v -0.10288730103713363 0.02121308275278028 0.44755908642131592
v -0.10297114987117141 0.021224190637127719 0.44752219114619995
v -0.10341013807994216 0.021285791106180511 0.44739423487502838
v -0.10359177205902427 0.021311469532207809 0.44737032223660256
v -0.1036919786427626 0.021325346238569579 0.44736396689135338
v -0.10582506496650071 0.0064352230798762457 0.44991666618901993
v -0.10584289420586915 0.0064250902902644293 0.44982699472624565
v -0.10580324221593232 0.006444661102847399 0.45000585336405541
v -0.10571491558295579 0.0064677839797299521 0.45026604253966118
v -0.10574815262299866 0.006460992775515856 0.45018057320434357
v -0.10578431029063554 0.0064512157511275427 0.45007214490491654
v -0.10585683424216599 0.0064142776351731436 0.44973642546850945
v -0.10586680684429498 0.0064028968733113424 0.44964536074716355
v -0.10587480131727547 0.0063787774812739508 0.44946233350950981
v -0.10341013807994216 0.0063470100682538168 0.44739423487502838
v -0.10323127944213241 0.0063724817406695502 0.44743388686496521
v -0.10305655587655395 0.0063969717990916388 0.44748897645789887
v -0.10280493486863464 0.0064302367788117544 0.44759971071202065
v -0.10272480014902442 0.0064400100779097693 0.44764368031341339
v -0.10262671698075622 0.0064512157511275427 0.44770395178515221
v -0.10257029000860542 0.0064572116058629172 0.44774211365896965
v -0.1029714292679438 0.0064085723530810492 0.4475220756622007
v -0.10288730103713363 0.006419716559008898 0.44755908642131592
v -0.10422914687734931 0.0062408150803607114 0.44741207156497742
v -0.10413946051341384 0.0062507020008128293 0.44739423487502838
v -0.104048745969356 0.0062612985890668042 0.44738027621228005
v -0.10395782653433173 0.0062724465202849515 0.44737032223660256
v -0.103774799296678 0.0062962250482600339 0.44736233148891236
v -0.1036919786427626 0.0063074549358647473 0.44736396689135338
v -0.10359177205902427 0.006321331642226518 0.44737032223660256
v -0.10490323443156571 0.0061930773478310712 0.44769127834755684
v -0.1048247984443316 0.0061955397647183545 0.44764368031341339
v -0.10474428747040124 0.0061990787905018933 0.44759951327163483
v -0.10466229755622239 0.0062036441337626584 0.44755908642131592
v -0.10457840774399131 0.0062092339318555005 0.44752217251974846
v -0.10449302036506027 0.0062157941680710919 0.44748896900731827
v -0.10443839270812362 0.006220415390686334 0.44746993649918343
v -0.1043183191512236 0.0062316322397750028 0.44743388686496521
v -0.10549501914721818 0.0062194524031441815 0.44825782049614693
v -0.10544100616318078 0.006212439544157327 0.44818414542991425
v -0.10538349140626282 0.0062063375186484464 0.44811247829515244
v -0.10532294798833222 0.006201237596229852 0.44804344494063164
v -0.10525972236138673 0.0061971863430302747 0.44797740671951081
v -0.10519352022749276 0.0061941837590497144 0.44791403580624367
v -0.10512465451103539 0.0061922633719008573 0.44785363767463471
v -0.10503480050903649 0.0061914009671967633 0.44778233189303185
v -0.1049793085847506 0.0061917083036463864 0.44774211365896965
v -0.10586680684429498 0.0063534790348570959 0.44927930627185608
v -0.10584289420586915 0.0063277782570880063 0.44909767229277398
v -0.10581229094606728 0.0063073804300587781 0.44895377922970559
v -0.10580324221593232 0.0063024574589293607 0.44891881365496422
v -0.10574815262299866 0.0062782747369568952 0.44874409008938576
v -0.10571487087947221 0.0062668157439988263 0.4486585089953592
v -0.10567804638487191 0.0062559546601336606 0.44857483524996544
v -0.10563751150113435 0.006245698935941995 0.44849264044482018
v -0.10559345249277444 0.0062361547421973355 0.44841233063656594
v -0.10550169486743302 0.006220415390686334 0.44826740939337517
v -0.054801333958328598 0.0026316588443081931 0.50954233464021004
v -0.053887304181278579 0.004066400386051475 0.50954233464021004
v -0.05310179691952549 0.0055753441226046689 0.50954233464021004
v -0.052450793126643525 0.0071470068466227676 0.50954233464021004
v -0.051939245576084481 0.008769428513602559 0.50954233464021004
v -0.0515710490588554 0.010430261416019149 0.50954233464021004
v -0.051349003130615578 0.012116862384260843 0.50954233464021004
v -0.051274799073160515 0.013816399433755865 0.50954233464021004
v -0.051349003130615578 0.015515936461867047 0.50954233464021004
v -0.0515710490588554 0.01720253929275389 0.50954233464021004
v -0.051939245576084481 0.018863371729509193 0.50954233464021004
v -0.052450793126643525 0.020485793396488983 0.50954233464021004
v -0.05310179691952549 0.022057456120507083 0.50954233464021004
v -0.053887304181278579 0.023566399857060279 0.50954233464021004
v -0.054801333958328598 0.025001140467480983 0.50954233464021004
v -0.055836933927656048 0.026350758194581835 0.50954233464021004
v -0.05698621858102166 0.027604982413009974 0.50954233464021004
v -0.058240441868127227 0.028754267066375586 0.50954233464021004
v -0.059590059595228076 0.029789865173057886 0.50954233464021004
v -0.06102480020564878 0.030703894950107904 0.50954233464021004
v -0.062533743942201972 0.031489402211860987 0.50954233464021004
v -0.064105407131881356 0.032140406004742952 0.50954233464021004
v -0.065727828333199873 0.032651953555301996 0.50954233464021004
v -0.067388660537124528 0.033020151935176226 0.50954233464021004
v -0.069075263018765404 0.033242196000770899 0.50954233464021004
v -0.070774800000000332 0.033316400058225962 0.50954233464021004
v -0.072474337096371605 0.033242196000770899 0.50954233464021004
v -0.074160939345181837 0.033020151935176226 0.50954233464021004
v -0.075821771549106493 0.032651953555301996 0.50954233464021004
v -0.077444192750425009 0.032140406004742952 0.50954233464021004
v -0.079015856871426968 0.031489402211860987 0.50954233464021004
v -0.08052480060798016 0.030703894950107904 0.50954233464021004
v -0.081959541218400864 0.029789865173057886 0.50954233464021004
v -0.083309158945501713 0.028754267066375586 0.50954233464021004
v -0.084563382232607273 0.027604982413009974 0.50954233464021004
v -0.085712666885972885 0.026350758194581835 0.50954233464021004
v -0.0867482649926552 0.025001140467480983 0.50954233464021004
v -0.087662294769705218 0.023566399857060279 0.50954233464021004
v -0.0884478020314583 0.022057456120507083 0.50954233464021004
v -0.089098805824340266 0.020485793396488983 0.50954233464021004
v -0.08961035337489931 0.018863371729509193 0.50954233464021004
v -0.08997854989212839 0.01720253929275389 0.50954233464021004
v -0.090200595820368212 0.015515936461867047 0.50954233464021004
v -0.090274799877823275 0.013816399433755865 0.50954233464021004
v -0.090200595820368212 0.012116862384260843 0.50954233464021004
v -0.08997854989212839 0.010430261416019149 0.50954233464021004
v -0.08961035337489931 0.008769428513602559 0.50954233464021004
v -0.089098805824340266 0.0071470068466227676 0.50954233464021004
v -0.0884478020314583 0.0055753441226046689 0.50954233464021004
v -0.087662294769705218 0.004066400386051475 0.50954233464021004
v -0.0867482649926552 0.0026316588443081931 0.50954233464021004
v -0.085712666885972885 0.0012820420485299168 0.50954233464021004
v -0.084563382232607273 2.7818761424354757e-05 0.50954233464021004
v -0.083309158945501713 -0.0011214668232638319 0.50954233464021004
v -0.081959541218400864 -0.0021570639986235596 0.50954233464021004
v -0.08052480060798016 -0.0030710937756735779 0.50954233464021004
v -0.079015856871426968 -0.0038566010374266636 0.50954233464021004
v -0.077444192750425009 -0.0045076066929537785 0.50954233464021004
v -0.075821771549106493 -0.0050191523808676732 0.50954233464021004
v -0.074160939345181837 -0.0053873526233870518 0.50954233464021004
v -0.072474337096371605 -0.0056093948263365757 0.50954233464021004
v -0.070774800000000332 -0.0056835988837916386 0.50954233464021004
v -0.069075263018765404 -0.0056093948263365757 0.50954233464021004
v -0.067388660537124528 -0.0053873526233870518 0.50954233464021004
v -0.065727828333199873 -0.0050191523808676732 0.50954233464021004
v -0.064105407131881356 -0.0045076066929537785 0.50954233464021004
v -0.062533743942201972 -0.0038566010374266636 0.50954233464021004
v -0.06102480020564878 -0.0030710937756735779 0.50954233464021004
v -0.059590059595228076 -0.0021570639986235596 0.50954233464021004
v -0.058240441868127227 -0.0011214668232638319 0.50954233464021004
v -0.05698621858102166 2.7818761424354757e-05 0.50954233464021004
v -0.055836933927656048 0.0012820420485299168 0.50954233464021004
v -0.055085685366810196 0.01504680692929144 0.44910416919905449
v -0.055128662178338401 0.013816399433755865 0.4490719342621019
v -0.055085685366810196 0.012585993779481599 0.44910416919905449
v -0.10256868068319648 0.020050926290110904 0.43037841264325882
v -0.10261644635540336 0.020109303451732952 0.43033467028457428
v -0.10281864393693298 0.020485698401586372 0.43019054625350739
v -0.10281284738522857 0.020470291532234508 0.43019312415439392
v -0.10290576730114311 0.020808550685302577 0.43018559534270073
v -0.10290125224930137 0.020783957250074706 0.43018283117729927
v -0.10288981560808509 0.020728327490047774 0.43017845023590828
v -0.10288847077828735 0.02072229531373199 0.43017813358623291
v -0.10288251403910011 0.02069659639860805 0.43017712030727173
v -0.10286965806228011 0.020645940832452137 0.43017677012998368
v -0.10286716211778014 0.020636744953350383 0.43017694149333741
v -0.10285950664621681 0.020609616458074409 0.43017787654120232
v -0.10284589071017593 0.020564871064977008 0.4301808381469896
v -0.10284191582542747 0.020552533834831077 0.43018197063524033
v -0.10283224497181266 0.020523709401146728 0.43018515575844551
v -0.10280078862053245 0.02043958862091716 0.43019896168429161
v -0.1027880630288729 0.02040896021540578 0.43020573798734452
v -0.10278009835821479 0.020390629924492198 0.43021026794034745
v -0.10276524190050453 0.020357981480316478 0.43021924216467644
v -0.10275432679993003 0.020335171527818996 0.43022623080927636
v -0.10274385500890106 0.020314145058051902 0.43023322317916657
v -0.10271764014107078 0.020264821283177692 0.43025180865246559
v -0.10270432595354408 0.020241405039684135 0.43026178125459458
v -0.10267823774558395 0.020198366760866004 0.43028222192246224
v -0.10266176451188415 0.020172954693095047 0.43029568884689118
v -0.10263638038379043 0.020136232643977958 0.4303171949477842
v -0.10259234372717231 0.020078809156672317 0.4303564297052076
v -0.10254643324953407 0.020026443682269413 0.43039960209447647
v -0.10251881394726127 0.01999825813587125 0.43042657319623734
v -0.10249897305113166 0.019979444488541442 0.43044637311417366
v -0.10247834239345878 0.019961096502498943 0.43046733159739281
v -0.10246720750075668 0.01995169293846305 0.43047879059035088
v -0.10245030958396285 0.019938075139777023 0.43049638513643051
v -0.10241425994974464 0.019911577149884063 0.4305346922965696
v -0.10240080047589629 0.019902551702813465 0.43054926563221718
v -0.10236039597731918 0.019878211587325889 0.43059387598354126
v -0.10235082570654243 0.019873040884391624 0.43060463462192322
v -0.10230607379418701 0.019851843982593376 0.43065593931991364
v -0.10230078388196319 0.019849661893801052 0.43066211212593819
v -0.10225176278692573 0.019832671776072341 0.43072047624904419
v -0.10225108105880111 0.019832477129654247 0.43072130326349045
v -0.10220214564544051 0.019821494973854381 0.43078182432967926
v -0.10219798077088683 0.019820838391439277 0.43078708071429039
v -0.10215441350084632 0.019816665134982425 0.43084328044373299
v -0.10176578190368503 0.020461412302808124 0.43058056924659516
v -0.10273226190549224 0.020892270065502486 0.43019829113203789
v -0.10245493639451354 0.02101258762891706 0.43021685425359513
v -0.10218028564196914 0.021131746627048812 0.43023523856121804
v -0.12267926920396181 0.021131739176468215 0.44560946319419648
v -0.12256017539841028 0.020892243057147823 0.44506917316633965
v -0.12262001101118418 0.021012569933788142 0.44534062761980797
v -0.10176601100903838 0.0071717818897526885 0.43058074060994889
v -0.12246358979684206 0.020461018353359062 0.44610392470080162
v -0.10273232523542732 0.0067405571859639303 0.43019828740674759
v -0.10245497737270683 0.0066202303093236105 0.43021685052830483
v -0.10218030426842063 0.0065010619979661123 0.43023523856121804
v -0.12257317293626162 0.0067144224118750708 0.4451281370611837
v -0.12271603036862704 0.0064271336119931357 0.44577624071556832
v -0.1227030440066466 0.0064532497596305029 0.44571732152420784
v -0.12269005391937586 0.0064793677699130194 0.44565840233284737
v -0.12262512210947367 0.0066099522333901541 0.4453638101013353
v -0.12267706755739542 0.0065054839175503866 0.44559948686677719
v -0.12265109483343455 0.0065577180754702704 0.44548164848405625
v -0.12276104677659365 0.0067672954570811407 0.44600519333202149
v -0.12273865778189989 0.0068231003057521002 0.44595778901297356
v -0.12274353046161028 0.0068080370944302694 0.44593987409192826
v -0.12271848160964342 0.0064965339076083319 0.44573128018695618
v -0.12273685846668574 0.0067896974902909414 0.44582026247102524
v -0.12275509003740641 0.0067405199330609457 0.44587298650461937
v -0.12275337640386912 0.0067584553432028906 0.44588899780232216
v -0.12271106828194948 0.0068747328292887823 0.4460334906371286
v -0.12271518845301958 0.0068691560697119848 0.4460238086076429
v -0.12258066822034212 0.0067535360973637716 0.44513487238604332
v -0.1225870310161719 0.0067924504798215048 0.44514297489244248
v -0.12259227249962183 0.0068311599713128226 0.44515243712980057
v -0.12259638522011133 0.0068696589839022772 0.4451632590981176
v -0.1225993691776404 0.0069079642813962118 0.44517545197326447
v -0.12260120947104784 0.0069460553746979849 0.44518902693111206
v -0.12260188374859186 0.0069839546155493881 0.44520402122456337
v -0.12260136965853068 0.0070215223055642272 0.4452204199524572
v -0.12259964857441279 0.0070584604215186263 0.4452381076307943
v -0.12259672794681879 0.0070946758311551238 0.44525705073196198
v -0.1225926003251681 0.0071301852982800628 0.44527726415712143
v -0.12258724708300921 0.0071649683337968017 0.44529876653272416
v -0.12258064959389063 0.0071990007233184005 0.44532158021051194
v -0.12257276687961909 0.0072322824668448592 0.44534575734454895
v -0.12256360639077517 0.007264612398700061 0.44537121225315834
v -0.12255323145729395 0.0072957018088858749 0.44539774377066399
v -0.12254164207917544 0.0073254985433381225 0.4454253258200338
v -0.12252882708054873 0.0073539932888310577 0.44545399192888047
v -0.12251476783496233 0.0073811469298165466 0.44548374954778458
v -0.12249940846306177 0.0074069445651333953 0.44551466200668122
v -0.12248279739362093 0.0074312017929118301 0.44554659519511963
v -0.12246509108883234 0.0074536503922503616 0.44557924736458565
v -0.12244632307630869 0.0074742270332139159 0.4456125440092733
v -0.12242647100430819 0.0074929261278670455 0.44564651493150498
v -0.12252038557273241 0.0072635879438679839 0.445837808588331
v -0.122502981016458 0.0072757640552085067 0.44586702976543213
v -0.12248469729167315 0.0072861892801087524 0.44589655269104744
v -0.12246572811347338 0.0072947406839888717 0.44592606071550156
v -0.12244610328418108 0.0073014182668488647 0.4459555165858915
v -0.12242581535321566 0.0073062201660435821 0.44598493147808815
v -0.12240485686999651 0.0073091296177666808 0.44601430911738182
v -0.12238321665865275 0.0073101112317603256 0.44604364577848221
v -0.12254871268016192 0.0070531444322627212 0.44613260943609978
v -0.12256472025257441 0.0070508645546000625 0.44610981811005379
v -0.12258009825092646 0.0070471038740437652 0.44608691130000855
v -0.12259485785108896 0.0070418735664647247 0.44606389645654465
v -0.12267115552169176 0.0069096686017077582 0.44611286539751793
v -0.12270225051981302 0.0068851059001248495 0.44605302978474404
v -0.12269266162258478 0.0068944135379355566 0.44607278127390648
v -0.12268227551323267 0.0069026315283339636 0.44609278235751892
v -0.12271911863428446 0.006863318539814295 0.44601417873222138
v -0.12272978414040896 0.0068442580920022146 0.44598560575563218
v -0.12276500303489062 0.0067534411024611609 0.4459884630532911
v -0.1227681993339667 0.0067389031570714132 0.44597215745765473
v -0.12277064684969279 0.0067237002473633902 0.44595626536924149
v -0.12277235303264948 0.0067078398239176886 0.44594077561218048
v -0.12277332533341738 0.0066913442384760992 0.4459257105382135
v -0.12277355630141588 0.0066743643652957098 0.4459111781807592
v -0.12277306828838679 0.0066570007872145788 0.44589724559504296
v -0.12277187992078158 0.0066392553668778555 0.44588388670403267
v -0.12277000237447115 0.006621137417511286 0.44587108660656716
v -0.12276744310003611 0.0066026599776309149 0.44585883785206581
v -0.12276420582276674 0.0065838155966561453 0.44584713671523835
v -0.12276029799324366 0.0065646471154254095 0.44583600554782654
v -0.12275576058966013 0.006545310996131243 0.44582551885563637
v -0.12275061223846766 0.0065258780192893164 0.44581569899040963
v -0.12274487156611773 0.0065063351463835852 0.44580653105098511
v -0.12273854229790064 0.0064866916906397955 0.44579800386149193
v -0.1227316281591067 0.0064669420641224997 0.44579010997134949
v -0.12272412169915529 0.0064470899921219961 0.44578285683113839
v -0.12275602135998102 0.0067220573943417685 0.44585757870394493
v -0.12273848269325587 0.0067697522860329764 0.44580397922713066
v -0.12275617782217356 0.0067031794857543127 0.44584284145552422
v -0.12273928363067003 0.0067493581842940466 0.44578843359071518
v -0.12275558177572581 0.0066838843446534292 0.44582873750645424
v -0.12273928363067003 0.0067285151850741522 0.44577359203416611
v -0.12275425184708925 0.0066641868722003119 0.44581526313144471
v -0.12273849759441706 0.0067072363268893377 0.44575944338161255
v -0.12275219176155421 0.0066440963816207068 0.44580241087991501
v -0.122736936697782 0.0066855327856104986 0.44574598018247391
v -0.12274940151912066 0.0066236072849791662 0.44579016212541367
v -0.12273460094076487 0.0066633989733021872 0.44573318753558899
v -0.1227458960209498 0.0066027661484044211 0.44577855039555336
v -0.12273149777394625 0.0066408851813834326 0.44572109896857048
v -0.12274170879465433 0.0065817424726050512 0.44576765392143036
v -0.12272766072493883 0.0066181739490788595 0.44570979271251465
v -0.12273686591726633 0.0065606126260321753 0.44575749505478646
v -0.12272311587077471 0.0065953472327750342 0.44569929111916329
v -0.1227313748393664 0.0065393635701697485 0.44574805144387986
v -0.12271787438732477 0.0065723938566010611 0.4456895718367746
v -0.12272524673682543 0.0065180083435338156 0.44573931563812996
v -0.12270533878547045 0.0065261257510941641 0.44567245040256287
v -0.12266590286237093 0.0066149012815516607 0.44549595732409264
v -0.12269219223600718 0.0065557175945799963 0.44561362061816956
v -0.12267205704194399 0.006643267504529299 0.44550456646997239
v -0.12269865188938471 0.0065806379240315573 0.44562193919140602
v -0.12268499870044085 0.0065306650173228399 0.44560613278466965
v -0.12265891421777102 0.0065863841843169348 0.44548832047898079
v -0.12263283346039149 0.0066421014886658804 0.44537050444800164
v -0.12263961348873469 0.0066740849685233252 0.44537829775530602
v -0.12264546219450327 0.0067058989476721899 0.44538719002324845
v -0.12265037957769724 0.0067375415634673254 0.44539717752653862
v -0.12265436936360689 0.0067690239917796271 0.44540826771575714
v -0.12265740920049044 0.0068003294688027517 0.4454204754920652
v -0.12265949163776728 0.006831478483633341 0.44543383438307549
v -0.12266058314782473 0.0068623574149172918 0.44544831831175591
v -0.12266066510421129 0.006892714805559458 0.44546382669526841
v -0.12265973750692698 0.0069224798750441687 0.44548033718187119
v -0.12265779290539118 0.0069516656618874685 0.44549785349685456
v -0.12265482012373301 0.006980251676992716 0.4455163979919603
v -0.12265079681021067 0.0070082230191987182 0.44553598184305931
v -0.12264569688779207 0.007035577825860324 0.44555664975363518
v -0.12263951290589663 0.0070621503215592529 0.44557832721788193
v -0.12263228956800791 0.0070877020877164031 0.44560084287244583
v -0.12262402687412592 0.0071121902834933425 0.4456241743655851
v -0.12261470992308947 0.0071356093209546233 0.44564834777433182
v -0.12260432381373736 0.0071579275351327087 0.44567336309868599
v -0.122592823842586 0.0071791300248664047 0.44569927994329239
v -0.1225802472625384 0.0071990677785437728 0.44572598654944207
v -0.12256670210701319 0.0072175191413920547 0.44575321842152382
v -0.12255222190362307 0.0072344300967019225 0.44578092340547348
v -0.12253678430062624 0.0072497987818282272 0.44580912012774254
v -0.12265811700564715 0.0069946331601899291 0.44594930280167366
v -0.122647093871654 0.0070066695731442596 0.44597172532398011
v -0.12263523627263399 0.0070174710523646499 0.44599445704538132
v -0.12262251068097445 0.0070270096581738616 0.44601753149348999
v -0.12260900277835222 0.0070351754945080901 0.4460407586785009
v -0.12266831312519404 0.0069813860278885986 0.44592719320375229
v -0.12267769340616556 0.0069669337641757147 0.4459053779037645
v -0.12272286255103441 0.0068572221022408621 0.44600460101086403
v -0.12272642020326945 0.0068508667569916861 0.44599507171828057
v -0.12273295063716265 0.0068374091457884924 0.44597621429878975
v -0.12275630448204371 0.0067804569077056067 0.4460223706455877
v -0.12275088045936915 0.00677570157463962 0.44590548966247345
v -0.1227476022039065 0.0067922288250487463 0.44592244345862175
v -0.12267737675649019 0.0066714828532498495 0.44551413301545884
v -0.12270437393528315 0.0066054222803872244 0.44563109222966935
v -0.12268186573129984 0.0066995529156487601 0.44552467931229378
v -0.12270936582428309 0.0066300837021630423 0.44564108718354012
v -0.12268550906521174 0.0067274683785002844 0.44553620163518692
v -0.12271360892993304 0.0066546054255526678 0.44565192777830864
v -0.12268829185706469 0.006755240417675318 0.44554874096233155
v -0.1227170958016524 0.0066790042143624441 0.44566364381629731
v -0.12269018802982661 0.00678277403827125 0.44556226749140526
v -0.12271979663711878 0.0067031906616252081 0.44567621294576432
v -0.1226911752317557 0.0068098419975798742 0.44557668809015061
v -0.1227216816340098 0.0067269691896002905 0.44568954948503281
v -0.12269124228698107 0.0068363828283112662 0.4455919766815355
v -0.12272274706703516 0.0067502839189332144 0.4457036199064901
v -0.12269038919550272 0.0068624039810460226 0.44560814816672112
v -0.12272298548561426 0.0067731441628497259 0.44571844283658768
v -0.12268860478144976 0.0068878942799132483 0.44562520999628807
v -0.12272238943916651 0.0067955368828337805 0.44573402572590615
v -0.12268587041837069 0.0069128350984614508 0.44564318079668785
v -0.12272094775182101 0.0068174471777241842 0.44575037975031639
v -0.12268216002923342 0.0069372264366906302 0.44566209409553315
v -0.12271862689596506 0.0068388731848757879 0.44576754216272141
v -0.12267746988874766 0.0069609174203436987 0.44568188283759858
v -0.12271542314630839 0.0068596863817732947 0.44578544218260552
v -0.12267182234865519 0.0069837012958090926 0.44570239056069161
v -0.12271135140401217 0.0068797005039017813 0.44580394197422768
v -0.12266521740895601 0.0070055370848935272 0.44572359863836075
v -0.12270641166907641 0.0068988838862937109 0.4458230191858461
v -0.12265765134435984 0.0070264191996615554 0.4457455219717672
v -0.12270059276563021 0.0069172272157233374 0.44584269989449288
v -0.12264910180312487 0.0070463178377907897 0.44576817173678185
v -0.12269387979251238 0.0069347081404488699 0.4458629803748777
v -0.12263953153234812 0.0070652236860554839 0.44579159263688828
v -0.12268624294740053 0.0069513173472445624 0.44588390160519387
v -0.03978401448768458 0.02046145793761428 0.43058042023498322
v -0.038817098626912447 0.020892148993567786 0.43019821290094162
v -0.039094480017245622 0.021012498221949897 0.43021675739604737
v -0.039369186649144502 0.021131688885049186 0.43023511935192849
v -0.039783787244976374 0.007171737186269107 0.43058059159833695
v -0.0189763589594968 0.02091837131197866 0.4451281370611837
v -0.018924394885123555 0.02102283217723783 0.44536377284843232
v -0.0188334605489381 0.021205637760118804 0.44577613268214966
v -0.018846454361499135 0.021179522543804011 0.44571722466666008
v -0.018859444448769871 0.021153407327489219 0.44565831665117051
v -0.018872434536040608 0.021127293042497001 0.44559940863568093
v -0.018898414710582082 0.021075062609867416 0.44548158887941147
v -0.038817039022267671 0.0067406782578986304 0.43019820917565132
v -0.039094439039052339 0.0066203197162907736 0.43021675367075707
v -0.03936916802269301 0.0065011197399657385 0.43023511935192849
v -0.018830990681470219 0.021136173203245959 0.44573120568115021
v -0.018812580296815221 0.020843295536593757 0.44581997562367226
v -0.018794356176675145 0.020892440497533641 0.44587270338255669
v -0.01879604000789005 0.020874638266519866 0.44588857684451844
v -0.018838117161811177 0.020758284411982856 0.44603282753545548
v -0.018833985814870183 0.020763908669010959 0.4460230970771959
v -0.018968848774255101 0.020879194296554885 0.44513488728720452
v -0.018947622070134465 0.020648937828497249 0.44520399514753128
v -0.018948300072968785 0.020686726241962276 0.44518904183227326
v -0.018950140366376225 0.020724761455909572 0.44517548550087715
v -0.018953124323905293 0.020763028569177947 0.44516330007631089
v -0.018957237044394795 0.020801523856477103 0.44515247438270356
v -0.018962474802554433 0.020840245455161891 0.44514300096947457
v -0.018956916669429127 0.020502445444123107 0.44527737964112069
v -0.018952789047778432 0.020537936284796554 0.44525716621596123
v -0.018949857244313542 0.020574262521819431 0.44523816351014878
v -0.018948136160195653 0.020611373863772708 0.44522039015013481
v -0.018976597378075902 0.020400986231521923 0.44534542206842209
v -0.018968804070771519 0.020433955050663311 0.44532148707825447
v -0.018962255010426823 0.020467780686573345 0.44529881868678833
v -0.01904979560715038 0.02022625614668544 0.44551416281778122
v -0.019034611323893849 0.020251811638132888 0.44548357818443085
v -0.01902058560592014 0.02027892150695737 0.44545388389546181
v -0.019007714727938954 0.020307578302578289 0.4454250762255838
v -0.018996021041692082 0.020337720557705719 0.44539720360357071
v -0.018985653558791463 0.020368903100148994 0.44537063855845238
v -0.019066149631560628 0.020202277384356815 0.44554564897138382
v -0.019102486113131825 0.020159207440571147 0.44561143759805466
v -0.01908370319944698 0.020179906084791976 0.44557807017285134
v -0.01904616344910938 0.020357155397192794 0.44586652685124184
v -0.019028855750382725 0.020369307294146377 0.44583743978459145
v -0.01912252817493755 0.020140247575597126 0.44564577359873558
v -0.01908312205416042 0.02033821322734769 0.44592515174466874
v -0.019064253458798711 0.020346786051647026 0.44589576665479447
v -0.019123243430674855 0.02032656238193925 0.44598438758570458
v -0.019102776685775105 0.020331459276036579 0.44595468212086464
v -0.019144473860085789 0.020323586806313354 0.44601415638047959
v -0.019000662753403966 0.020579518906430561 0.44613250140268113
v -0.018984450290025059 0.020581849075512249 0.44610939715225006
v -0.018968938181222264 0.020585686124519664 0.44608626682478691
v -0.018954159954608266 0.020590976968066055 0.44606318492609764
v -0.018878007570327107 0.020723145611242614 0.44611232523042466
v -0.018847013155043904 0.020747764192179999 0.44605258274990822
v -0.018856676558078114 0.020738348520950637 0.44607251677829529
v -0.018867010513366048 0.020730145431713424 0.44609243218023087
v -0.018830066809476201 0.020769769481973014 0.44601346347648407
v -0.018819527963221852 0.020788726552979312 0.44598513264376427
v -0.018784446904481236 0.020879289291457496 0.44598834756929184
v -0.018788391986907307 0.020865453563289008 0.44600504432040955
v -0.018793078402102772 0.020852411321954093 0.44602205027062203
v -0.018778777012646977 0.020909297436134181 0.44595588538963105
v -0.018777082005561177 0.02092521187628921 0.44594036955553795
v -0.018776132056535069 0.0209415863897961 0.44592543486673142
v -0.018775908539117162 0.020958411663429103 0.44591104407030846
v -0.01877639655214626 0.020975674658672176 0.44589719344097878
v -0.018777581194461171 0.020993366993622146 0.44588387180287148
v -0.018779455015481297 0.021011480286375842 0.44587107170540596
v -0.018782021740496938 0.021030019193546138 0.44585878197271134
v -0.018785277644217793 0.021048959500746093 0.44584702123123909
v -0.01878918547374088 0.021068129844621978 0.44583588633853699
v -0.018793715426743809 0.02108741660381969 0.44582542944866921
v -0.018798856327355687 0.0211068281602424 0.44581562075931336
v -0.018804593274415318 0.021126357994632087 0.44580645654517914
v -0.018810918817342107 0.0211460042443436 0.44579792563039566
v -0.018817840406716649 0.021165765978054366 0.44579002428967263
v -0.018825354317248646 0.021185644127086959 0.44578275997359063
v -0.01879344720584232 0.020910734466866813 0.44585744831878449
v -0.01881098214727718 0.020863056338981948 0.44580385256726052
v -0.018793294468940083 0.020929502479390464 0.44584279675204064
v -0.018810188660443608 0.020883330300108752 0.4457884000631025
v -0.01879388306480724 0.020948738015846572 0.44582873750645424
v -0.018810188660443608 0.020904108106748424 0.44577359948474671
v -0.018795212993443791 0.020968430831686816 0.44581525940615441
v -0.018810970971406285 0.02092538137699779 0.44575945083219315
v -0.018797280529559438 0.020988586514846645 0.44580236245114113
v -0.018812539318621938 0.020947154767469726 0.44574594292957093
v -0.018800081947863881 0.021009178988293967 0.44579005409199501
v -0.018814886251509969 0.020969398475841842 0.44573308695275093
v -0.018803591171325032 0.021030021987513862 0.44577844236213471
v -0.018817993143618886 0.020991913199083171 0.44572099838573243
v -0.018807770947039906 0.021050989783958755 0.44576757569033409
v -0.018821822742045705 0.021014563895420394 0.44570972193199898
v -0.01881260637384731 0.021072094484822116 0.44575742799956108
v -0.018826360145629231 0.021037360809401832 0.44569923151451851
v -0.018818093726456944 0.021093327708200774 0.44574798811394478
v -0.018831597903788869 0.021060298353092036 0.44568951968271042
v -0.018824221828997914 0.02111468759144958 0.44573924858290459
v -0.018844137230933491 0.021106580428437553 0.4456723870726278
v -0.018883584329903905 0.021017802104012332 0.44549592379647995
v -0.018857287505687062 0.021076987653629146 0.44561356473881508
v -0.018877426425040547 0.020989421911196075 0.44550453666765
v -0.018850824127019231 0.021052055216984115 0.44562189448792244
v -0.018864488491833989 0.021102067239240966 0.44560606945473458
v -0.018890580425084416 0.021046349003569446 0.44548827205020691
v -0.018916668633044545 0.020990630767897926 0.44537047837096955
v -0.018909881154120747 0.020958616554395518 0.44537828285414482
v -0.018904028723061864 0.020926789536730609 0.44538718257266785
v -0.018899111339867894 0.020895148783580623 0.44539717752653862
v -0.018895129004538838 0.02086369429494556 0.44540826026517655
v -0.018892089167655293 0.020832431658760867 0.44542045686561371
v -0.018890010455668751 0.020801371119574866 0.44543377477843071
v -0.018888911495030705 0.020770495913581214 0.44544825498182083
v -0.018888825813353841 0.020739992305294833 0.4454638415964296
v -0.018889757135928456 0.020710134103552661 0.44548040423709656
v -0.018891705462754552 0.02068096228654798 0.44549792427737023
v -0.018894670793832127 0.020652469403700194 0.4455164091678312
v -0.01889866057974178 0.020624666630880195 0.44553587380964066
v -0.018903700897515599 0.020597567937926609 0.44555633310395981
v -0.018909810373605077 0.020571196607903797 0.44557781312782074
v -0.018917022535622899 0.020545566610650379 0.44560036230999733
v -0.018925359735310857 0.020520791567520458 0.4456239396722963
v -0.018934717664540593 0.020497237488285858 0.44564823601562287
v -0.018945077696860615 0.020474953733043033 0.44567320291120316
v -0.018956443557561223 0.020453948683695156 0.44569885153490807
v -0.01896882642251331 0.020434240035371143 0.4457251818867376
v -0.018982248643458668 0.02041585107113536 0.44575222749430443
v -0.018996740022719685 0.020398837670342285 0.44577999208289887
v -0.019012322912038152 0.020383253849701244 0.4458084980042627
v -0.018890990207017247 0.020638468831435997 0.44594855029303337
v -0.018902117649138753 0.020626261055127937 0.44597122240978981
v -0.018914068380416219 0.020615334778682548 0.44599415902215744
v -0.018926726916850392 0.020605814799324829 0.44601712916213776
v -0.018940089533150975 0.020597692735151607 0.44604014028031136
v -0.018880794087470357 0.020651796988801319 0.44592638481575753
v -0.018871503213465993 0.0206662017550629 0.44590471480209137
v -0.018826352695048634 0.020775862194256148 0.44600392300802971
v -0.018822839746297185 0.020782183080570064 0.44599447939712311
v -0.018798524776519124 0.02085733615572866 0.44590509850699211
v -0.018781239429534261 0.020893914781169257 0.44597194884139801
v -0.01880182910901386 0.020840611464933715 0.44592223484236504
v -0.018805915752471272 0.02082471006329473 0.445939758607929
v -0.018810777256310765 0.020809667341069541 0.44595764000136162
v -0.018816417345822636 0.02079548795487102 0.44597587902266289
v -0.018872106710494344 0.020961208425120673 0.44551411438900734
v -0.018845102081120793 0.021027268066660724 0.44563105125147606
v -0.018867621460974995 0.020933161645786128 0.44552464950997139
v -0.018840113917411153 0.021002628065304122 0.44564103875476624
v -0.018863981852353398 0.020905284367160163 0.44553616438228394
v -0.018835874537051503 0.020978137075559459 0.44565186817366387
v -0.018861202785790745 0.020877587765113673 0.44554866273123528
v -0.01883239511591274 0.020953805341975055 0.44566355440933014
v -0.01885930288773853 0.020850056938485465 0.44556218926030899
v -0.018829690555156056 0.020929617963389716 0.44567611981350685
v -0.018858311960519139 0.020822856731371246 0.44557668063957001
v -0.018827794382394139 0.020905722088770232 0.44568951968271042
v -0.018858244905293767 0.020796233012930713 0.44559202511030938
v -0.018826728949368779 0.020882331922308765 0.44570364225823189
v -0.018859097996772115 0.020770221173421703 0.4456081928702047
v -0.018826490530789677 0.02085947912897285 0.44571846518832947
v -0.018860878685534779 0.020744813762263618 0.44562520627099778
v -0.018827086577237431 0.020837158120827041 0.44573399964887406
v -0.01886359069687206 0.020720021955327354 0.4456430653126886
v -0.018828517088712041 0.020815378211097083 0.44575025681573655
v -0.018867252657235448 0.020695858791128955 0.44566179234701897
v -0.018830804416955296 0.020794149644331298 0.44576724786478783
v -0.018871886918366734 0.020672343827442489 0.44568140227515007
v -0.018833963463128392 0.020773491046981177 0.4457849914224794
v -0.018877523282588307 0.020649490102783996 0.44570193980056549
v -0.018838024029553715 0.020753412663595042 0.44580351729113366
v -0.018884180376351659 0.020627398199991542 0.44572337139565255
v -0.018843004742682759 0.02073400483246263 0.44582280311900879
v -0.018891783693850819 0.020606395013288814 0.44574541021305825
v -0.018848849723161046 0.020715552538291774 0.44584258441049363
v -0.018900310883343999 0.020586525246159393 0.44576801527458931
v -0.018855544069827382 0.020698096759275756 0.44586282763797547
v -0.018909769395411793 0.020567795417861301 0.44579119403082634
v -0.018863091507972066 0.020681641220704875 0.44588353652674462
v -0.018870247790635411 0.0065011122893851416 0.44560932535845543
v -0.018989401200831715 0.0067406521808665411 0.44506898690182473
v -0.018929535785735432 0.0066203029524844305 0.44534046370703484
v -0.019085584471047704 0.00717134230549747 0.44610424507576729
v -0.048274798581422196 0.0023163987022202567 0.49762899968940527
v -0.048274798581422196 0.025316400609568919 0.49762899968940527
v -0.093274800369561595 0.0023163987022202567 0.49762899968940527
v -0.093274800369561595 0.025316400609568919 0.49762899968940527
v -0.1029748006556639 0.025316400609568919 0.48469566663428904
v -0.091274800041736048 0.0023163987022202567 0.50362900067288197
v -0.091274800041736048 0.025316400609568919 0.50362900067288197
v -0.050274798909247742 0.025316400609568919 0.50362900067288197
v -0.050274798909247742 0.0023163987022202567 0.50362900067288197
v -0.091307133698881549 0.0023163987022202567 0.50282549094576157
v -0.091307133698881549 0.025316400609568919 0.50282549094576157
v -0.091403924191416186 0.0023163987022202567 0.50202717706728495
v -0.091403924191416186 0.025316400609568919 0.50202717706728495
v -0.091564549395860118 0.0023163987022202567 0.50123922228980577
v -0.091564549395860118 0.025316400609568919 0.50123922228980577
v -0.091787966230929774 0.0023163987022202567 0.50046672187912977
v -0.091787966230929774 0.025316400609568919 0.50046672187912977
v -0.09207273300927965 0.0023163987022202567 0.49971467144954712
v -0.09207273300927965 0.025316400609568919 0.49971467144954712
v -0.092417005712212008 0.0023163987022202567 0.49898793250489742
v -0.092417005712212008 0.025316400609568919 0.49898793250489742
v -0.092818560341418666 0.0023163987022202567 0.49829120636153729
v -0.092818560341418666 0.025316400609568919 0.49829120636153729
v -0.050242465252102242 0.025316400609568919 0.50282549094576157
v -0.050242465252102242 0.0023163987022202567 0.50282549094576157
v -0.050145674759567604 0.025316400609568919 0.50202717706728495
v -0.050145674759567604 0.0023163987022202567 0.50202717706728495
v -0.049985049555123673 0.025316400609568919 0.50123922228980577
v -0.049985049555123673 0.0023163987022202567 0.50123922228980577
v -0.049761632720054016 0.025316400609568919 0.50046672187912977
v -0.049761632720054016 0.0023163987022202567 0.50046672187912977
v -0.04947686594170414 0.025316400609568919 0.49971467144954712
v -0.04947686594170414 0.0023163987022202567 0.49971467144954712
v -0.049132593238771782 0.025316400609568919 0.49898793250489742
v -0.049132593238771782 0.0023163987022202567 0.49898793250489742
v -0.048731038609565125 0.025316400609568919 0.49829120636153729
v -0.048731038609565125 0.0023163987022202567 0.49829120636153729
f 1 2 3
f 4 5 6
f 7 8 9
f 10 11 12
f 11 13 12
f 14 15 16
f 16 17 14
f 17 18 14
f 14 18 12
f 18 19 12
f 12 19 10
f 20 21 22
f 22 23 20
f 23 24 20
f 20 24 15
f 24 25 15
f 15 25 16
f 26 27 28
f 27 29 28
f 28 29 21
f 29 30 21
f 21 30 22
f 31 32 26
f 32 33 26
f 26 33 27
f 34 35 31
f 35 36 31
f 31 36 32
f 37 38 34
f 38 39 34
f 34 39 35
f 40 41 42
f 41 43 42
f 42 43 44
f 43 45 44
f 44 45 46
f 45 47 46
f 46 47 48
f 47 49 48
f 48 49 37
f 49 50 37
f 37 50 38
f 51 52 40
f 52 53 40
f 40 53 41
f 54 55 51
f 55 56 51
f 51 56 52
f 57 58 54
f 58 59 54
f 54 59 55
f 60 61 57
f 61 62 57
f 57 62 58
f 63 64 60
f 64 65 60
f 60 65 61
f 66 67 63
f 67 68 63
f 63 68 64
f 69 70 71
f 70 72 71
f 71 72 66
f 72 73 66
f 66 73 67
f 74 75 69
f 75 76 69
f 69 76 70
f 69 77 74
f 77 78 74
f 74 78 79
f 80 81 78
f 81 82 78
f 78 82 79
f 83 84 85
f 85 86 83
f 86 87 83
f 83 87 80
f 87 88 80
f 80 88 81
f 9 8 89
f 8 90 89
f 90 91 89
f 89 91 84
f 91 92 84
f 84 92 85
f 7 9 93
f 9 94 93
f 93 94 95
f 94 96 95
f 95 96 97
f 97 96 98
f 96 99 98
f 98 99 100
f 100 99 101
f 99 102 101
f 101 102 103
f 104 105 106
f 105 107 106
f 106 107 102
f 107 108 102
f 102 108 103
f 109 110 111
f 110 112 111
f 111 112 104
f 112 113 104
f 104 113 105
f 114 115 109
f 115 116 109
f 109 116 110
f 109 117 114
f 117 118 114
f 114 118 119
f 119 118 120
f 118 121 120
f 120 121 122
f 122 121 123
f 121 124 123
f 123 124 125
f 125 124 126
f 124 127 126
f 126 127 128
f 128 127 129
f 127 130 129
f 129 130 131
f 131 130 132
f 130 133 132
f 132 133 134
f 134 133 135
f 133 136 135
f 135 136 137
f 137 136 138
f 136 139 138
f 138 139 140
f 139 141 140
f 140 141 142
f 141 143 142
f 142 143 144
f 143 145 144
f 144 145 146
f 145 147 146
f 146 147 148
f 149 150 151
f 151 152 149
f 152 153 149
f 149 153 147
f 153 154 147
f 147 154 148
f 6 5 155
f 5 156 155
f 156 157 155
f 155 157 150
f 157 158 150
f 150 158 151
f 4 6 159
f 6 160 159
f 159 160 161
f 160 162 161
f 161 162 163
f 163 162 164
f 162 165 164
f 164 165 166
f 166 165 167
f 165 168 167
f 167 168 169
f 169 168 170
f 168 171 170
f 170 171 172
f 172 171 173
f 171 174 173
f 173 174 175
f 175 174 176
f 174 177 176
f 176 177 178
f 179 180 181
f 181 182 179
f 182 183 179
f 179 183 177
f 183 184 177
f 177 184 178
f 3 2 185
f 2 186 185
f 186 187 185
f 185 187 180
f 187 188 180
f 180 188 181
f 1 3 189
f 3 190 189
f 189 190 191
f 190 192 191
f 191 192 193
f 193 192 194
f 192 195 194
f 194 195 196
f 196 195 197
f 195 198 197
f 197 198 199
f 11 200 13
f 200 201 13
f 13 201 202
f 201 203 202
f 202 203 198
f 203 204 198
f 198 204 199
f 205 206 207
f 208 209 210
f 208 210 211
f 212 213 214
f 214 215 212
f 215 216 212
f 212 216 208
f 216 217 208
f 208 217 209
f 218 219 220
f 220 221 218
f 221 222 218
f 218 222 213
f 222 223 213
f 213 223 214
f 224 225 226
f 225 227 226
f 226 227 219
f 227 228 219
f 219 228 220
f 229 230 224
f 230 231 224
f 224 231 225
f 232 233 234
f 233 235 234
f 234 235 229
f 235 236 229
f 229 236 230
f 232 234 237
f 234 238 237
f 237 238 239
f 238 240 239
f 239 240 241
f 241 240 242
f 240 243 242
f 242 243 244
f 245 246 247
f 247 248 245
f 248 249 245
f 245 249 243
f 249 250 243
f 243 250 244
f 251 252 253
f 253 254 251
f 254 255 251
f 251 255 246
f 255 256 246
f 246 256 247
f 257 258 259
f 258 260 259
f 259 260 252
f 260 261 252
f 252 261 253
f 262 263 257
f 263 264 257
f 257 264 258
f 265 266 262
f 266 267 262
f 262 267 263
f 268 269 265
f 269 270 265
f 265 270 266
f 271 272 273
f 272 274 273
f 273 274 275
f 274 276 275
f 275 276 277
f 276 278 277
f 277 278 279
f 278 280 279
f 279 280 268
f 280 281 268
f 268 281 269
f 282 283 271
f 283 284 271
f 271 284 272
f 285 286 282
f 286 287 282
f 282 287 283
f 288 289 285
f 289 290 285
f 285 290 286
f 291 292 288
f 292 293 288
f 288 293 289
f 294 295 291
f 295 296 291
f 291 296 292
f 297 298 294
f 298 299 294
f 294 299 295
f 300 301 302
f 301 303 302
f 302 303 297
f 303 304 297
f 297 304 298
f 305 306 300
f 306 307 300
f 300 307 301
f 300 308 305
f 308 309 305
f 305 309 310
f 311 312 309
f 312 313 309
f 309 313 310
f 314 315 316
f 316 317 314
f 317 318 314
f 314 318 311
f 318 319 311
f 311 319 312
f 207 206 320
f 206 321 320
f 321 322 320
f 320 322 315
f 322 323 315
f 315 323 316
f 205 207 324
f 207 325 324
f 324 325 326
f 325 327 326
f 326 327 328
f 328 327 329
f 327 330 329
f 329 330 331
f 331 330 332
f 330 333 332
f 332 333 334
f 335 336 337
f 336 338 337
f 337 338 333
f 338 339 333
f 333 339 334
f 340 341 342
f 341 343 342
f 342 343 335
f 343 344 335
f 335 344 336
f 345 346 340
f 346 347 340
f 340 347 341
f 340 348 345
f 348 349 345
f 345 349 350
f 350 349 351
f 349 352 351
f 351 352 353
f 353 352 354
f 352 355 354
f 354 355 356
f 356 355 357
f 355 358 357
f 357 358 359
f 359 358 360
f 358 361 360
f 360 361 362
f 362 361 363
f 361 364 363
f 363 364 365
f 365 364 366
f 364 367 366
f 366 367 368
f 368 367 369
f 367 370 369
f 369 370 371
f 370 372 371
f 371 372 373
f 372 374 373
f 373 374 375
f 374 376 375
f 375 376 377
f 376 378 377
f 377 378 379
f 380 381 382
f 382 383 380
f 383 384 380
f 380 384 378
f 384 385 378
f 378 385 379
f 386 387 388
f 388 389 386
f 389 390 386
f 386 390 381
f 390 391 381
f 381 391 382
f 392 393 394
f 393 395 394
f 394 395 387
f 395 396 387
f 387 396 388
f 397 398 392
f 398 399 392
f 392 399 393
f 400 401 397
f 401 402 397
f 397 402 398
f 403 404 400
f 404 405 400
f 400 405 401
f 210 406 211
f 406 407 211
f 211 407 403
f 407 408 403
f 403 408 404
f 409 410 411
f 410 412 411
f 410 409 413
f 409 414 413
f 413 414 415
f 415 414 416
f 414 417 416
f 418 419 420
f 419 421 420
f 419 418 422
f 418 423 422
f 422 423 424
f 425 426 427
f 426 428 427
f 429 430 431
f 430 427 431
f 431 427 428
f 432 433 434
f 433 435 434
f 436 437 438
f 437 434 438
f 438 434 435
f 439 440 441
f 440 442 441
f 440 439 443
f 439 444 443
f 443 444 445
f 445 444 446
f 444 447 446
f 448 449 450
f 451 452 453
f 451 453 454
f 453 455 454
f 454 455 456
f 455 457 456
f 456 457 458
f 457 459 458
f 458 459 460
f 459 461 460
f 460 461 462
f 461 463 462
f 462 463 464
f 463 465 464
f 464 465 466
f 465 467 466
f 466 467 468
f 467 469 468
f 468 469 470
f 469 471 470
f 470 471 472
f 471 473 472
f 472 473 474
f 473 475 474
f 474 475 476
f 475 477 476
f 476 477 450
f 477 478 450
f 450 478 448
f 451 479 452
f 479 480 452
f 452 480 481
f 480 482 481
f 481 482 483
f 482 484 483
f 483 484 485
f 484 486 485
f 485 486 487
f 486 488 487
f 487 488 489
f 488 490 489
f 490 491 489
f 489 491 492
f 491 493 492
f 493 494 492
f 492 494 495
f 494 496 495
f 496 497 495
f 495 497 498
f 497 499 498
f 499 500 498
f 498 500 501
f 500 502 501
f 501 502 503
f 502 504 503
f 503 504 505
f 504 506 505
f 506 507 505
f 505 507 508
f 507 509 508
f 509 510 508
f 508 510 511
f 510 512 511
f 511 512 513
f 512 514 513
f 513 514 515
f 514 516 515
f 515 516 517
f 518 519 520
f 521 522 523
f 524 525 526
f 525 527 526
f 527 528 526
f 528 529 526
f 526 529 530
f 529 531 530
f 529 532 531
f 532 533 531
f 531 533 534
f 533 535 534
f 535 536 534
f 534 536 537
f 536 538 537
f 538 539 537
f 539 540 537
f 537 540 541
f 540 542 541
f 540 543 542
f 543 544 542
f 542 544 545
f 544 546 545
f 546 547 545
f 545 547 548
f 547 549 548
f 549 550 548
f 548 550 551
f 550 552 551
f 552 553 551
f 553 554 551
f 551 554 522
f 554 555 522
f 522 555 523
f 521 523 519
f 523 556 519
f 519 556 520
f 518 520 557
f 520 558 557
f 557 558 559
f 560 561 559
f 561 562 559
f 559 562 557
f 560 563 561
f 563 564 561
f 561 564 565
f 564 566 565
f 567 568 569
f 568 570 569
f 569 570 571
f 570 566 571
f 571 566 572
f 566 564 572
f 573 574 567
f 574 575 567
f 567 575 568
f 573 576 574
f 576 577 574
f 574 577 578
f 577 579 578
f 578 579 580
f 581 582 583
f 582 584 583
f 583 584 585
f 584 586 585
f 585 586 587
f 586 588 587
f 587 588 589
f 588 580 589
f 589 580 590
f 580 579 590
f 591 592 593
f 594 595 596
f 594 596 597
f 596 598 597
f 597 598 599
f 598 600 599
f 599 600 601
f 600 602 601
f 601 602 603
f 602 604 603
f 603 604 605
f 604 606 605
f 605 606 607
f 606 608 607
f 607 608 609
f 608 610 609
f 609 610 611
f 610 612 611
f 611 612 613
f 612 614 613
f 613 614 615
f 614 616 615
f 615 616 617
f 616 618 617
f 617 618 619
f 618 620 619
f 619 620 593
f 620 621 593
f 593 621 591
f 594 622 595
f 622 623 595
f 595 623 624
f 623 625 624
f 624 625 626
f 625 627 626
f 626 627 628
f 627 629 628
f 628 629 630
f 629 631 630
f 630 631 632
f 631 633 632
f 633 634 632
f 632 634 635
f 634 636 635
f 636 637 635
f 635 637 638
f 637 639 638
f 639 640 638
f 638 640 641
f 640 642 641
f 642 643 641
f 641 643 644
f 643 645 644
f 644 645 646
f 645 647 646
f 646 647 648
f 649 650 651
f 650 648 651
f 651 648 652
f 648 647 652
f 649 653 650
f 653 654 650
f 650 654 655
f 654 656 655
f 655 656 657
f 656 658 657
f 657 658 659
f 658 660 659
f 659 660 661
f 662 663 664
f 665 666 667
f 665 667 668
f 667 669 668
f 668 669 670
f 669 671 670
f 670 671 672
f 671 673 672
f 672 673 674
f 673 675 674
f 674 675 676
f 675 677 676
f 676 677 678
f 677 679 678
f 678 679 680
f 679 681 680
f 680 681 682
f 681 683 682
f 682 683 684
f 683 685 684
f 684 685 686
f 685 687 686
f 686 687 688
f 687 689 688
f 688 689 690
f 689 691 690
f 690 691 664
f 691 692 664
f 664 692 662
f 665 693 666
f 693 694 666
f 666 694 695
f 694 696 695
f 695 696 697
f 696 698 697
f 697 698 699
f 698 700 699
f 699 700 701
f 700 702 701
f 701 702 703
f 702 704 703
f 704 705 703
f 703 705 706
f 705 707 706
f 707 708 706
f 706 708 709
f 708 710 709
f 710 711 709
f 709 711 712
f 711 713 712
f 713 714 712
f 712 714 715
f 714 716 715
f 715 716 717
f 716 718 717
f 717 718 719
f 720 721 722
f 721 719 722
f 722 719 723
f 719 718 723
f 720 724 721
f 724 725 721
f 721 725 726
f 725 727 726
f 726 727 728
f 727 729 728
f 728 729 730
f 729 731 730
f 730 731 732
f 733 734 735
f 736 737 738
f 739 740 741
f 740 742 741
f 742 743 741
f 743 744 741
f 741 744 745
f 744 746 745
f 744 747 746
f 747 748 746
f 746 748 749
f 748 750 749
f 750 751 749
f 749 751 752
f 751 753 752
f 753 754 752
f 754 755 752
f 752 755 756
f 755 757 756
f 755 758 757
f 758 759 757
f 757 759 760
f 759 761 760
f 761 762 760
f 760 762 763
f 762 764 763
f 764 765 763
f 763 765 766
f 765 767 766
f 767 768 766
f 768 769 766
f 766 769 737
f 769 770 737
f 737 770 738
f 736 738 734
f 738 771 734
f 734 771 735
f 733 735 772
f 735 773 772
f 772 773 774
f 775 776 774
f 776 777 774
f 774 777 772
f 775 778 776
f 778 779 776
f 776 779 780
f 779 781 780
f 782 783 784
f 783 785 784
f 784 785 786
f 785 781 786
f 786 781 787
f 781 779 787
f 788 789 782
f 789 790 782
f 782 790 783
f 788 791 789
f 791 792 789
f 789 792 793
f 792 794 793
f 793 794 795
f 796 797 798
f 797 799 798
f 798 799 800
f 799 801 800
f 800 801 802
f 801 803 802
f 802 803 804
f 803 795 804
f 804 795 805
f 795 794 805
f 806 807 808
f 809 810 811
f 809 811 812
f 811 813 812
f 812 813 814
f 813 815 814
f 814 815 816
f 815 817 816
f 816 817 818
f 817 819 818
f 818 819 820
f 819 821 820
f 820 821 822
f 821 823 822
f 822 823 824
f 823 825 824
f 824 825 826
f 825 827 826
f 826 827 828
f 827 829 828
f 828 829 830
f 829 831 830
f 830 831 832
f 831 833 832
f 832 833 834
f 833 835 834
f 834 835 808
f 835 836 808
f 808 836 806
f 809 837 810
f 837 838 810
f 810 838 839
f 838 840 839
f 839 840 841
f 840 842 841
f 841 842 843
f 842 844 843
f 843 844 845
f 844 846 845
f 845 846 847
f 846 848 847
f 848 849 847
f 847 849 850
f 849 851 850
f 851 852 850
f 850 852 853
f 852 854 853
f 854 855 853
f 853 855 856
f 855 857 856
f 857 858 856
f 856 858 859
f 858 860 859
f 859 860 861
f 860 862 861
f 861 862 863
f 862 864 863
f 864 865 863
f 863 865 866
f 865 867 866
f 867 868 866
f 866 868 869
f 868 870 869
f 869 870 871
f 870 872 871
f 871 872 873
f 872 874 873
f 873 874 875
f 876 877 878
f 879 880 881
f 882 883 884
f 885 886 887
f 886 888 887
f 889 890 886
f 890 891 886
f 886 891 888
f 889 892 890
f 892 893 890
f 890 893 894
f 893 895 894
f 895 896 894
f 896 897 894
f 894 897 898
f 897 899 898
f 899 900 898
f 900 901 898
f 898 901 884
f 901 902 884
f 884 902 882
f 903 904 883
f 904 905 883
f 883 905 884
f 903 906 904
f 906 907 904
f 904 907 908
f 907 909 908
f 909 910 908
f 910 911 908
f 908 911 912
f 911 913 912
f 913 914 912
f 912 914 915
f 914 916 915
f 916 917 915
f 915 917 880
f 917 918 880
f 880 918 881
f 879 881 877
f 881 919 877
f 877 919 878
f 876 878 920
f 878 921 920
f 920 921 922
f 923 924 922
f 924 925 922
f 922 925 920
f 923 926 924
f 926 927 924
f 924 927 928
f 927 929 928
f 927 930 929
f 930 931 929
f 929 931 932
f 931 933 932
f 932 933 934
f 933 935 934
f 934 935 936
f 935 937 936
f 936 937 938
f 937 939 938
f 938 939 940
f 939 941 940
f 940 941 942
f 941 943 942
f 942 943 944
f 944 943 945
f 943 946 945
f 945 946 947
f 947 948 945
f 948 949 945
f 945 949 950
f 949 951 950
f 950 951 952
f 953 954 955
f 954 956 955
f 955 956 957
f 956 958 957
f 957 958 959
f 958 960 959
f 959 960 961
f 960 962 961
f 962 963 961
f 961 963 964
f 963 965 964
f 964 965 966
f 965 967 966
f 966 967 968
f 967 969 968
f 968 969 970
f 969 971 970
f 971 972 970
f 970 972 973
f 972 974 973
f 973 974 975
f 974 976 975
f 975 976 977
f 976 978 977
f 977 978 979
f 978 980 979
f 980 981 979
f 979 981 982
f 981 983 982
f 982 983 984
f 983 985 984
f 984 985 986
f 985 987 986
f 987 988 986
f 986 988 989
f 988 990 989
f 989 990 991
f 990 992 991
f 991 992 993
f 992 994 993
f 994 995 993
f 993 995 996
f 995 997 996
f 996 997 998
f 997 999 998
f 999 1000 998
f 998 1000 1001
f 1000 1002 1001
f 1001 1002 1003
f 1003 1002 1004
f 1002 1005 1004
f 1004 1005 1006
f 1007 1008 1009
f 1008 1010 1009
f 1009 1010 1011
f 1010 1012 1011
f 1011 1012 1013
f 1012 1004 1013
f 1013 1004 1014
f 1004 1006 1014
f 1015 1016 1007
f 1016 1017 1007
f 1007 1017 1008
f 1018 1019 1020
f 1019 1021 1020
f 1020 1021 1022
f 1021 1023 1022
f 1022 1023 1024
f 1023 1025 1024
f 1024 1025 1026
f 1025 1016 1026
f 1026 1016 1027
f 1016 1015 1027
f 1028 1029 1030
f 1028 1030 1031
f 1030 1032 1031
f 1031 1032 1033
f 1032 1034 1033
f 1033 1034 1035
f 1034 1036 1035
f 1035 1036 1037
f 1036 1038 1037
f 1037 1038 1039
f 1038 1040 1039
f 1039 1040 1041
f 1040 1042 1041
f 1041 1042 1043
f 1042 1044 1043
f 1043 1044 1045
f 1044 1046 1045
f 1045 1046 1047
f 1046 1048 1047
f 1048 1049 1047
f 1047 1049 1050
f 1049 1051 1050
f 1050 1051 1052
f 1051 1053 1052
f 1052 1053 1054
f 1053 1055 1054
f 1055 1056 1054
f 1054 1056 1057
f 1056 1058 1057
f 1057 1058 1059
f 1058 1060 1059
f 1060 1061 1059
f 1059 1061 1062
f 1061 1063 1062
f 1063 1064 1062
f 1062 1064 1065
f 1064 1066 1065
f 1065 1066 1067
f 1066 1068 1067
f 1068 1069 1067
f 1067 1069 1070
f 1069 1071 1070
f 1071 1072 1070
f 1070 1072 1073
f 1072 1074 1073
f 1073 1074 1075
f 1074 1076 1075
f 1076 1077 1075
f 1075 1077 1078
f 1077 1079 1078
f 1078 1079 1080
f 1079 1081 1080
f 1080 1081 1082
f 1081 1083 1082
f 1082 1083 1084
f 1083 1085 1084
f 1084 1085 1086
f 1085 1087 1086
f 1086 1087 1088
f 1087 1089 1088
f 1088 1089 1090
f 1089 1091 1090
f 1090 1091 1092
f 1091 1093 1092
f 1093 1094 1092
f 1092 1094 1095
f 1094 1096 1095
f 1095 1096 1097
f 1096 1098 1097
f 1097 1098 1099
f 1098 1100 1099
f 1099 1100 1101
f 1102 1103 1104
f 1103 1105 1104
f 1104 1105 1106
f 1105 1107 1106
f 1106 1107 1108
f 1107 1109 1108
f 1108 1109 1110
f 1109 1111 1110
f 1110 1111 1112
f 1111 1113 1112
f 1112 1113 1114
f 1113 1115 1114
f 1114 1115 1116
f 1115 1117 1116
f 1116 1117 1118
f 1117 1119 1118
f 1119 1120 1118
f 1120 1121 1118
f 1118 1121 1122
f 1121 1123 1122
f 1122 1123 1124
f 1123 1125 1124
f 1124 1125 1126
f 1125 1127 1126
f 1126 1127 1128
f 1127 1129 1128
f 1129 1130 1128
f 1128 1130 1131
f 1130 1132 1131
f 1131 1132 1133
f 1132 1134 1133
f 1133 1134 1135
f 1134 1136 1135
f 1136 1137 1135
f 1135 1137 1138
f 1137 1139 1138
f 1138 1139 1140
f 1139 1141 1140
f 1140 1141 1142
f 1141 1143 1142
f 1143 1144 1142
f 1142 1144 1145
f 1144 1146 1145
f 1145 1146 1147
f 1146 1148 1147
f 1148 1149 1147
f 1147 1149 1150
f 1149 1151 1150
f 1150 1151 1152
f 1152 1151 1153
f 1151 1154 1153
f 1153 1154 1155
f 1156 1157 1158
f 1157 1159 1158
f 1158 1159 1160
f 1159 1161 1160
f 1160 1161 1162
f 1161 1153 1162
f 1162 1153 1163
f 1153 1155 1163
f 1164 1165 1156
f 1165 1166 1156
f 1156 1166 1157
f 1167 1168 1169
f 1168 1170 1169
f 1169 1170 1171
f 1170 1172 1171
f 1171 1172 1173
f 1172 1174 1173
f 1173 1174 1175
f 1174 1165 1175
f 1175 1165 1176
f 1165 1164 1176
f 1177 1178 1179
f 1177 1179 1180
f 1179 1181 1180
f 1180 1181 1182
f 1181 1183 1182
f 1182 1183 1184
f 1183 1185 1184
f 1184 1185 1186
f 1185 1187 1186
f 1186 1187 1188
f 1187 1189 1188
f 1188 1189 1190
f 1189 1191 1190
f 1190 1191 1192
f 1191 1193 1192
f 1192 1193 1194
f 1193 1195 1194
f 1194 1195 1196
f 1195 1197 1196
f 1197 1198 1196
f 1196 1198 1199
f 1198 1200 1199
f 1199 1200 1201
f 1200 1202 1201
f 1201 1202 1203
f 1202 1204 1203
f 1204 1205 1203
f 1203 1205 1206
f 1205 1207 1206
f 1206 1207 1208
f 1207 1209 1208
f 1208 1209 1210
f 1209 1211 1210
f 1211 1212 1210
f 1210 1212 1213
f 1212 1214 1213
f 1213 1214 1215
f 1214 1216 1215
f 1216 1217 1215
f 1215 1217 1218
f 1217 1219 1218
f 1219 1220 1218
f 1218 1220 1221
f 1220 1222 1221
f 1221 1222 1223
f 1222 1224 1223
f 1224 1225 1223
f 1223 1225 1226
f 1225 1227 1226
f 1226 1227 1228
f 1227 1229 1228
f 1228 1229 1230
f 1229 1231 1230
f 1230 1231 1232
f 1231 1233 1232
f 1232 1233 1234
f 1233 1235 1234
f 1234 1235 1236
f 1235 1237 1236
f 1237 1238 1236
f 1236 1238 1239
f 1238 1240 1239
f 1239 1240 1241
f 1240 1242 1241
f 1242 1243 1241
f 1241 1243 1244
f 1243 1245 1244
f 1244 1245 1246
f 1245 1247 1246
f 1246 1247 1248
f 1247 1249 1248
f 1248 1249 1250
f 1251 1252 1253
f 1253 1252 1254
f 1255 1256 1257
f 1256 1258 1257
f 1257 1258 1259
f 1258 1260 1259
f 1259 1260 1261
f 1260 1262 1261
f 1261 1262 1263
f 1262 1264 1263
f 1264 1265 1263
f 1263 1265 1266
f 1265 1267 1266
f 1266 1267 1268
f 1267 1269 1268
f 1268 1269 1270
f 1269 1271 1270
f 1270 1271 1272
f 1271 1273 1272
f 1273 1274 1272
f 1272 1274 1275
f 1274 1276 1275
f 1275 1276 1277
f 1276 1278 1277
f 1277 1278 1279
f 1278 1280 1279
f 1279 1280 1281
f 1280 1282 1281
f 1282 1283 1281
f 1283 1284 1281
f 1281 1284 1285
f 1284 1286 1285
f 1285 1286 1287
f 1286 1288 1287
f 1287 1288 1289
f 1288 1290 1289
f 1290 1291 1289
f 1289 1291 1292
f 1291 1293 1292
f 1292 1293 1294
f 1293 1295 1294
f 1294 1295 1296
f 1295 1297 1296
f 1297 1298 1296
f 1296 1298 1299
f 1298 1300 1299
f 1299 1300 1301
f 1300 1302 1301
f 1301 1302 1252
f 1302 1303 1252
f 1252 1303 1254
f 1251 1253 1304
f 1253 1305 1304
f 1304 1305 1306
f 1307 1308 1309
f 1308 1310 1309
f 1309 1310 1311
f 1310 1312 1311
f 1311 1312 1313
f 1312 1304 1313
f 1313 1304 1314
f 1304 1306 1314
f 1315 1316 1307
f 1316 1317 1307
f 1307 1317 1308
f 1318 1319 1320
f 1319 1321 1320
f 1320 1321 1322
f 1321 1323 1322
f 1322 1323 1324
f 1323 1325 1324
f 1324 1325 1326
f 1325 1316 1326
f 1326 1316 1327
f 1316 1315 1327
f 1328 1329 1330
f 1330 1329 1331
f 1332 1333 1334
f 1333 1335 1334
f 1334 1335 1336
f 1335 1337 1336
f 1336 1337 1338
f 1337 1339 1338
f 1338 1339 1340
f 1339 1341 1340
f 1341 1342 1340
f 1340 1342 1343
f 1342 1344 1343
f 1343 1344 1345
f 1344 1346 1345
f 1345 1346 1347
f 1346 1348 1347
f 1347 1348 1349
f 1348 1350 1349
f 1350 1351 1349
f 1349 1351 1352
f 1351 1353 1352
f 1352 1353 1354
f 1353 1355 1354
f 1354 1355 1356
f 1355 1357 1356
f 1356 1357 1358
f 1357 1359 1358
f 1359 1360 1358
f 1360 1361 1358
f 1358 1361 1362
f 1361 1363 1362
f 1362 1363 1364
f 1363 1365 1364
f 1364 1365 1366
f 1365 1367 1366
f 1367 1368 1366
f 1366 1368 1369
f 1368 1370 1369
f 1369 1370 1371
f 1370 1372 1371
f 1371 1372 1373
f 1372 1374 1373
f 1374 1375 1373
f 1373 1375 1376
f 1375 1377 1376
f 1376 1377 1378
f 1377 1379 1378
f 1378 1379 1329
f 1379 1380 1329
f 1329 1380 1331
f 1328 1330 1381
f 1330 1382 1381
f 1381 1382 1383
f 1384 1385 1386
f 1385 1387 1386
f 1386 1387 1388
f 1387 1389 1388
f 1388 1389 1390
f 1389 1381 1390
f 1390 1381 1391
f 1381 1383 1391
f 1392 1393 1384
f 1393 1394 1384
f 1384 1394 1385
f 1395 1396 1397
f 1396 1398 1397
f 1397 1398 1399
f 1398 1400 1399
f 1399 1400 1401
f 1400 1402 1401
f 1401 1402 1403
f 1402 1393 1403
f 1403 1393 1404
f 1393 1392 1404
f 1405 1396 1395
f 1177 1406 1178
f 1406 1407 1178
f 1178 1407 1408
f 1407 1409 1408
f 1408 1409 1410
f 1409 1411 1410
f 1410 1411 1412
f 1411 1413 1412
f 1412 1413 1395
f 1413 1414 1395
f 1395 1414 1405
f 592 591 1249
f 591 1250 1249
f 449 448 1415
f 448 1416 1415
f 1256 1255 581
f 1255 582 581
f 1417 1418 1419
f 1420 1421 1419
f 1422 1423 1419
f 1424 1425 1419
f 1419 1426 1427
f 1428 1426 1419
f 1429 1428 1419
f 1430 1431 1419
f 1432 1433 1419
f 1434 1435 1419
f 1436 1437 1419
f 1438 1439 1419
f 1440 1441 1419
f 1442 1443 1419
f 1419 1444 1445
f 1446 1444 1419
f 1447 1446 1419
f 1448 1449 1419
f 1450 1451 1419
f 1452 1453 1419
f 1454 1455 1419
f 1456 1457 1419
f 1419 1457 1458
f 1459 1460 1419
f 1419 1460 1461
f 1462 1463 1419
f 1419 1463 1464
f 1465 1466 1419
f 1467 1419 1468
f 1419 1467 1469
f 1466 1468 1419
f 1470 1419 1471
f 1419 1470 1472
f 1469 1471 1419
f 1473 1474 1419
f 1419 1474 1475
f 1476 1477 1419
f 1419 1477 1478
f 1479 1480 1419
f 1419 1480 1481
f 1482 1483 1419
f 1484 1485 1419
f 1486 1487 1419
f 1419 1487 1488
f 1489 1490 1419
f 1419 1490 1491
f 1492 1493 1419
f 1419 1493 1494
f 1495 1496 1419
f 1497 1419 1498
f 1419 1497 1499
f 1496 1498 1419
f 1500 1419 1501
f 1419 1500 1502
f 1499 1501 1419
f 1503 1504 1419
f 1419 1504 1505
f 1506 1507 1419
f 1419 1507 1508
f 1509 1510 1419
f 1419 1510 1511
f 1512 1513 1419
f 1514 1515 1516
f 1419 1517 1514
f 1518 1517 1419
f 1513 1518 1419
f 1515 1519 1516
f 1519 1520 1516
f 1516 1520 1521
f 1521 1522 1516
f 1522 1523 1516
f 1516 1523 1524
f 1419 1525 1526
f 1527 1419 1526
f 1528 1525 1419
f 1527 1512 1419
f 1511 1528 1419
f 1508 1509 1419
f 1505 1506 1419
f 1502 1503 1419
f 1494 1495 1419
f 1491 1492 1419
f 1488 1489 1419
f 1485 1486 1419
f 1419 1529 1530
f 1531 1419 1530
f 1532 1529 1419
f 1531 1484 1419
f 1533 1532 1419
f 1534 1535 1536
f 1535 1537 1536
f 1536 1537 1538
f 1538 1539 1536
f 1539 1540 1536
f 1536 1540 1541
f 1542 1533 1419
f 1543 1544 1545
f 1419 1546 1543
f 1547 1546 1419
f 1483 1547 1419
f 1544 1548 1545
f 1548 1549 1545
f 1545 1549 1550
f 1550 1551 1545
f 1551 1552 1545
f 1545 1552 1553
f 1419 1554 1555
f 1556 1419 1555
f 1557 1554 1419
f 1556 1482 1419
f 1481 1557 1419
f 1478 1479 1419
f 1475 1476 1419
f 1472 1473 1419
f 1464 1465 1419
f 1461 1462 1419
f 1458 1459 1419
f 1455 1456 1419
f 1419 1558 1559
f 1560 1419 1559
f 1561 1558 1419
f 1560 1454 1419
f 1562 1561 1419
f 1563 1564 1565
f 1564 1566 1565
f 1565 1566 1567
f 1567 1568 1565
f 1568 1569 1565
f 1565 1569 1570
f 1571 1562 1419
f 1419 1572 1573
f 1536 1419 1573
f 1574 1572 1419
f 1541 1542 1536
f 1542 1419 1536
f 1453 1574 1419
f 1451 1452 1419
f 1449 1450 1419
f 1445 1448 1419
f 1443 1447 1419
f 1441 1442 1419
f 1439 1440 1419
f 1437 1438 1419
f 1545 1436 1419
f 1543 1545 1419
f 1419 1575 1576
f 1565 1419 1576
f 1577 1575 1419
f 1570 1571 1565
f 1571 1419 1565
f 1435 1577 1419
f 1433 1434 1419
f 1431 1432 1419
f 1427 1430 1419
f 1425 1429 1419
f 1423 1424 1419
f 1421 1422 1419
f 1418 1420 1419
f 1516 1417 1419
f 1514 1516 1419
f 1578 1579 1580
f 1579 1581 1580
f 1580 1581 1582
f 1581 1583 1582
f 1582 1583 1584
f 1583 1585 1584
f 1584 1585 1586
f 1585 1587 1586
f 1586 1587 1588
f 1587 1589 1588
f 1588 1589 1590
f 1589 1591 1590
f 1590 1591 1592
f 1591 1593 1592
f 1592 1593 1594
f 1593 1595 1594
f 1594 1595 1596
f 1595 1597 1596
f 1596 1597 1598
f 1597 1599 1598
f 1598 1599 1600
f 1599 1601 1600
f 1600 1601 1602
f 1601 1603 1602
f 1602 1603 1604
f 1603 1605 1604
f 1604 1605 1606
f 1605 1607 1606
f 1606 1607 1608
f 1607 1609 1608
f 1608 1609 1610
f 1609 1611 1610
f 1610 1611 1612
f 1611 1613 1612
f 1612 1613 1614
f 1613 1615 1614
f 1614 1615 1616
f 1615 1617 1616
f 1616 1617 1618
f 1617 1619 1618
f 1618 1619 1620
f 1619 1621 1620
f 1620 1621 1622
f 1621 1623 1622
f 1622 1623 1624
f 1623 1625 1624
f 1624 1625 1626
f 1625 1627 1626
f 1626 1627 1628
f 1627 1629 1628
f 1628 1629 1630
f 1629 1631 1630
f 1630 1631 1632
f 1631 1633 1632
f 1632 1633 1634
f 1633 1635 1634
f 1634 1635 1636
f 1635 1637 1636
f 1636 1637 1638
f 1637 1639 1638
f 1638 1639 1640
f 1639 1641 1640
f 1640 1641 1642
f 1641 1643 1642
f 1642 1643 1644
f 1643 1645 1644
f 1644 1645 1646
f 1645 1647 1646
f 1646 1647 1648
f 1647 1649 1648
f 1648 1649 1650
f 1649 1651 1650
f 1650 1651 1652
f 1651 1653 1652
f 1652 1653 1654
f 1653 1655 1654
f 1654 1655 1656
f 1655 1657 1656
f 1656 1657 1658
f 1657 1659 1658
f 1658 1659 1660
f 1659 1661 1660
f 1660 1661 1662
f 1661 1663 1662
f 1662 1663 1664
f 1663 1665 1664
f 1664 1665 1666
f 1665 1667 1666
f 1666 1667 1668
f 1667 1669 1668
f 1668 1669 1670
f 1669 1671 1670
f 1670 1671 1672
f 1671 1673 1672
f 1672 1673 1674
f 1673 1675 1674
f 1674 1675 1676
f 1675 1677 1676
f 1676 1677 1678
f 1677 1679 1678
f 1678 1679 1680
f 1679 1681 1680
f 1680 1681 1682
f 1681 1683 1682
f 1682 1683 1684
f 1683 1685 1684
f 1684 1685 1686
f 1685 1687 1686
f 1686 1687 1688
f 1687 1689 1688
f 1688 1689 1690
f 1689 1691 1690
f 1690 1691 1692
f 1691 1693 1692
f 1692 1693 1694
f 1693 1695 1694
f 1694 1695 1696
f 1695 1697 1696
f 1696 1697 1698
f 1697 1699 1698
f 1698 1699 1700
f 1699 1701 1700
f 1700 1701 1702
f 1701 1703 1702
f 1702 1703 1704
f 1703 1705 1704
f 1704 1705 1706
f 1705 1707 1706
f 1706 1707 1708
f 1707 1709 1708
f 1708 1709 1710
f 1709 1711 1710
f 1710 1711 1712
f 1711 1713 1712
f 1712 1713 1714
f 1713 1715 1714
f 1714 1715 1716
f 1715 1717 1716
f 1716 1717 1718
f 1717 1719 1718
f 1718 1719 1720
f 1719 1721 1720
f 1720 1721 1578
f 1721 1579 1578
f 1722 1723 1724
f 1723 1725 1724
f 1724 1725 1726
f 1725 1727 1726
f 1726 1727 1728
f 1727 1729 1728
f 1728 1729 1730
f 1729 1731 1730
f 1730 1731 1732
f 1731 1733 1732
f 1732 1733 1734
f 1733 1735 1734
f 1734 1735 1736
f 1735 1737 1736
f 1736 1737 1738
f 1737 1739 1738
f 1738 1739 1740
f 1739 1741 1740
f 1740 1741 1742
f 1741 1743 1742
f 1742 1743 1744
f 1743 1745 1744
f 1744 1745 1746
f 1745 1747 1746
f 1746 1747 1748
f 1747 1749 1748
f 1748 1749 1750
f 1749 1751 1750
f 1750 1751 1752
f 1751 1753 1752
f 1752 1753 1754
f 1753 1755 1754
f 1754 1755 1756
f 1755 1757 1756
f 1756 1757 1758
f 1757 1759 1758
f 1758 1759 1760
f 1759 1761 1760
f 1760 1761 1762
f 1761 1763 1762
f 1762 1763 1764
f 1763 1765 1764
f 1764 1765 1766
f 1765 1767 1766
f 1766 1767 1768
f 1767 1769 1768
f 1768 1769 1770
f 1769 1771 1770
f 1770 1771 1772
f 1771 1773 1772
f 1772 1773 1774
f 1773 1775 1774
f 1774 1775 1776
f 1775 1777 1776
f 1776 1777 1778
f 1777 1779 1778
f 1778 1779 1780
f 1779 1781 1780
f 1780 1781 1782
f 1781 1783 1782
f 1782 1783 1784
f 1783 1785 1784
f 1784 1785 1786
f 1785 1787 1786
f 1786 1787 1788
f 1787 1789 1788
f 1788 1789 1790
f 1789 1791 1790
f 1790 1791 1792
f 1791 1793 1792
f 1792 1793 1794
f 1793 1795 1794
f 1794 1795 1796
f 1795 1797 1796
f 1796 1797 1798
f 1797 1799 1798
f 1798 1799 1800
f 1799 1801 1800
f 1800 1801 1802
f 1801 1803 1802
f 1802 1803 1804
f 1803 1805 1804
f 1804 1805 1806
f 1805 1807 1806
f 1806 1807 1808
f 1807 1809 1808
f 1808 1809 1810
f 1809 1811 1810
f 1810 1811 1812
f 1811 1813 1812
f 1812 1813 1814
f 1813 1815 1814
f 1814 1815 1816
f 1815 1817 1816
f 1816 1817 1818
f 1817 1819 1818
f 1818 1819 1820
f 1819 1821 1820
f 1820 1821 1822
f 1821 1823 1822
f 1822 1823 1824
f 1823 1825 1824
f 1824 1825 1826
f 1825 1827 1826
f 1826 1827 1828
f 1827 1829 1828
f 1828 1829 1830
f 1829 1831 1830
f 1830 1831 1832
f 1831 1833 1832
f 1832 1833 1834
f 1833 1835 1834
f 1834 1835 1836
f 1835 1837 1836
f 1836 1837 1838
f 1837 1839 1838
f 1838 1839 1840
f 1839 1841 1840
f 1840 1841 1842
f 1841 1843 1842
f 1842 1843 1844
f 1843 1845 1844
f 1844 1845 1846
f 1845 1847 1846
f 1846 1847 1848
f 1847 1849 1848
f 1848 1849 1850
f 1849 1851 1850
f 1850 1851 1852
f 1851 1853 1852
f 1852 1853 1854
f 1853 1855 1854
f 1854 1855 1856
f 1855 1857 1856
f 1856 1857 1858
f 1857 1859 1858
f 1858 1859 1860
f 1859 1861 1860
f 1860 1861 1862
f 1861 1863 1862
f 1862 1863 1864
f 1863 1865 1864
f 1864 1865 1722
f 1865 1723 1722
f 1866 1597 1867
f 1597 1595 1867
f 1867 1595 1868
f 1595 1593 1868
f 1868 1593 1869
f 1593 1591 1869
f 1869 1591 1870
f 1591 1589 1870
f 1870 1589 1871
f 1589 1587 1871
f 1871 1587 1872
f 1587 1585 1872
f 1872 1585 1873
f 1585 1583 1873
f 1873 1583 1874
f 1583 1581 1874
f 1874 1581 1875
f 1581 1579 1875
f 1875 1579 1876
f 1579 1721 1876
f 1876 1721 1877
f 1721 1719 1877
f 1877 1719 1878
f 1719 1717 1878
f 1878 1717 1879
f 1717 1715 1879
f 1879 1715 1880
f 1715 1713 1880
f 1880 1713 1881
f 1713 1711 1881
f 1881 1711 1882
f 1711 1709 1882
f 1882 1709 1883
f 1709 1707 1883
f 1883 1707 1884
f 1707 1705 1884
f 1884 1705 1885
f 1705 1703 1885
f 1885 1703 1886
f 1703 1701 1886
f 1886 1701 1887
f 1701 1699 1887
f 1887 1699 1888
f 1699 1697 1888
f 1888 1697 1889
f 1697 1695 1889
f 1889 1695 1890
f 1695 1693 1890
f 1890 1693 1891
f 1693 1691 1891
f 1891 1691 1892
f 1691 1689 1892
f 1892 1689 1893
f 1689 1687 1893
f 1893 1687 1894
f 1687 1685 1894
f 1894 1685 1895
f 1685 1683 1895
f 1895 1683 1896
f 1683 1681 1896
f 1896 1681 1897
f 1681 1679 1897
f 1897 1679 1898
f 1679 1677 1898
f 1898 1677 1899
f 1677 1675 1899
f 1899 1675 1900
f 1675 1673 1900
f 1900 1673 1901
f 1673 1671 1901
f 1901 1671 1902
f 1671 1669 1902
f 1902 1669 1903
f 1669 1667 1903
f 1903 1667 1904
f 1667 1665 1904
f 1904 1665 1905
f 1665 1663 1905
f 1905 1663 1906
f 1663 1661 1906
f 1906 1661 1907
f 1661 1659 1907
f 1907 1659 1908
f 1659 1657 1908
f 1908 1657 1909
f 1657 1655 1909
f 1909 1655 1910
f 1655 1653 1910
f 1910 1653 1911
f 1653 1651 1911
f 1911 1651 1912
f 1651 1649 1912
f 1912 1649 1913
f 1649 1647 1913
f 1913 1647 1914
f 1647 1645 1914
f 1914 1645 1915
f 1645 1643 1915
f 1915 1643 1916
f 1643 1641 1916
f 1916 1641 1917
f 1641 1639 1917
f 1917 1639 1918
f 1639 1637 1918
f 1918 1637 1919
f 1637 1635 1919
f 1919 1635 1920
f 1635 1633 1920
f 1920 1633 1921
f 1633 1631 1921
f 1921 1631 1922
f 1631 1629 1922
f 1922 1629 1923
f 1629 1627 1923
f 1923 1627 1924
f 1627 1625 1924
f 1924 1625 1925
f 1625 1623 1925
f 1925 1623 1926
f 1623 1621 1926
f 1926 1621 1927
f 1621 1619 1927
f 1927 1619 1928
f 1619 1617 1928
f 1928 1617 1929
f 1617 1615 1929
f 1929 1615 1930
f 1615 1613 1930
f 1930 1613 1931
f 1613 1611 1931
f 1931 1611 1932
f 1611 1609 1932
f 1932 1609 1933
f 1609 1607 1933
f 1933 1607 1934
f 1607 1605 1934
f 1934 1605 1935
f 1605 1603 1935
f 1935 1603 1936
f 1603 1601 1936
f 1936 1601 1937
f 1601 1599 1937
f 1937 1599 1866
f 1599 1597 1866
f 1938 1939 524
f 1939 1940 524
f 524 1940 525
f 1941 1942 524
f 1942 1943 524
f 524 1943 1944
f 1944 1945 524
f 1945 1946 524
f 524 1946 1938
f 660 1947 661
f 1947 1948 661
f 661 1948 1949
f 1949 1950 661
f 1950 1951 661
f 661 1951 1952
f 1952 1953 661
f 1953 1954 661
f 661 1954 1955
f 1954 1956 1955
f 1955 1956 1957
f 1956 1958 1957
f 1957 1958 1959
f 1958 1960 1959
f 1959 1960 1961
f 1960 1962 1961
f 1961 1962 1963
f 1962 1964 1963
f 1963 1964 1965
f 1964 1966 1965
f 1965 1966 1967
f 1966 1968 1967
f 1967 1968 1969
f 1968 1970 1969
f 1969 1970 1941
f 1970 1971 1941
f 1941 1971 1942
f 1972 1168 1167
f 1028 1973 1029
f 1973 1974 1029
f 1029 1974 1975
f 1974 1976 1975
f 1975 1976 1977
f 1976 1978 1977
f 1977 1978 1979
f 1978 1980 1979
f 1979 1980 1167
f 1980 1981 1167
f 1167 1981 1972
f 1103 1102 796
f 1102 797 796
f 1982 1983 1984
f 1982 1984 1985
f 1984 1986 1985
f 1985 1986 1987
f 1986 1988 1987
f 1987 1988 1989
f 1988 1990 1989
f 1989 1990 1991
f 1990 1992 1991
f 1991 1992 1993
f 1992 1994 1993
f 1993 1994 1995
f 1994 1996 1995
f 1995 1996 1997
f 1996 1998 1997
f 1997 1998 1999
f 1998 2000 1999
f 1999 2000 2001
f 2000 2002 2001
f 2002 2003 2001
f 2001 2003 2004
f 2003 2005 2004
f 2004 2005 2006
f 2005 2007 2006
f 2006 2007 2008
f 2007 2009 2008
f 2009 2010 2008
f 2008 2010 2011
f 2010 2012 2011
f 2011 2012 2013
f 2012 2014 2013
f 2013 2014 2015
f 2014 2016 2015
f 2016 2017 2015
f 2015 2017 2018
f 2017 2019 2018
f 2018 2019 2020
f 2019 2021 2020
f 2021 2022 2020
f 2020 2022 2023
f 2022 2024 2023
f 2024 2025 2023
f 2023 2025 2026
f 2025 2027 2026
f 2026 2027 2028
f 2027 2029 2028
f 2029 2030 2028
f 2028 2030 2031
f 2030 2032 2031
f 2031 2032 2033
f 2032 2034 2033
f 2033 2034 2035
f 2034 2036 2035
f 2035 2036 2037
f 2036 2038 2037
f 2037 2038 2039
f 2038 2040 2039
f 2039 2040 2041
f 2040 2042 2041
f 2041 2042 2043
f 2042 2044 2043
f 2043 2044 2045
f 2044 2046 2045
f 2046 2047 2045
f 2045 2047 2048
f 2047 2049 2048
f 2048 2049 2050
f 2049 2051 2050
f 2050 2051 2052
f 2051 1415 2052
f 2052 1415 1416
f 2053 2054 1863
f 2053 1863 2055
f 1890 2056 2055
f 2054 2057 1863
f 2057 2058 1863
f 1863 2058 2059
f 2060 2061 1891
f 2062 2063 1891
f 2063 2064 1891
f 2060 1891 2065
f 2064 2066 1891
f 2066 2067 1891
f 1891 2067 2065
f 2061 2068 1891
f 2068 2069 1891
f 1891 2069 1890
f 2069 2070 1890
f 1890 2070 2056
f 2071 2072 1892
f 1893 2073 1892
f 2073 2074 1892
f 1892 2074 2075
f 2075 2076 1892
f 2076 2077 1892
f 1892 2077 2071
f 2072 2078 1892
f 2078 2079 1892
f 1892 2079 1891
f 2079 2080 1891
f 1891 2080 2062
f 2081 2082 1893
f 2081 1893 2083
f 2082 2084 1893
f 2084 2085 1893
f 1893 2085 2073
f 2086 2087 1894
f 2087 2088 1894
f 1894 2088 2089
f 2089 2090 1894
f 2090 2091 1894
f 1894 2091 1893
f 2091 2092 1893
f 1893 2092 2083
f 1895 2093 2094
f 2094 2095 1895
f 2095 2096 1895
f 1895 2096 2097
f 2097 2098 1895
f 2098 2099 1895
f 1895 2099 1894
f 2099 2100 1894
f 1894 2100 2086
f 1897 2101 2102
f 2102 2103 1897
f 2103 2104 1897
f 1897 2104 2105
f 2105 2106 1897
f 2106 2107 1897
f 1897 2107 1896
f 2107 2108 1896
f 2108 2109 1896
f 2109 2110 1896
f 1896 2110 1895
f 2110 2111 1895
f 1895 2111 2093
f 2112 2113 1735
f 2113 2114 1735
f 1735 2114 2115
f 2116 2117 1898
f 2117 2118 1898
f 2118 2119 1898
f 2119 2120 1898
f 1898 2120 1897
f 2120 2121 1897
f 1897 2121 2101
f 2122 2123 1733
f 2123 2124 1733
f 2125 2126 1733
f 2125 1733 2127
f 2124 2128 1733
f 2128 2129 1733
f 1733 2129 2127
f 2126 2130 1733
f 2130 2131 1733
f 1733 2131 1735
f 2131 2132 1735
f 1735 2132 2112
f 2133 2134 1731
f 1729 2135 1731
f 2135 2136 1731
f 1731 2136 2133
f 2134 2137 1731
f 2137 2138 1731
f 1731 2138 2139
f 2139 2140 1731
f 2140 2141 1731
f 1731 2141 1733
f 2141 2142 1733
f 1733 2142 2122
f 1727 2143 2144
f 1727 2144 1729
f 2144 2145 1729
f 2145 2146 1729
f 1729 2146 2147
f 2147 2148 1729
f 2148 2149 1729
f 1729 2149 2135
f 2150 1725 2151
f 1725 2152 2151
f 2150 2153 1725
f 2153 2154 1725
f 1725 2154 1727
f 2154 2155 1727
f 1727 2155 2143
f 2156 2157 1723
f 2157 2158 1723
f 2158 2159 1723
f 1723 2159 2160
f 2160 2161 1723
f 2161 2162 1723
f 1723 2162 1725
f 2162 2163 1725
f 1725 2163 2152
f 2059 2164 1863
f 2164 2165 1863
f 1863 2165 1865
f 2165 2166 1865
f 1865 2166 2167
f 2167 2168 1865
f 2168 2169 1865
f 1865 2169 2170
f 2170 2171 1865
f 2171 2172 1865
f 1865 2172 2173
f 2173 2174 1865
f 2174 2175 1865
f 1865 2175 1723
f 2175 2176 1723
f 1723 2176 2156
f 2177 2178 1791
f 2177 1791 2179
f 1926 2180 2179
f 2178 2181 1791
f 2181 2182 1791
f 1791 2182 2183
f 2184 2185 1927
f 2186 2187 1927
f 2187 2188 1927
f 2184 1927 2189
f 2188 2190 1927
f 2190 2191 1927
f 1927 2191 2189
f 2185 2192 1927
f 2192 2193 1927
f 1927 2193 1926
f 2193 2194 1926
f 1926 2194 2180
f 2195 2196 1928
f 1929 2197 1928
f 2197 2198 1928
f 1928 2198 2199
f 2199 2200 1928
f 2200 2201 1928
f 1928 2201 2195
f 2196 2202 1928
f 2202 2203 1928
f 1928 2203 1927
f 2203 2204 1927
f 1927 2204 2186
f 2205 2206 1929
f 2205 1929 2207
f 2206 2208 1929
f 2208 2209 1929
f 1929 2209 2197
f 2210 2211 1930
f 2211 2212 1930
f 1930 2212 2213
f 2213 2214 1930
f 2214 2215 1930
f 1930 2215 1929
f 2215 2216 1929
f 1929 2216 2207
f 1931 2217 2218
f 2218 2219 1931
f 2219 2220 1931
f 1931 2220 2221
f 2221 2222 1931
f 2222 2223 1931
f 1931 2223 1930
f 2223 2224 1930
f 1930 2224 2210
f 1933 2225 2226
f 2226 2227 1933
f 2227 2228 1933
f 1933 2228 2229
f 2229 2230 1933
f 2230 2231 1933
f 1933 2231 1932
f 2231 2232 1932
f 2232 2233 1932
f 2233 2234 1932
f 1932 2234 1931
f 2234 2235 1931
f 1931 2235 2217
f 2236 2237 1807
f 2237 2238 1807
f 1807 2238 2239
f 2240 2241 1934
f 2241 2242 1934
f 2242 2243 1934
f 2243 2244 1934
f 1934 2244 1933
f 2244 2245 1933
f 1933 2245 2225
f 2246 2247 1805
f 2247 2248 1805
f 2249 2250 1805
f 2249 1805 2251
f 2248 2252 1805
f 2252 2253 1805
f 1805 2253 2251
f 2250 2254 1805
f 2254 2255 1805
f 1805 2255 1807
f 2255 2256 1807
f 1807 2256 2236
f 2257 2258 1803
f 1801 2259 1803
f 2259 2260 1803
f 1803 2260 2257
f 2258 2261 1803
f 2261 2262 1803
f 1803 2262 2263
f 2263 2264 1803
f 2264 2265 1803
f 1803 2265 1805
f 2265 2266 1805
f 1805 2266 2246
f 1799 2267 2268
f 1799 2268 1801
f 2268 2269 1801
f 2269 2270 1801
f 1801 2270 2271
f 2271 2272 1801
f 2272 2273 1801
f 1801 2273 2259
f 2274 1797 2275
f 1797 2276 2275
f 2274 2277 1797
f 2277 2278 1797
f 1797 2278 1799
f 2278 2279 1799
f 1799 2279 2267
f 2280 2281 1795
f 2281 2282 1795
f 2282 2283 1795
f 1795 2283 2284
f 2284 2285 1795
f 2285 2286 1795
f 1795 2286 1797
f 2286 2287 1797
f 1797 2287 2276
f 2183 2288 1791
f 2288 2289 1791
f 1791 2289 1793
f 2289 2290 1793
f 1793 2290 2291
f 2291 2292 1793
f 2292 2293 1793
f 1793 2293 2294
f 2294 2295 1793
f 2295 2296 1793
f 1793 2296 2297
f 2297 2298 1793
f 2298 2299 1793
f 1793 2299 1795
f 2299 2300 1795
f 1795 2300 2280
f 2179 1791 1926
f 1791 1789 1926
f 1926 1789 1925
f 1789 1787 1925
f 1925 1787 1924
f 1787 1785 1924
f 1924 1785 1923
f 1785 1783 1923
f 1923 1783 1922
f 1783 1781 1922
f 1922 1781 1921
f 1781 1779 1921
f 1921 1779 1920
f 1779 1777 1920
f 1920 1777 1919
f 1777 1775 1919
f 1919 1775 1918
f 1775 1773 1918
f 1918 1773 1917
f 1773 1771 1917
f 1917 1771 1916
f 1771 1769 1916
f 1916 1769 1915
f 1769 1767 1915
f 1915 1767 1914
f 1767 1765 1914
f 1914 1765 1913
f 1765 1763 1913
f 1913 1763 1912
f 1763 1761 1912
f 1912 1761 1911
f 1761 1759 1911
f 1911 1759 1910
f 1759 1757 1910
f 1910 1757 1909
f 1757 1755 1909
f 1909 1755 1908
f 1755 1753 1908
f 1908 1753 1907
f 1753 1751 1907
f 1907 1751 1906
f 1751 1749 1906
f 1906 1749 1905
f 1749 1747 1905
f 1905 1747 1904
f 1747 1745 1904
f 1904 1745 1903
f 1745 1743 1903
f 1903 1743 1902
f 1743 1741 1902
f 1902 1741 1901
f 1741 1739 1901
f 1901 1739 1900
f 1739 1737 1900
f 1900 1737 1899
f 1737 1735 1899
f 1899 1735 1898
f 1735 2115 1898
f 1898 2115 2116
f 2055 1863 1890
f 1863 1861 1890
f 1890 1861 1889
f 1861 1859 1889
f 1889 1859 1888
f 1859 1857 1888
f 1888 1857 1887
f 1857 1855 1887
f 1887 1855 1886
f 1855 1853 1886
f 1886 1853 1885
f 1853 1851 1885
f 1885 1851 1884
f 1851 1849 1884
f 1884 1849 1883
f 1849 1847 1883
f 1883 1847 1882
f 1847 1845 1882
f 1882 1845 1881
f 1845 1843 1881
f 1881 1843 1880
f 1843 1841 1880
f 1880 1841 1879
f 1841 1839 1879
f 1879 1839 1878
f 1839 1837 1878
f 1878 1837 1877
f 1837 1835 1877
f 1877 1835 1876
f 1835 1833 1876
f 1876 1833 1875
f 1833 1831 1875
f 1875 1831 1874
f 1831 1829 1874
f 1874 1829 1873
f 1829 1827 1873
f 1873 1827 1872
f 1827 1825 1872
f 1872 1825 1871
f 1825 1823 1871
f 1871 1823 1870
f 1823 1821 1870
f 1870 1821 1869
f 1821 1819 1869
f 1869 1819 1868
f 1819 1817 1868
f 1868 1817 1867
f 1817 1815 1867
f 1867 1815 1866
f 1815 1813 1866
f 1866 1813 1937
f 1813 1811 1937
f 1937 1811 1936
f 1811 1809 1936
f 1936 1809 1935
f 1809 1807 1935
f 1935 1807 1934
f 1807 2239 1934
f 1934 2239 2240
f 409 109 111
f 409 102 99
f 177 174 430
f 174 171 430
f 430 171 427
f 171 168 427
f 427 168 165
f 111 104 409
f 104 106 409
f 409 106 102
f 165 162 427
f 162 160 427
f 427 160 6
f 2301 139 2302
f 139 136 2302
f 2302 136 2303
f 99 96 409
f 96 94 409
f 409 94 414
f 195 192 423
f 192 190 423
f 423 190 430
f 190 3 430
f 430 3 185
f 185 180 430
f 180 179 430
f 430 179 177
f 6 155 427
f 155 150 427
f 427 150 2304
f 150 149 2304
f 149 147 2304
f 147 145 2304
f 2304 145 2305
f 145 143 2305
f 2305 143 2301
f 143 141 2301
f 2301 141 139
f 136 133 2303
f 133 130 2303
f 2303 130 2306
f 130 127 2306
f 2306 127 2307
f 127 124 2307
f 2307 124 2308
f 124 121 2308
f 2308 121 2309
f 121 118 2309
f 2309 118 409
f 118 117 409
f 409 117 109
f 94 9 414
f 9 89 414
f 414 89 84
f 84 83 414
f 83 80 414
f 414 80 78
f 78 77 414
f 77 69 414
f 414 69 2310
f 69 71 2310
f 2310 71 2311
f 71 66 2311
f 2311 66 2312
f 66 63 2312
f 2312 63 2313
f 63 60 2313
f 2313 60 2314
f 12 13 423
f 13 202 423
f 202 198 423
f 423 198 195
f 60 57 2314
f 57 54 2314
f 2314 54 2315
f 54 51 2315
f 2315 51 2316
f 31 26 418
f 26 28 418
f 418 28 21
f 21 20 418
f 20 15 418
f 418 15 423
f 15 14 423
f 423 14 12
f 51 40 2316
f 40 42 2316
f 2316 42 2317
f 42 44 2317
f 2317 44 2318
f 44 46 2318
f 46 48 2318
f 48 37 2318
f 2318 37 418
f 37 34 418
f 418 34 31
f 429 431 2319
f 2319 2320 429
f 2320 2321 429
f 429 2321 2322
f 2323 2324 2325
f 2324 2326 2325
f 2325 2326 2327
f 2322 2328 429
f 2328 2329 429
f 429 2329 2330
f 2325 2331 2332
f 2330 2333 429
f 2333 2334 429
f 429 2334 2325
f 2334 2335 2325
f 2325 2335 2331
f 2332 2336 2325
f 2336 2337 2325
f 2325 2337 2323
f 2338 1319 1318
f 1982 2339 1983
f 2339 2340 1983
f 1983 2340 2341
f 2340 2342 2341
f 2341 2342 2343
f 2342 2344 2343
f 2343 2344 2345
f 2344 2346 2345
f 2345 2346 1318
f 2346 2347 1318
f 1318 2347 2338
f 87 86 2348
f 318 317 2349
f 350 351 2350
f 350 2350 345
f 2350 2351 345
f 345 2351 346
f 2351 2352 346
f 346 2352 2353
f 2353 2354 346
f 2354 2355 346
f 346 2355 2356
f 343 341 2356
f 341 347 2356
f 2356 347 346
f 338 336 2357
f 2357 336 2358
f 2359 2360 336
f 2360 2361 336
f 336 2361 2358
f 338 2357 339
f 2357 2362 339
f 339 2362 2363
f 2359 336 2356
f 336 344 2356
f 2356 344 343
f 324 326 2363
f 326 328 2363
f 328 329 2363
f 2363 329 331
f 331 332 2363
f 332 334 2363
f 2363 334 339
f 2363 2364 324
f 2364 2365 324
f 324 2365 2366
f 2367 2368 317
f 2368 2369 317
f 2369 2370 317
f 317 2370 2349
f 2366 2371 324
f 2371 2372 324
f 324 2372 205
f 2372 206 205
f 2367 317 2372
f 317 316 2372
f 2372 316 323
f 323 322 2372
f 322 321 2372
f 2372 321 206
f 2373 2374 306
f 2373 306 2349
f 2374 2375 306
f 2375 2376 306
f 306 2376 2377
f 306 305 2349
f 305 310 2349
f 2349 310 313
f 313 312 2349
f 312 319 2349
f 2349 319 318
f 2378 2379 2380
f 307 2378 301
f 2378 2380 301
f 301 2380 303
f 2377 2381 306
f 2381 2382 306
f 306 2382 307
f 2382 2383 307
f 307 2383 2378
f 2379 2384 2380
f 2384 2385 2380
f 2380 2385 2386
f 2385 2387 2386
f 2387 2388 2386
f 2386 2388 2389
f 2389 2390 2386
f 2390 2391 2386
f 2386 2391 2392
f 2392 2393 2386
f 2393 2394 2386
f 2386 2394 2395
f 2396 2397 2398
f 2396 2398 2399
f 2395 2400 2386
f 2400 2401 2386
f 2386 2401 2398
f 2401 2402 2398
f 2398 2402 2399
f 2397 2403 1736
f 2403 2404 1736
f 2404 2405 1736
f 1736 2405 1734
f 2405 2406 1734
f 1734 2406 2407
f 2397 1736 2398
f 1736 1738 2398
f 2398 1738 2408
f 1738 1740 2408
f 2408 1740 2409
f 1740 1742 2409
f 2409 1742 2410
f 1742 1744 2410
f 2410 1744 2411
f 1746 1748 2412
f 2412 2413 1746
f 2413 2414 1746
f 1746 2414 1744
f 2414 2415 1744
f 1744 2415 2411
f 1750 1752 2416
f 2416 2417 1750
f 2417 2418 1750
f 1750 2418 1748
f 2418 2419 1748
f 1748 2419 2412
f 1754 1756 2420
f 2420 2421 1754
f 2421 2422 1754
f 1754 2422 1752
f 2422 2423 1752
f 1752 2423 2416
f 1758 1760 2424
f 2424 2425 1758
f 2425 2426 1758
f 1758 2426 1756
f 2426 2427 1756
f 1756 2427 2420
f 1762 1764 2428
f 2428 2429 1762
f 2429 2430 1762
f 1762 2430 1760
f 2430 2431 1760
f 1760 2431 2424
f 1766 1768 2432
f 2432 2433 1766
f 2433 2434 1766
f 1766 2434 1764
f 2434 2435 1764
f 1764 2435 2428
f 1770 1772 2436
f 2436 2437 1770
f 2437 2438 1770
f 1770 2438 1768
f 2438 2439 1768
f 1768 2439 2432
f 1774 1776 2440
f 2440 2441 1774
f 2441 2442 1774
f 1774 2442 1772
f 2442 2443 1772
f 1772 2443 2436
f 2444 2445 1778
f 2445 2446 1778
f 1778 2446 1776
f 2446 2447 1776
f 1776 2447 2440
f 1778 1780 2444
f 1780 1782 2444
f 2444 1782 2448
f 1782 1784 2448
f 2448 1784 2449
f 1784 1786 2449
f 2449 1786 2450
f 1786 1788 2450
f 2450 1788 2451
f 2452 2453 1788
f 2452 1788 2454
f 2453 2455 1788
f 2455 2456 1788
f 1788 2456 2451
f 2456 2457 2451
f 2451 2457 2458
f 2457 2459 2458
f 2459 2460 2458
f 2460 2461 2458
f 2458 2461 2462
f 2462 2463 2458
f 2463 2464 2458
f 2458 2464 2465
f 2465 2466 2458
f 2466 2467 2458
f 2458 2467 2468
f 2468 2469 2458
f 2469 2470 2458
f 2458 2470 2471
f 2470 2472 2471
f 2471 2472 2473
f 119 120 2471
f 119 2471 114
f 2471 2473 114
f 114 2473 115
f 2473 2474 115
f 115 2474 2475
f 2475 2476 115
f 2476 2477 115
f 115 2477 2478
f 112 110 2478
f 110 116 2478
f 2478 116 115
f 107 105 2479
f 2479 105 2480
f 2481 2482 105
f 2482 2483 105
f 105 2483 2480
f 107 2479 108
f 2479 2484 108
f 108 2484 2485
f 2481 105 2478
f 105 113 2478
f 2478 113 112
f 93 95 2485
f 95 97 2485
f 97 98 2485
f 2485 98 100
f 100 101 2485
f 101 103 2485
f 2485 103 108
f 2485 2486 93
f 2486 2487 93
f 93 2487 2488
f 2489 2490 86
f 2490 2491 86
f 2491 2492 86
f 86 2492 2348
f 2488 2493 93
f 2493 2494 93
f 93 2494 7
f 2494 8 7
f 2489 86 2494
f 86 85 2494
f 2494 85 92
f 92 91 2494
f 91 90 2494
f 2494 90 8
f 2495 2496 75
f 2495 75 2348
f 2496 2497 75
f 2497 2498 75
f 75 2498 2499
f 75 74 2348
f 74 79 2348
f 2348 79 82
f 82 81 2348
f 81 88 2348
f 2348 88 87
f 2500 2501 2502
f 76 2500 70
f 2500 2502 70
f 70 2502 72
f 2499 2503 75
f 2503 2504 75
f 75 2504 76
f 2504 2505 76
f 76 2505 2500
f 2501 2506 2502
f 2506 2507 2502
f 2502 2507 2508
f 2507 2509 2508
f 2509 2510 2508
f 2508 2510 2511
f 2511 2512 2508
f 2512 2513 2508
f 2508 2513 2514
f 2514 2515 2508
f 2515 2516 2508
f 2508 2516 2517
f 2518 2519 2520
f 2518 2520 2521
f 2517 2522 2508
f 2522 2523 2508
f 2508 2523 2520
f 2523 2524 2520
f 2520 2524 2521
f 2519 2525 1808
f 2525 2526 1808
f 2526 2527 1808
f 1808 2527 1806
f 2527 2528 1806
f 1806 2528 2529
f 2519 1808 2520
f 1808 1810 2520
f 2520 1810 2530
f 1810 1812 2530
f 2530 1812 2531
f 1812 1814 2531
f 2531 1814 2532
f 1814 1816 2532
f 2532 1816 2533
f 1818 1820 2534
f 2534 2535 1818
f 2535 2536 1818
f 1818 2536 1816
f 2536 2537 1816
f 1816 2537 2533
f 1822 1824 2538
f 2538 2539 1822
f 2539 2540 1822
f 1822 2540 1820
f 2540 2541 1820
f 1820 2541 2534
f 1826 1828 2542
f 2542 2543 1826
f 2543 2544 1826
f 1826 2544 1824
f 2544 2545 1824
f 1824 2545 2538
f 1830 1832 2546
f 2546 2547 1830
f 2547 2548 1830
f 1830 2548 1828
f 2548 2549 1828
f 1828 2549 2542
f 1834 1836 2550
f 2550 2551 1834
f 2551 2552 1834
f 1834 2552 1832
f 2552 2553 1832
f 1832 2553 2546
f 1838 1840 2554
f 2554 2555 1838
f 2555 2556 1838
f 1838 2556 1836
f 2556 2557 1836
f 1836 2557 2550
f 1842 1844 2558
f 2558 2559 1842
f 2559 2560 1842
f 1842 2560 1840
f 2560 2561 1840
f 1840 2561 2554
f 1846 1848 2562
f 2562 2563 1846
f 2563 2564 1846
f 1846 2564 1844
f 2564 2565 1844
f 1844 2565 2558
f 2566 2567 1850
f 2567 2568 1850
f 1850 2568 1848
f 2568 2569 1848
f 1848 2569 2562
f 1850 1852 2566
f 1852 1854 2566
f 2566 1854 2570
f 1854 1856 2570
f 2570 1856 2571
f 1856 1858 2571
f 2571 1858 2572
f 1858 1860 2572
f 2572 1860 2573
f 2574 2575 1860
f 2574 1860 2576
f 2575 2577 1860
f 2577 2578 1860
f 1860 2578 2573
f 2578 2579 2573
f 2573 2579 2580
f 2579 2581 2580
f 2581 2582 2580
f 2582 2583 2580
f 2580 2583 2584
f 2584 2585 2580
f 2585 2586 2580
f 2580 2586 2587
f 2587 2588 2580
f 2588 2589 2580
f 2580 2589 2590
f 2590 2591 2580
f 2591 2592 2580
f 2580 2592 2350
f 2592 2593 2350
f 2350 2593 2351
f 1862 2594 2595
f 2595 2596 1862
f 2596 2597 1862
f 1862 2597 2598
f 2598 2599 1862
f 2599 2600 1862
f 1862 2600 2601
f 2601 2602 1862
f 2602 2603 1862
f 1862 2603 1860
f 2603 2604 1860
f 1860 2604 2576
f 2605 2606 1864
f 2606 2607 1864
f 2607 2608 1864
f 1864 2608 1862
f 2608 2609 1862
f 1862 2609 2594
f 2610 2611 1722
f 2611 2612 1722
f 1722 2612 2613
f 2613 2614 1722
f 2614 2615 1722
f 1722 2615 1864
f 2615 2616 1864
f 1864 2616 2605
f 2617 2618 1724
f 2618 2619 1724
f 1724 2619 1722
f 2619 2620 1722
f 1722 2620 2610
f 1726 2621 2622
f 1726 2622 1724
f 2622 2623 1724
f 1724 2623 2617
f 2624 2625 1728
f 2625 2626 1728
f 1728 2626 1726
f 2626 2627 1726
f 1726 2627 2621
f 2628 2629 1730
f 2629 2630 1730
f 1730 2630 2631
f 2631 2632 1730
f 2632 2633 1730
f 1730 2633 1728
f 2633 2634 1728
f 1728 2634 2624
f 2635 2636 1732
f 2636 2637 1732
f 2637 2638 1732
f 1732 2638 1730
f 2638 2639 1730
f 1730 2639 2628
f 2407 2640 1734
f 2640 2641 1734
f 1734 2641 2642
f 2642 2643 1734
f 2643 2644 1734
f 1734 2644 2645
f 2645 2646 1734
f 2646 2647 1734
f 1734 2647 2648
f 2648 2649 1734
f 2649 2650 1734
f 1734 2650 1732
f 2650 2651 1732
f 1732 2651 2635
f 1790 2652 2653
f 2653 2654 1790
f 2654 2655 1790
f 1790 2655 2656
f 2656 2657 1790
f 2657 2658 1790
f 1790 2658 2659
f 2659 2660 1790
f 2660 2661 1790
f 1790 2661 1788
f 2661 2662 1788
f 1788 2662 2454
f 2663 2664 1792
f 2664 2665 1792
f 2665 2666 1792
f 1792 2666 1790
f 2666 2667 1790
f 1790 2667 2652
f 2668 2669 1794
f 2669 2670 1794
f 1794 2670 2671
f 2671 2672 1794
f 2672 2673 1794
f 1794 2673 1792
f 2673 2674 1792
f 1792 2674 2663
f 2675 2676 1796
f 2676 2677 1796
f 1796 2677 1794
f 2677 2678 1794
f 1794 2678 2668
f 1798 2679 2680
f 1798 2680 1796
f 2680 2681 1796
f 1796 2681 2675
f 2682 2683 1800
f 2683 2684 1800
f 1800 2684 1798
f 2684 2685 1798
f 1798 2685 2679
f 2686 2687 1802
f 2687 2688 1802
f 1802 2688 2689
f 2689 2690 1802
f 2690 2691 1802
f 1802 2691 1800
f 2691 2692 1800
f 1800 2692 2682
f 2693 2694 1804
f 2694 2695 1804
f 2695 2696 1804
f 1804 2696 1802
f 2696 2697 1802
f 1802 2697 2686
f 2529 2698 1806
f 2698 2699 1806
f 1806 2699 2700
f 2700 2701 1806
f 2701 2702 1806
f 1806 2702 2703
f 2703 2704 1806
f 2704 2705 1806
f 1806 2705 2706
f 2706 2707 1806
f 2707 2708 1806
f 1806 2708 1804
f 2708 2709 1804
f 1804 2709 2693
f 2710 2711 2712
f 2710 2712 2713
f 2712 2714 2713
f 2713 2714 2715
f 2714 2716 2715
f 2715 2716 2717
f 2716 2718 2717
f 2717 2718 2719
f 2718 2720 2719
f 2719 2720 2721
f 2720 2722 2721
f 2721 2722 2723
f 2722 2724 2723
f 2723 2724 2725
f 2724 2726 2725
f 2725 2726 2727
f 2726 2728 2727
f 2727 2728 2729
f 2728 2730 2729
f 2730 2731 2729
f 2729 2731 2732
f 2731 2733 2732
f 2732 2733 2734
f 2733 2735 2734
f 2734 2735 2736
f 2735 2737 2736
f 2737 2738 2736
f 2736 2738 2739
f 2738 2740 2739
f 2739 2740 2741
f 2740 2742 2741
f 2742 2743 2741
f 2741 2743 2744
f 2743 2745 2744
f 2745 2746 2744
f 2744 2746 2747
f 2746 2748 2747
f 2747 2748 2749
f 2748 2750 2749
f 2750 2751 2749
f 2749 2751 2752
f 2751 2753 2752
f 2753 2754 2752
f 2752 2754 2755
f 2754 2756 2755
f 2755 2756 2757
f 2756 2758 2757
f 2758 2759 2757
f 2757 2759 2760
f 2759 2761 2760
f 2760 2761 2762
f 2761 2763 2762
f 2762 2763 2764
f 2763 2765 2764
f 2764 2765 2766
f 2765 2767 2766
f 2766 2767 2768
f 2767 2769 2768
f 2768 2769 2770
f 2769 2771 2770
f 2770 2771 2772
f 2771 2773 2772
f 2772 2773 2774
f 2773 2775 2774
f 2775 2776 2774
f 2774 2776 2777
f 2776 2778 2777
f 2777 2778 2779
f 2778 2780 2779
f 2779 2780 2781
f 2780 2782 2781
f 2781 2782 2783
f 2784 2785 2786
f 2785 2787 2786
f 2786 2787 2788
f 2787 2789 2788
f 2788 2789 2790
f 2789 2791 2790
f 2790 2791 2792
f 2791 2793 2792
f 2792 2793 2794
f 2793 2795 2794
f 2794 2795 2796
f 2795 2797 2796
f 2796 2797 2798
f 2797 2799 2798
f 2798 2799 2800
f 2799 2801 2800
f 2800 2801 2802
f 2801 2803 2802
f 2802 2803 2804
f 2803 2805 2804
f 2804 2805 2806
f 2805 2807 2806
f 2806 2807 2808
f 2807 2809 2808
f 2808 2809 2810
f 2809 2811 2810
f 2810 2811 2812
f 2811 2813 2812
f 2812 2813 2814
f 2813 2815 2814
f 2814 2815 2816
f 2815 2817 2816
f 2816 2817 2818
f 2817 422 2818
f 2818 422 2819
f 422 2820 2819
f 2819 2820 2821
f 2820 2822 2821
f 2821 2822 2823
f 2822 2824 2823
f 2823 2824 2825
f 2824 2826 2825
f 2825 2826 2827
f 2826 2828 2827
f 2827 2828 2829
f 2828 2830 2829
f 2829 2830 2831
f 2830 2832 2831
f 2831 2832 2833
f 2832 2834 2833
f 2833 2834 2835
f 2834 2836 2835
f 2835 2836 2837
f 2836 2838 2837
f 2837 2838 2839
f 2838 2840 2839
f 2839 2840 2841
f 2840 2842 2841
f 2841 2842 2843
f 2842 2844 2843
f 2843 2844 2845
f 2844 2846 2845
f 2845 2846 2847
f 2846 2848 2847
f 2847 2848 2849
f 2848 2850 2849
f 2849 2850 2851
f 2850 2852 2851
f 2851 2852 2853
f 2852 2327 2853
f 2853 2327 2854
f 2327 2855 2854
f 2854 2855 2856
f 2855 2857 2856
f 2856 2857 2858
f 2857 2859 2858
f 2858 2859 2860
f 2859 2861 2860
f 2860 2861 2862
f 2861 2863 2862
f 2862 2863 2864
f 2863 2865 2864
f 2864 2865 2866
f 2865 2867 2866
f 2866 2867 2868
f 2867 2869 2868
f 2868 2869 2870
f 2869 2871 2870
f 2870 2871 2872
f 2871 2873 2872
f 2872 2873 2874
f 2873 2875 2874
f 2874 2875 2876
f 2875 2877 2876
f 2876 2877 2878
f 2877 2879 2878
f 2878 2879 2880
f 2879 2881 2880
f 2880 2881 2882
f 2881 2883 2882
f 2882 2883 2884
f 2883 2885 2884
f 2884 2885 2886
f 2885 2887 2886
f 2886 2887 2888
f 2887 438 2888
f 2888 438 2889
f 438 2890 2889
f 2889 2890 2891
f 2890 2892 2891
f 2891 2892 2893
f 2892 2894 2893
f 2893 2894 2895
f 2894 2896 2895
f 2895 2896 2897
f 2896 2898 2897
f 2897 2898 2899
f 2898 2900 2899
f 2899 2900 2901
f 2900 2902 2901
f 2901 2902 2903
f 2902 2904 2903
f 2903 2904 2905
f 2904 2906 2905
f 2905 2906 2907
f 2906 2908 2907
f 2907 2908 2909
f 2908 2910 2909
f 2909 2910 2911
f 2910 2912 2911
f 2911 2912 2913
f 2912 2914 2913
f 2913 2914 2915
f 2914 2916 2915
f 2915 2916 2917
f 2916 2918 2917
f 2917 2918 2919
f 2918 2920 2919
f 2919 2920 2921
f 2920 2922 2921
f 2921 2922 2923
f 2922 2924 2923
f 2923 2924 2784
f 2924 2785 2784
f 2925 2327 2926
f 2926 2927 2925
f 2927 2928 2925
f 2925 2928 2929
f 2930 2931 2932
f 2931 2933 2932
f 2933 2934 2932
f 2932 2934 2935
f 2929 2936 2925
f 2936 2937 2925
f 2925 2937 2938
f 2938 2939 2925
f 2939 2940 2925
f 2925 2940 2932
f 2940 2941 2932
f 2932 2941 2942
f 2942 2943 2932
f 2943 2944 2932
f 2932 2944 2930
f 2945 2946 2947
f 2946 2948 2947
f 2947 2948 2949
f 2948 2950 2949
f 2949 2950 2951
f 2950 2952 2951
f 2951 2952 2953
f 2952 2954 2953
f 2953 2954 2955
f 2954 2956 2955
f 2955 2956 2957
f 2956 2958 2957
f 2957 2958 2959
f 2958 2960 2959
f 2959 2960 2961
f 2960 2962 2961
f 2961 2962 2963
f 2962 2964 2963
f 2963 2964 2965
f 2964 2966 2965
f 2965 2966 2967
f 2966 2968 2967
f 2967 2968 2969
f 2968 2970 2969
f 2969 2970 2971
f 2970 2972 2971
f 2971 2972 2973
f 2972 2974 2973
f 2973 2974 2975
f 2974 2976 2975
f 2975 2976 2977
f 2976 2978 2977
f 2977 2978 2979
f 2978 2980 2979
f 2979 2980 2981
f 2980 2982 2981
f 2981 2982 2983
f 2982 2984 2983
f 2983 2984 2985
f 2984 2986 2985
f 2985 2986 2987
f 2986 2988 2987
f 2987 2988 2989
f 2988 2990 2989
f 2989 2990 2991
f 2990 2992 2991
f 2991 2992 2993
f 2992 2994 2993
f 2993 2994 2995
f 2994 2996 2995
f 2995 2996 2997
f 2996 2998 2997
f 2997 2998 2999
f 2998 3000 2999
f 2999 3000 3001
f 3000 3002 3001
f 3001 3002 3003
f 3002 3004 3003
f 3003 3004 3005
f 3004 3006 3005
f 3005 3006 3007
f 3006 3008 3007
f 3007 3008 3009
f 3008 3010 3009
f 3009 3010 3011
f 3010 3012 3011
f 3011 3012 3013
f 3012 3014 3013
f 3013 3014 3015
f 3014 3016 3015
f 3015 3016 3017
f 3016 3018 3017
f 3017 3018 3019
f 3018 3020 3019
f 3019 3020 3021
f 3020 3022 3021
f 3021 3022 3023
f 3022 3024 3023
f 3023 3024 3025
f 3024 3026 3025
f 3025 3026 3027
f 3026 3028 3027
f 3027 3028 3029
f 3028 3030 3029
f 3029 3030 3031
f 3030 3032 3031
f 3031 3032 3033
f 3032 3034 3033
f 3033 3034 3035
f 3034 3036 3035
f 3035 3036 3037
f 3036 3038 3037
f 3037 3038 3039
f 3038 3040 3039
f 3039 3040 3041
f 3040 3042 3041
f 3041 3042 3043
f 3042 3044 3043
f 3043 3044 3045
f 3044 3046 3045
f 3045 3046 3047
f 3046 3048 3047
f 3047 3048 3049
f 3048 3050 3049
f 3049 3050 3051
f 3050 3052 3051
f 3051 3052 3053
f 3052 3054 3053
f 3053 3054 3055
f 3054 3056 3055
f 3055 3056 3057
f 3056 3058 3057
f 3057 3058 3059
f 3058 3060 3059
f 3059 3060 3061
f 3060 3062 3061
f 3061 3062 3063
f 3062 3064 3063
f 3063 3064 3065
f 3064 3066 3065
f 3065 3066 3067
f 3066 3068 3067
f 3067 3068 3069
f 3068 3070 3069
f 3069 3070 3071
f 3070 3072 3071
f 3071 3072 3073
f 3072 3074 3073
f 3073 3074 3075
f 3074 3076 3075
f 3075 3076 3077
f 3076 3078 3077
f 3077 3078 3079
f 3078 3080 3079
f 3079 3080 3081
f 3080 3082 3081
f 3081 3082 3083
f 3082 3084 3083
f 3083 3084 3085
f 3084 3086 3085
f 3085 3086 3087
f 3086 3088 3087
f 3087 3088 2945
f 3088 2946 2945
f 439 340 342
f 439 333 330
f 208 211 437
f 211 403 437
f 437 403 434
f 403 400 434
f 434 400 397
f 342 335 439
f 335 337 439
f 439 337 333
f 397 392 434
f 392 394 434
f 434 394 387
f 3089 370 3090
f 370 367 3090
f 3090 367 3091
f 330 327 439
f 327 325 439
f 439 325 444
f 229 224 3092
f 224 226 3092
f 3092 226 437
f 226 219 437
f 437 219 218
f 218 213 437
f 213 212 437
f 437 212 208
f 387 386 434
f 386 381 434
f 434 381 3093
f 381 380 3093
f 380 378 3093
f 378 376 3093
f 3093 376 3094
f 376 374 3094
f 3094 374 3089
f 374 372 3089
f 3089 372 370
f 367 364 3091
f 364 361 3091
f 3091 361 3095
f 361 358 3095
f 3095 358 3096
f 358 355 3096
f 3096 355 3097
f 355 352 3097
f 3097 352 3098
f 352 349 3098
f 3098 349 439
f 349 348 439
f 439 348 340
f 325 207 444
f 207 320 444
f 444 320 315
f 315 314 444
f 314 311 444
f 444 311 309
f 309 308 444
f 308 300 444
f 444 300 3099
f 300 302 3099
f 3099 302 3100
f 302 297 3100
f 3100 297 3101
f 297 294 3101
f 3101 294 3102
f 294 291 3102
f 3102 291 3103
f 243 240 3092
f 240 238 3092
f 238 234 3092
f 3092 234 229
f 291 288 3103
f 288 285 3103
f 3103 285 3104
f 285 282 3104
f 3104 282 3105
f 262 257 3106
f 257 259 3106
f 3106 259 252
f 252 251 3106
f 251 246 3106
f 3106 246 3092
f 246 245 3092
f 3092 245 243
f 282 271 3105
f 271 273 3105
f 3105 273 3107
f 273 275 3107
f 3107 275 3108
f 275 277 3108
f 277 279 3108
f 279 268 3108
f 3108 268 3106
f 268 265 3106
f 3106 265 262
f 3109 2935 3110
f 3111 3112 3113
f 3112 3114 3113
f 3113 3114 3115
f 3113 3116 3117
f 3110 3118 3109
f 3118 3119 3109
f 3109 3119 3120
f 3120 3121 3109
f 3121 3122 3109
f 3109 3122 3123
f 3117 3124 3113
f 3124 3125 3113
f 3113 3125 3111
f 3123 3126 3109
f 3126 3127 3109
f 3109 3127 3113
f 3127 3128 3113
f 3113 3128 3116
f 3129 3130 3131
f 3130 3132 3131
f 3131 3132 3133
f 3132 3134 3133
f 3133 3134 3135
f 3134 3136 3135
f 3135 3136 3137
f 3136 3138 3137
f 3137 3138 3139
f 3138 3140 3139
f 3139 3140 3141
f 3140 3142 3141
f 3141 3142 3143
f 3142 3144 3143
f 3143 3144 3145
f 3144 3146 3145
f 3145 3146 3147
f 3146 3148 3147
f 3147 3148 3149
f 3148 3150 3149
f 3149 3150 3151
f 3150 3152 3151
f 3151 3152 3153
f 3152 3154 3153
f 3153 3154 3155
f 3154 3156 3155
f 3155 3156 3157
f 3156 3158 3157
f 3157 3158 3159
f 3158 3160 3159
f 3159 3160 3161
f 3160 3162 3161
f 3161 3162 3163
f 3162 3164 3163
f 3163 3164 3165
f 3164 3166 3165
f 3165 3166 3167
f 3166 3168 3167
f 3167 3168 3169
f 3168 3170 3169
f 3169 3170 3171
f 3170 3172 3171
f 3171 3172 3173
f 3172 3174 3173
f 3173 3174 3175
f 3174 3176 3175
f 3175 3176 3177
f 3176 3178 3177
f 3177 3178 3179
f 3178 3180 3179
f 3179 3180 3181
f 3180 3182 3181
f 3181 3182 3183
f 3182 3184 3183
f 3183 3184 3185
f 3184 3186 3185
f 3185 3186 3187
f 3186 3188 3187
f 3187 3188 3189
f 3188 3190 3189
f 3189 3190 3191
f 3190 3192 3191
f 3191 3192 3193
f 3192 3194 3193
f 3193 3194 3195
f 3194 3196 3195
f 3195 3196 3197
f 3196 3198 3197
f 3197 3198 3199
f 3198 3200 3199
f 3199 3200 3201
f 3200 3202 3201
f 3201 3202 3203
f 3202 3204 3203
f 3203 3204 3205
f 3204 3206 3205
f 3205 3206 3207
f 3206 3208 3207
f 3207 3208 3209
f 3208 3210 3209
f 3209 3210 3211
f 3210 3212 3211
f 3211 3212 3213
f 3212 3214 3213
f 3213 3214 3215
f 3214 3216 3215
f 3215 3216 3217
f 3216 3218 3217
f 3217 3218 3219
f 3218 3220 3219
f 3219 3220 3221
f 3220 3222 3221
f 3221 3222 3223
f 3222 3224 3223
f 3223 3224 3225
f 3224 3226 3225
f 3225 3226 3227
f 3226 3228 3227
f 3227 3228 3229
f 3228 3230 3229
f 3229 3230 3231
f 3230 3232 3231
f 3231 3232 3233
f 3232 3234 3233
f 3233 3234 3235
f 3234 3236 3235
f 3235 3236 3237
f 3236 3238 3237
f 3237 3238 3239
f 3238 3240 3239
f 3239 3240 3241
f 3240 3242 3241
f 3241 3242 3243
f 3242 3244 3243
f 3243 3244 3245
f 3244 3246 3245
f 3245 3246 3247
f 3246 3248 3247
f 3247 3248 3249
f 3248 3250 3249
f 3249 3250 3251
f 3250 3252 3251
f 3251 3252 3253
f 3252 3254 3253
f 3253 3254 3255
f 3254 3256 3255
f 3255 3256 3257
f 3256 3258 3257
f 3257 3258 3259
f 3258 3260 3259
f 3259 3260 3261
f 3260 3262 3261
f 3261 3262 3263
f 3262 3264 3263
f 3263 3264 3265
f 3264 3266 3265
f 3265 3266 3267
f 3266 3268 3267
f 3267 3268 3269
f 3268 3270 3269
f 3269 3270 3271
f 3270 3272 3271
f 3271 3272 3129
f 3272 3130 3129
f 3115 3273 3274
f 3273 3275 3274
f 3274 3275 3276
f 3275 3277 3276
f 3276 3277 3278
f 3277 3279 3278
f 3278 3279 3280
f 3279 3281 3280
f 3280 3281 3282
f 3281 3283 3282
f 3282 3283 3284
f 3283 3285 3284
f 3284 3285 3286
f 3285 3287 3286
f 3286 3287 3288
f 3287 3289 3288
f 3288 3289 3290
f 3289 3291 3290
f 3290 3291 3292
f 3291 3293 3292
f 3292 3293 3294
f 3293 3295 3294
f 3294 3295 3296
f 3295 3297 3296
f 3296 3297 3298
f 3297 3299 3298
f 3298 3299 3300
f 3299 3301 3300
f 3300 3301 3302
f 3301 3303 3302
f 3302 3303 3304
f 3303 3305 3304
f 3304 3305 3306
f 3305 3307 3306
f 3306 3307 431
f 3307 3308 431
f 431 3308 2319
f 3308 3309 2319
f 2319 3309 2320
f 3309 3310 2320
f 2320 3310 2321
f 3310 3311 2321
f 2321 3311 2322
f 3311 3312 2322
f 2322 3312 2328
f 3312 3313 2328
f 2328 3313 2329
f 3313 3314 2329
f 2329 3314 2330
f 3314 3315 2330
f 2330 3315 2333
f 3315 3316 2333
f 2333 3316 2334
f 3316 3317 2334
f 2334 3317 2335
f 3317 3318 2335
f 2335 3318 2331
f 3318 3319 2331
f 2331 3319 2332
f 3319 3320 2332
f 2332 3320 2336
f 3320 3321 2336
f 2336 3321 2337
f 3321 3322 2337
f 2337 3322 2323
f 3322 3323 2323
f 2323 3323 2324
f 3323 3324 2324
f 2324 3324 2326
f 3324 3325 2326
f 2326 3325 2327
f 3325 3326 2327
f 2327 3326 2926
f 3326 3327 2926
f 2926 3327 2927
f 3327 3328 2927
f 2927 3328 2928
f 3328 3329 2928
f 2928 3329 2929
f 3329 3330 2929
f 2929 3330 2936
f 3330 3331 2936
f 2936 3331 2937
f 3331 3332 2937
f 2937 3332 2938
f 3332 3333 2938
f 2938 3333 2939
f 3333 3334 2939
f 2939 3334 2940
f 3334 3335 2940
f 2940 3335 2941
f 3335 3336 2941
f 2941 3336 2942
f 3336 3337 2942
f 2942 3337 2943
f 3337 3338 2943
f 2943 3338 2944
f 3338 3339 2944
f 2944 3339 2930
f 3339 3340 2930
f 2930 3340 2931
f 3340 3341 2931
f 2931 3341 2933
f 3341 3342 2933
f 2933 3342 2934
f 3342 3343 2934
f 2934 3343 2935
f 3343 3344 2935
f 2935 3344 3110
f 3344 3345 3110
f 3110 3345 3118
f 3345 3346 3118
f 3118 3346 3119
f 3346 3347 3119
f 3119 3347 3120
f 3347 3348 3120
f 3120 3348 3121
f 3348 3349 3121
f 3121 3349 3122
f 3349 3350 3122
f 3122 3350 3123
f 3350 3351 3123
f 3123 3351 3126
f 3351 3352 3126
f 3126 3352 3127
f 3352 3353 3127
f 3127 3353 3128
f 3353 3354 3128
f 3128 3354 3116
f 3354 3355 3116
f 3116 3355 3117
f 3355 3356 3117
f 3117 3356 3124
f 3356 3357 3124
f 3124 3357 3125
f 3357 3358 3125
f 3125 3358 3111
f 3358 3359 3111
f 3111 3359 3112
f 3359 3360 3112
f 3112 3360 3114
f 3360 3361 3114
f 3114 3361 3115
f 3361 3273 3115
f 2890 438 435
f 433 2924 2922
f 2922 2920 433
f 2920 2918 433
f 433 2918 2916
f 2916 2914 433
f 2914 2912 433
f 433 2912 2910
f 2910 2908 433
f 2908 2906 433
f 433 2906 435
f 2906 2904 435
f 435 2904 2902
f 2896 2894 435
f 2894 2892 435
f 435 2892 2890
f 2902 2900 435
f 2900 2898 435
f 435 2898 2896
f 3362 3363 3364
f 3363 3365 3364
f 3364 3365 3366
f 3365 3367 3366
f 3366 3367 3368
f 3367 3369 3368
f 3368 3369 3370
f 3369 3371 3370
f 3370 3371 3372
f 3371 3373 3372
f 3372 3373 3374
f 3373 3375 3374
f 3374 3375 3376
f 3375 3377 3376
f 3376 3377 3378
f 3377 3379 3378
f 3378 3379 3380
f 3379 3381 3380
f 3380 3381 3382
f 3381 3383 3382
f 3382 3383 3384
f 3383 3385 3384
f 3384 3385 3386
f 3385 3387 3386
f 3386 3387 3388
f 3387 3389 3388
f 3388 3389 3390
f 3389 3391 3390
f 3390 3391 3392
f 3391 3393 3392
f 3392 3393 3394
f 3393 3395 3394
f 3394 3395 3396
f 3395 413 3396
f 3396 413 3397
f 413 3398 3397
f 3397 3398 3399
f 3398 3400 3399
f 3399 3400 3401
f 3400 3402 3401
f 3401 3402 3403
f 3402 3404 3403
f 3403 3404 3405
f 3404 3406 3405
f 3405 3406 3407
f 3406 3408 3407
f 3407 3408 3409
f 3408 3410 3409
f 3409 3410 3411
f 3410 3412 3411
f 3411 3412 3413
f 3412 3414 3413
f 3413 3414 3415
f 3414 3416 3415
f 3415 3416 3417
f 3416 3418 3417
f 3417 3418 3419
f 3418 3420 3419
f 3419 3420 3421
f 3420 3422 3421
f 3421 3422 3423
f 3422 3424 3423
f 3423 3424 3425
f 3424 3426 3425
f 3425 3426 3427
f 3426 3428 3427
f 3427 3428 3429
f 3428 3430 3429
f 3429 3430 3431
f 3430 3432 3431
f 3431 3432 3433
f 3432 3434 3433
f 3433 3434 3435
f 3434 3436 3435
f 3435 3436 3437
f 3436 3438 3437
f 3437 3438 3439
f 3438 3440 3439
f 3439 3440 3441
f 3440 3442 3441
f 3441 3442 3443
f 3442 3444 3443
f 3443 3444 3445
f 3444 3446 3445
f 3445 3446 3447
f 3446 3448 3447
f 3447 3448 3449
f 3448 3450 3449
f 3449 3450 3451
f 3450 3452 3451
f 3451 3452 3453
f 3452 3454 3453
f 3453 3454 3455
f 3454 3456 3455
f 3455 3456 3457
f 3456 3458 3457
f 3457 3458 3459
f 3458 3460 3459
f 3459 3460 3461
f 3460 3462 3461
f 3461 3462 3463
f 3462 3464 3463
f 3463 3464 3465
f 3464 3466 3465
f 3465 3466 3467
f 3466 443 3467
f 3467 443 3468
f 443 3469 3468
f 3468 3469 3470
f 3469 3471 3470
f 3470 3471 3472
f 3471 3473 3472
f 3472 3473 3474
f 3473 3475 3474
f 3474 3475 3476
f 3475 3477 3476
f 3476 3477 3478
f 3477 3479 3478
f 3478 3479 3480
f 3479 3481 3480
f 3480 3481 3482
f 3481 3483 3482
f 3482 3483 3484
f 3483 3485 3484
f 3484 3485 3486
f 3485 3487 3486
f 3486 3487 3488
f 3487 3489 3488
f 3488 3489 3490
f 3489 3491 3490
f 3490 3491 3492
f 3491 3493 3492
f 3492 3493 3494
f 3493 3495 3494
f 3494 3495 3496
f 3495 3497 3496
f 3496 3497 3498
f 3497 3499 3498
f 3498 3499 3500
f 3499 3501 3500
f 3500 3501 3502
f 3501 3503 3502
f 3502 3503 3362
f 3503 3363 3362
f 3115 3274 426
f 3274 3276 426
f 426 3276 3278
f 3298 428 3296
f 428 3294 3296
f 431 428 3306
f 428 3304 3306
f 3298 3300 428
f 3300 3302 428
f 428 3302 3304
f 3278 3280 426
f 3280 3282 426
f 426 3282 3284
f 426 3290 428
f 3290 3292 428
f 428 3292 3294
f 3284 3286 426
f 3286 3288 426
f 426 3288 3290
f 3504 3505 739
f 3505 3506 739
f 739 3506 740
f 731 3507 732
f 3507 3508 732
f 732 3508 3509
f 3510 3511 739
f 3511 3512 739
f 739 3512 3513
f 3513 3514 739
f 3514 3515 739
f 739 3515 3504
f 3509 3516 732
f 3516 3517 732
f 732 3517 3518
f 3518 3519 732
f 3519 3520 732
f 732 3520 3521
f 3520 3522 3521
f 3521 3522 3523
f 3522 3524 3523
f 3523 3524 3525
f 3524 3526 3525
f 3525 3526 3527
f 3526 3528 3527
f 3527 3528 3529
f 3528 3530 3529
f 3529 3530 3531
f 3530 3532 3531
f 3531 3532 3533
f 3532 3534 3533
f 3533 3534 3535
f 3534 3536 3535
f 3535 3536 3510
f 3536 3537 3510
f 3510 3537 3511
f 2785 2924 421
f 2785 421 2787
f 419 422 2817
f 2817 2815 419
f 2815 2813 419
f 419 2813 2811
f 2811 2809 419
f 2809 2807 419
f 419 2807 2805
f 2797 2795 421
f 2795 2793 421
f 2805 2803 419
f 2803 2801 419
f 419 2801 421
f 2801 2799 421
f 421 2799 2797
f 2793 2791 421
f 2791 2789 421
f 421 2789 2787
f 807 806 1100
f 806 1101 1100
f 874 3538 875
f 3538 3539 875
f 875 3539 3540
f 3540 3541 875
f 3541 3542 875
f 875 3542 3543
f 3544 3545 887
f 3545 3546 887
f 887 3546 3547
f 3547 3548 887
f 3548 3549 887
f 887 3549 3550
f 3550 3551 887
f 3551 3552 887
f 887 3552 885
f 3543 3553 875
f 3553 3554 875
f 875 3554 3555
f 3554 3556 3555
f 3555 3556 3557
f 3556 3558 3557
f 3557 3558 3559
f 3558 3560 3559
f 3559 3560 3561
f 3560 3562 3561
f 3561 3562 3563
f 3562 3564 3563
f 3563 3564 3565
f 3564 3566 3565
f 3565 3566 3567
f 3566 3568 3567
f 3567 3568 3569
f 3568 3570 3569
f 3569 3570 3544
f 3570 3571 3544
f 3544 3571 3545
f 3363 3503 412
f 410 413 3395
f 3395 3393 410
f 3393 3391 410
f 410 3391 3389
f 3363 412 3365
f 3389 3387 410
f 3387 3385 410
f 410 3385 3383
f 3375 3373 412
f 3373 3371 412
f 3371 3369 412
f 3369 3367 412
f 412 3367 3365
f 3383 3381 410
f 3381 3379 410
f 410 3379 412
f 3379 3377 412
f 412 3377 3375
f 954 953 951
f 953 952 951
f 1333 1332 3572
f 1332 3573 3572
f 3574 3575 407
f 2723 2725 1555
f 1041 1043 2538
f 1084 1086 2532
f 871 873 2520
f 873 875 2520
f 2520 875 2508
f 863 866 2520
f 866 869 2520
f 2520 869 871
f 853 856 2530
f 856 859 2530
f 2530 859 2520
f 859 861 2520
f 2520 861 863
f 2531 843 2530
f 843 845 2530
f 845 847 2530
f 847 850 2530
f 2530 850 853
f 1097 1099 2531
f 1090 1092 2531
f 1092 1095 2531
f 2531 1095 1097
f 2532 1086 2531
f 1086 1088 2531
f 2531 1088 1090
f 813 811 1101
f 1099 1101 2531
f 1101 841 2531
f 2531 841 843
f 811 810 1101
f 810 839 1101
f 1101 839 841
f 819 817 1101
f 817 815 1101
f 1101 815 813
f 825 823 3576
f 823 821 3576
f 3576 821 819
f 819 1101 3576
f 1101 806 3576
f 3576 806 836
f 831 829 3576
f 829 827 3576
f 3576 827 825
f 836 835 3576
f 835 833 3576
f 3576 833 831
f 1078 1080 2532
f 1080 1082 2532
f 2532 1082 1084
f 2533 1073 2532
f 1073 1075 2532
f 2532 1075 1078
f 2534 1057 2535
f 1057 1059 2535
f 2535 1059 2536
f 1059 1062 2536
f 1062 1065 2536
f 2536 1065 2537
f 1065 1067 2537
f 2537 1067 2533
f 1067 1070 2533
f 2533 1070 1073
f 2538 1043 2539
f 1043 1045 2539
f 2539 1045 2540
f 1045 1047 2540
f 1047 1050 2540
f 2540 1050 2541
f 1050 1052 2541
f 2541 1052 2534
f 1052 1054 2534
f 2534 1054 1057
f 1031 1033 2544
f 1033 1035 2544
f 2544 1035 2545
f 1035 1037 2545
f 2545 1037 2538
f 1037 1039 2538
f 2538 1039 1041
f 1031 2544 1028
f 2544 2543 1028
f 1028 2543 1973
f 2543 2542 1973
f 2542 2549 1973
f 1973 2549 1974
f 2549 2548 1974
f 2548 2547 1974
f 1974 2547 1976
f 2547 2546 1976
f 2546 2553 1976
f 1976 2553 1978
f 2553 2552 1978
f 1978 2552 1980
f 2552 2551 1980
f 2551 2550 1980
f 1980 2550 1981
f 2550 2557 1981
f 2557 2556 1981
f 1981 2556 1972
f 2560 1174 1172
f 1170 2554 1172
f 2554 2561 1172
f 1172 2561 2560
f 2556 2555 1972
f 2555 2554 1972
f 1972 2554 1168
f 2554 1170 1168
f 1159 1157 2560
f 1157 1166 2560
f 1166 1165 2560
f 2560 1165 1174
f 1161 2564 1153
f 2564 1152 1153
f 2560 2559 1159
f 2559 2558 1159
f 1159 2558 1161
f 2558 2565 1161
f 1161 2565 2564
f 1150 2562 1147
f 2562 1145 1147
f 1152 2564 1150
f 2564 2563 1150
f 1150 2563 2562
f 1142 2568 1140
f 2568 1138 1140
f 1145 2562 1142
f 2562 2569 1142
f 1142 2569 2568
f 1133 1135 2566
f 1138 2568 1135
f 2568 2567 1135
f 1135 2567 2566
f 1126 2566 1124
f 2566 1122 1124
f 1126 1128 2566
f 1128 1131 2566
f 2566 1131 1133
f 783 790 3577
f 790 789 3577
f 3577 789 793
f 793 795 3577
f 795 803 3577
f 3577 803 801
f 801 799 3577
f 799 797 3577
f 3577 797 1102
f 772 777 3577
f 777 776 3577
f 3577 776 780
f 780 781 3577
f 781 785 3577
f 3577 785 783
f 1102 1104 2571
f 1104 1106 2571
f 2571 1106 2570
f 1106 1108 2570
f 1108 1110 2570
f 2570 1110 1112
f 1112 1114 2570
f 1114 1116 2570
f 2570 1116 2566
f 1116 1118 2566
f 2566 1118 1122
f 757 760 2572
f 760 763 2572
f 763 766 2572
f 766 737 2572
f 2572 737 2571
f 737 736 2571
f 2571 736 1102
f 736 734 1102
f 1102 734 3577
f 734 733 3577
f 3577 733 772
f 746 749 2573
f 749 752 2573
f 2573 752 2572
f 752 756 2572
f 2572 756 757
f 3510 739 2580
f 739 741 2580
f 2580 741 2573
f 741 745 2573
f 2573 745 746
f 728 730 3578
f 3578 3579 728
f 3579 3580 728
f 728 3580 726
f 715 717 3580
f 717 719 3580
f 719 721 3580
f 3580 721 726
f 3580 3581 715
f 3581 1553 715
f 715 1553 712
f 1553 709 712
f 1552 699 1553
f 699 701 1553
f 701 703 1553
f 703 706 1553
f 1553 706 709
f 2774 2777 1552
f 2777 2779 1552
f 1552 2779 2781
f 1550 2768 1551
f 2768 2770 1551
f 1551 2770 1552
f 2770 2772 1552
f 1552 2772 2774
f 669 667 2783
f 2781 2783 1552
f 2783 697 1552
f 1552 697 699
f 667 666 2783
f 666 695 2783
f 2783 695 697
f 675 673 2783
f 673 671 2783
f 2783 671 669
f 681 679 3582
f 679 677 3582
f 3582 677 675
f 675 2783 3582
f 2783 662 3582
f 3582 662 692
f 687 685 3582
f 685 683 3582
f 3582 683 681
f 692 691 3582
f 691 689 3582
f 3582 689 687
f 2762 2764 1550
f 2764 2766 1550
f 1550 2766 2768
f 1548 2755 1549
f 2755 2757 1549
f 1549 2757 1550
f 2757 2760 1550
f 1550 2760 2762
f 1547 2739 1546
f 2739 2741 1546
f 1546 2741 1543
f 2741 2744 1543
f 2744 2747 1543
f 1543 2747 1544
f 2747 2749 1544
f 1544 2749 1548
f 2749 2752 1548
f 1548 2752 2755
f 1555 2725 1556
f 2725 2727 1556
f 1556 2727 1482
f 2727 2729 1482
f 2729 2732 1482
f 1482 2732 1483
f 2732 2734 1483
f 1483 2734 1547
f 2734 2736 1547
f 1547 2736 2739
f 2713 2715 1557
f 2715 2717 1557
f 1557 2717 1554
f 2717 2719 1554
f 1554 2719 1555
f 2719 2721 1555
f 1555 2721 2723
f 1479 3583 1480
f 3583 2710 1480
f 2713 1557 2710
f 1557 1481 2710
f 2710 1481 1480
f 1476 3584 1477
f 3584 3583 1477
f 1477 3583 1478
f 3583 1479 1478
f 1476 1475 3584
f 1475 1474 3584
f 3584 1474 3585
f 1474 1473 3585
f 3585 1473 1472
f 1472 1470 3585
f 1470 1471 3585
f 3585 1471 3586
f 1471 1469 3586
f 3586 1469 3587
f 1469 1467 3587
f 3587 1467 1468
f 1468 1466 3587
f 1466 1465 3587
f 3587 1465 3588
f 1465 1464 3588
f 1464 1463 3588
f 1463 1462 3588
f 3588 1462 3589
f 1462 1461 3589
f 1456 1021 1457
f 1021 1019 1457
f 1461 1460 3589
f 1460 1459 3589
f 3589 1459 1019
f 1459 1458 1019
f 1019 1458 1457
f 1454 1017 1016
f 1454 1016 1455
f 1016 1025 1455
f 1455 1025 1456
f 1025 1023 1456
f 1456 1023 1021
f 1559 1012 1560
f 1012 1010 1560
f 1560 1010 1454
f 1010 1008 1454
f 1454 1008 1017
f 996 998 1561
f 998 1001 1561
f 1561 1001 1558
f 1001 1003 1558
f 1558 1003 1559
f 1003 1004 1559
f 1559 1004 1012
f 993 1571 991
f 1571 989 991
f 996 1561 993
f 1561 1562 993
f 993 1562 1571
f 986 1569 984
f 1569 982 984
f 989 1571 986
f 1571 1570 986
f 986 1570 1569
f 1568 1567 968
f 973 975 1569
f 1568 968 1569
f 968 970 1569
f 1569 970 973
f 975 977 1569
f 977 979 1569
f 1569 979 982
f 953 955 1564
f 934 936 3590
f 936 938 3590
f 3590 938 940
f 940 942 3590
f 942 944 3590
f 3590 944 945
f 945 950 3590
f 950 952 3590
f 3590 952 953
f 920 925 3590
f 925 924 3590
f 3590 924 928
f 928 929 3590
f 929 932 3590
f 3590 932 934
f 1564 955 1566
f 955 957 1566
f 1566 957 1567
f 957 959 1567
f 1567 959 961
f 961 964 1567
f 964 966 1567
f 1567 966 968
f 1563 908 912
f 912 915 1563
f 915 880 1563
f 1563 880 1564
f 880 879 1564
f 1564 879 953
f 879 877 953
f 953 877 3590
f 877 876 3590
f 3590 876 920
f 894 898 3591
f 898 884 3591
f 3591 884 3592
f 884 905 3592
f 3592 905 1563
f 905 904 1563
f 1563 904 908
f 3593 888 3594
f 888 891 3594
f 3594 891 3591
f 891 890 3591
f 3591 890 894
f 3595 3596 3521
f 3596 3597 3521
f 3597 3598 3521
f 3521 3598 3599
f 3599 3600 3521
f 3600 3601 3521
f 3521 3601 3602
f 730 732 3578
f 732 3521 3578
f 3578 3521 3603
f 3521 3602 3603
f 3603 3602 3604
f 3604 3605 3603
f 3605 3606 3603
f 3603 3606 3607
f 3607 3608 3603
f 3608 3609 3603
f 3603 3609 3610
f 3609 3611 3610
f 3610 3611 3612
f 3611 3613 3612
f 3613 3614 3612
f 3614 3615 3612
f 3612 3615 3616
f 3616 3617 3612
f 3617 3618 3612
f 3612 3618 3619
f 3618 3620 3619
f 3619 3620 3621
f 407 406 3622
f 406 210 3622
f 3620 3623 3621
f 3623 3622 3621
f 3621 3622 3624
f 3622 210 3624
f 3622 3625 407
f 3625 3626 407
f 407 3626 3627
f 3627 3628 407
f 3628 3629 407
f 407 3629 3574
f 3630 3631 407
f 3632 3633 407
f 3633 3634 407
f 407 3634 3630
f 3575 3635 407
f 3635 3636 407
f 407 3636 3632
f 398 402 3637
f 3637 402 3631
f 402 401 3631
f 3631 401 405
f 405 404 3631
f 404 408 3631
f 3631 408 407
f 389 388 3638
f 389 3638 390
f 383 382 3638
f 382 391 3638
f 3638 391 390
f 395 393 3637
f 393 399 3637
f 3637 399 398
f 3637 3639 395
f 3639 3640 395
f 395 3640 3641
f 3641 3642 395
f 3642 3643 395
f 395 3643 3644
f 388 396 3638
f 396 395 3638
f 3638 395 3645
f 395 3644 3645
f 371 373 3638
f 371 3638 369
f 3638 3646 369
f 369 3646 3647
f 3647 3648 369
f 3648 3649 369
f 369 3649 3650
f 373 375 3638
f 375 377 3638
f 3638 377 379
f 379 385 3638
f 385 384 3638
f 3638 384 383
f 2350 351 353
f 353 354 2350
f 354 356 2350
f 2350 356 357
f 357 359 2350
f 359 360 2350
f 2350 360 362
f 362 363 2350
f 363 365 2350
f 2350 365 3651
f 3650 3652 369
f 3652 3653 369
f 369 3653 368
f 3653 3651 368
f 368 3651 366
f 3651 365 366
f 3651 3654 2350
f 3654 3655 2350
f 2350 3655 3656
f 3656 3657 2350
f 3657 3658 2350
f 2350 3658 3659
f 3660 3661 2580
f 3662 3663 2580
f 3663 3664 2580
f 2580 3664 3660
f 3659 3665 2350
f 3665 3666 2350
f 2350 3666 2580
f 3666 3667 2580
f 2580 3667 3662
f 3661 3668 2580
f 3668 3669 2580
f 2580 3669 3510
f 3669 3670 3510
f 3510 3670 3671
f 3671 3672 3510
f 3672 3673 3510
f 3510 3673 3674
f 3675 3676 3555
f 3676 3677 3555
f 3555 3677 3678
f 3678 3679 3555
f 3679 3680 3555
f 3555 3680 3681
f 875 3555 2508
f 3555 3681 2508
f 2508 3681 2502
f 3681 3682 2502
f 2502 3682 3683
f 3683 3684 2502
f 3684 3685 2502
f 2502 3685 3686
f 3686 3687 2502
f 3687 3688 2502
f 2502 3688 3689
f 3689 3690 2502
f 3690 3691 2502
f 2502 3691 3692
f 3692 3693 2502
f 3693 3694 2502
f 2502 3694 3695
f 3695 3696 52
f 64 68 2502
f 64 2502 65
f 58 62 2502
f 62 61 2502
f 2502 61 65
f 52 56 3695
f 56 55 3695
f 3695 55 2502
f 55 59 2502
f 2502 59 58
f 68 67 2502
f 67 73 2502
f 2502 73 72
f 43 41 3697
f 3698 3699 38
f 49 47 3697
f 47 45 3697
f 3697 45 43
f 3698 38 3697
f 38 50 3697
f 3697 50 49
f 3699 3700 38
f 3700 3701 38
f 38 3701 3702
f 3696 3703 52
f 3703 3697 52
f 52 3697 53
f 3697 41 53
f 3704 3705 29
f 3705 3706 29
f 29 3706 3707
f 3707 3708 29
f 3708 3709 29
f 29 3709 30
f 3704 29 3710
f 29 27 3710
f 3710 27 33
f 33 32 3710
f 32 36 3710
f 3710 36 35
f 3702 3711 38
f 3711 3710 38
f 38 3710 39
f 3710 35 39
f 19 18 3712
f 18 17 3712
f 3712 17 16
f 16 25 3712
f 25 24 3712
f 3712 24 23
f 3709 3713 30
f 3713 3712 30
f 30 3712 22
f 3712 23 22
f 3712 3714 19
f 3714 3715 19
f 19 3715 3716
f 3716 3717 19
f 3717 3718 19
f 19 3718 3719
f 11 10 3720
f 10 3721 3720
f 3720 3721 3722
f 3719 3723 19
f 3723 3724 19
f 19 3724 10
f 3724 3725 10
f 10 3725 3726
f 3726 3727 10
f 3727 3728 10
f 10 3728 3721
f 3729 3730 3731
f 3721 3732 3722
f 3732 3729 3722
f 3722 3729 3733
f 3729 3731 3733
f 3730 3734 3731
f 3734 3735 3731
f 3731 3735 3736
f 3736 3737 3731
f 3737 3738 3731
f 3731 3738 3739
f 3739 3740 3731
f 3740 3741 3731
f 3731 3741 3742
f 3743 3744 3544
f 3745 3746 3747
f 3748 3749 3747
f 3749 3750 3747
f 3747 3750 3745
f 3742 3741 3747
f 3741 3751 3747
f 3747 3751 3748
f 3746 3743 3747
f 3743 3544 3747
f 3747 3544 3593
f 3544 887 3593
f 3593 887 888
f 3744 3752 3544
f 3752 3753 3544
f 3544 3753 3569
f 3753 3754 3569
f 3569 3754 3755
f 3755 3756 3569
f 3756 3757 3569
f 3569 3757 3758
f 3759 3760 3535
f 3759 3535 3761
f 3674 3762 3510
f 3762 3763 3510
f 3510 3763 3535
f 3763 3764 3535
f 3535 3764 3761
f 3760 3765 3535
f 3765 3766 3535
f 3535 3766 3767
f 3768 3769 3523
f 3769 3770 3523
f 3771 3772 3523
f 3772 3773 3523
f 3523 3773 3521
f 3773 3774 3521
f 3521 3774 3595
f 3770 3775 3523
f 3775 3776 3523
f 3523 3776 3771
f 3777 3778 3525
f 3778 3779 3525
f 3525 3779 3780
f 3780 3781 3525
f 3781 3782 3525
f 3525 3782 3523
f 3782 3783 3523
f 3523 3783 3768
f 3784 3785 3527
f 3785 3786 3527
f 3786 3787 3527
f 3527 3787 3788
f 3788 3789 3527
f 3789 3790 3527
f 3527 3790 3525
f 3790 3791 3525
f 3525 3791 3777
f 3792 3793 3531
f 3793 3794 3531
f 3794 3795 3531
f 3531 3795 3796
f 3796 3797 3531
f 3797 3798 3531
f 3531 3798 3529
f 3798 3799 3529
f 3529 3799 3527
f 3799 3800 3527
f 3527 3800 3784
f 3767 3801 3535
f 3801 3802 3535
f 3535 3802 3533
f 3802 3803 3533
f 3533 3803 3804
f 3804 3805 3533
f 3805 3806 3533
f 3533 3806 3807
f 3807 3808 3533
f 3808 3809 3533
f 3533 3809 3531
f 3809 3810 3531
f 3531 3810 3792
f 3811 3812 3557
f 3812 3813 3557
f 3813 3814 3557
f 3814 3815 3557
f 3557 3815 3816
f 3816 3817 3557
f 3817 3818 3557
f 3557 3818 3555
f 3818 3819 3555
f 3555 3819 3675
f 3820 3821 3559
f 3821 3822 3559
f 3559 3822 3823
f 3823 3824 3559
f 3824 3825 3559
f 3559 3825 3557
f 3825 3826 3557
f 3557 3826 3811
f 3827 3828 3561
f 3828 3829 3561
f 3829 3830 3561
f 3561 3830 3831
f 3831 3832 3561
f 3832 3833 3561
f 3561 3833 3559
f 3833 3834 3559
f 3559 3834 3820
f 3835 3836 3565
f 3836 3837 3565
f 3837 3838 3565
f 3565 3838 3839
f 3839 3840 3565
f 3840 3841 3565
f 3565 3841 3563
f 3841 3842 3563
f 3563 3842 3561
f 3842 3843 3561
f 3561 3843 3827
f 3844 3845 3567
f 3845 3846 3567
f 3567 3846 3847
f 3847 3848 3567
f 3848 3849 3567
f 3567 3849 3565
f 3849 3850 3565
f 3565 3850 3835
f 3851 3852 3569
f 3758 3853 3569
f 3853 3854 3569
f 3569 3854 3855
f 3855 3856 3569
f 3856 3857 3569
f 3569 3857 3851
f 3852 3858 3569
f 3858 3859 3569
f 3569 3859 3567
f 3859 3860 3567
f 3567 3860 3844
f 241 242 3861
f 1534 1536 3862
f 1536 1573 3862
f 3862 1573 3863
f 1574 3864 3865
f 3863 1573 3865
f 1573 1572 3865
f 3865 1572 1574
f 3864 1574 3866
f 1574 1453 3866
f 3866 1453 3867
f 1453 1452 3867
f 3867 1452 3868
f 1452 1451 3868
f 3868 1451 3869
f 1451 1450 3869
f 3869 1450 3870
f 1450 1449 3870
f 3870 1449 3861
f 1449 1448 3861
f 3861 1448 1445
f 1445 232 237
f 1445 237 3861
f 237 239 3861
f 3861 239 241
f 236 1445 230
f 1445 231 230
f 236 235 1445
f 235 233 1445
f 1445 233 232
f 214 223 1446
f 223 222 1446
f 1446 222 221
f 221 220 1446
f 220 228 1446
f 1446 228 1444
f 228 227 1444
f 1444 227 1445
f 227 225 1445
f 1445 225 231
f 3624 210 209
f 209 217 3624
f 217 216 3624
f 3624 216 215
f 3619 3621 1447
f 3621 3624 1447
f 1447 3624 1446
f 3624 215 1446
f 1446 215 214
f 1447 1443 3619
f 1443 1442 3619
f 3619 1442 3612
f 1442 3610 3612
f 1442 1441 3610
f 1441 1440 3610
f 3610 1440 3603
f 1440 3578 3603
f 1440 1439 3578
f 1439 1438 3578
f 3578 1438 3579
f 1438 1437 3579
f 3579 1437 3580
f 1437 1436 3580
f 3580 1436 3581
f 1436 1545 3581
f 3581 1545 1553
f 3201 3871 3872
f 3201 3872 3199
f 3873 3874 3203
f 3874 3875 3203
f 3203 3875 3201
f 3875 3876 3201
f 3201 3876 3871
f 3877 3878 3205
f 3878 3879 3205
f 3879 3880 3205
f 3880 3881 3205
f 3205 3881 3203
f 3881 3882 3203
f 3203 3882 3873
f 3883 3884 3207
f 3884 3885 3207
f 3207 3885 3886
f 3886 3887 3207
f 3887 3888 3207
f 3207 3888 3205
f 3888 3889 3205
f 3205 3889 3877
f 3890 3891 3892
f 3891 3893 3892
f 3893 3894 3892
f 3894 3895 3892
f 3892 3895 3896
f 3896 3897 3892
f 3897 3898 3892
f 3892 3898 3899
f 3899 3900 3892
f 3900 3901 3892
f 3892 3901 3902
f 3903 3904 3892
f 3905 3906 3892
f 3906 3907 3892
f 3892 3907 3903
f 3904 3908 3892
f 3908 3909 3892
f 3892 3909 3910
f 3902 3911 3892
f 3911 3912 3892
f 3892 3912 3913
f 3913 3914 3892
f 3914 3915 3892
f 3892 3915 3916
f 3916 3917 3892
f 3917 3918 3892
f 3892 3918 3919
f 3919 3920 3892
f 3920 3921 3892
f 3892 3921 3905
f 3910 3922 3892
f 3922 3923 3892
f 3892 3923 3890
f 3923 3924 3890
f 3925 3926 3209
f 3926 3927 3209
f 3209 3927 3928
f 3928 3929 3209
f 3929 3930 3209
f 3209 3930 3931
f 3931 3932 3209
f 3932 3933 3209
f 3209 3933 3207
f 3933 3934 3207
f 3207 3934 3883
f 3935 3936 3257
f 3935 3257 3937
f 3936 3938 3257
f 3938 3939 3257
f 3257 3939 3940
f 3940 3941 3257
f 3941 3942 3257
f 3257 3942 3943
f 3944 3945 3942
f 3945 3946 3942
f 3942 3946 3943
f 3947 3948 3949
f 3948 3950 3949
f 3944 3942 3947
f 3942 3951 3947
f 3947 3951 3948
f 3951 3952 3948
f 3948 3952 3953
f 3953 3954 3948
f 3954 3955 3948
f 3948 3955 3950
f 3956 3951 3957
f 3951 3958 3957
f 3956 3959 3951
f 3959 3960 3951
f 3951 3960 3952
f 3951 3961 3962
f 3963 3962 3964
f 3962 3965 3964
f 3963 3966 3962
f 3966 3967 3962
f 3962 3967 3968
f 3968 3969 3962
f 3969 3970 3962
f 3962 3970 3951
f 3970 3971 3951
f 3951 3971 3958
f 3961 3972 3962
f 3972 3973 3962
f 3962 3973 3974
f 3974 3975 3962
f 3975 3976 3962
f 3962 3976 3977
f 3977 3978 3962
f 3978 3979 3962
f 3962 3979 3965
f 3980 3981 3259
f 3980 3259 3982
f 3981 3983 3259
f 3983 3984 3259
f 3259 3984 3257
f 3984 3985 3257
f 3257 3985 3937
f 3986 3261 3987
f 3261 3988 3987
f 3986 3989 3261
f 3989 3990 3261
f 3261 3990 3259
f 3990 3991 3259
f 3259 3991 3982
f 3263 3265 3992
f 3992 3993 3263
f 3993 3994 3263
f 3263 3994 3995
f 3995 3996 3263
f 3996 3997 3263
f 3263 3997 3261
f 3997 3998 3261
f 3261 3998 3988
f 3999 4000 3265
f 4000 4001 3265
f 3265 4001 3992
f 3265 3267 3999
f 3267 3269 3999
f 3999 3269 4002
f 3269 3271 4002
f 4002 3271 4003
f 4003 3271 4004
f 3271 3129 4004
f 4004 3129 4005
f 4006 4007 3131
f 4007 4008 3131
f 3131 4008 3129
f 4008 4009 3129
f 3129 4009 4005
f 4010 4011 3133
f 4011 4012 3133
f 4012 4013 3133
f 3133 4013 3131
f 4013 4014 3131
f 3131 4014 4006
f 4015 4016 3135
f 4016 4017 3135
f 4017 4018 3135
f 4018 4019 3135
f 3135 4019 3133
f 4019 4020 3133
f 3133 4020 4010
f 4021 4022 4023
f 4022 4024 4023
f 4023 4024 4025
f 4026 4027 4023
f 4026 4023 4028
f 4025 4029 4023
f 4029 4030 4023
f 4023 4030 4031
f 4031 4032 4023
f 4032 4033 4023
f 4023 4033 4028
f 4034 4035 4023
f 4036 4037 4023
f 4037 4038 4023
f 4023 4038 4034
f 4035 4039 4023
f 4039 4040 4023
f 4023 4040 4041
f 4027 4042 4023
f 4042 4043 4023
f 4023 4043 4044
f 4044 4045 4023
f 4045 4046 4023
f 4023 4046 4047
f 4047 4048 4023
f 4048 4049 4023
f 4023 4049 4050
f 4050 4051 4023
f 4051 4052 4023
f 4023 4052 4036
f 4041 4053 4023
f 4053 4054 4023
f 4023 4054 4021
f 4054 4055 4021
f 4056 4057 3137
f 4057 4058 3137
f 3137 4058 4059
f 4059 4060 3137
f 4060 4061 3137
f 3137 4061 4062
f 4062 4063 3137
f 4063 4064 3137
f 3137 4064 3135
f 4064 4065 3135
f 3135 4065 4015
f 4066 4067 3185
f 4067 4068 3185
f 4068 4069 3185
f 3185 4069 4070
f 4070 4071 3185
f 4071 4072 3185
f 3185 4072 4073
f 4074 4073 4075
f 4073 4076 4075
f 4074 4077 4073
f 4077 4078 4073
f 4073 4078 3185
f 4076 4073 4079
f 4073 4080 4079
f 4079 4080 4081
f 4082 4080 4083
f 4080 4084 4083
f 4082 4085 4080
f 4085 4086 4080
f 4080 4086 4081
f 4080 4087 4088
f 4088 4089 4080
f 4089 4090 4080
f 4080 4090 4091
f 4091 4092 4080
f 4092 4093 4080
f 4080 4093 4084
f 4094 4095 4096
f 4094 4096 4080
f 4096 4097 4080
f 4080 4097 4098
f 4098 4099 4080
f 4099 4100 4080
f 4080 4100 4101
f 4101 4102 4080
f 4102 4103 4080
f 4080 4103 4104
f 4104 4105 4080
f 4105 4106 4080
f 4080 4106 4107
f 4107 4108 4080
f 4108 4109 4080
f 4080 4109 4110
f 4110 4111 4080
f 4111 4112 4080
f 4080 4112 4113
f 4113 4114 4080
f 4114 4115 4080
f 4080 4115 4087
f 4116 4117 3187
f 4116 3187 4118
f 4117 4119 3187
f 4119 4120 3187
f 3187 4120 3185
f 4120 4121 3185
f 3185 4121 4066
f 4122 3189 4123
f 3189 4124 4123
f 4122 4125 3189
f 4125 4126 3189
f 3189 4126 3187
f 4126 4127 3187
f 3187 4127 4118
f 3191 3193 4128
f 4128 4129 3191
f 4129 4130 3191
f 3191 4130 4131
f 4131 4132 3191
f 4132 4133 3191
f 3191 4133 3189
f 4133 4134 3189
f 3189 4134 4124
f 4135 4136 3193
f 4136 4137 3193
f 3193 4137 4128
f 3872 4138 3199
f 4138 4139 3199
f 3199 4139 3197
f 4139 4135 3197
f 3197 4135 3195
f 4135 3193 3195
f 4140 4141 3237
f 4142 4143 4144
f 4143 4145 4144
f 4146 4147 4144
f 4148 4149 4144
f 4149 4150 4144
f 4144 4150 4146
f 4145 4151 4144
f 4151 4152 4144
f 4144 4152 4148
f 4147 4153 4144
f 4153 4154 4144
f 4144 4154 4155
f 4155 4156 4144
f 4156 4157 4144
f 4144 4157 4158
f 4159 4160 3237
f 4160 4161 3237
f 3237 4161 4162
f 4162 4163 3237
f 4163 4164 3237
f 3237 4164 4165
f 4165 4166 3237
f 4166 4167 3237
f 3237 4167 4168
f 4168 4169 3237
f 4169 4170 3237
f 3237 4170 4140
f 4171 4172 4173
f 4173 4174 4171
f 4174 4175 4171
f 4171 4175 4176
f 4176 4177 4171
f 4177 4178 4171
f 4171 4178 4179
f 4179 4180 4171
f 4180 4181 4171
f 4171 4181 4182
f 4182 4183 4171
f 4183 4184 4171
f 4171 4184 4185
f 4185 4186 4171
f 4186 4187 4171
f 4171 4187 4144
f 4187 4188 4144
f 4144 4188 4142
f 4189 4190 4191
f 4190 4192 4191
f 4192 4193 4191
f 4193 4194 4191
f 4191 4194 4195
f 4195 4196 4191
f 4196 4197 4191
f 4191 4197 4198
f 4198 4199 4191
f 4199 4200 4191
f 4191 4200 4201
f 4201 4202 4191
f 4202 4203 4191
f 4191 4203 4172
f 4203 4204 4172
f 4172 4204 4173
f 4205 4206 3229
f 4206 4207 3229
f 3229 4207 4208
f 4209 4210 3229
f 4210 4211 3229
f 3229 4211 4212
f 4208 4213 3229
f 4213 4214 3229
f 3229 4214 4209
f 4212 4215 3229
f 4215 4216 3229
f 3229 4216 4217
f 4217 4218 3229
f 4218 4219 3229
f 3229 4219 4220
f 4220 4221 4222
f 4221 4223 4222
f 4223 4224 4222
f 4224 4225 4222
f 4222 4225 4226
f 4226 4227 4222
f 4227 4228 4222
f 4222 4228 4229
f 4229 4230 4222
f 4230 4231 4222
f 4222 4231 4232
f 4232 4233 4222
f 4233 4234 4222
f 4222 4234 4235
f 4235 4236 4222
f 4236 4237 4222
f 4222 4237 4191
f 4237 4238 4191
f 4191 4238 4189
f 4239 3231 4240
f 3231 4241 4240
f 4239 4242 3231
f 4242 4243 3231
f 3231 4243 4244
f 4244 4245 3231
f 4245 4246 3231
f 3231 4246 4247
f 4247 4248 3231
f 4248 4249 3231
f 3231 4249 4250
f 4250 4251 3231
f 4251 4252 3231
f 3231 4252 3229
f 4252 4253 3229
f 3229 4253 4205
f 4254 4255 3235
f 4141 4256 3237
f 4256 4257 3237
f 3237 4257 3235
f 4257 4258 3235
f 3235 4258 4254
f 4259 4260 3235
f 4255 4261 3235
f 4261 4262 3235
f 3235 4262 4259
f 4260 4263 3235
f 4263 4264 3235
f 3235 4264 4265
f 4265 4266 3235
f 4266 4267 3235
f 3235 4267 4268
f 4268 4269 3235
f 4269 4270 3235
f 3235 4270 3233
f 4270 4271 3233
f 3233 4271 3231
f 4271 4272 3231
f 3231 4272 4241
f 4273 4274 4275
f 4274 4276 4275
f 4277 4278 4275
f 4276 4279 4275
f 4279 4280 4275
f 4275 4280 4277
f 4278 4281 4275
f 4281 4282 4275
f 4275 4282 4283
f 4283 4284 4275
f 4284 4285 4275
f 4275 4285 4286
f 4286 4287 4275
f 4287 4288 4275
f 4275 4288 4289
f 4290 4291 3165
f 4291 4292 3165
f 4292 4293 3165
f 3165 4293 4294
f 4294 4295 3165
f 4295 4296 3165
f 3165 4296 4297
f 4297 4298 3165
f 4298 4299 3165
f 3165 4299 4300
f 4300 4301 3165
f 4301 4302 3165
f 3165 4302 4303
f 4304 4305 4306
f 4305 4307 4306
f 4307 4308 4306
f 4308 4309 4306
f 4306 4309 4310
f 4310 4311 4306
f 4311 4312 4306
f 4306 4312 4313
f 4313 4314 4306
f 4314 4315 4306
f 4306 4315 4316
f 4316 4317 4306
f 4317 4318 4306
f 4306 4318 4319
f 4319 4320 4306
f 4320 4321 4306
f 4306 4321 4275
f 4321 4322 4275
f 4275 4322 4273
f 4323 4324 4325
f 4324 4326 4325
f 4326 4327 4325
f 4325 4327 4328
f 4328 4329 4325
f 4329 4330 4325
f 4325 4330 4331
f 4331 4332 4325
f 4332 4333 4325
f 4325 4333 4334
f 4334 4335 4325
f 4335 4336 4325
f 4325 4336 4304
f 4336 4337 4304
f 4304 4337 4305
f 4338 4339 3157
f 4339 4340 3157
f 3157 4340 4341
f 4342 4343 3157
f 4342 3157 4344
f 4341 4345 3157
f 4345 4346 3157
f 3157 4346 4344
f 4343 4347 3157
f 4347 4348 3157
f 3157 4348 4349
f 4349 4350 3157
f 4350 4351 3157
f 3157 4351 4352
f 4352 4353 4354
f 4353 4355 4354
f 4354 4355 4356
f 4356 4357 4354
f 4357 4358 4354
f 4354 4358 4359
f 4359 4360 4354
f 4360 4361 4354
f 4354 4361 4362
f 4362 4363 4354
f 4363 4364 4354
f 4354 4364 4365
f 4365 4366 4354
f 4366 4367 4354
f 4354 4367 4368
f 4368 4369 4354
f 4369 4370 4354
f 4354 4370 4325
f 4370 4371 4325
f 4325 4371 4323
f 3161 4372 3159
f 4372 4373 3159
f 4373 4374 3159
f 4374 4375 3159
f 3159 4375 4376
f 4376 4377 3159
f 4377 4378 3159
f 3159 4378 4379
f 4379 4380 3159
f 4380 4381 3159
f 3159 4381 4382
f 4382 4383 3159
f 4383 4384 3159
f 3159 4384 4385
f 4385 4386 3159
f 4386 4387 3159
f 3159 4387 3157
f 4387 4388 3157
f 3157 4388 4338
f 4389 4390 3163
f 4303 4391 3165
f 4391 4392 3165
f 3165 4392 3163
f 4392 4393 3163
f 3163 4393 4389
f 4390 4394 3163
f 4394 4395 3163
f 3163 4395 4396
f 4396 4397 3163
f 4397 4398 3163
f 3163 4398 4399
f 4399 4400 3163
f 4400 4401 3163
f 3163 4401 4402
f 4402 4403 3163
f 4403 4404 3163
f 3163 4404 3161
f 4404 4405 3161
f 3161 4405 4372
f 4220 4222 3229
f 4222 4406 3229
f 3229 4406 3227
f 4406 4407 3227
f 3227 4407 3225
f 4407 4408 3225
f 3225 4408 3223
f 4408 4409 3223
f 3223 4409 3221
f 4409 4410 3221
f 3221 4410 3219
f 4410 4411 3219
f 3219 4411 3217
f 4411 4412 3217
f 3217 4412 3215
f 4412 4413 3215
f 3215 4413 3213
f 4413 4414 3213
f 3213 4414 3211
f 4414 3890 3211
f 3211 3890 3209
f 3890 3924 3209
f 3209 3924 3925
f 3943 4415 3257
f 4415 4416 3257
f 3257 4416 3255
f 4416 4417 3255
f 3255 4417 3253
f 4417 4418 3253
f 3253 4418 3251
f 4418 4419 3251
f 3251 4419 3249
f 4419 4420 3249
f 3249 4420 3247
f 4420 4421 3247
f 3247 4421 3245
f 4421 4422 3245
f 3245 4422 3243
f 4422 4423 3243
f 3243 4423 3241
f 4423 4424 3241
f 3241 4424 3239
f 4424 4144 3239
f 3239 4144 3237
f 4144 4158 3237
f 3237 4158 4159
f 4352 4354 3157
f 4354 4425 3157
f 3157 4425 3155
f 4425 4426 3155
f 3155 4426 3153
f 4426 4427 3153
f 3153 4427 3151
f 4427 4428 3151
f 3151 4428 3149
f 4428 4429 3149
f 3149 4429 3147
f 4429 4430 3147
f 3147 4430 3145
f 4430 4431 3145
f 3145 4431 3143
f 4431 4432 3143
f 3143 4432 3141
f 4432 4433 3141
f 3141 4433 3139
f 4433 4021 3139
f 3139 4021 3137
f 4021 4055 3137
f 3137 4055 4056
f 4078 4434 3185
f 4434 4435 3185
f 3185 4435 3183
f 4435 4436 3183
f 3183 4436 3181
f 4436 4437 3181
f 3181 4437 3179
f 4437 4438 3179
f 3179 4438 3177
f 4438 4439 3177
f 3177 4439 3175
f 4439 4440 3175
f 3175 4440 3173
f 4440 4441 3173
f 3173 4441 3171
f 4441 4442 3171
f 3171 4442 3169
f 4442 4443 3169
f 3169 4443 3167
f 4443 4275 3167
f 3167 4275 3165
f 4275 4289 3165
f 3165 4289 4290
f 4444 4445 4446
f 4445 4447 4446
f 4447 4448 4446
f 4448 4449 4446
f 4446 4449 4450
f 4450 4451 4446
f 4451 4452 4446
f 4446 4452 4453
f 4453 4454 4446
f 4454 4455 4446
f 4446 4455 4456
f 4457 4458 4446
f 4459 4460 4446
f 4460 4461 4446
f 4446 4461 4457
f 4458 4462 4446
f 4462 4463 4446
f 4446 4463 4464
f 4456 4465 4446
f 4465 4466 4446
f 4446 4466 4467
f 4467 4468 4446
f 4468 4469 4446
f 4446 4469 4470
f 4470 4471 4446
f 4471 4472 4446
f 4446 4472 4473
f 4473 4474 4446
f 4474 4475 4446
f 4446 4475 4459
f 4464 4476 4446
f 4476 4477 4446
f 4446 4477 4444
f 4477 4478 4444
f 4479 4480 3055
f 4480 4481 3055
f 3055 4481 4482
f 4482 4483 3055
f 4483 4484 3055
f 3055 4484 4485
f 2959 4486 4487
f 4487 4488 2959
f 4488 4489 2959
f 2959 4489 4490
f 4490 4491 2959
f 4491 4492 2959
f 2959 4492 4493
f 4493 4494 2959
f 4494 4495 2959
f 2959 4495 4496
f 4497 4498 4495
f 4498 4499 4495
f 4495 4499 4496
f 4500 4501 4502
f 4501 4503 4502
f 4497 4495 4500
f 4495 4504 4500
f 4500 4504 4501
f 4504 4505 4501
f 4501 4505 4506
f 4506 4507 4501
f 4507 4508 4501
f 4501 4508 4503
f 4509 4504 4510
f 4504 4511 4510
f 4509 4512 4504
f 4512 4513 4504
f 4504 4513 4505
f 4504 4514 4515
f 4516 4515 4517
f 4515 4518 4517
f 4516 4519 4515
f 4519 4520 4515
f 4515 4520 4521
f 4521 4522 4515
f 4522 4523 4515
f 4515 4523 4504
f 4523 4524 4504
f 4504 4524 4511
f 4514 4525 4515
f 4525 4526 4515
f 4515 4526 4527
f 4527 4528 4515
f 4528 4529 4515
f 4515 4529 4530
f 4530 4531 4515
f 4531 4532 4515
f 4515 4532 4518
f 4533 4534 2961
f 4534 4535 2961
f 2961 4535 4536
f 4536 4537 2961
f 4537 4538 2961
f 2961 4538 2959
f 4538 4539 2959
f 2959 4539 4486
f 4540 2963 4541
f 2963 4542 4541
f 4540 4543 2963
f 4543 4544 2963
f 2963 4544 2961
f 4544 4545 2961
f 2961 4545 4533
f 2965 2967 4546
f 4546 4547 2965
f 4547 4548 2965
f 2965 4548 4549
f 4549 4550 2965
f 4550 4551 2965
f 2965 4551 2963
f 4551 4552 2963
f 2963 4552 4542
f 4553 4554 2967
f 4554 4555 2967
f 2967 4555 4546
f 2967 2969 4553
f 2969 2971 4553
f 4553 2971 4556
f 2971 2973 4556
f 4556 2973 4557
f 4557 2973 4558
f 2973 2975 4558
f 4558 2975 4559
f 4560 4561 2977
f 4561 4562 2977
f 2977 4562 2975
f 4562 4563 2975
f 2975 4563 4559
f 4564 4565 2979
f 4564 2979 4566
f 4565 4567 2979
f 4567 4568 2979
f 2979 4568 2977
f 4568 4569 2977
f 2977 4569 4560
f 4570 4571 2981
f 4571 4572 2981
f 2981 4572 4573
f 4573 4574 2981
f 4574 4575 2981
f 2981 4575 2979
f 4575 4576 2979
f 2979 4576 4566
f 4577 4578 4579
f 4578 4580 4579
f 4579 4580 4581
f 4582 4583 4579
f 4582 4579 4584
f 4581 4585 4579
f 4585 4586 4579
f 4579 4586 4587
f 4587 4588 4579
f 4588 4589 4579
f 4579 4589 4584
f 4590 4591 4579
f 4592 4593 4579
f 4593 4594 4579
f 4579 4594 4590
f 4591 4595 4579
f 4595 4596 4579
f 4579 4596 4597
f 4583 4598 4579
f 4598 4599 4579
f 4579 4599 4600
f 4600 4601 4579
f 4601 4602 4579
f 4579 4602 4603
f 4603 4604 4579
f 4604 4605 4579
f 4579 4605 4606
f 4606 4607 4579
f 4607 4608 4579
f 4579 4608 4592
f 4597 4609 4579
f 4609 4610 4579
f 4579 4610 4577
f 4610 4611 4577
f 4612 4613 2983
f 4613 4614 2983
f 2983 4614 4615
f 4615 4616 2983
f 4616 4617 2983
f 2983 4617 4618
f 4618 4619 2983
f 4619 4620 2983
f 2983 4620 2981
f 4620 4621 2981
f 2981 4621 4570
f 4622 4623 3031
f 4623 4624 3031
f 3031 4624 4625
f 4625 4626 3031
f 4626 4627 3031
f 3031 4627 4628
f 4628 4629 3031
f 4629 4630 3031
f 3031 4630 4631
f 4632 4631 4633
f 4631 4634 4633
f 4632 4635 4631
f 4635 4636 4631
f 4631 4636 3031
f 4637 4638 4639
f 4637 4639 4640
f 4641 4642 4639
f 4642 4643 4639
f 4639 4643 4640
f 4634 4631 4638
f 4631 4644 4638
f 4638 4644 4639
f 4644 4645 4639
f 4639 4645 4641
f 4644 4646 4647
f 4647 4648 4644
f 4648 4649 4644
f 4644 4649 4650
f 4650 4651 4644
f 4651 4652 4644
f 4644 4652 4645
f 4653 4654 4644
f 4654 4655 4644
f 4644 4655 4656
f 4657 4658 4659
f 4657 4659 4644
f 4659 4660 4644
f 4644 4660 4653
f 4656 4661 4644
f 4661 4662 4644
f 4644 4662 4663
f 4663 4664 4644
f 4664 4665 4644
f 4644 4665 4666
f 4666 4667 4644
f 4667 4668 4644
f 4644 4668 4669
f 4669 4670 4644
f 4670 4671 4644
f 4644 4671 4672
f 4672 4673 4644
f 4673 4674 4644
f 4644 4674 4646
f 4675 4676 3033
f 4675 3033 4677
f 4676 4678 3033
f 4678 4679 3033
f 3033 4679 3031
f 4679 4680 3031
f 3031 4680 4622
f 4681 4682 3035
f 4682 4683 3035
f 4683 4684 3035
f 4684 4685 3035
f 3035 4685 3033
f 4685 4686 3033
f 3033 4686 4677
f 3037 3039 4687
f 4687 4688 3037
f 4688 4689 3037
f 3037 4689 4690
f 4690 4691 3037
f 4691 4692 3037
f 3037 4692 3035
f 4692 4693 3035
f 3035 4693 4681
f 4694 4695 3039
f 4695 4696 3039
f 3039 4696 4687
f 3039 3041 4694
f 3041 3043 4694
f 4694 3043 4697
f 3043 3045 4697
f 4697 3045 4698
f 4698 3045 4699
f 3045 3047 4699
f 4699 3047 4700
f 4701 4702 3049
f 4702 4703 3049
f 3049 4703 3047
f 4703 4704 3047
f 3047 4704 4700
f 4705 4706 3051
f 4705 3051 4707
f 4706 4708 3051
f 4708 4709 3051
f 3051 4709 3049
f 4709 4710 3049
f 3049 4710 4701
f 4485 4711 3055
f 4711 4712 3055
f 3055 4712 3053
f 4712 4713 3053
f 3053 4713 4714
f 4714 4715 3053
f 4715 4716 3053
f 3053 4716 4717
f 4717 4718 3053
f 4718 4719 3053
f 3053 4719 3051
f 4719 4720 3051
f 3051 4720 4707
f 4721 4722 4723
f 4722 4724 4723
f 4725 4726 4723
f 4726 4727 4723
f 4723 4727 4728
f 4724 4729 4723
f 4729 4730 4723
f 4723 4730 4725
f 4728 4731 4723
f 4731 4732 4723
f 4723 4732 4733
f 4733 4734 4723
f 4734 4735 4723
f 4723 4735 4736
f 4737 4738 3011
f 4738 4739 3011
f 4739 4740 3011
f 4740 4741 3011
f 3011 4741 4742
f 4742 4743 3011
f 4743 4744 3011
f 3011 4744 4745
f 4745 4746 3011
f 4746 4747 3011
f 3011 4747 4748
f 4748 4749 3011
f 4749 4750 3011
f 3011 4750 4751
f 4752 4753 4754
f 4753 4755 4754
f 4755 4756 4754
f 4756 4757 4754
f 4754 4757 4758
f 4758 4759 4754
f 4759 4760 4754
f 4754 4760 4761
f 4761 4762 4754
f 4762 4763 4754
f 4754 4763 4764
f 4764 4765 4754
f 4765 4766 4754
f 4754 4766 4767
f 4767 4768 4754
f 4768 4769 4754
f 4754 4769 4723
f 4769 4770 4723
f 4723 4770 4721
f 4771 4772 4773
f 4772 4774 4773
f 4774 4775 4773
f 4773 4775 4776
f 4776 4777 4773
f 4777 4778 4773
f 4773 4778 4779
f 4779 4780 4773
f 4780 4781 4773
f 4773 4781 4782
f 4782 4783 4773
f 4783 4784 4773
f 4773 4784 4752
f 4784 4785 4752
f 4752 4785 4753
f 4786 4787 4788
f 4789 4790 3003
f 4790 4791 3003
f 3003 4791 4792
f 4793 4794 3003
f 4793 3003 4795
f 4792 4796 3003
f 4796 4797 3003
f 3003 4797 4795
f 4794 4798 3003
f 4798 4799 3003
f 3003 4799 4800
f 4800 4801 3003
f 4801 4802 3003
f 3003 4802 4803
f 4803 4804 4788
f 4804 4805 4788
f 4805 4806 4788
f 4806 4807 4788
f 4788 4807 4808
f 4808 4809 4788
f 4809 4810 4788
f 4788 4810 4811
f 4811 4812 4788
f 4812 4813 4788
f 4788 4813 4814
f 4814 4815 4788
f 4815 4816 4788
f 4788 4816 4786
f 4787 4817 4788
f 4817 4818 4788
f 4788 4818 4773
f 4818 4819 4773
f 4773 4819 4771
f 3007 4820 3005
f 4820 4821 3005
f 4821 4822 3005
f 4822 4823 3005
f 3005 4823 4824
f 4824 4825 3005
f 4825 4826 3005
f 3005 4826 4827
f 4827 4828 3005
f 4828 4829 3005
f 3005 4829 4830
f 4830 4831 3005
f 4831 4832 3005
f 3005 4832 4833
f 4833 4834 3005
f 4834 4835 3005
f 3005 4835 3003
f 4835 4836 3003
f 3003 4836 4789
f 4837 4838 3009
f 4751 4839 3011
f 4839 4840 3011
f 3011 4840 3009
f 4840 4841 3009
f 3009 4841 4837
f 4838 4842 3009
f 4842 4843 3009
f 3009 4843 4844
f 4844 4845 3009
f 4845 4846 3009
f 3009 4846 4847
f 4847 4848 3009
f 4848 4849 3009
f 3009 4849 4850
f 4850 4851 3009
f 4851 4852 3009
f 3009 4852 3007
f 4852 4853 3007
f 3007 4853 4820
f 4854 4855 3083
f 4856 4857 4858
f 4857 4859 4858
f 4860 4861 4858
f 4862 4863 4858
f 4863 4864 4858
f 4858 4864 4860
f 4859 4865 4858
f 4865 4866 4858
f 4858 4866 4862
f 4861 4867 4858
f 4867 4868 4858
f 4858 4868 4869
f 4869 4870 4858
f 4870 4871 4858
f 4858 4871 4872
f 4873 4874 3083
f 4874 4875 3083
f 3083 4875 4876
f 4876 4877 3083
f 4877 4878 3083
f 3083 4878 4879
f 4879 4880 3083
f 4880 4881 3083
f 3083 4881 4882
f 4882 4883 3083
f 4883 4884 3083
f 3083 4884 4854
f 4885 3081 4886
f 3081 3083 4886
f 4886 3083 4887
f 3083 4855 4887
f 4888 4889 4890
f 4890 4891 4888
f 4891 4892 4888
f 4888 4892 4893
f 4893 4894 4888
f 4894 4895 4888
f 4888 4895 4896
f 4896 4897 4888
f 4897 4898 4888
f 4888 4898 4899
f 4899 4900 4888
f 4900 4901 4888
f 4888 4901 4902
f 4902 4903 4888
f 4903 4904 4888
f 4888 4904 4858
f 4904 4905 4858
f 4858 4905 4856
f 4906 4907 4908
f 4907 4909 4908
f 4909 4910 4908
f 4910 4911 4908
f 4908 4911 4912
f 4912 4913 4908
f 4913 4914 4908
f 4908 4914 4915
f 4915 4916 4908
f 4916 4917 4908
f 4908 4917 4918
f 4918 4919 4908
f 4919 4920 4908
f 4908 4920 4889
f 4920 4921 4889
f 4889 4921 4890
f 4922 4923 4924
f 4925 4926 3075
f 4927 4928 3075
f 4927 3075 4929
f 4926 4930 3075
f 4930 4931 3075
f 3075 4931 4932
f 4932 4933 3075
f 4933 4934 3075
f 3075 4934 4929
f 4928 4935 3075
f 4935 4936 3075
f 3075 4936 4937
f 4937 4938 3075
f 4938 4939 3075
f 3075 4939 4940
f 4924 4940 4941
f 4941 4942 4924
f 4942 4943 4924
f 4924 4943 4944
f 4944 4945 4924
f 4945 4946 4924
f 4924 4946 4947
f 4947 4948 4924
f 4948 4949 4924
f 4924 4949 4950
f 4950 4951 4924
f 4951 4952 4924
f 4924 4952 4922
f 4923 4953 4924
f 4953 4954 4924
f 4924 4954 4908
f 4954 4955 4908
f 4908 4955 4906
f 4956 4957 3077
f 4957 4958 3077
f 4958 4959 3077
f 4959 4960 3077
f 3077 4960 4961
f 4961 4962 3077
f 4962 4963 3077
f 3077 4963 4964
f 4964 4965 3077
f 4965 4966 3077
f 3077 4966 4967
f 4967 4968 3077
f 4968 4969 3077
f 3077 4969 3075
f 4969 4970 3075
f 3075 4970 4925
f 4885 4971 3081
f 4971 4972 3081
f 3081 4972 4973
f 4973 4974 3081
f 4974 4975 3081
f 3081 4975 4976
f 4976 4977 3081
f 4977 4978 3081
f 3081 4978 4979
f 4979 4980 3081
f 4980 4981 3081
f 3081 4981 4982
f 4982 4983 3081
f 4983 4984 3081
f 3081 4984 3079
f 4984 4985 3079
f 3079 4985 3077
f 4985 4986 3077
f 3077 4986 4956
f 4803 4788 3003
f 4788 4987 3003
f 3003 4987 3001
f 4987 4988 3001
f 3001 4988 2999
f 4988 4989 2999
f 2999 4989 2997
f 4989 4990 2997
f 2997 4990 2995
f 4990 4991 2995
f 2995 4991 2993
f 4991 4992 2993
f 2993 4992 2991
f 4992 4993 2991
f 2991 4993 2989
f 4993 4994 2989
f 2989 4994 2987
f 4994 4995 2987
f 2987 4995 2985
f 4995 4577 2985
f 2985 4577 2983
f 4577 4611 2983
f 2983 4611 4612
f 4636 4996 3031
f 4996 4997 3031
f 3031 4997 3029
f 4997 4998 3029
f 3029 4998 3027
f 4998 4999 3027
f 3027 4999 3025
f 4999 5000 3025
f 3025 5000 3023
f 5000 5001 3023
f 3023 5001 3021
f 5001 5002 3021
f 3021 5002 3019
f 5002 5003 3019
f 3019 5003 3017
f 5003 5004 3017
f 3017 5004 3015
f 5004 5005 3015
f 3015 5005 3013
f 5005 4723 3013
f 3013 4723 3011
f 4723 4736 3011
f 3011 4736 4737
f 4940 4924 3075
f 4924 5006 3075
f 3075 5006 3073
f 5006 5007 3073
f 3073 5007 3071
f 5007 5008 3071
f 3071 5008 3069
f 5008 5009 3069
f 3069 5009 3067
f 5009 5010 3067
f 3067 5010 3065
f 5010 5011 3065
f 3065 5011 3063
f 5011 5012 3063
f 3063 5012 3061
f 5012 5013 3061
f 3061 5013 3059
f 5013 5014 3059
f 3059 5014 3057
f 5014 4444 3057
f 3057 4444 3055
f 4444 4478 3055
f 3055 4478 4479
f 4496 5015 2959
f 5015 5016 2959
f 2959 5016 2957
f 5016 5017 2957
f 2957 5017 2955
f 5017 5018 2955
f 2955 5018 2953
f 5018 5019 2953
f 2953 5019 2951
f 5019 5020 2951
f 2951 5020 2949
f 5020 5021 2949
f 2949 5021 2947
f 5021 5022 2947
f 2947 5022 2945
f 5022 5023 2945
f 2945 5023 3087
f 5023 5024 3087
f 3087 5024 3085
f 5024 4858 3085
f 3085 4858 3083
f 4858 4872 3083
f 3083 4872 4873
f 5025 5026 5027
f 5028 5027 5029
f 5027 5030 5029
f 516 5031 517
f 5031 5032 517
f 517 5032 5033
f 5033 5034 517
f 5034 5035 517
f 517 5035 5036
f 5036 5037 517
f 5037 5038 517
f 517 5038 5039
f 5038 5040 5039
f 5039 5040 5041
f 5040 5042 5041
f 5041 5042 5043
f 5042 5044 5043
f 5043 5044 5045
f 5044 5046 5045
f 5045 5046 5047
f 5046 5048 5047
f 5047 5048 5049
f 5048 5050 5049
f 5049 5050 5051
f 5050 5052 5051
f 5051 5052 5053
f 5052 5054 5053
f 5053 5054 5030
f 5054 5055 5030
f 5030 5055 5029
f 5028 5056 5027
f 5056 5057 5027
f 5027 5057 5058
f 5058 5059 5027
f 5059 5060 5027
f 5027 5060 5025
f 200 11 3720
f 1563 1565 3592
f 1565 1576 3592
f 3592 1576 3591
f 1577 3593 3594
f 3591 1576 3594
f 1576 1575 3594
f 3594 1575 1577
f 3593 1577 3747
f 1577 1435 3747
f 3747 1435 3742
f 1435 1434 3742
f 3742 1434 3731
f 1434 1433 3731
f 3731 1433 3733
f 1433 1432 3733
f 3733 1432 3722
f 1432 1431 3722
f 3722 1431 3720
f 1431 1430 3720
f 3720 1430 1427
f 1427 204 203
f 1427 203 3720
f 203 201 3720
f 3720 201 200
f 196 1427 194
f 1427 193 194
f 196 197 1427
f 197 199 1427
f 1427 199 204
f 181 188 1428
f 188 187 1428
f 1428 187 186
f 186 2 1428
f 2 1 1428
f 1428 1 1426
f 1 189 1426
f 1426 189 1427
f 189 191 1427
f 1427 191 193
f 5061 176 178
f 178 184 5061
f 184 183 5061
f 5061 183 182
f 5062 5063 1429
f 5063 5061 1429
f 1429 5061 1428
f 5061 182 1428
f 1428 182 181
f 1429 1425 5062
f 1425 1424 5062
f 5062 1424 5064
f 1424 5065 5064
f 1424 1423 5065
f 1423 1422 5065
f 5065 1422 5066
f 1422 5067 5066
f 1422 1421 5067
f 1421 1420 5067
f 5067 1420 5068
f 1420 1418 5068
f 5068 1418 5069
f 1418 1417 5069
f 5069 1417 5070
f 1417 1516 5070
f 5070 1516 1524
f 1319 2338 2432
f 2443 2442 1312
f 2441 2440 1252
f 2447 2446 1296
f 5071 5072 173
f 1493 1492 1414
f 1490 1489 1405
f 3864 3866 5030
f 5073 5074 2380
f 5074 5075 2380
f 5075 5076 2380
f 5076 5077 2380
f 2380 5077 5078
f 5078 5079 283
f 295 299 2380
f 295 2380 296
f 289 293 2380
f 293 292 2380
f 2380 292 296
f 283 287 5078
f 287 286 5078
f 5078 286 2380
f 286 290 2380
f 2380 290 289
f 299 298 2380
f 298 304 2380
f 2380 304 303
f 274 272 5080
f 5081 5082 269
f 280 278 5080
f 278 276 5080
f 5080 276 274
f 5081 269 5080
f 269 281 5080
f 5080 281 280
f 5082 5083 269
f 5083 5084 269
f 269 5084 5085
f 5079 5086 283
f 5086 5080 283
f 283 5080 284
f 5080 272 284
f 5087 5088 260
f 5088 5089 260
f 260 5089 5090
f 5090 5091 260
f 5091 5092 260
f 260 5092 261
f 5087 260 5093
f 260 258 5093
f 5093 258 264
f 264 263 5093
f 263 267 5093
f 5093 267 266
f 5085 5094 269
f 5094 5093 269
f 269 5093 270
f 5093 266 270
f 250 249 5095
f 249 248 5095
f 5095 248 247
f 247 256 5095
f 256 255 5095
f 5095 255 254
f 5092 5096 261
f 5096 5095 261
f 261 5095 253
f 5095 254 253
f 5095 5097 250
f 5097 5098 250
f 250 5098 5099
f 5099 5100 250
f 5100 5101 250
f 250 5101 5102
f 242 244 3861
f 244 5103 3861
f 3861 5103 3870
f 5102 5104 250
f 5104 5105 250
f 250 5105 244
f 5105 5106 244
f 244 5106 5107
f 5107 5108 244
f 5108 5109 244
f 244 5109 5103
f 5110 5111 3868
f 5103 5112 3870
f 5112 5110 3870
f 3870 5110 3869
f 5110 3868 3869
f 5111 5113 3868
f 5113 5114 3868
f 3868 5114 5115
f 5115 5116 3868
f 5116 5117 3868
f 3868 5117 5118
f 5118 5119 3868
f 5119 5120 3868
f 3868 5120 3867
f 5121 5122 3866
f 5122 5123 3866
f 3866 5123 5124
f 3867 5120 3866
f 5120 5125 3866
f 3866 5125 5121
f 5124 5126 3866
f 5126 5127 3866
f 3866 5127 5030
f 5127 5128 5030
f 5128 5129 5030
f 5129 5130 5030
f 5030 5130 5053
f 5130 5131 5053
f 5053 5131 5132
f 5132 5133 5053
f 5133 5134 5053
f 5053 5134 5135
f 5030 5027 3864
f 5027 5136 3864
f 3864 5136 3865
f 5136 5137 3865
f 3865 5137 3863
f 5137 5138 3863
f 3863 5138 5139
f 5139 5140 3863
f 5140 5141 3863
f 3863 5141 3862
f 5141 5142 3862
f 3862 5142 1534
f 5142 5143 1534
f 5143 5144 1534
f 1534 5144 5145
f 5146 1535 5147
f 1535 1534 5147
f 5147 1534 5148
f 1534 5145 5148
f 5149 5150 5151
f 5151 5152 5149
f 5152 5153 5149
f 5149 5153 5154
f 5154 5155 5149
f 5155 5156 5149
f 5149 5156 5157
f 5158 5159 5149
f 5159 5160 5149
f 5160 5161 5149
f 5161 5162 5149
f 5149 5162 5163
f 5163 5164 5149
f 5164 5165 5149
f 5149 5165 5150
f 5146 5158 1332
f 5158 5149 1332
f 1332 5149 3573
f 5149 5157 3573
f 5146 1332 1535
f 1332 1334 1535
f 1535 1334 1537
f 1334 1336 1537
f 1537 1336 1538
f 1336 1338 1538
f 1338 1340 1538
f 1538 1340 1343
f 1343 1345 1538
f 1345 1347 1538
f 1538 1347 1539
f 1352 1354 1540
f 1539 1347 1540
f 1347 1349 1540
f 1540 1349 1352
f 1354 1356 1540
f 1356 1358 1540
f 1540 1358 1362
f 1366 1369 1542
f 1362 1364 1540
f 1364 1366 1540
f 1540 1366 1541
f 1366 1542 1541
f 1373 1376 1532
f 1369 1371 1542
f 1371 1373 1542
f 1542 1373 1533
f 1373 1532 1533
f 1376 1378 1532
f 1378 1329 1532
f 1532 1329 1529
f 1329 1328 1529
f 1529 1328 1530
f 1328 1381 1530
f 1381 1389 1530
f 1530 1389 1531
f 1389 1387 1531
f 1531 1387 1484
f 1387 1385 1484
f 1385 1394 1484
f 1394 1393 1484
f 1484 1393 1485
f 1393 1402 1485
f 1485 1402 1486
f 1405 1489 1396
f 1402 1400 1486
f 1400 1398 1486
f 1486 1398 1487
f 1398 1396 1487
f 1487 1396 1488
f 1396 1489 1488
f 1414 1492 1405
f 1492 1491 1405
f 1405 1491 1490
f 1498 1496 1413
f 1496 1495 1413
f 1413 1495 1414
f 1495 1494 1414
f 1414 1494 1493
f 1502 1500 1409
f 1500 1501 1409
f 1409 1501 1411
f 1501 1499 1411
f 1411 1499 1413
f 1499 1497 1413
f 1413 1497 1498
f 1506 1505 1407
f 1505 1504 1407
f 1407 1504 1409
f 1504 1503 1409
f 1409 1503 1502
f 1506 1407 1507
f 1407 1406 1507
f 1507 1406 1508
f 1177 1180 1528
f 1528 1511 1177
f 1511 1510 1177
f 1177 1510 1406
f 1510 1509 1406
f 1406 1509 1508
f 1180 1182 1528
f 1182 1184 1528
f 1528 1184 1525
f 1184 1186 1525
f 1525 1186 1526
f 1186 1188 1526
f 1188 1190 1526
f 1190 1192 1526
f 1526 1192 1527
f 1192 1194 1527
f 1527 1194 1512
f 1194 1196 1512
f 1196 1199 1512
f 1512 1199 1513
f 1199 1201 1513
f 1513 1201 1518
f 1201 1203 1518
f 1203 1206 1518
f 1518 1206 1517
f 1206 1208 1517
f 1517 1208 1514
f 1208 1210 1514
f 1210 1213 1514
f 1514 1213 1515
f 1213 1215 1515
f 1515 1215 1519
f 1228 1230 1521
f 1215 1218 1519
f 1218 1221 1519
f 1519 1221 1520
f 1221 1223 1520
f 1520 1223 1521
f 1223 1226 1521
f 1521 1226 1228
f 1241 1244 1523
f 1230 1232 1521
f 1232 1234 1521
f 1521 1234 1522
f 1234 1236 1522
f 1522 1236 1523
f 1236 1239 1523
f 1523 1239 1241
f 1244 1246 1523
f 1246 1248 1523
f 1523 1248 1250
f 598 596 1250
f 596 595 1250
f 604 602 1250
f 602 600 1250
f 1250 600 598
f 610 608 5166
f 608 606 5166
f 5166 606 604
f 604 1250 5166
f 1250 591 5166
f 5166 591 621
f 616 614 5166
f 614 612 5166
f 5166 612 610
f 621 620 5166
f 620 618 5166
f 5166 618 616
f 641 644 1524
f 644 5070 1524
f 632 635 1524
f 635 638 1524
f 1524 638 641
f 595 624 1250
f 624 626 1250
f 1250 626 1523
f 626 628 1523
f 1523 628 1524
f 628 630 1524
f 1524 630 632
f 648 650 5069
f 650 655 5069
f 5069 655 657
f 5070 644 5069
f 644 646 5069
f 5069 646 648
f 659 5067 657
f 5067 5068 657
f 657 5068 5069
f 5167 5168 1955
f 5168 5169 1955
f 5169 5170 1955
f 1955 5170 5171
f 5171 5172 1955
f 5172 5173 1955
f 1955 5173 5174
f 659 661 5067
f 661 1955 5067
f 5067 1955 5066
f 1955 5174 5066
f 5066 5174 5175
f 5175 5176 5066
f 5176 5177 5066
f 5066 5177 5178
f 5178 5179 5066
f 5179 5180 5066
f 5066 5180 5065
f 5180 5181 5065
f 5065 5181 5064
f 5181 5182 5064
f 5182 5183 5064
f 5183 5184 5064
f 5064 5184 5185
f 5185 5186 5064
f 5186 5187 5064
f 5064 5187 5062
f 5187 5188 5062
f 5062 5188 5063
f 173 175 5189
f 175 176 5189
f 5188 5190 5063
f 5190 5189 5063
f 5063 5189 5061
f 5189 176 5061
f 5189 5191 173
f 5191 5192 173
f 173 5192 5193
f 5193 5194 173
f 5194 5195 173
f 173 5195 5071
f 5196 5197 173
f 5198 5199 173
f 5199 5200 173
f 173 5200 5196
f 5072 5201 173
f 5201 5202 173
f 173 5202 5198
f 164 166 5203
f 5203 166 5197
f 166 167 5197
f 5197 167 169
f 169 170 5197
f 170 172 5197
f 5197 172 173
f 156 5 5204
f 156 5204 157
f 152 151 5204
f 151 158 5204
f 5204 158 157
f 159 161 5203
f 161 163 5203
f 5203 163 164
f 5203 5205 159
f 5205 5206 159
f 159 5206 5207
f 5207 5208 159
f 5208 5209 159
f 159 5209 5210
f 5 4 5204
f 4 159 5204
f 5204 159 5211
f 159 5210 5211
f 140 142 5204
f 140 5204 138
f 5204 5212 138
f 138 5212 5213
f 5213 5214 138
f 5214 5215 138
f 138 5215 5216
f 142 144 5204
f 144 146 5204
f 5204 146 148
f 148 154 5204
f 154 153 5204
f 5204 153 152
f 2471 120 122
f 122 123 2471
f 123 125 2471
f 2471 125 126
f 126 128 2471
f 128 129 2471
f 2471 129 131
f 131 132 2471
f 132 134 2471
f 2471 134 5217
f 5216 5218 138
f 5218 5219 138
f 138 5219 137
f 5219 5217 137
f 137 5217 135
f 5217 134 135
f 5217 5220 2471
f 5220 5221 2471
f 2471 5221 5222
f 5222 5223 2471
f 5223 5224 2471
f 2471 5224 5225
f 5226 5227 2458
f 5228 5229 2458
f 5229 5230 2458
f 2458 5230 5226
f 5225 5231 2471
f 5231 5232 2471
f 2471 5232 2458
f 5232 5233 2458
f 2458 5233 5228
f 5227 5234 2458
f 5234 5235 2458
f 2458 5235 1941
f 5235 5236 1941
f 1941 5236 5237
f 5237 5238 1941
f 5238 5239 1941
f 1941 5239 5240
f 1941 524 2458
f 524 526 2458
f 2458 526 2451
f 526 530 2451
f 2451 530 531
f 541 2450 537
f 2450 2451 537
f 537 2451 534
f 2451 531 534
f 541 542 2450
f 542 545 2450
f 2450 545 548
f 521 2449 522
f 2449 2450 522
f 522 2450 551
f 2450 548 551
f 5241 568 575
f 575 574 5241
f 574 578 5241
f 5241 578 580
f 580 588 5241
f 588 586 5241
f 5241 586 584
f 519 518 5241
f 518 557 5241
f 557 562 5241
f 562 561 5241
f 5241 561 565
f 565 566 5241
f 566 570 5241
f 5241 570 568
f 521 519 1255
f 519 5241 1255
f 1255 5241 582
f 5241 584 582
f 1259 2448 2449
f 521 1255 2449
f 1255 1257 2449
f 2449 1257 1259
f 1259 1261 2448
f 1261 1263 2448
f 2448 1263 1266
f 1266 1268 2448
f 1268 1270 2448
f 2448 1270 2444
f 1270 1272 2444
f 1272 1275 2444
f 2444 1275 1277
f 1277 1279 2444
f 1279 1281 2444
f 2444 1281 1285
f 1285 1287 2444
f 1287 1289 2444
f 2444 1289 2445
f 1296 2446 1294
f 2445 1289 2446
f 1289 1292 2446
f 2446 1292 1294
f 1252 2440 1301
f 2447 1296 2440
f 1296 1299 2440
f 2440 1299 1301
f 1312 2442 1304
f 2441 1252 2442
f 1252 1251 2442
f 2442 1251 1304
f 2443 1312 2436
f 1312 1310 2436
f 2436 1310 2437
f 1317 1316 2438
f 2437 1310 2438
f 1310 1308 2438
f 2438 1308 1317
f 1316 1325 2438
f 1325 1323 2438
f 2438 1323 2439
f 2439 1323 2432
f 1323 1321 2432
f 2432 1321 1319
f 2347 2346 2428
f 2428 2435 2347
f 2435 2434 2347
f 2347 2434 2338
f 2434 2433 2338
f 2338 2433 2432
f 2342 2431 2344
f 2431 2430 2344
f 2344 2430 2346
f 2430 2429 2346
f 2346 2429 2428
f 2340 2425 2342
f 2425 2424 2342
f 2342 2424 2431
f 2339 2427 2340
f 2427 2426 2340
f 2340 2426 2425
f 1985 2422 1982
f 2422 2421 1982
f 1982 2421 2339
f 2421 2420 2339
f 2339 2420 2427
f 1985 1987 2422
f 1987 1989 2422
f 2422 1989 2423
f 1989 1991 2423
f 2423 1991 2416
f 1991 1993 2416
f 1993 1995 2416
f 1995 1997 2416
f 2416 1997 2417
f 1997 1999 2417
f 2417 1999 2418
f 1999 2001 2418
f 2001 2004 2418
f 2418 2004 2419
f 2004 2006 2419
f 2419 2006 2412
f 2006 2008 2412
f 2008 2011 2412
f 2412 2011 2413
f 2011 2013 2413
f 2413 2013 2414
f 2013 2015 2414
f 2015 2018 2414
f 2414 2018 2415
f 2018 2020 2415
f 2415 2020 2411
f 2033 2035 2410
f 2033 2410 2031
f 2020 2023 2411
f 2023 2026 2411
f 2411 2026 2410
f 2026 2028 2410
f 2410 2028 2031
f 2045 2048 2409
f 2045 2409 2043
f 2035 2037 2410
f 2037 2039 2410
f 2410 2039 2409
f 2039 2041 2409
f 2409 2041 2043
f 2048 2050 2409
f 2050 2052 2409
f 2409 2052 1416
f 455 453 1416
f 453 452 1416
f 461 459 1416
f 459 457 1416
f 1416 457 455
f 467 465 5242
f 465 463 5242
f 5242 463 461
f 461 1416 5242
f 1416 448 5242
f 5242 448 478
f 473 471 5242
f 471 469 5242
f 5242 469 467
f 478 477 5242
f 477 475 5242
f 5242 475 473
f 492 495 2408
f 492 2408 489
f 452 481 1416
f 481 483 1416
f 1416 483 2409
f 483 485 2409
f 2409 485 2408
f 485 487 2408
f 2408 487 489
f 505 508 2398
f 508 511 2398
f 2398 511 513
f 495 498 2408
f 498 501 2408
f 2408 501 2398
f 501 503 2398
f 2398 503 505
f 5243 5244 5039
f 5243 5039 5245
f 5246 2380 2386
f 5244 5247 5039
f 5247 5248 5039
f 5039 5248 5249
f 513 515 2398
f 515 517 2398
f 2398 517 2386
f 517 5039 2386
f 2386 5039 5246
f 5039 5249 5246
f 5246 5250 2380
f 5250 5251 2380
f 2380 5251 5252
f 5252 5253 2380
f 5253 5254 2380
f 2380 5254 5255
f 5255 5256 2380
f 5256 5257 2380
f 2380 5257 5073
f 5258 5259 5041
f 5259 5260 5041
f 5260 5261 5041
f 5261 5262 5041
f 5041 5262 5263
f 5263 5264 5041
f 5264 5265 5041
f 5041 5265 5039
f 5265 5266 5039
f 5039 5266 5245
f 5267 5268 5043
f 5268 5269 5043
f 5043 5269 5270
f 5270 5271 5043
f 5271 5272 5043
f 5043 5272 5041
f 5272 5273 5041
f 5041 5273 5258
f 5274 5275 5045
f 5275 5276 5045
f 5276 5277 5045
f 5045 5277 5278
f 5278 5279 5045
f 5279 5280 5045
f 5045 5280 5043
f 5280 5281 5043
f 5043 5281 5267
f 5282 5283 5049
f 5283 5284 5049
f 5284 5285 5049
f 5049 5285 5286
f 5286 5287 5049
f 5287 5288 5049
f 5049 5288 5047
f 5288 5289 5047
f 5047 5289 5045
f 5289 5290 5045
f 5045 5290 5274
f 5291 5292 5051
f 5292 5293 5051
f 5051 5293 5294
f 5294 5295 5051
f 5295 5296 5051
f 5051 5296 5049
f 5296 5297 5049
f 5049 5297 5282
f 5298 5299 5053
f 5135 5300 5053
f 5300 5301 5053
f 5053 5301 5302
f 5302 5303 5053
f 5303 5304 5053
f 5053 5304 5298
f 5299 5305 5053
f 5305 5306 5053
f 5053 5306 5051
f 5306 5307 5051
f 5051 5307 5291
f 5308 5309 1969
f 5308 1969 5310
f 5240 5311 1941
f 5311 5312 1941
f 1941 5312 1969
f 5312 5313 1969
f 1969 5313 5310
f 5309 5314 1969
f 5314 5315 1969
f 1969 5315 5316
f 5317 5318 1957
f 5318 5319 1957
f 5320 5321 1957
f 5321 5322 1957
f 1957 5322 1955
f 5322 5323 1955
f 1955 5323 5167
f 5319 5324 1957
f 5324 5325 1957
f 1957 5325 5320
f 5326 5327 1959
f 5327 5328 1959
f 1959 5328 5329
f 5329 5330 1959
f 5330 5331 1959
f 1959 5331 1957
f 5331 5332 1957
f 1957 5332 5317
f 5333 5334 1961
f 5334 5335 1961
f 5335 5336 1961
f 1961 5336 5337
f 5337 5338 1961
f 5338 5339 1961
f 1961 5339 1959
f 5339 5340 1959
f 1959 5340 5326
f 5341 5342 1965
f 5342 5343 1965
f 5343 5344 1965
f 1965 5344 5345
f 5345 5346 1965
f 5346 5347 1965
f 1965 5347 1963
f 5347 5348 1963
f 1963 5348 1961
f 5348 5349 1961
f 1961 5349 5333
f 5316 5350 1969
f 5350 5351 1969
f 1969 5351 1967
f 5351 5352 1967
f 1967 5352 5353
f 5353 5354 1967
f 5354 5355 1967
f 1967 5355 5356
f 5356 5357 1967
f 5357 5358 1967
f 1967 5358 1965
f 5358 5359 1965
f 1965 5359 5341
f 440 443 3466
f 3432 442 3434
f 442 3436 3434
f 3444 3442 442
f 3466 3464 440
f 3464 3462 440
f 440 3462 3460
f 3444 442 3446
f 3460 3458 440
f 3458 3456 440
f 440 3456 3454
f 3454 3452 440
f 3452 3450 440
f 440 3450 442
f 3450 3448 442
f 442 3448 3446
f 3442 3440 442
f 3440 3438 442
f 442 3438 3436
f 1592 5360 1590
f 5360 5361 1590
f 1590 5361 1588
f 5361 5362 1588
f 1588 5362 1586
f 5362 5363 1586
f 1586 5363 1584
f 5363 5364 1584
f 1584 5364 1582
f 5364 5365 1582
f 1582 5365 1580
f 5365 5366 1580
f 1580 5366 1578
f 5366 5367 1578
f 1578 5367 1720
f 5367 5368 1720
f 1720 5368 1718
f 5368 5369 1718
f 1718 5369 1716
f 5369 5370 1716
f 1716 5370 1714
f 5370 5371 1714
f 1714 5371 1712
f 5371 5372 1712
f 1712 5372 1710
f 5372 5373 1710
f 1710 5373 1708
f 5373 5374 1708
f 1708 5374 1706
f 5374 5375 1706
f 1706 5375 1704
f 5375 5376 1704
f 1704 5376 1702
f 5376 5377 1702
f 1702 5377 1700
f 5377 5378 1700
f 1700 5378 1698
f 5378 5379 1698
f 1698 5379 1696
f 5379 5380 1696
f 1696 5380 1694
f 5380 5381 1694
f 1694 5381 1692
f 5381 5382 1692
f 1692 5382 1690
f 5382 5383 1690
f 1690 5383 1688
f 5383 5384 1688
f 1688 5384 1686
f 5384 5385 1686
f 1686 5385 1684
f 5385 5386 1684
f 1684 5386 1682
f 5386 5387 1682
f 1682 5387 1680
f 5387 5388 1680
f 1680 5388 1678
f 5388 5389 1678
f 1678 5389 1676
f 5389 5390 1676
f 1676 5390 1674
f 5390 5391 1674
f 1674 5391 1672
f 5391 5392 1672
f 1672 5392 1670
f 5392 5393 1670
f 1670 5393 1668
f 5393 5394 1668
f 1668 5394 1666
f 5394 5395 1666
f 1666 5395 1664
f 5395 5396 1664
f 1664 5396 1662
f 5396 5397 1662
f 1662 5397 1660
f 5397 5398 1660
f 1660 5398 1658
f 5398 5399 1658
f 1658 5399 1656
f 5399 5400 1656
f 1656 5400 1654
f 5400 5401 1654
f 1654 5401 1652
f 5401 5402 1652
f 1652 5402 1650
f 5402 5403 1650
f 1650 5403 1648
f 5403 5404 1648
f 1648 5404 1646
f 5404 5405 1646
f 1646 5405 1644
f 5405 5406 1644
f 1644 5406 1642
f 5406 5407 1642
f 1642 5407 1640
f 5407 5408 1640
f 1640 5408 1638
f 5408 5409 1638
f 1638 5409 1636
f 5409 5410 1636
f 1636 5410 1634
f 5410 5411 1634
f 1634 5411 1632
f 5411 5412 1632
f 1632 5412 1630
f 5412 5413 1630
f 1630 5413 1628
f 5413 5414 1628
f 1628 5414 1626
f 5414 5415 1626
f 1626 5415 1624
f 5415 5416 1624
f 1624 5416 1622
f 5416 5417 1622
f 1622 5417 1620
f 5417 5418 1620
f 1620 5418 1618
f 5418 5419 1618
f 1618 5419 1616
f 5419 5420 1616
f 1616 5420 1614
f 5420 5421 1614
f 1614 5421 1612
f 5421 5422 1612
f 1612 5422 1610
f 5422 5423 1610
f 1610 5423 1608
f 5423 5424 1608
f 1608 5424 1606
f 5424 5425 1606
f 1606 5425 1604
f 5425 5426 1604
f 1604 5426 1602
f 5426 5427 1602
f 1602 5427 1600
f 5427 5428 1600
f 1600 5428 1598
f 5428 5429 1598
f 1598 5429 1596
f 5429 5430 1596
f 1596 5430 1594
f 5430 5431 1594
f 1594 5431 1592
f 5431 5360 1592
f 3589 1019 1018
f 2710 3583 2711
f 3583 3584 2711
f 2711 3584 5432
f 3584 3585 5432
f 5432 3585 5433
f 3585 3586 5433
f 5433 3586 5434
f 3586 3587 5434
f 5434 3587 1018
f 3587 3588 1018
f 1018 3588 3589
f 663 662 2782
f 662 2783 2782
f 5159 5158 5435
f 5146 5147 5436
f 5437 5438 5141
f 5026 5439 5027
f 5439 5136 5027
f 5440 5138 5439
f 5138 5137 5439
f 5439 5137 5136
f 5440 5441 5138
f 5441 5442 5138
f 5138 5442 5139
f 5442 5443 5139
f 5443 5444 5139
f 5444 5445 5139
f 5139 5445 5140
f 5445 5446 5140
f 5446 5447 5140
f 5447 5448 5140
f 5140 5448 5141
f 5448 5449 5141
f 5141 5449 5437
f 5450 5143 5438
f 5143 5142 5438
f 5438 5142 5141
f 5450 5451 5143
f 5451 5452 5143
f 5143 5452 5144
f 5452 5453 5144
f 5453 5454 5144
f 5454 5455 5144
f 5144 5455 5145
f 5455 5456 5145
f 5456 5457 5145
f 5145 5457 5148
f 5457 5458 5148
f 5458 5459 5148
f 5148 5459 5147
f 5459 5460 5147
f 5147 5460 5436
f 5146 5436 5158
f 5436 5461 5158
f 5158 5461 5435
f 5159 5435 5160
f 5435 5462 5160
f 5160 5462 5463
f 5464 5162 5463
f 5162 5161 5463
f 5463 5161 5160
f 5464 5465 5162
f 5465 5466 5162
f 5162 5466 5163
f 5466 5164 5163
f 5466 5467 5164
f 5467 5468 5164
f 5164 5468 5165
f 5468 5469 5165
f 5165 5469 5150
f 5469 5470 5150
f 5150 5470 5151
f 5470 5471 5151
f 5151 5471 5152
f 5471 5472 5152
f 5152 5472 5153
f 5472 5473 5153
f 5153 5473 5154
f 5473 5474 5154
f 5154 5474 5155
f 5155 5474 5156
f 5474 5475 5156
f 5156 5475 5476
f 5476 5477 5156
f 5477 5478 5156
f 5156 5478 5157
f 5478 3572 5157
f 5157 3572 3573
f 3996 1388 1390
f 4000 1395 1397
f 4000 1397 4001
f 1397 1399 4001
f 4001 1399 3992
f 1399 1401 3992
f 1401 1403 3992
f 3992 1403 3993
f 1403 1404 3993
f 1404 1392 3993
f 3993 1392 3994
f 1392 1384 3994
f 3994 1384 3995
f 3995 1384 3996
f 1384 1386 3996
f 3996 1386 1388
f 1391 3998 1390
f 3998 3997 1390
f 1390 3997 3996
f 1374 3982 1375
f 3982 3991 1375
f 1375 3991 1377
f 3991 3990 1377
f 1377 3990 1379
f 3990 3989 1379
f 1379 3989 1380
f 3989 3986 1380
f 1380 3986 1331
f 3986 3987 1331
f 1331 3987 1330
f 3987 3988 1330
f 1330 3988 1382
f 3988 3998 1382
f 1382 3998 1383
f 3998 1391 1383
f 1367 3981 1368
f 3981 3980 1368
f 1368 3980 1370
f 3980 3982 1370
f 1370 3982 1372
f 3982 1374 1372
f 1367 1365 3981
f 1365 1363 3981
f 3981 1363 3983
f 1361 3985 1363
f 3985 3984 1363
f 1363 3984 3983
f 1361 1360 3985
f 1360 1359 3985
f 3985 1359 3937
f 1359 1357 3937
f 1357 1355 3937
f 3937 1355 3935
f 1355 1353 3935
f 1353 1351 3935
f 3935 1351 3936
f 1351 1350 3936
f 1350 1348 3936
f 3936 1348 3938
f 1348 1346 3938
f 3938 1346 1344
f 1342 3940 1344
f 3940 3939 1344
f 1344 3939 3938
f 1342 1341 3940
f 1341 1339 3940
f 3940 1339 3941
f 1339 1337 3941
f 1337 1335 3941
f 3941 1335 3942
f 1335 1333 3942
f 3942 1333 3951
f 3961 3951 5479
f 3951 1333 5479
f 5479 1333 3572
f 1395 4000 3999
f 1395 3999 1412
f 3999 4002 1412
f 1412 4002 1410
f 4002 4003 1410
f 1410 4003 1408
f 4003 4004 1408
f 1408 4004 1178
f 3975 3974 5473
f 5473 3974 5474
f 3974 3973 5474
f 5474 3973 5475
f 3973 3972 5475
f 5475 3972 5476
f 3972 3961 5476
f 5476 3961 5479
f 5473 5472 3975
f 5472 5471 3975
f 3975 5471 3976
f 5471 5470 3976
f 3976 5470 3977
f 5470 5469 3977
f 3977 5469 3978
f 5469 5468 3978
f 3978 5468 3979
f 5468 5467 3979
f 5467 5466 3979
f 3979 5466 3965
f 5466 5465 3965
f 3965 5465 3964
f 5465 5464 3964
f 5464 5463 3964
f 3964 5463 3963
f 5463 5462 3963
f 3963 5462 3966
f 5462 5435 3966
f 3966 5435 3967
f 5435 5461 3967
f 3967 5461 3968
f 5461 5436 3968
f 3968 5436 3969
f 5436 5460 3969
f 5460 5459 3969
f 3969 5459 3970
f 5459 5458 3970
f 5458 5457 3970
f 3970 5457 3971
f 5457 5456 3971
f 3971 5456 3958
f 5456 5455 3958
f 5455 5454 3958
f 3958 5454 3957
f 5454 5453 3957
f 3957 5453 3956
f 5453 5452 3956
f 5452 5451 3956
f 3956 5451 3959
f 5451 5450 3959
f 3959 5450 3960
f 5450 5438 3960
f 5438 5437 3960
f 3960 5437 3952
f 5437 5449 3952
f 3952 5449 3953
f 5449 5448 3953
f 5448 5447 3953
f 3953 5447 3954
f 5447 5446 3954
f 3954 5446 3955
f 5443 3950 5444
f 3950 3955 5444
f 5444 3955 5445
f 3955 5446 5445
f 5440 3949 5441
f 3949 3950 5441
f 5441 3950 5442
f 3950 5443 5442
f 5439 5026 5480
f 5440 5439 3949
f 5439 5480 3949
f 3949 5480 3947
f 5480 5481 3947
f 3947 5481 3944
f 5481 5482 3944
f 3943 3946 5482
f 3946 3945 5482
f 5482 3945 3944
f 3572 5478 5479
f 5478 5477 5479
f 5479 5477 5476
f 1237 4060 4059
f 1224 4064 4063
f 1205 4020 4019
f 1200 1198 4011
f 1198 4012 4011
f 1178 4004 4005
f 1178 4005 1179
f 4005 4009 1179
f 1179 4009 1181
f 4009 4008 1181
f 1181 4008 1183
f 4008 4007 1183
f 1183 4007 1185
f 1198 1197 4012
f 1197 1195 4012
f 4012 1195 4013
f 1195 1193 4013
f 4013 1193 4014
f 1193 1191 4014
f 4014 1191 4006
f 1191 1189 4006
f 4006 1189 4007
f 1189 1187 4007
f 4007 1187 1185
f 4020 1205 4010
f 1205 1204 4010
f 4010 1204 4011
f 1204 1202 4011
f 4011 1202 1200
f 1214 1212 4017
f 1212 1211 4017
f 4017 1211 4018
f 1211 1209 4018
f 4018 1209 4019
f 1209 1207 4019
f 4019 1207 1205
f 1214 4017 1216
f 4017 4016 1216
f 1216 4016 1217
f 4064 1224 4065
f 1224 1222 4065
f 4065 1222 4015
f 1222 1220 4015
f 4015 1220 4016
f 1220 1219 4016
f 4016 1219 1217
f 4060 1231 4061
f 1231 1229 4061
f 4061 1229 4062
f 1229 1227 4062
f 4062 1227 4063
f 1227 1225 4063
f 4063 1225 1224
f 1237 1235 4060
f 1235 1233 4060
f 4060 1233 1231
f 1242 1240 4059
f 1240 1238 4059
f 4059 1238 1237
f 4059 4058 1242
f 4058 4057 1242
f 1242 4057 1243
f 1243 4057 1245
f 4057 4056 1245
f 1245 4056 1247
f 4056 4055 1247
f 1247 4055 1249
f 5480 5026 5025
f 5483 3891 3890
f 516 5484 5031
f 5484 5485 5031
f 5480 5025 5481
f 3943 5482 4415
f 5482 5481 4415
f 5481 5025 4415
f 5025 5060 4415
f 4415 5060 4416
f 5060 5059 4416
f 4416 5059 4417
f 5059 5058 4417
f 4417 5058 4418
f 5058 5057 4418
f 4418 5057 4419
f 5057 5056 4419
f 4419 5056 4420
f 5056 5028 4420
f 4420 5028 4421
f 5028 5029 4421
f 4421 5029 4422
f 5029 5055 4422
f 4422 5055 4423
f 5055 5054 4423
f 4423 5054 4424
f 5054 5052 4424
f 4424 5052 4144
f 5052 5050 4144
f 4144 5050 4171
f 5050 5048 4171
f 4171 5048 4172
f 5048 5046 4172
f 4172 5046 4191
f 5046 5044 4191
f 4191 5044 4222
f 5044 5042 4222
f 4222 5042 4406
f 5042 5040 4406
f 4406 5040 4407
f 5040 5038 4407
f 4407 5038 4408
f 5038 5037 4408
f 4408 5037 4409
f 5037 5036 4409
f 4409 5036 4410
f 5036 5035 4410
f 4410 5035 4411
f 5035 5034 4411
f 4411 5034 4412
f 5034 5033 4412
f 4412 5033 4413
f 5033 5032 4413
f 4413 5032 4414
f 5032 5031 4414
f 4414 5031 3890
f 5031 5485 3890
f 3890 5485 5483
f 592 1249 5486
f 1249 4055 5486
f 5486 4055 4054
f 5484 516 514
f 3891 5483 3893
f 3893 5483 3894
f 5483 5485 3894
f 3894 5485 3895
f 5485 5484 3895
f 3895 5484 3896
f 5484 514 3896
f 3896 514 3897
f 3897 514 3898
f 514 512 3898
f 3898 512 3899
f 512 510 3899
f 510 509 3899
f 3899 509 3900
f 509 507 3900
f 507 506 3900
f 3900 506 3901
f 506 504 3901
f 504 502 3901
f 3901 502 3902
f 502 500 3902
f 500 499 3902
f 3902 499 3911
f 499 497 3911
f 497 496 3911
f 3911 496 3912
f 496 494 3912
f 3912 494 3913
f 494 493 3913
f 3913 493 3914
f 493 491 3914
f 3914 491 3915
f 491 490 3915
f 3915 490 3916
f 490 488 3916
f 3916 488 3917
f 488 486 3917
f 3917 486 3918
f 486 484 3918
f 3918 484 3919
f 484 482 3919
f 3919 482 3920
f 482 480 3920
f 3920 480 479
f 451 3905 479
f 3905 3921 479
f 479 3921 3920
f 451 454 3905
f 454 456 3905
f 3905 456 3906
f 456 458 3906
f 3906 458 3907
f 458 460 3907
f 460 462 3907
f 3907 462 3903
f 462 464 3903
f 3903 464 3904
f 464 466 3904
f 3904 466 3908
f 466 468 3908
f 468 470 3908
f 3908 470 3909
f 470 472 3909
f 3909 472 3910
f 472 474 3910
f 3910 474 3922
f 3922 474 3923
f 474 476 3923
f 3923 476 5487
f 476 450 5487
f 5487 450 449
f 5488 660 658
f 617 619 4054
f 4054 619 5486
f 619 593 5486
f 5486 593 592
f 4054 4053 617
f 4053 4041 617
f 617 4041 615
f 4041 4040 615
f 615 4040 613
f 4040 4039 613
f 4038 605 4034
f 605 607 4034
f 4034 607 4035
f 607 609 4035
f 4035 609 4039
f 609 611 4039
f 4039 611 613
f 594 597 4036
f 597 599 4036
f 4036 599 4037
f 599 601 4037
f 4037 601 4038
f 601 603 4038
f 4038 603 605
f 594 4036 622
f 4036 4052 622
f 622 4052 4051
f 4026 642 4027
f 642 640 4027
f 4027 640 4042
f 640 639 4042
f 4042 639 4043
f 639 637 4043
f 4043 637 4044
f 637 636 4044
f 4044 636 4045
f 636 634 4045
f 4045 634 4046
f 634 633 4046
f 4046 633 4047
f 633 631 4047
f 4047 631 4048
f 631 629 4048
f 4048 629 4049
f 629 627 4049
f 4049 627 4050
f 627 625 4050
f 4050 625 4051
f 625 623 4051
f 4051 623 622
f 4028 645 4026
f 645 643 4026
f 4026 643 642
f 4033 652 4028
f 652 647 4028
f 4028 647 645
f 653 649 4033
f 649 651 4033
f 4033 651 652
f 653 4033 654
f 4033 4032 654
f 654 4032 656
f 4032 4031 656
f 656 4031 658
f 4031 4030 658
f 658 4030 5488
f 4030 4029 5488
f 5488 4029 5489
f 4029 4025 5489
f 5489 4025 5490
f 4025 4024 5490
f 5490 4024 4022
f 449 1415 5487
f 1415 3924 5487
f 5487 3924 3923
f 5490 4022 4021
f 5491 525 1940
f 4078 5492 4434
f 5492 5493 4434
f 4434 5493 5494
f 5491 1940 5495
f 5494 5496 4434
f 5496 5497 4434
f 4434 5497 5495
f 660 5488 1947
f 5488 5489 1947
f 5495 1940 4434
f 1940 1939 4434
f 4434 1939 4435
f 1939 1938 4435
f 4435 1938 4436
f 1938 1946 4436
f 4436 1946 4437
f 1946 1945 4437
f 4437 1945 4438
f 1945 1944 4438
f 4438 1944 4439
f 1944 1943 4439
f 4439 1943 4440
f 1943 1942 4440
f 4440 1942 4441
f 1942 1971 4441
f 4441 1971 4442
f 1971 1970 4442
f 4442 1970 4443
f 1970 1968 4443
f 4443 1968 4275
f 1968 1966 4275
f 4275 1966 4306
f 1966 1964 4306
f 4306 1964 4304
f 1964 1962 4304
f 4304 1962 4325
f 1962 1960 4325
f 4325 1960 4354
f 1960 1958 4354
f 4354 1958 4425
f 1958 1956 4425
f 4425 1956 4426
f 1956 1954 4426
f 4426 1954 4427
f 1954 1953 4427
f 4427 1953 4428
f 1953 1952 4428
f 4428 1952 4429
f 1952 1951 4429
f 4429 1951 4430
f 1951 1950 4430
f 4430 1950 4431
f 1950 1949 4431
f 4431 1949 4432
f 1949 1948 4432
f 4432 1948 4433
f 1948 1947 4433
f 4433 1947 4021
f 1947 5489 4021
f 4021 5489 5490
f 3932 2030 2029
f 3924 1415 2051
f 3924 2051 3925
f 2051 2049 3925
f 3925 2049 3926
f 2049 2047 3926
f 2047 2046 3926
f 3926 2046 3927
f 2046 2044 3927
f 3927 2044 3928
f 2044 2042 3928
f 3928 2042 3929
f 2042 2040 3929
f 3929 2040 3930
f 2040 2038 3930
f 2038 2036 3930
f 3930 2036 3931
f 2036 2034 3931
f 3931 2034 3932
f 2034 2032 3932
f 3932 2032 2030
f 2024 3884 2025
f 3884 3883 2025
f 2025 3883 2027
f 3883 3934 2027
f 2027 3934 2029
f 3934 3933 2029
f 2029 3933 3932
f 2024 2022 3884
f 2022 2021 3884
f 3884 2021 3885
f 2021 2019 3885
f 2019 2017 3885
f 2017 2016 3885
f 3885 2016 3886
f 2016 2014 3886
f 3886 2014 3887
f 2014 2012 3887
f 3887 2012 3888
f 3888 2012 3889
f 2012 2010 3889
f 3889 2010 3877
f 2010 2009 3877
f 2009 2007 3877
f 3877 2007 3878
f 2007 2005 3878
f 3878 2005 3879
f 2005 2003 3879
f 3879 2003 3880
f 2003 2002 3880
f 3880 2002 3881
f 2002 2000 3881
f 3881 2000 3882
f 1992 3874 1994
f 3874 3873 1994
f 1994 3873 1996
f 3873 3882 1996
f 1996 3882 1998
f 3882 2000 1998
f 1992 1990 3874
f 1990 1988 3874
f 3874 1988 3875
f 1988 1986 3875
f 3875 1986 3876
f 1986 1984 3876
f 3876 1984 3871
f 1984 1983 3871
f 3871 1983 3872
f 5498 5499 5500
f 5494 5493 5501
f 5502 5503 5504
f 4107 5505 5506
f 5491 5507 525
f 5507 527 525
f 527 5507 528
f 5507 5508 528
f 528 5508 529
f 5508 5509 529
f 529 5509 532
f 5509 5510 532
f 532 5510 533
f 5510 5511 533
f 533 5511 535
f 5511 5512 535
f 535 5512 536
f 5512 5513 536
f 536 5513 538
f 538 5513 539
f 5513 5514 539
f 539 5514 540
f 5514 5515 540
f 540 5515 543
f 5515 5516 543
f 543 5516 544
f 5516 5517 544
f 544 5517 546
f 546 5517 547
f 5517 5518 547
f 547 5518 549
f 5518 5519 549
f 549 5519 550
f 5519 5520 550
f 550 5520 552
f 552 5520 553
f 5520 5521 553
f 553 5521 554
f 5521 5522 554
f 554 5522 555
f 5522 5523 555
f 555 5523 523
f 5523 5524 523
f 523 5524 556
f 5524 5525 556
f 556 5525 520
f 5525 5526 520
f 520 5526 558
f 558 5526 559
f 5526 5527 559
f 559 5527 560
f 560 5527 563
f 5527 5528 563
f 563 5528 564
f 5528 5529 564
f 564 5529 572
f 572 5529 571
f 5529 5530 571
f 571 5530 569
f 5530 5531 569
f 569 5531 567
f 5531 5532 567
f 567 5532 573
f 573 5532 576
f 5532 5533 576
f 576 5533 577
f 577 5533 579
f 5533 5534 579
f 579 5534 590
f 5534 5535 590
f 590 5535 589
f 5535 5536 589
f 589 5536 587
f 587 5536 585
f 5536 5537 585
f 585 5537 583
f 5537 5538 583
f 583 5538 581
f 4094 5539 4095
f 5539 5540 4095
f 4095 5540 4096
f 5540 5541 4096
f 4096 5541 4097
f 4097 5541 4098
f 5541 5542 4098
f 4098 5542 4099
f 5542 5543 4099
f 4099 5543 4100
f 4106 4105 5544
f 4105 4104 5544
f 5544 4104 5545
f 4104 4103 5545
f 5545 4103 5546
f 4103 4102 5546
f 5546 4102 5543
f 4102 4101 5543
f 5543 4101 4100
f 4107 5506 4108
f 5506 5547 4108
f 4108 5547 4109
f 5548 4112 4111
f 4088 4087 5549
f 4087 4115 5549
f 5549 4115 4114
f 5549 5550 4088
f 5550 5551 4088
f 4088 5551 4089
f 5551 5552 4089
f 4089 5552 4090
f 5552 5553 4090
f 4090 5553 4091
f 5553 5554 4091
f 4091 5554 4092
f 5554 5555 4092
f 4092 5555 4093
f 5555 5556 4093
f 4093 5556 4084
f 5556 5557 4084
f 4084 5557 4083
f 5558 4085 5557
f 4085 4082 5557
f 5557 4082 4083
f 5558 5559 4085
f 5559 5560 4085
f 4085 5560 4086
f 5560 5561 4086
f 4086 5561 4081
f 5561 5562 4081
f 4081 5562 4079
f 5562 5563 4079
f 4079 5563 4076
f 5563 5564 4076
f 4076 5564 4075
f 5564 5565 4075
f 4075 5565 4074
f 5565 5566 4074
f 4074 5566 4077
f 5503 5502 5567
f 5502 5568 5567
f 5567 5568 5569
f 5568 5570 5569
f 5569 5570 5571
f 5570 5572 5571
f 5571 5572 5573
f 5572 5574 5573
f 5573 5574 5575
f 5574 5576 5575
f 5575 5576 5577
f 5576 5578 5577
f 5577 5578 5579
f 5578 5580 5579
f 5579 5580 5581
f 5580 5582 5581
f 5581 5582 5583
f 5582 5584 5583
f 5583 5584 5585
f 5584 5586 5585
f 5585 5586 5587
f 5586 5588 5587
f 5587 5588 5501
f 4078 4077 5492
f 4077 5566 5492
f 5492 5566 5493
f 5589 5590 5591
f 5590 5592 5591
f 5586 5592 5588
f 5592 5590 5588
f 5588 5590 5593
f 5590 5589 5593
f 5593 5589 5594
f 5501 5588 5494
f 5588 5593 5494
f 5494 5593 5496
f 5593 5594 5496
f 5496 5594 5497
f 5491 5495 5507
f 5495 5595 5507
f 5507 5595 5508
f 5595 5596 5508
f 5508 5596 5509
f 5596 5597 5509
f 5509 5597 5510
f 5597 5598 5510
f 5510 5598 5511
f 5598 5599 5511
f 5511 5599 5512
f 5599 5600 5512
f 5512 5600 5513
f 5600 5601 5513
f 5513 5601 5514
f 5601 5602 5514
f 5514 5602 5515
f 5602 5603 5515
f 5515 5603 5516
f 5603 5604 5516
f 5516 5604 5517
f 5604 5605 5517
f 5517 5605 5518
f 5605 5606 5518
f 5518 5606 5519
f 5606 5607 5519
f 5519 5607 5520
f 5607 5608 5520
f 5520 5608 5521
f 5608 5609 5521
f 5521 5609 5522
f 5609 5610 5522
f 5522 5610 5523
f 5610 5611 5523
f 5523 5611 5524
f 5611 5612 5524
f 5524 5612 5525
f 5612 5613 5525
f 5525 5613 5526
f 5613 5614 5526
f 5526 5614 5527
f 5614 5615 5527
f 5527 5615 5528
f 5615 5616 5528
f 5528 5616 5529
f 5616 5617 5529
f 5529 5617 5530
f 5617 5618 5530
f 5530 5618 5531
f 5619 5544 5620
f 5544 5545 5620
f 5620 5545 5621
f 5545 5546 5621
f 5621 5546 5622
f 5546 5543 5622
f 5622 5543 5623
f 5543 5542 5623
f 5624 5625 5626
f 5625 5627 5626
f 5626 5627 4110
f 4110 4109 5626
f 4109 5547 5626
f 5626 5547 5624
f 5547 5506 5624
f 5624 5506 5619
f 5506 5505 5619
f 5619 5505 5544
f 5505 4107 5544
f 5544 4107 4106
f 5628 5499 5629
f 5499 5498 5629
f 5629 5498 4113
f 5493 5566 5501
f 5566 5565 5501
f 5501 5565 5587
f 5565 5564 5587
f 5587 5564 5585
f 5564 5563 5585
f 5585 5563 5583
f 5563 5562 5583
f 5583 5562 5581
f 5562 5561 5581
f 5581 5561 5579
f 5561 5560 5579
f 5579 5560 5577
f 5560 5559 5577
f 5577 5559 5575
f 5559 5558 5575
f 5575 5558 5573
f 5558 5557 5573
f 5573 5557 5571
f 5557 5556 5571
f 5571 5556 5569
f 5556 5555 5569
f 5569 5555 5567
f 5555 5554 5567
f 5567 5554 5503
f 5554 5553 5503
f 5503 5553 5504
f 5553 5552 5504
f 5504 5552 5630
f 5552 5551 5630
f 5630 5551 5631
f 5551 5550 5631
f 5631 5550 5500
f 5550 5549 5500
f 5500 5549 5498
f 5549 4114 5498
f 5498 4114 4113
f 5632 5633 5634
f 5633 5635 5634
f 5634 5635 5636
f 5635 5637 5636
f 5636 5637 5638
f 5637 5639 5638
f 5638 5639 5640
f 5639 5641 5640
f 5640 5641 5642
f 5641 5643 5642
f 5642 5643 5644
f 5643 5645 5644
f 5644 5645 5646
f 5645 5647 5646
f 5646 5647 5648
f 5647 5649 5648
f 5648 5649 5650
f 5649 5651 5650
f 5650 5651 5652
f 5651 5653 5652
f 5652 5653 5654
f 5653 5655 5654
f 5654 5655 5656
f 5655 5657 5656
f 5656 5657 5658
f 5657 5659 5658
f 5658 5659 5660
f 5659 5661 5660
f 5660 5661 5662
f 5661 5663 5662
f 5662 5663 5664
f 5663 5665 5664
f 5664 5665 5625
f 5665 5548 5625
f 5625 5548 5627
f 5548 4111 5627
f 5627 4111 4110
f 4113 4112 5629
f 4112 5548 5629
f 5629 5548 5628
f 5548 5665 5628
f 5628 5665 5499
f 5665 5663 5499
f 5499 5663 5500
f 5663 5661 5500
f 5500 5661 5631
f 5661 5659 5631
f 5631 5659 5630
f 5659 5657 5630
f 5630 5657 5504
f 5657 5655 5504
f 5504 5655 5502
f 5655 5653 5502
f 5502 5653 5568
f 5653 5651 5568
f 5568 5651 5570
f 5651 5649 5570
f 5570 5649 5572
f 5649 5647 5572
f 5572 5647 5574
f 5647 5645 5574
f 5574 5645 5576
f 5645 5643 5576
f 5576 5643 5578
f 5643 5641 5578
f 5578 5641 5580
f 5641 5639 5580
f 5580 5639 5582
f 5639 5637 5582
f 5582 5637 5584
f 5637 5635 5584
f 5584 5635 5586
f 5635 5633 5586
f 5586 5633 5592
f 5633 5632 5592
f 5592 5632 5591
f 5495 5497 5595
f 5497 5594 5595
f 5595 5594 5596
f 5594 5589 5596
f 5596 5589 5597
f 5589 5591 5597
f 5597 5591 5598
f 5591 5632 5598
f 5598 5632 5599
f 5632 5634 5599
f 5599 5634 5600
f 5634 5636 5600
f 5600 5636 5601
f 5636 5638 5601
f 5601 5638 5602
f 5638 5640 5602
f 5602 5640 5603
f 5640 5642 5603
f 5603 5642 5604
f 5642 5644 5604
f 5604 5644 5605
f 5644 5646 5605
f 5605 5646 5606
f 5646 5648 5606
f 5606 5648 5607
f 5648 5650 5607
f 5607 5650 5608
f 5650 5652 5608
f 5608 5652 5609
f 5652 5654 5609
f 5609 5654 5610
f 5654 5656 5610
f 5610 5656 5611
f 5656 5658 5611
f 5611 5658 5612
f 5658 5660 5612
f 5612 5660 5613
f 5660 5662 5613
f 5613 5662 5614
f 5662 5664 5614
f 5614 5664 5615
f 5664 5625 5615
f 5615 5625 5616
f 5625 5624 5616
f 5616 5624 5617
f 5624 5619 5617
f 5617 5619 5618
f 5619 5620 5618
f 5618 5620 5531
f 5620 5621 5531
f 5531 5621 5532
f 5621 5622 5532
f 5532 5622 5533
f 5622 5623 5533
f 5533 5623 5534
f 5623 5542 5534
f 5534 5542 5535
f 5542 5541 5535
f 5535 5541 5536
f 5541 5540 5536
f 5536 5540 5537
f 5540 5539 5537
f 5537 5539 5538
f 5539 4094 5538
f 1318 4136 4135
f 1318 4135 2345
f 4135 4139 2345
f 2345 4139 2343
f 4139 4138 2343
f 2343 4138 2341
f 4138 3872 2341
f 2341 3872 1983
f 4094 4080 5538
f 4080 1256 5538
f 5538 1256 581
f 4132 1311 1313
f 4136 1318 1320
f 4136 1320 4137
f 1320 1322 4137
f 4137 1322 4128
f 1322 1324 4128
f 1324 1326 4128
f 4128 1326 4129
f 1326 1327 4129
f 1327 1315 4129
f 4129 1315 4130
f 1315 1307 4130
f 4130 1307 4131
f 4131 1307 4132
f 1307 1309 4132
f 4132 1309 1311
f 1314 4134 1313
f 4134 4133 1313
f 1313 4133 4132
f 1297 4118 1298
f 4118 4127 1298
f 1298 4127 1300
f 4127 4126 1300
f 1300 4126 1302
f 4126 4125 1302
f 1302 4125 1303
f 4125 4122 1303
f 1303 4122 1254
f 4122 4123 1254
f 1254 4123 1253
f 4123 4124 1253
f 1253 4124 1305
f 4124 4134 1305
f 1305 4134 1306
f 4134 1314 1306
f 1290 4117 1291
f 4117 4116 1291
f 1291 4116 1293
f 4116 4118 1293
f 1293 4118 1295
f 4118 1297 1295
f 1290 1288 4117
f 1288 1286 4117
f 4117 1286 4119
f 1284 4121 1286
f 4121 4120 1286
f 1286 4120 4119
f 1284 1283 4121
f 1283 1282 4121
f 4121 1282 4066
f 1282 1280 4066
f 1280 1278 4066
f 4066 1278 4067
f 1278 1276 4067
f 1276 1274 4067
f 4067 1274 4068
f 1274 1273 4068
f 1273 1271 4068
f 4068 1271 4069
f 1271 1269 4069
f 4069 1269 1267
f 1265 4071 1267
f 4071 4070 1267
f 1267 4070 4069
f 1265 1264 4071
f 1264 1262 4071
f 4071 1262 4072
f 1262 1260 4072
f 1260 1258 4072
f 4072 1258 4073
f 1258 1256 4073
f 4073 1256 4080
f 4619 2759 2758
f 4611 2782 2780
f 2778 4613 2780
f 4613 4612 2780
f 2780 4612 4611
f 2778 2776 4613
f 2776 2775 4613
f 4613 2775 4614
f 2775 2773 4614
f 4614 2773 4615
f 2773 2771 4615
f 4615 2771 4616
f 2771 2769 4616
f 4616 2769 4617
f 2769 2767 4617
f 2767 2765 4617
f 4617 2765 4618
f 2765 2763 4618
f 4618 2763 4619
f 2763 2761 4619
f 4619 2761 2759
f 2753 4571 2754
f 4571 4570 2754
f 2754 4570 2756
f 4570 4621 2756
f 2756 4621 2758
f 4621 4620 2758
f 2758 4620 4619
f 2753 2751 4571
f 2751 2750 4571
f 4571 2750 4572
f 2750 2748 4572
f 2731 4567 2733
f 4567 4565 2733
f 2733 4565 2735
f 4565 4564 2735
f 2735 4564 2737
f 4564 4566 2737
f 2737 4566 2738
f 4566 4576 2738
f 2738 4576 2740
f 4576 4575 2740
f 2740 4575 2742
f 4575 4574 2742
f 2742 4574 2743
f 4574 4573 2743
f 2743 4573 2745
f 4573 4572 2745
f 2745 4572 2746
f 4572 2748 2746
f 2720 4561 2722
f 4561 4560 2722
f 2722 4560 2724
f 4560 4569 2724
f 2724 4569 2726
f 4569 4568 2726
f 2726 4568 2728
f 4568 4567 2728
f 2728 4567 2730
f 4567 2731 2730
f 2720 2718 4561
f 2718 2716 4561
f 4561 2716 4562
f 2716 2714 4562
f 4562 2714 4563
f 2714 2712 4563
f 4563 2712 4559
f 2712 2711 4559
f 4559 2711 4558
f 1018 4554 4553
f 1018 4553 5434
f 4553 4556 5434
f 5434 4556 5433
f 4556 4557 5433
f 5433 4557 5432
f 4557 4558 5432
f 5432 4558 2711
f 663 2782 5666
f 2782 4611 5666
f 5666 4611 4610
f 4535 987 4536
f 987 4535 988
f 4550 1011 1013
f 1026 4547 1024
f 4547 4546 1024
f 1024 4546 1022
f 4546 4555 1022
f 1022 4555 1020
f 4555 4554 1020
f 1020 4554 1018
f 1026 1027 4547
f 1027 1015 4547
f 4547 1015 4548
f 1015 1007 4548
f 4548 1007 4549
f 4549 1007 4550
f 1007 1009 4550
f 4550 1009 1011
f 1014 4552 1013
f 4552 4551 1013
f 1013 4551 4550
f 1014 1006 4552
f 1006 1005 4552
f 4552 1005 4542
f 1005 1002 4542
f 4542 1002 4541
f 1002 1000 4541
f 4541 1000 4540
f 1000 999 4540
f 4540 999 4543
f 4543 999 4544
f 999 997 4544
f 4544 997 4545
f 997 995 4545
f 4545 995 4533
f 995 994 4533
f 4533 994 4534
f 994 992 4534
f 4534 992 4535
f 992 990 4535
f 4535 990 988
f 4536 987 4537
f 987 985 4537
f 4537 985 983
f 981 4539 983
f 4539 4538 983
f 983 4538 4537
f 976 4486 978
f 4486 4539 978
f 978 4539 980
f 4539 981 980
f 974 4488 976
f 4488 4487 976
f 976 4487 4486
f 974 972 4488
f 972 971 4488
f 4488 971 4489
f 971 969 4489
f 4489 969 4490
f 969 967 4490
f 4490 967 965
f 963 4492 965
f 4492 4491 965
f 965 4491 4490
f 963 962 4492
f 962 960 4492
f 4492 960 4493
f 960 958 4493
f 4493 958 4494
f 958 956 4494
f 4494 956 4495
f 956 954 4495
f 4495 954 4504
f 5667 731 729
f 688 690 4610
f 4610 690 5666
f 690 664 5666
f 5666 664 663
f 4610 4609 688
f 4609 4597 688
f 688 4597 686
f 4597 4596 686
f 686 4596 684
f 4596 4595 684
f 4594 676 4590
f 676 678 4590
f 4590 678 4591
f 678 680 4591
f 4591 680 4595
f 680 682 4595
f 4595 682 684
f 665 668 4592
f 668 670 4592
f 4592 670 4593
f 670 672 4593
f 4593 672 4594
f 672 674 4594
f 4594 674 676
f 665 4592 693
f 4592 4608 693
f 693 4608 4607
f 4582 713 4583
f 713 711 4583
f 4583 711 4598
f 711 710 4598
f 4598 710 4599
f 710 708 4599
f 4599 708 4600
f 708 707 4600
f 4600 707 4601
f 707 705 4601
f 4601 705 4602
f 705 704 4602
f 4602 704 4603
f 704 702 4603
f 4603 702 4604
f 702 700 4604
f 4604 700 4605
f 700 698 4605
f 4605 698 4606
f 698 696 4606
f 4606 696 4607
f 696 694 4607
f 4607 694 693
f 4584 716 4582
f 716 714 4582
f 4582 714 713
f 4589 723 4584
f 723 718 4584
f 4584 718 716
f 724 720 4589
f 720 722 4589
f 4589 722 723
f 724 4589 725
f 4589 4588 725
f 725 4588 727
f 4588 4587 727
f 727 4587 729
f 4587 4586 729
f 729 4586 5667
f 4586 4585 5667
f 5667 4585 5668
f 4585 4581 5668
f 5668 4581 5669
f 4581 4580 5669
f 5669 4580 4578
f 4514 4504 5670
f 4504 954 5670
f 5670 954 951
f 5669 4578 4577
f 5671 740 3506
f 5671 3506 5672
f 4636 5673 4996
f 5673 5674 4996
f 4996 5674 5675
f 5675 5676 4996
f 5676 5677 4996
f 4996 5677 5672
f 5668 3507 5667
f 3507 731 5667
f 5672 3506 4996
f 3506 3505 4996
f 4996 3505 4997
f 3505 3504 4997
f 4997 3504 4998
f 3504 3515 4998
f 4998 3515 4999
f 3515 3514 4999
f 4999 3514 5000
f 3514 3513 5000
f 5000 3513 5001
f 3513 3512 5001
f 5001 3512 5002
f 3512 3511 5002
f 5002 3511 5003
f 3511 3537 5003
f 5003 3537 5004
f 3537 3536 5004
f 5004 3536 5005
f 3536 3534 5005
f 5005 3534 4723
f 3534 3532 4723
f 4723 3532 4754
f 3532 3530 4754
f 4754 3530 4752
f 3530 3528 4752
f 4752 3528 4773
f 3528 3526 4773
f 4773 3526 4788
f 3526 3524 4788
f 4788 3524 4987
f 3524 3522 4987
f 4987 3522 4988
f 3522 3520 4988
f 4988 3520 4989
f 3520 3519 4989
f 4989 3519 4990
f 3519 3518 4990
f 4990 3518 4991
f 3518 3517 4991
f 4991 3517 4992
f 3517 3516 4992
f 4992 3516 4993
f 3516 3509 4993
f 4993 3509 4994
f 3509 3508 4994
f 4994 3508 4995
f 3508 3507 4995
f 4995 3507 4577
f 3507 5668 4577
f 4577 5668 5669
f 4528 4527 941
f 941 4527 943
f 4527 4526 943
f 943 4526 946
f 4526 4525 946
f 946 4525 947
f 4525 4514 947
f 947 4514 5670
f 941 939 4528
f 939 937 4528
f 4528 937 4529
f 937 935 4529
f 4529 935 4530
f 935 933 4530
f 4530 933 4531
f 933 931 4531
f 4531 931 4532
f 931 930 4532
f 930 927 4532
f 4532 927 4518
f 927 926 4518
f 4518 926 4517
f 926 923 4517
f 923 922 4517
f 4517 922 4516
f 922 921 4516
f 4516 921 4519
f 921 878 4519
f 4519 878 4520
f 878 919 4520
f 4520 919 4521
f 919 881 4521
f 4521 881 4522
f 881 918 4522
f 918 917 4522
f 4522 917 4523
f 917 916 4523
f 916 914 4523
f 4523 914 4524
f 914 913 4524
f 4524 913 4511
f 913 911 4511
f 911 910 4511
f 4511 910 4510
f 910 909 4510
f 4510 909 4509
f 909 907 4509
f 907 906 4509
f 4509 906 4512
f 906 903 4512
f 4512 903 4513
f 903 883 4513
f 883 882 4513
f 4513 882 4505
f 882 902 4505
f 4505 902 4506
f 902 901 4506
f 901 900 4506
f 4506 900 4507
f 900 899 4507
f 4507 899 4508
f 895 4503 896
f 4503 4508 896
f 896 4508 897
f 4508 899 897
f 889 4502 892
f 4502 4503 892
f 892 4503 893
f 4503 895 893
f 886 885 5678
f 889 886 4502
f 886 5678 4502
f 4502 5678 4500
f 5678 5679 4500
f 4500 5679 4497
f 5679 5680 4497
f 4496 4499 5680
f 4499 4498 5680
f 5680 4498 4497
f 951 949 5670
f 949 948 5670
f 5670 948 947
f 5675 5674 5681
f 5682 5683 5684
f 4666 5685 5686
f 740 5671 5687
f 5688 751 5689
f 751 750 5689
f 5689 750 5690
f 750 748 5690
f 5690 748 5691
f 748 747 5691
f 5691 747 5692
f 747 744 5692
f 5692 744 5693
f 744 743 5693
f 5693 743 5687
f 743 742 5687
f 5687 742 740
f 5694 759 5695
f 759 758 5695
f 5695 758 5696
f 758 755 5696
f 5696 755 5697
f 755 754 5697
f 5697 754 5688
f 754 753 5688
f 5688 753 751
f 5698 765 5699
f 765 764 5699
f 5699 764 5700
f 764 762 5700
f 5700 762 5694
f 762 761 5694
f 5694 761 759
f 5701 735 5702
f 735 771 5702
f 5702 771 5703
f 771 738 5703
f 5703 738 5704
f 738 770 5704
f 5704 770 5705
f 770 769 5705
f 5705 769 5706
f 769 768 5706
f 5706 768 5698
f 768 767 5698
f 5698 767 765
f 5707 774 5701
f 774 773 5701
f 5701 773 735
f 5708 779 5709
f 779 778 5709
f 5709 778 5707
f 778 775 5707
f 5707 775 774
f 5710 782 5711
f 782 784 5711
f 5711 784 5712
f 784 786 5712
f 5712 786 5708
f 786 787 5708
f 5708 787 779
f 5713 792 5714
f 792 791 5714
f 5714 791 5710
f 791 788 5710
f 5710 788 782
f 5715 804 5716
f 804 805 5716
f 5716 805 5713
f 805 794 5713
f 5713 794 792
f 796 798 5717
f 798 800 5717
f 5717 800 5715
f 800 802 5715
f 5715 802 804
f 4657 5718 4658
f 5718 5719 4658
f 4658 5719 4659
f 5719 5720 4659
f 4659 5720 4660
f 4660 5720 4653
f 5720 5721 4653
f 4653 5721 4654
f 5721 5722 4654
f 4654 5722 4655
f 4665 4664 5723
f 4664 4663 5723
f 5723 4663 5724
f 4663 4662 5724
f 5724 4662 5725
f 4662 4661 5725
f 5725 4661 5722
f 4661 4656 5722
f 5722 4656 4655
f 4666 5686 4667
f 5686 5726 4667
f 4667 5726 4668
f 5727 4671 4670
f 4646 4674 5728
f 4674 4673 5728
f 5728 4673 5729
f 4673 4672 5729
f 5729 4672 5730
f 4647 5731 4648
f 5731 5732 4648
f 4648 5732 4649
f 5732 5733 4649
f 4649 5733 4650
f 5733 5734 4650
f 4650 5734 4651
f 5734 5735 4651
f 4651 5735 4652
f 5735 5736 4652
f 4652 5736 4645
f 5736 5737 4645
f 4645 5737 4641
f 5738 4643 5737
f 4643 4642 5737
f 5737 4642 4641
f 5738 5739 4643
f 5739 5740 4643
f 4643 5740 4640
f 5740 5741 4640
f 4640 5741 4637
f 5741 5742 4637
f 4637 5742 4638
f 5742 5743 4638
f 4638 5743 4634
f 5743 5744 4634
f 4634 5744 4633
f 5744 5745 4633
f 4633 5745 4632
f 5745 5746 4632
f 4632 5746 4635
f 5746 5673 4635
f 4635 5673 4636
f 5683 5682 5747
f 5682 5748 5747
f 5747 5748 5749
f 5748 5750 5749
f 5749 5750 5751
f 5750 5752 5751
f 5751 5752 5753
f 5752 5754 5753
f 5753 5754 5755
f 5754 5756 5755
f 5755 5756 5757
f 5756 5758 5757
f 5757 5758 5759
f 5758 5760 5759
f 5759 5760 5761
f 5760 5762 5761
f 5761 5762 5763
f 5762 5764 5763
f 5763 5764 5765
f 5764 5766 5765
f 5765 5766 5767
f 5766 5768 5767
f 5767 5768 5681
f 5769 5770 5771
f 5770 5772 5771
f 5766 5772 5768
f 5772 5770 5768
f 5768 5770 5773
f 5770 5769 5773
f 5773 5769 5774
f 5681 5768 5675
f 5768 5773 5675
f 5675 5773 5676
f 5773 5774 5676
f 5676 5774 5677
f 5671 5672 5687
f 5672 5775 5687
f 5687 5775 5693
f 5775 5776 5693
f 5693 5776 5692
f 5776 5777 5692
f 5692 5777 5691
f 5777 5778 5691
f 5691 5778 5690
f 5778 5779 5690
f 5690 5779 5689
f 5779 5780 5689
f 5689 5780 5688
f 5780 5781 5688
f 5688 5781 5697
f 5781 5782 5697
f 5697 5782 5696
f 5782 5783 5696
f 5696 5783 5695
f 5783 5784 5695
f 5695 5784 5694
f 5784 5785 5694
f 5694 5785 5700
f 5785 5786 5700
f 5700 5786 5699
f 5786 5787 5699
f 5699 5787 5698
f 5787 5788 5698
f 5698 5788 5706
f 5788 5789 5706
f 5706 5789 5705
f 5789 5790 5705
f 5705 5790 5704
f 5790 5791 5704
f 5704 5791 5703
f 5791 5792 5703
f 5703 5792 5702
f 5792 5793 5702
f 5702 5793 5701
f 5793 5794 5701
f 5701 5794 5707
f 5794 5795 5707
f 5707 5795 5709
f 5795 5796 5709
f 5709 5796 5708
f 5796 5797 5708
f 5708 5797 5712
f 5797 5798 5712
f 5712 5798 5711
f 5799 5723 5800
f 5723 5724 5800
f 5800 5724 5801
f 5724 5725 5801
f 5801 5725 5802
f 5725 5722 5802
f 5802 5722 5803
f 5722 5721 5803
f 5804 5805 5806
f 5805 5807 5806
f 5806 5807 4669
f 4669 4668 5806
f 4668 5726 5806
f 5806 5726 5804
f 5726 5686 5804
f 5804 5686 5799
f 5686 5685 5799
f 5799 5685 5723
f 5685 4666 5723
f 5723 4666 4665
f 5808 5809 5810
f 5809 5728 5810
f 5810 5728 5811
f 5728 5729 5811
f 5811 5729 5812
f 5729 5730 5812
f 5812 5730 5813
f 4646 5728 4647
f 5728 5809 4647
f 4647 5809 5731
f 5809 5808 5731
f 5731 5808 5732
f 5808 5684 5732
f 5732 5684 5733
f 5684 5683 5733
f 5733 5683 5734
f 5683 5747 5734
f 5734 5747 5735
f 5747 5749 5735
f 5735 5749 5736
f 5749 5751 5736
f 5736 5751 5737
f 5751 5753 5737
f 5737 5753 5738
f 5753 5755 5738
f 5738 5755 5739
f 5755 5757 5739
f 5739 5757 5740
f 5757 5759 5740
f 5740 5759 5741
f 5759 5761 5741
f 5741 5761 5742
f 5761 5763 5742
f 5742 5763 5743
f 5763 5765 5743
f 5743 5765 5744
f 5765 5767 5744
f 5744 5767 5745
f 5767 5681 5745
f 5745 5681 5746
f 5681 5674 5746
f 5746 5674 5673
f 5814 5815 5816
f 5815 5817 5816
f 5816 5817 5818
f 5817 5819 5818
f 5818 5819 5820
f 5819 5821 5820
f 5820 5821 5822
f 5821 5823 5822
f 5822 5823 5824
f 5823 5825 5824
f 5824 5825 5826
f 5825 5827 5826
f 5826 5827 5828
f 5827 5829 5828
f 5828 5829 5830
f 5829 5831 5830
f 5830 5831 5832
f 5831 5833 5832
f 5832 5833 5834
f 5833 5835 5834
f 5834 5835 5836
f 5835 5837 5836
f 5836 5837 5838
f 5837 5839 5838
f 5838 5839 5840
f 5839 5841 5840
f 5840 5841 5842
f 5841 5843 5842
f 5842 5843 5844
f 5843 5845 5844
f 5844 5845 5846
f 5845 5847 5846
f 5846 5847 5805
f 5847 5727 5805
f 5805 5727 5807
f 5727 4670 5807
f 5807 4670 4669
f 4672 4671 5730
f 4671 5727 5730
f 5730 5727 5813
f 5727 5847 5813
f 5813 5847 5812
f 5847 5845 5812
f 5812 5845 5811
f 5845 5843 5811
f 5811 5843 5810
f 5843 5841 5810
f 5810 5841 5808
f 5841 5839 5808
f 5808 5839 5684
f 5839 5837 5684
f 5684 5837 5682
f 5837 5835 5682
f 5682 5835 5748
f 5835 5833 5748
f 5748 5833 5750
f 5833 5831 5750
f 5750 5831 5752
f 5831 5829 5752
f 5752 5829 5754
f 5829 5827 5754
f 5754 5827 5756
f 5827 5825 5756
f 5756 5825 5758
f 5825 5823 5758
f 5758 5823 5760
f 5823 5821 5760
f 5760 5821 5762
f 5821 5819 5762
f 5762 5819 5764
f 5819 5817 5764
f 5764 5817 5766
f 5817 5815 5766
f 5766 5815 5772
f 5815 5814 5772
f 5772 5814 5771
f 5672 5677 5775
f 5677 5774 5775
f 5775 5774 5776
f 5774 5769 5776
f 5776 5769 5777
f 5769 5771 5777
f 5777 5771 5778
f 5771 5814 5778
f 5778 5814 5779
f 5814 5816 5779
f 5779 5816 5780
f 5816 5818 5780
f 5780 5818 5781
f 5818 5820 5781
f 5781 5820 5782
f 5820 5822 5782
f 5782 5822 5783
f 5822 5824 5783
f 5783 5824 5784
f 5824 5826 5784
f 5784 5826 5785
f 5826 5828 5785
f 5785 5828 5786
f 5828 5830 5786
f 5786 5830 5787
f 5830 5832 5787
f 5787 5832 5788
f 5832 5834 5788
f 5788 5834 5789
f 5834 5836 5789
f 5789 5836 5790
f 5836 5838 5790
f 5790 5838 5791
f 5838 5840 5791
f 5791 5840 5792
f 5840 5842 5792
f 5792 5842 5793
f 5842 5844 5793
f 5793 5844 5794
f 5844 5846 5794
f 5794 5846 5795
f 5846 5805 5795
f 5795 5805 5796
f 5805 5804 5796
f 5796 5804 5797
f 5804 5799 5797
f 5797 5799 5798
f 5799 5800 5798
f 5798 5800 5711
f 5800 5801 5711
f 5711 5801 5710
f 5801 5802 5710
f 5710 5802 5714
f 5802 5803 5714
f 5714 5803 5713
f 5803 5721 5713
f 5713 5721 5716
f 5721 5720 5716
f 5716 5720 5715
f 5720 5719 5715
f 5715 5719 5717
f 5719 5718 5717
f 5717 5718 796
f 5718 4657 796
f 5678 885 3552
f 5848 4445 4444
f 874 5849 3538
f 5849 5850 3538
f 5678 3552 5679
f 4496 5680 5015
f 5680 5679 5015
f 5679 3552 5015
f 3552 3551 5015
f 5015 3551 5016
f 3551 3550 5016
f 5016 3550 5017
f 3550 3549 5017
f 5017 3549 5018
f 3549 3548 5018
f 5018 3548 5019
f 3548 3547 5019
f 5019 3547 5020
f 3547 3546 5020
f 5020 3546 5021
f 3546 3545 5021
f 5021 3545 5022
f 3545 3571 5022
f 5022 3571 5023
f 3571 3570 5023
f 5023 3570 5024
f 3570 3568 5024
f 5024 3568 4858
f 3568 3566 4858
f 4858 3566 4888
f 3566 3564 4888
f 4888 3564 4889
f 3564 3562 4889
f 4889 3562 4908
f 3562 3560 4908
f 4908 3560 4924
f 3560 3558 4924
f 4924 3558 5006
f 3558 3556 5006
f 5006 3556 5007
f 3556 3554 5007
f 5007 3554 5008
f 3554 3553 5008
f 5008 3553 5009
f 3553 3543 5009
f 5009 3543 5010
f 3543 3542 5010
f 5010 3542 5011
f 3542 3541 5011
f 5011 3541 5012
f 3541 3540 5012
f 5012 3540 5013
f 3540 3539 5013
f 5013 3539 5014
f 3539 3538 5014
f 5014 3538 4444
f 3538 5850 4444
f 4444 5850 5848
f 4644 1103 4657
f 1103 796 4657
f 5849 874 872
f 4445 5848 4447
f 4447 5848 4448
f 5848 5850 4448
f 4448 5850 4449
f 5850 5849 4449
f 4449 5849 4450
f 5849 872 4450
f 4450 872 4451
f 4451 872 4452
f 872 870 4452
f 4452 870 4453
f 870 868 4453
f 868 867 4453
f 4453 867 4454
f 867 865 4454
f 865 864 4454
f 4454 864 4455
f 864 862 4455
f 862 860 4455
f 4455 860 4456
f 860 858 4456
f 858 857 4456
f 4456 857 4465
f 857 855 4465
f 855 854 4465
f 4465 854 4466
f 854 852 4466
f 4466 852 4467
f 852 851 4467
f 4467 851 4468
f 851 849 4468
f 4468 849 4469
f 849 848 4469
f 4469 848 4470
f 848 846 4470
f 4470 846 4471
f 846 844 4471
f 4471 844 4472
f 844 842 4472
f 4472 842 4473
f 842 840 4473
f 4473 840 4474
f 840 838 4474
f 4474 838 837
f 809 4459 837
f 4459 4475 837
f 837 4475 4474
f 809 812 4459
f 812 814 4459
f 4459 814 4460
f 814 816 4460
f 4460 816 4461
f 816 818 4461
f 818 820 4461
f 4461 820 4457
f 820 822 4457
f 4457 822 4458
f 822 824 4458
f 4458 824 4462
f 824 826 4462
f 826 828 4462
f 4462 828 4463
f 828 830 4463
f 4463 830 4464
f 830 832 4464
f 4464 832 4476
f 4476 832 4477
f 832 834 4477
f 4477 834 5851
f 834 808 5851
f 5851 808 807
f 1154 4682 4681
f 1136 4676 4675
f 1103 4644 4631
f 1103 4631 1105
f 4628 1107 4629
f 1107 1105 4629
f 4629 1105 4630
f 1105 4631 4630
f 1113 1111 4628
f 1111 1109 4628
f 4628 1109 1107
f 4628 4627 1113
f 4627 4626 1113
f 1113 4626 1115
f 4626 4625 1115
f 1115 4625 1117
f 4625 4624 1117
f 1117 4624 1119
f 4624 1120 1119
f 1120 4624 1121
f 4624 4623 1121
f 1121 4623 1123
f 1123 4623 1125
f 4623 4622 1125
f 1125 4622 1127
f 4622 4680 1127
f 1127 4680 1129
f 1129 4680 1130
f 4680 4679 1130
f 1130 4679 1132
f 4679 4678 1132
f 4678 4676 1132
f 1132 4676 1134
f 4676 1136 1134
f 1143 1141 4677
f 1141 1139 4677
f 4677 1139 4675
f 1139 1137 4675
f 4675 1137 1136
f 1143 4677 1144
f 4677 4686 1144
f 1144 4686 1146
f 4686 4685 1146
f 1146 4685 1148
f 1154 1151 4682
f 1151 1149 4682
f 4682 1149 4683
f 1149 1148 4683
f 4683 1148 4684
f 1148 4685 4684
f 1162 1163 4681
f 1163 1155 4681
f 4681 1155 1154
f 4681 4693 1162
f 4693 4692 1162
f 1162 4692 1160
f 4692 4691 1160
f 1160 4691 1158
f 4691 1156 1158
f 1175 1176 4688
f 1176 1164 4688
f 4688 1164 4689
f 1164 1156 4689
f 4689 1156 4690
f 1156 4691 4690
f 1175 4688 1173
f 4688 4687 1173
f 1173 4687 1171
f 4687 4696 1171
f 1171 4696 1169
f 4696 4695 1169
f 1169 4695 1167
f 807 1100 5851
f 1100 4478 5851
f 5851 4478 4477
f 1167 4695 4694
f 1167 4694 1979
f 4694 4697 1979
f 1979 4697 1977
f 4697 4698 1977
f 1977 4698 1975
f 4698 4699 1975
f 1975 4699 1029
f 4711 1077 1076
f 4478 1100 1098
f 1096 4480 1098
f 4480 4479 1098
f 1098 4479 4478
f 1096 1094 4480
f 1094 1093 4480
f 4480 1093 4481
f 1093 1091 4481
f 4481 1091 4482
f 1091 1089 4482
f 4482 1089 4483
f 1089 1087 4483
f 4483 1087 4484
f 1087 1085 4484
f 1085 1083 4484
f 4484 1083 4485
f 1083 1081 4485
f 4485 1081 4711
f 1081 1079 4711
f 4711 1079 1077
f 1071 4715 1072
f 4715 4714 1072
f 1072 4714 1074
f 4714 4713 1074
f 1074 4713 1076
f 4713 4712 1076
f 1076 4712 4711
f 1071 1069 4715
f 1069 1068 4715
f 4715 1068 4716
f 1068 1066 4716
f 1049 4708 1051
f 4708 4706 1051
f 1051 4706 1053
f 4706 4705 1053
f 1053 4705 1055
f 4705 4707 1055
f 1055 4707 1056
f 4707 4720 1056
f 1056 4720 1058
f 4720 4719 1058
f 1058 4719 1060
f 4719 4718 1060
f 1060 4718 1061
f 4718 4717 1061
f 1061 4717 1063
f 4717 4716 1063
f 1063 4716 1064
f 4716 1066 1064
f 1038 4702 1040
f 4702 4701 1040
f 1040 4701 1042
f 4701 4710 1042
f 1042 4710 1044
f 4710 4709 1044
f 1044 4709 1046
f 4709 4708 1046
f 1046 4708 1048
f 4708 1049 1048
f 1038 1036 4702
f 1036 1034 4702
f 4702 1034 4703
f 1034 1032 4703
f 4703 1032 4704
f 1032 1030 4704
f 4704 1030 4700
f 1030 1029 4700
f 4700 1029 4699
f 2854 2970 2853
f 2970 2968 2853
f 2853 2968 2851
f 2968 2966 2851
f 2851 2966 2849
f 2966 2964 2849
f 2849 2964 2847
f 2964 2962 2847
f 2847 2962 2845
f 2962 2960 2845
f 2845 2960 2843
f 2960 2958 2843
f 2843 2958 2841
f 2958 2956 2841
f 2841 2956 2839
f 2956 2954 2839
f 2839 2954 2837
f 2954 2952 2837
f 2837 2952 2835
f 2952 2950 2835
f 2835 2950 2833
f 2950 2948 2833
f 2833 2948 2831
f 2948 2946 2831
f 2831 2946 2829
f 2946 3088 2829
f 2829 3088 2827
f 3088 3086 2827
f 2827 3086 2825
f 3086 3084 2825
f 2825 3084 2823
f 3084 3082 2823
f 2823 3082 2821
f 3082 3080 2821
f 2821 3080 2819
f 3080 3078 2819
f 2819 3078 2818
f 3078 3076 2818
f 2818 3076 2816
f 3076 3074 2816
f 2816 3074 2814
f 3074 3072 2814
f 2814 3072 2812
f 3072 3070 2812
f 2812 3070 2810
f 3070 3068 2810
f 2810 3068 2808
f 3068 3066 2808
f 2808 3066 2806
f 3066 3064 2806
f 2806 3064 2804
f 3064 3062 2804
f 2804 3062 2802
f 3062 3060 2802
f 2802 3060 2800
f 3060 3058 2800
f 2800 3058 2798
f 3058 3056 2798
f 2798 3056 2796
f 3056 3054 2796
f 2796 3054 2794
f 3054 3052 2794
f 2794 3052 2792
f 3052 3050 2792
f 2792 3050 2790
f 3050 3048 2790
f 2790 3048 2788
f 3048 3046 2788
f 2788 3046 2786
f 3046 3044 2786
f 2786 3044 2784
f 3044 3042 2784
f 2784 3042 2923
f 3042 3040 2923
f 2923 3040 2921
f 3040 3038 2921
f 2921 3038 2919
f 3038 3036 2919
f 2919 3036 2917
f 3036 3034 2917
f 2917 3034 2915
f 3034 3032 2915
f 2915 3032 2913
f 3032 3030 2913
f 2913 3030 2911
f 3030 3028 2911
f 2911 3028 2909
f 3028 3026 2909
f 2909 3026 2907
f 3026 3024 2907
f 2907 3024 2905
f 3024 3022 2905
f 2905 3022 2903
f 3022 3020 2903
f 2903 3020 2901
f 3020 3018 2901
f 2901 3018 2899
f 3018 3016 2899
f 2899 3016 2897
f 3016 3014 2897
f 2897 3014 2895
f 3014 3012 2895
f 2895 3012 2893
f 3012 3010 2893
f 2893 3010 2891
f 3010 3008 2891
f 2891 3008 2889
f 3008 3006 2889
f 2889 3006 2888
f 3006 3004 2888
f 2888 3004 2886
f 3004 3002 2886
f 2886 3002 2884
f 3002 3000 2884
f 2884 3000 2882
f 3000 2998 2882
f 2882 2998 2880
f 2998 2996 2880
f 2880 2996 2878
f 2996 2994 2878
f 2878 2994 2876
f 2994 2992 2876
f 2876 2992 2874
f 2992 2990 2874
f 2874 2990 2872
f 2990 2988 2872
f 2872 2988 2870
f 2988 2986 2870
f 2870 2986 2868
f 2986 2984 2868
f 2868 2984 2866
f 2984 2982 2866
f 2866 2982 2864
f 2982 2980 2864
f 2864 2980 2862
f 2980 2978 2862
f 2862 2978 2860
f 2978 2976 2860
f 2860 2976 2858
f 2976 2974 2858
f 2858 2974 2856
f 2974 2972 2856
f 2856 2972 2854
f 2972 2970 2854
f 3361 3196 3273
f 3196 3194 3273
f 3273 3194 3275
f 3194 3192 3275
f 3275 3192 3277
f 3192 3190 3277
f 3277 3190 3279
f 3190 3188 3279
f 3279 3188 3281
f 3188 3186 3281
f 3281 3186 3283
f 3186 3184 3283
f 3283 3184 3285
f 3184 3182 3285
f 3285 3182 3287
f 3182 3180 3287
f 3287 3180 3289
f 3180 3178 3289
f 3289 3178 3291
f 3178 3176 3291
f 3291 3176 3293
f 3176 3174 3293
f 3293 3174 3295
f 3174 3172 3295
f 3295 3172 3297
f 3172 3170 3297
f 3297 3170 3299
f 3170 3168 3299
f 3299 3168 3301
f 3168 3166 3301
f 3301 3166 3303
f 3166 3164 3303
f 3303 3164 3305
f 3164 3162 3305
f 3305 3162 3307
f 3162 3160 3307
f 3307 3160 3308
f 3160 3158 3308
f 3308 3158 3309
f 3158 3156 3309
f 3309 3156 3310
f 3156 3154 3310
f 3310 3154 3311
f 3154 3152 3311
f 3311 3152 3312
f 3152 3150 3312
f 3312 3150 3313
f 3150 3148 3313
f 3313 3148 3314
f 3148 3146 3314
f 3314 3146 3315
f 3146 3144 3315
f 3315 3144 3316
f 3144 3142 3316
f 3316 3142 3317
f 3142 3140 3317
f 3317 3140 3318
f 3140 3138 3318
f 3318 3138 3319
f 3138 3136 3319
f 3319 3136 3320
f 3136 3134 3320
f 3320 3134 3321
f 3134 3132 3321
f 3321 3132 3322
f 3132 3130 3322
f 3322 3130 3323
f 3130 3272 3323
f 3323 3272 3324
f 3272 3270 3324
f 3324 3270 3325
f 3270 3268 3325
f 3325 3268 3326
f 3268 3266 3326
f 3326 3266 3327
f 3266 3264 3327
f 3327 3264 3328
f 3264 3262 3328
f 3328 3262 3329
f 3262 3260 3329
f 3329 3260 3330
f 3260 3258 3330
f 3330 3258 3331
f 3258 3256 3331
f 3331 3256 3332
f 3256 3254 3332
f 3332 3254 3333
f 3254 3252 3333
f 3333 3252 3334
f 3252 3250 3334
f 3334 3250 3335
f 3250 3248 3335
f 3335 3248 3336
f 3248 3246 3336
f 3336 3246 3337
f 3246 3244 3337
f 3337 3244 3338
f 3244 3242 3338
f 3338 3242 3339
f 3242 3240 3339
f 3339 3240 3340
f 3240 3238 3340
f 3340 3238 3341
f 3238 3236 3341
f 3341 3236 3342
f 3236 3234 3342
f 3342 3234 3343
f 3234 3232 3343
f 3343 3232 3344
f 3232 3230 3344
f 3344 3230 3345
f 3230 3228 3345
f 3345 3228 3346
f 3228 3226 3346
f 3346 3226 3347
f 3226 3224 3347
f 3347 3224 3348
f 3224 3222 3348
f 3348 3222 3349
f 3222 3220 3349
f 3349 3220 3350
f 3220 3218 3350
f 3350 3218 3351
f 3218 3216 3351
f 3351 3216 3352
f 3216 3214 3352
f 3352 3214 3353
f 3214 3212 3353
f 3353 3212 3354
f 3212 3210 3354
f 3354 3210 3355
f 3210 3208 3355
f 3355 3208 3356
f 3208 3206 3356
f 3356 3206 3357
f 3206 3204 3357
f 3357 3204 3358
f 3204 3202 3358
f 3358 3202 3359
f 3202 3200 3359
f 3359 3200 3360
f 3200 3198 3360
f 3360 3198 3361
f 3198 3196 3361
f 4159 4158 5128
f 5128 4158 5129
f 4158 4157 5129
f 5129 4157 5130
f 4157 4156 5130
f 5130 4156 5131
f 4156 4155 5131
f 5131 4155 5132
f 4155 4154 5132
f 5132 4154 5133
f 4154 4153 5133
f 5133 4153 5134
f 4153 4147 5134
f 5134 4147 5135
f 4147 4146 5135
f 5135 4146 5300
f 4146 4150 5300
f 5300 4150 5301
f 4150 4149 5301
f 5301 4149 5302
f 4149 4148 5302
f 5302 4148 5303
f 4148 4152 5303
f 5303 4152 5304
f 4152 4151 5304
f 5304 4151 5298
f 4151 4145 5298
f 4145 4143 5298
f 5298 4143 5299
f 4143 4142 5299
f 5299 4142 5305
f 4142 4188 5305
f 5305 4188 5306
f 5306 4188 5307
f 4188 4187 5307
f 5307 4187 5291
f 4187 4186 5291
f 4186 4185 5291
f 5291 4185 5292
f 5292 4185 5293
f 4185 4184 5293
f 5293 4184 5294
f 4184 4183 5294
f 5294 4183 5295
f 4183 4182 5295
f 5295 4182 5296
f 4182 4181 5296
f 5296 4181 5297
f 4181 4180 5297
f 5297 4180 5282
f 4180 4179 5282
f 5282 4179 5283
f 4179 4178 5283
f 5283 4178 5284
f 4178 4177 5284
f 5284 4177 5285
f 4177 4176 5285
f 5285 4176 5286
f 4176 4175 5286
f 5286 4175 5287
f 4175 4174 5287
f 5287 4174 5288
f 4174 4173 5288
f 5288 4173 5289
f 4173 4204 5289
f 5289 4204 5290
f 4204 4203 5290
f 4203 4202 5290
f 5290 4202 5274
f 4202 4201 5274
f 5274 4201 5275
f 4201 4200 5275
f 5275 4200 5276
f 4200 4199 5276
f 5276 4199 5277
f 4199 4198 5277
f 5277 4198 5278
f 4198 4197 5278
f 5278 4197 5279
f 4197 4196 5279
f 5279 4196 5280
f 4196 4195 5280
f 5280 4195 5281
f 4195 4194 5281
f 5281 4194 5267
f 4194 4193 5267
f 5267 4193 5268
f 4193 4192 5268
f 5268 4192 5269
f 4192 4190 5269
f 5269 4190 5270
f 4190 4189 5270
f 5270 4189 5271
f 4189 4238 5271
f 5271 4238 5272
f 4238 4237 5272
f 5272 4237 5273
f 4237 4236 5273
f 5273 4236 5258
f 4236 4235 5258
f 5258 4235 5259
f 4235 4234 5259
f 5259 4234 5260
f 4234 4233 5260
f 5260 4233 5261
f 4233 4232 5261
f 5261 4232 5262
f 4232 4231 5262
f 5262 4231 5263
f 4231 4230 5263
f 5263 4230 5264
f 4230 4229 5264
f 5264 4229 5265
f 4229 4228 5265
f 5265 4228 5266
f 4228 4227 5266
f 5266 4227 5245
f 4227 4226 5245
f 5245 4226 5243
f 4226 4225 5243
f 5243 4225 5244
f 4225 4224 5244
f 5244 4224 5247
f 4224 4223 5247
f 5247 4223 5248
f 4223 4221 5248
f 5248 4221 5249
f 5249 4221 5246
f 4221 4220 5246
f 5246 4220 5250
f 4220 4219 5250
f 5250 4219 5251
f 4219 4218 5251
f 5251 4218 5252
f 4218 4217 5252
f 5252 4217 5253
f 4217 4216 5253
f 5253 4216 5254
f 4216 4215 5254
f 5254 4215 5255
f 4215 4212 5255
f 5255 4212 5256
f 4212 4211 5256
f 5256 4211 5257
f 4211 4210 5257
f 5257 4210 5073
f 4210 4209 5073
f 5073 4209 5074
f 4209 4214 5074
f 5074 4214 5075
f 4214 4213 5075
f 5075 4213 5076
f 4213 4208 5076
f 5076 4208 5077
f 4208 4207 5077
f 4207 4206 5077
f 5077 4206 5078
f 4206 4205 5078
f 5078 4205 5079
f 4205 4253 5079
f 5079 4253 5086
f 5086 4253 5080
f 4253 4252 5080
f 5080 4252 5081
f 4252 4251 5081
f 4251 4250 5081
f 5081 4250 5082
f 5082 4250 5083
f 4250 4249 5083
f 5083 4249 5084
f 4249 4248 5084
f 5084 4248 5085
f 4248 4247 5085
f 5085 4247 5094
f 4247 4246 5094
f 5094 4246 5093
f 4246 4245 5093
f 5093 4245 5087
f 4245 4244 5087
f 5087 4244 5088
f 4244 4243 5088
f 5088 4243 5089
f 4243 4242 5089
f 5089 4242 5090
f 4242 4239 5090
f 5090 4239 5091
f 4239 4240 5091
f 5091 4240 5092
f 4240 4241 5092
f 5092 4241 5096
f 4241 4272 5096
f 5096 4272 5095
f 4272 4271 5095
f 5095 4271 5097
f 5128 5127 4159
f 5127 5126 4159
f 4159 5126 4160
f 5126 5124 4160
f 4160 5124 4161
f 5124 5123 4161
f 4161 5123 4162
f 5123 5122 4162
f 4162 5122 4163
f 5122 5121 4163
f 4163 5121 4164
f 5121 5125 4164
f 4164 5125 4165
f 5125 5120 4165
f 4165 5120 4166
f 5120 5119 4166
f 4166 5119 4167
f 5119 5118 4167
f 4167 5118 4168
f 5118 5117 4168
f 4168 5117 4169
f 5117 5116 4169
f 4169 5116 4170
f 5116 5115 4170
f 4170 5115 4140
f 5115 5114 4140
f 4140 5114 4141
f 5114 5113 4141
f 4141 5113 4256
f 5113 5111 4256
f 4256 5111 4257
f 5111 5110 4257
f 4257 5110 4258
f 5110 5112 4258
f 4258 5112 4254
f 5112 5103 4254
f 4254 5103 4255
f 5103 5109 4255
f 4255 5109 4261
f 5109 5108 4261
f 4261 5108 4262
f 5108 5107 4262
f 4262 5107 4259
f 5107 5106 4259
f 4259 5106 4260
f 5106 5105 4260
f 4260 5105 4263
f 5105 5104 4263
f 4263 5104 4264
f 5104 5102 4264
f 4264 5102 4265
f 5102 5101 4265
f 4265 5101 4266
f 5101 5100 4266
f 4266 5100 4267
f 5100 5099 4267
f 4267 5099 4268
f 5099 5098 4268
f 4268 5098 4269
f 5098 5097 4269
f 4269 5097 4270
f 5097 4271 4270
f 4729 3766 3765
f 4729 3765 4730
f 3765 3760 4730
f 4730 3760 4725
f 3760 3759 4725
f 4725 3759 4726
f 3759 3761 4726
f 4726 3761 4727
f 3761 3764 4727
f 4727 3764 4728
f 3764 3763 4728
f 4728 3763 4731
f 3763 3762 4731
f 4731 3762 4732
f 3762 3674 4732
f 4732 3674 4733
f 3674 3673 4733
f 4733 3673 4734
f 3673 3672 4734
f 4734 3672 4735
f 3672 3671 4735
f 4735 3671 4736
f 3671 3670 4736
f 4736 3670 4737
f 3670 3669 4737
f 4737 3669 4738
f 3669 3668 4738
f 3668 3661 4738
f 4738 3661 4739
f 3661 3660 4739
f 4739 3660 4740
f 3660 3664 4740
f 4740 3664 4741
f 3664 3663 4741
f 4741 3663 4742
f 3663 3662 4742
f 4742 3662 4743
f 3662 3667 4743
f 4743 3667 4744
f 3667 3666 4744
f 4744 3666 4745
f 3666 3665 4745
f 4745 3665 4746
f 3665 3659 4746
f 4746 3659 4747
f 3659 3658 4747
f 4747 3658 4748
f 3658 3657 4748
f 4748 3657 4749
f 3657 3656 4749
f 4749 3656 4750
f 3656 3655 4750
f 4750 3655 4751
f 3655 3654 4751
f 4751 3654 4839
f 3654 3651 4839
f 4839 3651 4840
f 3651 3653 4840
f 4840 3653 4841
f 3653 3652 4841
f 4841 3652 4837
f 3652 3650 4837
f 4837 3650 4838
f 3650 3649 4838
f 4838 3649 4842
f 3649 3648 4842
f 4842 3648 4843
f 3648 3647 4843
f 4843 3647 4844
f 3647 3646 4844
f 4844 3646 4845
f 3646 3638 4845
f 4845 3638 4846
f 3638 3645 4846
f 4846 3645 4847
f 3645 3644 4847
f 4847 3644 4848
f 3644 3643 4848
f 4848 3643 4849
f 3643 3642 4849
f 4849 3642 4850
f 3642 3641 4850
f 4850 3641 4851
f 3641 3640 4851
f 4851 3640 4852
f 3640 3639 4852
f 4852 3639 4853
f 4853 3639 4820
f 3639 3637 4820
f 4820 3637 4821
f 3637 3631 4821
f 4821 3631 4822
f 3631 3630 4822
f 4822 3630 4823
f 3630 3634 4823
f 4823 3634 4824
f 3634 3633 4824
f 4824 3633 4825
f 3633 3632 4825
f 4825 3632 4826
f 3632 3636 4826
f 4826 3636 4827
f 3636 3635 4827
f 4827 3635 4828
f 3635 3575 4828
f 4828 3575 4829
f 3575 3574 4829
f 4829 3574 4830
f 3574 3629 4830
f 4830 3629 4831
f 3629 3628 4831
f 4831 3628 4832
f 3628 3627 4832
f 4832 3627 4833
f 3627 3626 4833
f 3626 3625 4833
f 4833 3625 4834
f 4834 3625 4835
f 3625 3622 4835
f 4835 3622 4836
f 3622 3623 4836
f 3623 3620 4836
f 4836 3620 4789
f 3620 3618 4789
f 4789 3618 4790
f 3618 3617 4790
f 4790 3617 4791
f 4791 3617 4792
f 3617 3616 4792
f 4792 3616 4796
f 3616 3615 4796
f 4796 3615 4797
f 3615 3614 4797
f 4797 3614 4795
f 3614 3613 4795
f 4795 3613 4793
f 3613 3611 4793
f 4793 3611 4794
f 3611 3609 4794
f 4794 3609 4798
f 3609 3608 4798
f 4798 3608 4799
f 3608 3607 4799
f 4799 3607 4800
f 3607 3606 4800
f 4800 3606 4801
f 3606 3605 4801
f 4801 3605 4802
f 3605 3604 4802
f 4802 3604 4803
f 3604 3602 4803
f 4803 3602 4804
f 3602 3601 4804
f 4804 3601 4805
f 3601 3600 4805
f 3600 3599 4805
f 4805 3599 4806
f 3599 3598 4806
f 4806 3598 4807
f 3598 3597 4807
f 4807 3597 4808
f 3597 3596 4808
f 4808 3596 4809
f 3596 3595 4809
f 4809 3595 4810
f 3595 3774 4810
f 4810 3774 4811
f 3774 3773 4811
f 4811 3773 4812
f 3773 3772 4812
f 4812 3772 4813
f 3772 3771 4813
f 4813 3771 4814
f 3771 3776 4814
f 4814 3776 4815
f 3776 3775 4815
f 4815 3775 4816
f 3775 3770 4816
f 4816 3770 4786
f 3770 3769 4786
f 4786 3769 4787
f 3769 3768 4787
f 4787 3768 4817
f 3768 3783 4817
f 4817 3783 4818
f 3783 3782 4818
f 4818 3782 4819
f 3782 3781 4819
f 4819 3781 4771
f 3781 3780 4771
f 4771 3780 4772
f 3780 3779 4772
f 4772 3779 4774
f 3779 3778 4774
f 4774 3778 4775
f 3778 3777 4775
f 4775 3777 4776
f 3777 3791 4776
f 4776 3791 4777
f 3791 3790 4777
f 4777 3790 4778
f 3790 3789 4778
f 4778 3789 4779
f 3789 3788 4779
f 4779 3788 4780
f 3788 3787 4780
f 4780 3787 4781
f 3787 3786 4781
f 4781 3786 4782
f 3786 3785 4782
f 4782 3785 4783
f 3785 3784 4783
f 4783 3784 4784
f 3784 3800 4784
f 4784 3800 4785
f 4785 3800 4753
f 3800 3799 4753
f 4753 3799 4755
f 3799 3798 4755
f 4755 3798 4756
f 3798 3797 4756
f 4756 3797 4757
f 3797 3796 4757
f 4757 3796 4758
f 3796 3795 4758
f 4758 3795 4759
f 3795 3794 4759
f 4759 3794 4760
f 3794 3793 4760
f 4760 3793 4761
f 3793 3792 4761
f 4761 3792 4762
f 3792 3810 4762
f 4762 3810 4763
f 3810 3809 4763
f 4763 3809 4764
f 3809 3808 4764
f 4764 3808 4765
f 3808 3807 4765
f 4765 3807 4766
f 3807 3806 4766
f 4766 3806 4767
f 3806 3805 4767
f 3805 3804 4767
f 4767 3804 4768
f 4768 3804 4769
f 3804 3803 4769
f 4769 3803 4770
f 4729 4724 3766
f 4724 4722 3766
f 3766 4722 3767
f 4722 4721 3767
f 3767 4721 3801
f 4721 4770 3801
f 3801 4770 3802
f 4770 3803 3802
f 4322 4321 5352
f 4321 5353 5352
f 4321 4320 5353
f 4320 4319 5353
f 5353 4319 5354
f 5354 4319 5355
f 4319 4318 5355
f 5355 4318 5356
f 4318 4317 5356
f 5356 4317 5357
f 4317 4316 5357
f 5357 4316 5358
f 4316 4315 5358
f 5358 4315 5359
f 4315 4314 5359
f 5359 4314 5341
f 4314 4313 5341
f 5341 4313 5342
f 4313 4312 5342
f 5342 4312 5343
f 4312 4311 5343
f 5343 4311 5344
f 4311 4310 5344
f 5344 4310 5345
f 4310 4309 5345
f 5345 4309 5346
f 4309 4308 5346
f 5346 4308 5347
f 4308 4307 5347
f 5347 4307 5348
f 4307 4305 5348
f 5348 4305 5349
f 4305 4337 5349
f 4337 4336 5349
f 5349 4336 5333
f 4336 4335 5333
f 5333 4335 5334
f 4335 4334 5334
f 5334 4334 5335
f 4334 4333 5335
f 5335 4333 5336
f 4333 4332 5336
f 5336 4332 5337
f 4332 4331 5337
f 5337 4331 5338
f 4331 4330 5338
f 5338 4330 5339
f 4330 4329 5339
f 5339 4329 5340
f 4329 4328 5340
f 5340 4328 5326
f 4328 4327 5326
f 5326 4327 5327
f 4327 4326 5327
f 5327 4326 5328
f 4326 4324 5328
f 5328 4324 5329
f 4324 4323 5329
f 5329 4323 5330
f 4323 4371 5330
f 5330 4371 5331
f 4371 4370 5331
f 5331 4370 5332
f 4370 4369 5332
f 5332 4369 5317
f 4369 4368 5317
f 5317 4368 5318
f 4368 4367 5318
f 5318 4367 5319
f 4367 4366 5319
f 5319 4366 5324
f 4366 4365 5324
f 5324 4365 5325
f 4365 4364 5325
f 5325 4364 5320
f 4364 4363 5320
f 5320 4363 5321
f 4363 4362 5321
f 5321 4362 5322
f 4362 4361 5322
f 5322 4361 5323
f 4361 4360 5323
f 5323 4360 5167
f 4360 4359 5167
f 5167 4359 5168
f 4359 4358 5168
f 5168 4358 5169
f 4358 4357 5169
f 5169 4357 5170
f 4357 4356 5170
f 5170 4356 5171
f 4356 4355 5171
f 5171 4355 5172
f 5172 4355 5173
f 4355 4353 5173
f 5173 4353 5174
f 4353 4352 5174
f 5174 4352 5175
f 4352 4351 5175
f 5175 4351 5176
f 4351 4350 5176
f 5176 4350 5177
f 4350 4349 5177
f 5177 4349 5178
f 4349 4348 5178
f 5178 4348 5179
f 4348 4347 5179
f 5179 4347 5180
f 4347 4343 5180
f 5180 4343 5181
f 4343 4342 5181
f 5181 4342 5182
f 4342 4344 5182
f 5182 4344 5183
f 4344 4346 5183
f 5183 4346 5184
f 4346 4345 5184
f 5184 4345 5185
f 4345 4341 5185
f 5185 4341 5186
f 4341 4340 5186
f 4340 4339 5186
f 5186 4339 5187
f 4339 4338 5187
f 5187 4338 5188
f 4338 4388 5188
f 5188 4388 5190
f 5190 4388 5189
f 4388 4387 5189
f 5189 4387 5191
f 4387 4386 5191
f 4386 4385 5191
f 5191 4385 5192
f 5192 4385 5193
f 4385 4384 5193
f 5193 4384 5194
f 4384 4383 5194
f 5194 4383 5195
f 4383 4382 5195
f 5195 4382 5071
f 4382 4381 5071
f 5071 4381 5072
f 4381 4380 5072
f 5072 4380 5201
f 4380 4379 5201
f 5201 4379 5202
f 4379 4378 5202
f 5202 4378 5198
f 4378 4377 5198
f 5198 4377 5199
f 4377 4376 5199
f 5199 4376 5200
f 4376 4375 5200
f 5200 4375 5196
f 4375 4374 5196
f 5196 4374 5197
f 4374 4373 5197
f 5197 4373 5203
f 4373 4372 5203
f 5203 4372 5205
f 4372 4405 5205
f 4405 4404 5205
f 5205 4404 5206
f 4404 4403 5206
f 5206 4403 5207
f 4403 4402 5207
f 5207 4402 5208
f 4402 4401 5208
f 5208 4401 5209
f 4401 4400 5209
f 5209 4400 5210
f 4400 4399 5210
f 5210 4399 5211
f 4399 4398 5211
f 5211 4398 5204
f 4398 4397 5204
f 5204 4397 5212
f 4397 4396 5212
f 5212 4396 5213
f 4396 4395 5213
f 5213 4395 5214
f 4395 4394 5214
f 5214 4394 5215
f 4394 4390 5215
f 5215 4390 5216
f 4390 4389 5216
f 5216 4389 5218
f 4389 4393 5218
f 5218 4393 5219
f 4393 4392 5219
f 5219 4392 5217
f 4392 4391 5217
f 5217 4391 5220
f 4391 4303 5220
f 5220 4303 5221
f 4303 4302 5221
f 5221 4302 5222
f 4302 4301 5222
f 5222 4301 5223
f 4301 4300 5223
f 5223 4300 5224
f 4300 4299 5224
f 5224 4299 5225
f 4299 4298 5225
f 5225 4298 5231
f 4298 4297 5231
f 5231 4297 5232
f 4297 4296 5232
f 5232 4296 5233
f 4296 4295 5233
f 5233 4295 5228
f 4295 4294 5228
f 5228 4294 5229
f 4294 4293 5229
f 5229 4293 5230
f 4293 4292 5230
f 5230 4292 5226
f 4292 4291 5226
f 5226 4291 5227
f 4291 4290 5227
f 5227 4290 5234
f 5234 4290 5235
f 4290 4289 5235
f 5235 4289 5236
f 4289 4288 5236
f 5236 4288 5237
f 4288 4287 5237
f 5237 4287 5238
f 4287 4286 5238
f 5238 4286 5239
f 4286 4285 5239
f 5239 4285 5240
f 4285 4284 5240
f 5240 4284 5311
f 4284 4283 5311
f 5311 4283 5312
f 4283 4282 5312
f 5312 4282 5313
f 4282 4281 5313
f 5313 4281 5310
f 4281 4278 5310
f 5310 4278 5308
f 4278 4277 5308
f 5308 4277 5309
f 4277 4280 5309
f 5309 4280 5314
f 4280 4279 5314
f 5314 4279 5315
f 5352 5351 4322
f 5351 5350 4322
f 4322 5350 4273
f 5350 5316 4273
f 4273 5316 4274
f 5316 5315 4274
f 4274 5315 4276
f 5315 4279 4276
f 4873 4872 3744
f 3744 4872 3752
f 4872 4871 3752
f 3752 4871 3753
f 4871 4870 3753
f 3753 4870 3754
f 4870 4869 3754
f 3754 4869 3755
f 4869 4868 3755
f 3755 4868 3756
f 4868 4867 3756
f 3756 4867 3757
f 4867 4861 3757
f 3757 4861 3758
f 4861 4860 3758
f 3758 4860 3853
f 4860 4864 3853
f 3853 4864 3854
f 4864 4863 3854
f 3854 4863 3855
f 4863 4862 3855
f 3855 4862 3856
f 4862 4866 3856
f 3856 4866 3857
f 4866 4865 3857
f 3857 4865 3851
f 4865 4859 3851
f 4859 4857 3851
f 3851 4857 3852
f 4857 4856 3852
f 3852 4856 3858
f 4856 4905 3858
f 3858 4905 3859
f 3859 4905 3860
f 4905 4904 3860
f 3860 4904 3844
f 4904 4903 3844
f 4903 4902 3844
f 3844 4902 3845
f 3845 4902 3846
f 4902 4901 3846
f 3846 4901 3847
f 4901 4900 3847
f 3847 4900 3848
f 4900 4899 3848
f 3848 4899 3849
f 4899 4898 3849
f 3849 4898 3850
f 4898 4897 3850
f 3850 4897 3835
f 4897 4896 3835
f 3835 4896 3836
f 4896 4895 3836
f 3836 4895 3837
f 4895 4894 3837
f 3837 4894 3838
f 4894 4893 3838
f 3838 4893 3839
f 4893 4892 3839
f 3839 4892 3840
f 4892 4891 3840
f 3840 4891 3841
f 4891 4890 3841
f 3841 4890 3842
f 4890 4921 3842
f 3842 4921 3843
f 4921 4920 3843
f 4920 4919 3843
f 3843 4919 3827
f 4919 4918 3827
f 3827 4918 3828
f 4918 4917 3828
f 3828 4917 3829
f 4917 4916 3829
f 3829 4916 3830
f 4916 4915 3830
f 3830 4915 3831
f 4915 4914 3831
f 3831 4914 3832
f 4914 4913 3832
f 3832 4913 3833
f 4913 4912 3833
f 3833 4912 3834
f 4912 4911 3834
f 3834 4911 3820
f 4911 4910 3820
f 3820 4910 3821
f 4910 4909 3821
f 3821 4909 3822
f 4909 4907 3822
f 3822 4907 3823
f 4907 4906 3823
f 3823 4906 3824
f 4906 4955 3824
f 3824 4955 3825
f 4955 4954 3825
f 3825 4954 3826
f 4954 4953 3826
f 3826 4953 3811
f 4953 4923 3811
f 3811 4923 3812
f 4923 4922 3812
f 3812 4922 3813
f 4922 4952 3813
f 3813 4952 3814
f 4952 4951 3814
f 3814 4951 3815
f 4951 4950 3815
f 3815 4950 3816
f 4950 4949 3816
f 3816 4949 3817
f 4949 4948 3817
f 3817 4948 3818
f 4948 4947 3818
f 3818 4947 3819
f 4947 4946 3819
f 3819 4946 3675
f 4946 4945 3675
f 3675 4945 3676
f 4945 4944 3676
f 3676 4944 3677
f 4944 4943 3677
f 3677 4943 3678
f 4943 4942 3678
f 3678 4942 3679
f 4942 4941 3679
f 3679 4941 3680
f 3680 4941 3681
f 4941 4940 3681
f 3681 4940 3682
f 4940 4939 3682
f 3682 4939 3683
f 4939 4938 3683
f 3683 4938 3684
f 4938 4937 3684
f 3684 4937 3685
f 4937 4936 3685
f 3685 4936 3686
f 4936 4935 3686
f 3686 4935 3687
f 4935 4928 3687
f 3687 4928 3688
f 4928 4927 3688
f 3688 4927 3689
f 4927 4929 3689
f 3689 4929 3690
f 4929 4934 3690
f 3690 4934 3691
f 4934 4933 3691
f 3691 4933 3692
f 4933 4932 3692
f 3692 4932 3693
f 4932 4931 3693
f 3693 4931 3694
f 4931 4930 3694
f 4930 4926 3694
f 3694 4926 3695
f 4926 4925 3695
f 3695 4925 3696
f 4925 4970 3696
f 3696 4970 3703
f 3703 4970 3697
f 4970 4969 3697
f 3697 4969 3698
f 4969 4968 3698
f 4968 4967 3698
f 3698 4967 3699
f 3699 4967 3700
f 4967 4966 3700
f 3700 4966 3701
f 4966 4965 3701
f 3701 4965 3702
f 4965 4964 3702
f 3702 4964 3711
f 4964 4963 3711
f 3711 4963 3710
f 4963 4962 3710
f 3710 4962 3704
f 4962 4961 3704
f 3704 4961 3705
f 4961 4960 3705
f 3705 4960 3706
f 4960 4959 3706
f 3706 4959 3707
f 4959 4958 3707
f 3707 4958 3708
f 4958 4957 3708
f 3708 4957 3709
f 4957 4956 3709
f 3709 4956 3713
f 4956 4986 3713
f 3713 4986 3712
f 4986 4985 3712
f 3712 4985 3714
f 3744 3743 4873
f 3743 3746 4873
f 4873 3746 4874
f 3746 3745 4874
f 4874 3745 4875
f 3745 3750 4875
f 4875 3750 4876
f 3750 3749 4876
f 4876 3749 4877
f 3749 3748 4877
f 4877 3748 4878
f 3748 3751 4878
f 4878 3751 4879
f 3751 3741 4879
f 4879 3741 4880
f 3741 3740 4880
f 4880 3740 4881
f 3740 3739 4881
f 4881 3739 4882
f 3739 3738 4882
f 4882 3738 4883
f 3738 3737 4883
f 4883 3737 4884
f 3737 3736 4884
f 4884 3736 4854
f 3736 3735 4854
f 4854 3735 4855
f 3735 3734 4855
f 4855 3734 4887
f 3734 3730 4887
f 4887 3730 4886
f 3730 3729 4886
f 4886 3729 4885
f 3729 3732 4885
f 4885 3732 4971
f 3732 3721 4971
f 4971 3721 4972
f 3721 3728 4972
f 4972 3728 4973
f 3728 3727 4973
f 4973 3727 4974
f 3727 3726 4974
f 4974 3726 4975
f 3726 3725 4975
f 4975 3725 4976
f 3725 3724 4976
f 4976 3724 4977
f 3724 3723 4977
f 4977 3723 4978
f 3723 3719 4978
f 4978 3719 4979
f 3719 3718 4979
f 4979 3718 4980
f 3718 3717 4980
f 4980 3717 4981
f 3717 3716 4981
f 4981 3716 4982
f 3716 3715 4982
f 4982 3715 4983
f 3715 3714 4983
f 4983 3714 4984
f 3714 4985 4984
f 2058 2576 2059
f 2576 2604 2059
f 2059 2604 2164
f 2604 2603 2164
f 2603 2602 2164
f 2164 2602 2165
f 2602 2601 2165
f 2165 2601 2166
f 2601 2600 2166
f 2166 2600 2167
f 2600 2599 2167
f 2167 2599 2168
f 2599 2598 2168
f 2168 2598 2169
f 2598 2597 2169
f 2169 2597 2170
f 2597 2596 2170
f 2170 2596 2171
f 2596 2595 2171
f 2171 2595 2172
f 2595 2594 2172
f 2172 2594 2173
f 2594 2609 2173
f 2173 2609 2174
f 2609 2608 2174
f 2174 2608 2175
f 2608 2607 2175
f 2175 2607 2176
f 2607 2606 2176
f 2176 2606 2156
f 2606 2605 2156
f 2156 2605 2157
f 2605 2616 2157
f 2157 2616 2158
f 2616 2615 2158
f 2615 2614 2158
f 2158 2614 2159
f 2614 2613 2159
f 2159 2613 2160
f 2613 2612 2160
f 2160 2612 2161
f 2612 2611 2161
f 2161 2611 2162
f 2611 2610 2162
f 2162 2610 2163
f 2610 2620 2163
f 2163 2620 2152
f 2620 2619 2152
f 2152 2619 2151
f 2619 2618 2151
f 2151 2618 2150
f 2618 2617 2150
f 2150 2617 2153
f 2617 2623 2153
f 2639 2138 2628
f 2138 2137 2628
f 2628 2137 2629
f 2137 2134 2629
f 2629 2134 2630
f 2134 2133 2630
f 2630 2133 2631
f 2133 2136 2631
f 2631 2136 2632
f 2136 2135 2632
f 2632 2135 2633
f 2135 2149 2633
f 2633 2149 2634
f 2149 2148 2634
f 2634 2148 2624
f 2148 2147 2624
f 2624 2147 2625
f 2147 2146 2625
f 2625 2146 2626
f 2146 2145 2626
f 2626 2145 2627
f 2145 2144 2627
f 2627 2144 2621
f 2144 2143 2621
f 2621 2143 2622
f 2143 2155 2622
f 2622 2155 2623
f 2155 2154 2623
f 2623 2154 2153
f 2639 2638 2138
f 2638 2637 2138
f 2138 2637 2139
f 2637 2636 2139
f 2139 2636 2140
f 2140 2636 2141
f 2636 2635 2141
f 2141 2635 2142
f 2635 2651 2142
f 2142 2651 2122
f 2651 2650 2122
f 2650 2649 2122
f 2122 2649 2123
f 2649 2648 2123
f 2123 2648 2124
f 2124 2648 2128
f 2648 2647 2128
f 2128 2647 2129
f 2647 2646 2129
f 2129 2646 2127
f 2646 2645 2127
f 2127 2645 2125
f 2645 2644 2125
f 2125 2644 2126
f 2644 2643 2126
f 2126 2643 2130
f 2643 2642 2130
f 2130 2642 2131
f 2642 2641 2131
f 2131 2641 2132
f 2641 2640 2132
f 2640 2407 2132
f 2132 2407 2112
f 2407 2406 2112
f 2112 2406 2113
f 2406 2405 2113
f 2113 2405 2114
f 2405 2404 2114
f 2114 2404 2115
f 2404 2403 2115
f 2115 2403 2116
f 2403 2397 2116
f 2116 2397 2117
f 2397 2396 2117
f 2396 2399 2117
f 2117 2399 2118
f 2399 2402 2118
f 2118 2402 2119
f 2402 2401 2119
f 2401 2400 2119
f 2119 2400 2120
f 2400 2395 2120
f 2120 2395 2121
f 2395 2394 2121
f 2121 2394 2101
f 2394 2393 2101
f 2101 2393 2102
f 2393 2392 2102
f 2102 2392 2103
f 2392 2391 2103
f 2103 2391 2104
f 2391 2390 2104
f 2104 2390 2105
f 2390 2389 2105
f 2105 2389 2106
f 2389 2388 2106
f 2106 2388 2107
f 2388 2387 2107
f 2107 2387 2108
f 2387 2385 2108
f 2108 2385 2109
f 2385 2384 2109
f 2109 2384 2110
f 2384 2379 2110
f 2110 2379 2111
f 2379 2378 2111
f 2111 2378 2093
f 2378 2383 2093
f 2093 2383 2094
f 2383 2382 2094
f 2382 2381 2094
f 2094 2381 2095
f 2381 2377 2095
f 2095 2377 2096
f 2377 2376 2096
f 2096 2376 2097
f 2376 2375 2097
f 2097 2375 2098
f 2375 2374 2098
f 2098 2374 2099
f 2374 2373 2099
f 2099 2373 2100
f 2373 2349 2100
f 2100 2349 2086
f 2349 2370 2086
f 2086 2370 2087
f 2370 2369 2087
f 2087 2369 2088
f 2369 2368 2088
f 2356 2071 2359
f 2071 2077 2359
f 2359 2077 2360
f 2077 2076 2360
f 2360 2076 2361
f 2076 2075 2361
f 2361 2075 2358
f 2075 2074 2358
f 2358 2074 2357
f 2074 2073 2357
f 2357 2073 2362
f 2073 2085 2362
f 2362 2085 2363
f 2085 2084 2363
f 2363 2084 2364
f 2084 2082 2364
f 2364 2082 2365
f 2082 2081 2365
f 2365 2081 2366
f 2081 2083 2366
f 2366 2083 2371
f 2083 2092 2371
f 2371 2092 2372
f 2092 2091 2372
f 2372 2091 2367
f 2091 2090 2367
f 2367 2090 2368
f 2090 2089 2368
f 2368 2089 2088
f 2356 2355 2071
f 2355 2354 2071
f 2071 2354 2072
f 2354 2353 2072
f 2072 2353 2078
f 2078 2353 2079
f 2353 2352 2079
f 2079 2352 2080
f 2352 2351 2080
f 2080 2351 2062
f 2351 2593 2062
f 2593 2592 2062
f 2062 2592 2063
f 2592 2591 2063
f 2063 2591 2064
f 2064 2591 2066
f 2591 2590 2066
f 2066 2590 2067
f 2590 2589 2067
f 2067 2589 2065
f 2589 2588 2065
f 2065 2588 2060
f 2588 2587 2060
f 2060 2587 2061
f 2587 2586 2061
f 2061 2586 2068
f 2586 2585 2068
f 2068 2585 2069
f 2585 2584 2069
f 2069 2584 2070
f 2584 2583 2070
f 2583 2582 2070
f 2070 2582 2056
f 2582 2581 2056
f 2056 2581 2055
f 2581 2579 2055
f 2055 2579 2053
f 2579 2578 2053
f 2053 2578 2054
f 2578 2577 2054
f 2054 2577 2057
f 2577 2575 2057
f 2057 2575 2058
f 2575 2574 2058
f 2058 2574 2576
f 2182 2454 2183
f 2454 2662 2183
f 2183 2662 2288
f 2662 2661 2288
f 2661 2660 2288
f 2288 2660 2289
f 2660 2659 2289
f 2289 2659 2290
f 2659 2658 2290
f 2290 2658 2291
f 2658 2657 2291
f 2291 2657 2292
f 2657 2656 2292
f 2292 2656 2293
f 2656 2655 2293
f 2293 2655 2294
f 2655 2654 2294
f 2294 2654 2295
f 2654 2653 2295
f 2295 2653 2296
f 2653 2652 2296
f 2296 2652 2297
f 2652 2667 2297
f 2297 2667 2298
f 2667 2666 2298
f 2298 2666 2299
f 2666 2665 2299
f 2299 2665 2300
f 2665 2664 2300
f 2300 2664 2280
f 2664 2663 2280
f 2280 2663 2281
f 2663 2674 2281
f 2281 2674 2282
f 2674 2673 2282
f 2673 2672 2282
f 2282 2672 2283
f 2672 2671 2283
f 2283 2671 2284
f 2671 2670 2284
f 2284 2670 2285
f 2670 2669 2285
f 2285 2669 2286
f 2669 2668 2286
f 2286 2668 2287
f 2668 2678 2287
f 2287 2678 2276
f 2678 2677 2276
f 2276 2677 2275
f 2677 2676 2275
f 2275 2676 2274
f 2676 2675 2274
f 2274 2675 2277
f 2675 2681 2277
f 2697 2262 2686
f 2262 2261 2686
f 2686 2261 2687
f 2261 2258 2687
f 2687 2258 2688
f 2258 2257 2688
f 2688 2257 2689
f 2257 2260 2689
f 2689 2260 2690
f 2260 2259 2690
f 2690 2259 2691
f 2259 2273 2691
f 2691 2273 2692
f 2273 2272 2692
f 2692 2272 2682
f 2272 2271 2682
f 2682 2271 2683
f 2271 2270 2683
f 2683 2270 2684
f 2270 2269 2684
f 2684 2269 2685
f 2269 2268 2685
f 2685 2268 2679
f 2268 2267 2679
f 2679 2267 2680
f 2267 2279 2680
f 2680 2279 2681
f 2279 2278 2681
f 2681 2278 2277
f 2697 2696 2262
f 2696 2695 2262
f 2262 2695 2263
f 2695 2694 2263
f 2263 2694 2264
f 2264 2694 2265
f 2694 2693 2265
f 2265 2693 2266
f 2693 2709 2266
f 2266 2709 2246
f 2709 2708 2246
f 2708 2707 2246
f 2246 2707 2247
f 2707 2706 2247
f 2247 2706 2248
f 2248 2706 2252
f 2706 2705 2252
f 2252 2705 2253
f 2705 2704 2253
f 2253 2704 2251
f 2704 2703 2251
f 2251 2703 2249
f 2703 2702 2249
f 2249 2702 2250
f 2702 2701 2250
f 2250 2701 2254
f 2701 2700 2254
f 2254 2700 2255
f 2700 2699 2255
f 2255 2699 2256
f 2699 2698 2256
f 2698 2529 2256
f 2256 2529 2236
f 2529 2528 2236
f 2236 2528 2237
f 2528 2527 2237
f 2237 2527 2238
f 2527 2526 2238
f 2238 2526 2239
f 2526 2525 2239
f 2239 2525 2240
f 2525 2519 2240
f 2240 2519 2241
f 2519 2518 2241
f 2518 2521 2241
f 2241 2521 2242
f 2521 2524 2242
f 2242 2524 2243
f 2524 2523 2243
f 2523 2522 2243
f 2243 2522 2244
f 2522 2517 2244
f 2244 2517 2245
f 2517 2516 2245
f 2245 2516 2225
f 2516 2515 2225
f 2225 2515 2226
f 2515 2514 2226
f 2226 2514 2227
f 2514 2513 2227
f 2227 2513 2228
f 2513 2512 2228
f 2228 2512 2229
f 2512 2511 2229
f 2229 2511 2230
f 2511 2510 2230
f 2230 2510 2231
f 2510 2509 2231
f 2231 2509 2232
f 2509 2507 2232
f 2232 2507 2233
f 2507 2506 2233
f 2233 2506 2234
f 2506 2501 2234
f 2234 2501 2235
f 2501 2500 2235
f 2235 2500 2217
f 2500 2505 2217
f 2217 2505 2218
f 2505 2504 2218
f 2504 2503 2218
f 2218 2503 2219
f 2503 2499 2219
f 2219 2499 2220
f 2499 2498 2220
f 2220 2498 2221
f 2498 2497 2221
f 2221 2497 2222
f 2497 2496 2222
f 2222 2496 2223
f 2496 2495 2223
f 2223 2495 2224
f 2495 2348 2224
f 2224 2348 2210
f 2348 2492 2210
f 2210 2492 2211
f 2492 2491 2211
f 2211 2491 2212
f 2491 2490 2212
f 2478 2195 2481
f 2195 2201 2481
f 2481 2201 2482
f 2201 2200 2482
f 2482 2200 2483
f 2200 2199 2483
f 2483 2199 2480
f 2199 2198 2480
f 2480 2198 2479
f 2198 2197 2479
f 2479 2197 2484
f 2197 2209 2484
f 2484 2209 2485
f 2209 2208 2485
f 2485 2208 2486
f 2208 2206 2486
f 2486 2206 2487
f 2206 2205 2487
f 2487 2205 2488
f 2205 2207 2488
f 2488 2207 2493
f 2207 2216 2493
f 2493 2216 2494
f 2216 2215 2494
f 2494 2215 2489
f 2215 2214 2489
f 2489 2214 2490
f 2214 2213 2490
f 2490 2213 2212
f 2478 2477 2195
f 2477 2476 2195
f 2195 2476 2196
f 2476 2475 2196
f 2196 2475 2202
f 2202 2475 2203
f 2475 2474 2203
f 2203 2474 2204
f 2474 2473 2204
f 2204 2473 2186
f 2473 2472 2186
f 2472 2470 2186
f 2186 2470 2187
f 2470 2469 2187
f 2187 2469 2188
f 2188 2469 2190
f 2469 2468 2190
f 2190 2468 2191
f 2468 2467 2191
f 2191 2467 2189
f 2467 2466 2189
f 2189 2466 2184
f 2466 2465 2184
f 2184 2465 2185
f 2465 2464 2185
f 2185 2464 2192
f 2464 2463 2192
f 2192 2463 2193
f 2463 2462 2193
f 2193 2462 2194
f 2462 2461 2194
f 2461 2460 2194
f 2194 2460 2180
f 2460 2459 2180
f 2180 2459 2179
f 2459 2457 2179
f 2179 2457 2177
f 2457 2456 2177
f 2177 2456 2178
f 2456 2455 2178
f 2178 2455 2181
f 2455 2453 2181
f 2181 2453 2182
f 2453 2452 2182
f 2182 2452 2454
f 3433 5366 3431
f 5366 5365 3431
f 3431 5365 3429
f 5365 5364 3429
f 3429 5364 3427
f 5364 5363 3427
f 3427 5363 3425
f 5363 5362 3425
f 3425 5362 3423
f 5362 5361 3423
f 3423 5361 3421
f 5361 5360 3421
f 3421 5360 3419
f 5360 5431 3419
f 3419 5431 3417
f 5431 5430 3417
f 3417 5430 3415
f 5430 5429 3415
f 3415 5429 3413
f 5429 5428 3413
f 3413 5428 3411
f 5428 5427 3411
f 3411 5427 3409
f 5427 5426 3409
f 3409 5426 3407
f 5426 5425 3407
f 3407 5425 3405
f 5425 5424 3405
f 3405 5424 3403
f 5424 5423 3403
f 3403 5423 3401
f 5423 5422 3401
f 3401 5422 3399
f 5422 5421 3399
f 3399 5421 3397
f 5421 5420 3397
f 3397 5420 3396
f 5420 5419 3396
f 3396 5419 3394
f 5419 5418 3394
f 3394 5418 3392
f 5418 5417 3392
f 3392 5417 3390
f 5417 5416 3390
f 3390 5416 3388
f 5416 5415 3388
f 3388 5415 3386
f 5415 5414 3386
f 3386 5414 3384
f 5414 5413 3384
f 3384 5413 3382
f 5413 5412 3382
f 3382 5412 3380
f 5412 5411 3380
f 3380 5411 3378
f 5411 5410 3378
f 3378 5410 3376
f 5410 5409 3376
f 3376 5409 3374
f 5409 5408 3374
f 3374 5408 3372
f 5408 5407 3372
f 3372 5407 3370
f 5407 5406 3370
f 3370 5406 3368
f 5406 5405 3368
f 3368 5405 3366
f 5405 5404 3366
f 3366 5404 3364
f 5404 5403 3364
f 3364 5403 3362
f 5403 5402 3362
f 3362 5402 3502
f 5402 5401 3502
f 3502 5401 3500
f 5401 5400 3500
f 3500 5400 3498
f 5400 5399 3498
f 3498 5399 3496
f 5399 5398 3496
f 3496 5398 3494
f 5398 5397 3494
f 3494 5397 3492
f 5397 5396 3492
f 3492 5396 3490
f 5396 5395 3490
f 3490 5395 3488
f 5395 5394 3488
f 3488 5394 3486
f 5394 5393 3486
f 3486 5393 3484
f 5393 5392 3484
f 3484 5392 3482
f 5392 5391 3482
f 3482 5391 3480
f 5391 5390 3480
f 3480 5390 3478
f 5390 5389 3478
f 3478 5389 3476
f 5389 5388 3476
f 3476 5388 3474
f 5388 5387 3474
f 3474 5387 3472
f 5387 5386 3472
f 3472 5386 3470
f 5386 5385 3470
f 3470 5385 3468
f 5385 5384 3468
f 3468 5384 3467
f 5384 5383 3467
f 3467 5383 3465
f 5383 5382 3465
f 3465 5382 3463
f 5382 5381 3463
f 3463 5381 3461
f 5381 5380 3461
f 3461 5380 3459
f 5380 5379 3459
f 3459 5379 3457
f 5379 5378 3457
f 3457 5378 3455
f 5378 5377 3455
f 3455 5377 3453
f 5377 5376 3453
f 3453 5376 3451
f 5376 5375 3451
f 3451 5375 3449
f 5375 5374 3449
f 3449 5374 3447
f 5374 5373 3447
f 3447 5373 3445
f 5373 5372 3445
f 3445 5372 3443
f 5372 5371 3443
f 3443 5371 3441
f 5371 5370 3441
f 3441 5370 3439
f 5370 5369 3439
f 3439 5369 3437
f 5369 5368 3437
f 3437 5368 3435
f 5368 5367 3435
f 3435 5367 3433
f 5367 5366 3433
f 420 421 5852
f 421 2924 5852
f 5852 2924 5853
f 2924 433 5853
f 5853 433 432
f 436 438 2887
f 2865 2863 2925
f 2327 2925 2855
f 2925 2857 2855
f 2865 2925 2867
f 2863 2861 2925
f 2861 2859 2925
f 2925 2859 2857
f 2887 2885 436
f 2885 2883 436
f 436 2883 2881
f 2881 2879 436
f 2879 2877 436
f 436 2877 2875
f 2875 2873 436
f 2873 2871 436
f 436 2871 2925
f 2871 2869 2925
f 2925 2869 2867
f 426 425 3115
f 425 5854 3115
f 3115 5854 3113
f 5854 5855 3113
f 3113 5855 5856
f 3503 446 447
f 411 412 5857
f 412 3503 5857
f 5857 3503 5858
f 3503 447 5858
f 3469 443 445
f 446 3503 3501
f 3475 3473 445
f 3473 3471 445
f 445 3471 3469
f 3481 3479 445
f 3479 3477 445
f 445 3477 3475
f 3501 3499 446
f 3499 3497 446
f 446 3497 3495
f 3495 3493 446
f 3493 3491 446
f 446 3491 3489
f 3489 3487 446
f 3487 3485 446
f 446 3485 445
f 3485 3483 445
f 445 3483 3481
f 3432 416 417
f 441 442 5859
f 442 3432 5859
f 5859 3432 5860
f 3432 417 5860
f 2836 424 2325
f 2836 2834 424
f 2834 2832 424
f 424 2832 2830
f 2830 2828 424
f 2828 2826 424
f 424 2826 2824
f 2824 2822 424
f 2822 2820 424
f 424 2820 422
f 2327 2852 2325
f 2852 2850 2325
f 2325 2850 2848
f 2848 2846 2325
f 2846 2844 2325
f 2325 2844 2842
f 2842 2840 2325
f 2840 2838 2325
f 2325 2838 2836
f 416 3432 3430
f 3410 3408 415
f 3408 3406 415
f 413 415 3398
f 415 3400 3398
f 3430 3428 416
f 3428 3426 416
f 416 3426 3424
f 3424 3422 416
f 3422 3420 416
f 416 3420 3418
f 3406 3404 415
f 3404 3402 415
f 415 3402 3400
f 3418 3416 416
f 3416 3414 416
f 416 3414 415
f 3414 3412 415
f 415 3412 3410
f 5857 5858 5861
f 5858 5862 5861
f 5861 5862 5863
f 5862 5864 5863
f 5863 5864 5865
f 5864 5866 5865
f 5865 5866 5867
f 5866 5868 5867
f 5867 5868 5869
f 5868 5870 5869
f 5869 5870 5871
f 5870 5872 5871
f 5871 5872 5873
f 5872 5874 5873
f 5873 5874 5854
f 5874 5855 5854
f 5859 5860 5875
f 5860 5876 5875
f 5875 5876 5877
f 5876 5878 5877
f 5877 5878 5879
f 5878 5880 5879
f 5879 5880 5881
f 5880 5882 5881
f 5881 5882 5883
f 5882 5884 5883
f 5883 5884 5885
f 5884 5886 5885
f 5885 5886 5887
f 5886 5888 5887
f 5887 5888 5853
f 5888 5852 5853
f 5856 5855 3106
f 5855 3108 3106
f 5858 3099 5862
f 3099 3100 5862
f 5862 3100 5864
f 3100 3101 5864
f 5864 3101 5866
f 3101 3102 5866
f 5866 3102 5868
f 3102 3103 5868
f 5868 3103 5870
f 3103 3104 5870
f 5870 3104 5872
f 3104 3105 5872
f 5872 3105 5874
f 3105 3107 5874
f 5874 3107 5855
f 3107 3108 5855
f 444 3099 447
f 3099 5858 447
f 427 2304 425
f 2304 5854 425
f 5854 2304 5873
f 2304 2305 5873
f 5873 2305 5871
f 2305 2301 5871
f 5871 2301 5869
f 2301 2302 5869
f 5869 2302 5867
f 2302 2303 5867
f 5867 2303 5865
f 2303 2306 5865
f 5865 2306 5863
f 2306 2307 5863
f 5863 2307 5861
f 2307 2308 5861
f 5861 2308 5857
f 2308 2309 5857
f 411 5857 409
f 5857 2309 409
f 434 3093 432
f 3093 5853 432
f 5853 3093 5887
f 3093 3094 5887
f 5887 3094 5885
f 3094 3089 5885
f 5885 3089 5883
f 3089 3090 5883
f 5883 3090 5881
f 3090 3091 5881
f 5881 3091 5879
f 3091 3095 5879
f 5879 3095 5877
f 3095 3096 5877
f 5877 3096 5875
f 3096 3097 5875
f 5875 3097 5859
f 3097 3098 5859
f 441 5859 439
f 5859 3098 439
f 420 5852 418
f 5852 2318 418
f 5860 2310 5876
f 2310 2311 5876
f 5876 2311 5878
f 2311 2312 5878
f 5878 2312 5880
f 2312 2313 5880
f 5880 2313 5882
f 2313 2314 5882
f 5882 2314 5884
f 2314 2315 5884
f 5884 2315 5886
f 2315 2316 5886
f 5886 2316 5888
f 2316 2317 5888
f 5888 2317 5852
f 2317 2318 5852
f 414 2310 417
f 2310 5860 417
f 424 423 2325
f 423 430 2325
f 2325 430 429
f 437 436 3092
f 436 2925 3092
f 3092 2925 2932
f 3109 3106 2935
f 3106 3092 2935
f 2935 3092 2932
f 3106 3109 5856
f 3109 3113 5856
