v -0.027342764898407673 -0.015891638580635796 0.010499990106139535
v -0.025820112911840484 -0.018179050770325961 0.010412834145639295
v -0.025823186735728584 -0.018181290263657217 0.010499990106139535
v -0.02410696806468763 -0.020327290537639115 0.010412834145639295
v -0.024109836997642128 -0.020329790670836886 0.010499990106139535
v -0.022213111781993346 -0.022318045690739835 0.010412834145639295
v -0.022215753061278272 -0.022320786495994571 0.010499990106139535
v -0.020152957378308561 -0.024136165762772208 0.010412834145639295
v -0.020155347486930174 -0.024139124914979822 0.010499990106139535
v -0.017942182615508433 -0.025767812366016048 0.010412834145639295
v -0.017944306100399449 -0.025770968593363818 0.010499990106139535
v -0.015597612585325424 -0.027200566943739259 0.010412834145639295
v -0.015599452398011549 -0.027203898013101063 0.010499990106139535
v -0.013137091270596419 -0.028423528438432471 0.010412834145639295
v -0.013138635322607272 -0.028427007494071083 0.010499990106139535
v -0.01057934532360382 -0.029427387785950141 0.010412834145639295
v -0.010580579931062017 -0.029430987010814934 0.010499990106139535
v -0.0079438401742553989 -0.03020450431193247 0.010412834145639295
v -0.0079447558054109649 -0.030208196216192626 0.010499990106139535
v -0.0052506337756726869 -0.030748964394794409 0.010412834145639295
v -0.0052512240895896426 -0.030752723411245911 0.010499990106139535
v -0.0025202228737470573 -0.031056623663468928 0.010412834145639295
v -0.0025204834521162212 -0.03106042103409375 0.010499990106139535
v 0.00022661262558498605 -0.031125141524989092 0.010412834145639295
v 0.00022668268303898553 -0.031128946262268632 0.010499990106139535
v 0.0029689671710012842 -0.030953997160933767 0.010412834145639295
v 0.0029693697258672204 -0.030957779872756396 0.010499990106139535
v 0.0056859692896081048 -0.030544491144864218 0.010412834145639295
v 0.0056866996582368538 -0.030548224208308238 0.010499990106139535
v 0.0083569416176280161 -0.029899740350913022 0.010412834145639295
v 0.0083579960776838519 -0.029903397738463719 0.010499990106139535
v 0.010961556901878243 -0.02902465354370598 0.010412834145639295
v 0.010962925093809582 -0.029028204528519102 0.010499990106139535
v 0.013479992692369784 -0.02792589035977449 0.010412834145639295
v 0.013481663821957323 -0.027929306651562003 0.010499990106139535
v 0.015893079224696006 -0.026611809169935555 0.010412834145639295
v 0.015895044149289422 -0.026615070181843361 0.010499990106139535
v 0.018182456419996346 -0.025092418146459475 0.010412834145639295
v 0.018184695913327602 -0.025095491970347574 0.010499990106139535
v 0.0203306961873095 -0.02337927329930662 0.010412834145639295
v 0.020333196320507271 -0.023382142232261118 0.010499990106139535
v 0.02232145134041022 -0.021485417016612336 0.010412834145639295
v 0.022324192145664955 -0.021488058295897262 0.010499990106139535
v 0.024139571412442593 -0.019425262612927551 0.010412834145639295
v 0.024142530564650207 -0.019427652721549164 0.010499990106139535
v 0.025771218015686433 -0.017214487850127427 0.010412834145639295
v 0.025774374243034203 -0.017216611335018436 0.010499990106139535
v 0.027203971795706144 -0.014869918300601118 0.010412834145639295
v 0.02720730286506795 -0.014871758113287241 0.010499990106139535
v 0.028426933290399355 -0.012409396985872109 0.010412834145639295
v 0.028430412346037968 -0.012410941037882964 0.010499990106139535
v 0.029430792637917026 -0.0098516510388795085 0.010412834145639295
v 0.029434391862781819 -0.0098528856463377095 0.010499990106139535
v 0.030207909163899354 -0.0072161458895310905 0.010412834145639295
v 0.030211601068159514 -0.0072170615206866564 0.010499990106139535
v 0.030752369246761294 -0.004522939490948381 0.010412834145639295
v 0.030756128263212796 -0.0045235298048653351 0.010499990106139535
v 0.031060028515435805 -0.0017925285890227501 0.010412834145639295
v 0.031063825886060634 -0.0017927891673919136 0.010499990106139535
v 0.031128546376955977 0.00095430691030929391 0.010412834145639295
v 0.031132351114235516 0.00095437696776329317 0.010499990106139535
v 0.030957402493557353 0.0036966606580220904 0.010412834145639295
v 0.030961185205379983 0.003697063212888028 0.010499990106139535
v 0.030547896477487804 0.0064136627766289128 0.010412834145639295
v 0.030551629540931824 0.0064143931452576609 0.010499990106139535
v 0.029903145683536608 0.009084635104648825 0.010412834145639295
v 0.029906803071087305 0.0090856895647046607 0.010499990106139535
v 0.029028058876329567 0.01168925038889905 0.010412834145639295
v 0.029031609861142688 0.011690618580830389 0.010499990106139535
v 0.027929295692398076 0.014207686179390593 0.010412834145639295
v 0.02793271198418559 0.014209357308978132 0.010499990106139535
v 0.026615214453742451 0.016620772792733565 0.010412834145639295
v 0.026618475465650288 0.016622737717326929 0.010499990106139535
v 0.025095823479083058 0.018910149907017157 0.010412834145639295
v 0.025098897302971157 0.018912389400348409 0.010499990106139535
v 0.023382678631930207 0.021058389674330307 0.010412834145639295
v 0.023385547564884705 0.021060889807528078 0.010499990106139535
v 0.021488822349235923 0.023049144827431031 0.010412834145639295
v 0.021491463628520849 0.023051885632685763 0.010499990106139535
v 0.019428667945551138 0.0248672648994634 0.010412834145639295
v 0.019431058054172751 0.024870224051671014 0.010499990106139535
v 0.01721789318275101 0.02649891150270724 0.010412834145639295
v 0.017220016667642023 0.026502067730055014 0.010499990106139535
v 0.014873323152567997 0.027931666080430451 0.010412834145639295
v 0.014875162965254122 0.027934997149792258 0.010499990106139535
v 0.01241280183783899 0.029154627575123663 0.010412834145639295
v 0.012414345889849845 0.029158106630762275 0.010499990106139535
v 0.0098550558908463894 0.030158486922641333 0.010412834145639295
v 0.0098562904983045905 0.03016208614750613 0.010499990106139535
v 0.0072195507414979723 0.030935603448623665 0.010412834145639295
v 0.00722046637265354 0.030939295352883821 0.010499990106139535
v 0.004526344342915262 0.031480063531485601 0.010412834145639295
v 0.0045269346568322169 0.0314838225479371 0.010499990106139535
v 0.001795933440989632 0.031787722800160116 0.010412834145639295
v 0.0017961940193587959 0.031791520170784945 0.010499990106139535
v -0.00095090205834241141 0.031856240661680288 0.010412834145639295
v -0.00095097211579641089 0.031860045398959827 0.010499990106139535
v -0.0036932550083517098 0.031685097258938359 0.010412834145639295
v -0.0036936575632176456 0.031688879970760989 0.010499990106139535
v -0.0064102571269585304 0.031275591242868807 0.010412834145639295
v -0.0064109874955872795 0.031279324306312833 0.010499990106139535
v -0.009081229454978447 0.030630840448917618 0.010412834145639295
v -0.0090822839150342793 0.030634497836468315 0.010499990106139535
v -0.01168584473922867 0.029755753641710576 0.010412834145639295
v -0.011687212931160009 0.029759304626523698 0.010499990106139535
v -0.01420428052972021 0.028656990457779086 0.010412834145639295
v -0.01420595165930775 0.028660406749566599 0.010499990106139535
v -0.016617367224079953 0.027342909170306757 0.010412834145639295
v -0.016619332148673369 0.027346170182214562 0.010499990106139535
v -0.018906744257346769 0.025823518244464071 0.010412834145639295
v -0.018908983750678024 0.02582659206835217 0.010499990106139535
v -0.021054984024659922 0.024110373397311216 0.010412834145639295
v -0.021057484157857694 0.024113242330265714 0.010499990106139535
v -0.023045739177760646 0.022216517114616932 0.010412834145639295
v -0.023048479983015378 0.022219158393901858 0.010499990106139535
v -0.024863859249793015 0.020156362710932144 0.010412834145639295
v -0.024866818402000633 0.02015875281955376 0.010499990106139535
v -0.026495505853036855 0.01794558794813202 0.010412834145639295
v -0.026498662080384629 0.017947711433023032 0.010499990106139535
v -0.027928261228463567 0.015601017437292307 0.010412834145639295
v -0.027931592297825374 0.015602857249978432 0.010499990106139535
v -0.029151222723156778 0.0131404961225633 0.010412834145639295
v -0.029154701778795391 0.013142040174574153 0.010499990106139535
v -0.030155082070674449 0.010582750175570699 0.010412834145639295
v -0.030158681295539242 0.0105839847830289 0.010499990106139535
v -0.030932198596656777 0.0079472450262222816 0.010412834145639295
v -0.030935890500916937 0.0079481606573778476 0.010499990106139535
v -0.031476658679518717 0.0052540386276395705 0.010412834145639295
v -0.031480417695970223 0.0052546289415565245 0.010499990106139535
v -0.031784317948193239 0.0025236277257139395 0.010412834145639295
v -0.031788115318818061 0.0025238883040831031 0.010499990106139535
v -0.031852835809713403 -0.00022320777361810421 0.010412834145639295
v -0.031856640546992943 -0.00022327783107210336 0.010499990106139535
v -0.03168169192631478 -0.002965561521330901 0.010412834145639295
v -0.031685474638137416 -0.0029659640761968385 0.010499990106139535
v -0.031272185910245227 -0.0056825636399377233 0.010412834145639295
v -0.031275918973689247 -0.0056832940085664715 0.010499990106139535
v -0.030627435116294031 -0.0083535359679576364 0.010412834145639295
v -0.030631092503844728 -0.0083545904280134722 0.010499990106139535
v -0.02975234830908699 -0.01095815125220786 0.010412834145639295
v -0.029755899293900111 -0.0109595194441392 0.010499990106139535
v -0.028653585125155499 -0.013476587042699405 0.010412834145639295
v -0.028657001416943013 -0.013478258172286943 0.010499990106139535
v -0.027339503886499868 -0.01588967365604238 0.010412834145639295
v -0.025810909022925908 -0.018172346418629397 0.010326342218134756
v -0.024098384389052634 -0.020319809507577728 0.010326342218134756
v -0.022205212182117361 -0.022309844403524466 0.010326342218134756
v -0.020145801871417408 -0.024127307021241683 0.010326342218134756
v -0.017935826499152385 -0.025758363196768549 0.010326342218134756
v -0.015592104274424033 -0.027190602186798068 0.010326342218134756
v -0.013132471837127839 -0.028413120683974256 0.010326342218134756
v -0.010575651994292598 -0.029416616005779571 0.010326342218134756
v -0.00794109898763108 -0.030193451609635612 0.010326342218134756
v -0.0052488656568240024 -0.030737715142144517 0.010326342218134756
v -0.0025194436343219393 -0.031045263500426457 0.010326342218134756
v 0.00022639899622721302 -0.031113757666575492 0.010326342218134756
v 0.0029677630651292956 -0.030942672976916868 0.010326342218134756
v 0.0056837825401511834 -0.03053331542532646 0.010326342218134756
v 0.0083537897935673441 -0.029888798194120127 0.010326342218134756
v 0.010957463718581154 -0.02901402851906212 0.010326342218134756
v 0.013474988246831618 -0.027915662191430223 0.010326342218134756
v 0.015887203677183798 -0.026602058042352137 0.010326342218134756
v 0.018175752068299782 -0.025083214257544898 0.010326342218134756
v 0.020323215157248112 -0.023370689623671625 0.010326342218134756
v 0.022313250053194848 -0.021477517416736352 0.010326342218134756
v 0.024130712670912068 -0.019418107106036399 0.010326342218134756
v 0.025761768846438934 -0.017208131733771375 0.010326342218134756
v 0.027194007038764952 -0.014864409989699724 0.010326342218134756
v 0.02841652553594114 -0.01240477755240353 0.010326342218134756
v 0.029420020857746455 -0.0098479577095682905 0.010326342218134756
v 0.030196856461602497 -0.0072134047029067706 0.010326342218134756
v 0.030741119994111405 -0.0045211713720996949 0.010326342218134756
v 0.031048668352393342 -0.0017917493495976313 0.010326342218134756
v 0.031117162518542376 0.00095409328095152164 0.010326342218134756
v 0.030946078309540454 0.0036954565521501032 0.010326342218134756
v 0.030536720757950046 0.0064114760271719896 0.010326342218134756
v 0.029892203526743714 0.009081483280588153 0.010326342218134756
v 0.029017433851685707 0.011685157205601962 0.010326342218134756
v 0.02791906752405381 0.014202681733852425 0.010326342218134756
v 0.026605463326159033 0.016614897245221357 0.010326342218134756
v 0.025086619590168485 0.018903445555320589 0.010326342218134756
v 0.023374094956295211 0.021050908644268923 0.010326342218134756
v 0.021480922749359938 0.023040943540215658 0.010326342218134756
v 0.019421512438659985 0.024858406157932878 0.010326342218134756
v 0.017211537066394961 0.026489462333459744 0.010326342218134756
v 0.014867814841666606 0.02792170132348926 0.010326342218134756
v 0.012408182404370411 0.029144219820665448 0.010326342218134756
v 0.0098513625615351715 0.030147715142470766 0.010326342218134756
v 0.0072168095548736525 0.030924550746326804 0.010326342218134756
v 0.0045245762240665776 0.031468814278835709 0.010326342218134756
v 0.0017951542015645122 0.031776362637117646 0.010326342218134756
v -0.00095068842898463849 0.03184485680326668 0.010326342218134756
v -0.0036920509024797208 0.03167377307492146 0.010326342218134756
v -0.0064080703775016082 0.031264415523331056 0.010326342218134756
v -0.0090780776309177715 0.030619898292124723 0.010326342218134756
v -0.011681751555931581 0.029745128617066716 0.010326342218134756
v -0.014199276084182045 0.028646762289434819 0.010326342218134756
v -0.016611491676567745 0.027333158042723339 0.010326342218134756
v -0.018900039905650205 0.025814314355549494 0.010326342218134756
v -0.021047502994598535 0.024101789721676221 0.010326342218134756
v -0.023037537890545273 0.022208617514740948 0.010326342218134756
v -0.024855000508262493 0.020149207204040995 0.010326342218134756
v -0.026486056683789359 0.017939231831775971 0.010326342218134756
v -0.027918296471522375 0.015595509126390912 0.010326342218134756
v -0.029140814968698563 0.01313587668909472 0.010326342218134756
v -0.030144310290503882 0.010579056846259479 0.010326342218134756
v -0.030921145894359924 0.0079445038395979609 0.010326342218134756
v -0.031465409426868832 0.0052522705087908851 0.010326342218134756
v -0.031772957785150768 0.0025228484862888207 0.010326342218134756
v -0.031841451951299803 -0.00022299414426033194 0.010326342218134756
v -0.031670367742297881 -0.0029643574154589137 0.010326342218134756
v -0.031261010190707469 -0.0056803768904808002 0.010326342218134756
v -0.03061649295950114 -0.0083503841438969627 0.010326342218134756
v -0.029741723284443133 -0.010954058068910774 0.010326342218134756
v -0.028643356956811233 -0.013471582597161236 0.010326342218134756
v -0.027329752758916449 -0.015883798108530172 0.010326342218134756
v -0.025795644732617418 -0.018161227611186128 0.010241170906041021
v -0.02408414959288822 -0.020307404400715313 0.010241170906041021
v -0.022192111962484093 -0.022296245672429136 0.010241170906041021
v -0.020133936897900589 -0.02411261827370683 0.010241170906041021
v -0.017925287761657856 -0.025742696886958009 0.010241170906041021
v -0.015582971094005929 -0.027174075698360563 0.010241170906041021
v -0.013124813614832483 -0.028395860645780709 0.010241170906041021
v -0.010569525981657899 -0.029398754773889296 0.010241170906041021
v -0.0079365538047203397 -0.030175125037795715 0.010241170906041021
v -0.0052459355446915178 -0.030719061293256696 0.010241170906041021
v -0.0025181490891065905 -0.031026425203267396 0.010241170906041021
v 0.00022604674395474545 -0.031094878690889265 0.010241170906041021
v 0.0029657662024939403 -0.030923897706195146 0.010241170906041021
v 0.0056801563447536722 -0.030514784704681098 0.010241170906041021
v 0.0083485621630005179 -0.029870653963067265 0.010241170906041021
v 0.010950675242061905 -0.028996409419066439 0.010241170906041021
v 0.013466688523557181 -0.027898699260340637 0.010241170906041021
v 0.015877457881915674 -0.026585883806187101 0.010241170906041021
v 0.018164633260856513 -0.025067949967236408 0.010241170906041021
v 0.020310810050385698 -0.023356454827507211 0.010241170906041021
v 0.022299651322099521 -0.021464417197103083 0.010241170906041021
v 0.024116023923377215 -0.019406242132519579 0.010241170906041021
v 0.025746102536628394 -0.017197592996276847 0.010241170906041021
v 0.027177480550327451 -0.014855276809281621 0.010241170906041021
v 0.028399265497747597 -0.012397119330108175 0.010241170906041021
v 0.029402159625856183 -0.0098418316969335912 0.010241170906041021
v 0.030178529889762599 -0.0072088595199960312 0.010241170906041021
v 0.03072246614522358 -0.0045182412599672102 0.010241170906041021
v 0.03102983005523428 -0.0017904548043822834 0.010241170906041021
v 0.03109828354285615 0.00095374102867905341 0.010241170906041021
v 0.030927303038818733 0.003693459689514747 0.010241170906041021
v 0.030518190037304681 0.0064078498317744802 0.010241170906041021
v 0.029874059295690848 0.0090762556500213268 0.010241170906041021
v 0.028999814751690021 0.011678368729082711 0.010241170906041021
v 0.027902104592964223 0.01419438201057799 0.010241170906041021
v 0.026589289089993997 0.016605151449953233 0.010241170906041021
v 0.025071355299859995 0.01889232674787732 0.010241170906041021
v 0.023359860160130797 0.021038503537406505 0.010241170906041021
v 0.021467822529726666 0.023027344809120331 0.010241170906041021
v 0.019409647465143162 0.024843717410398026 0.010241170906041021
v 0.017200998328900433 0.026473796023649201 0.010241170906041021
v 0.014858681661248502 0.027905174835051758 0.010241170906041021
v 0.012400524182075056 0.029126959782471901 0.010241170906041021
v 0.0098452365489004722 0.030129853910580488 0.010241170906041021
v 0.0072122643719629148 0.030906224174486907 0.010241170906041021
v 0.004521646111934092 0.031450160429947888 0.010241170906041021
v 0.0017938596563491652 0.031757524339958584 0.010241170906041021
v -0.00095033617671217091 0.031825977827580461 0.010241170906041021
v -0.0036900540398443656 0.031654997804199739 0.010241170906041021
v -0.006404444182104097 0.031245884802685694 0.010241170906041021
v -0.0090728500003509453 0.030601754061071858 0.010241170906041021
v -0.011674963079412333 0.029727509517071034 0.010241170906041021
v -0.014190976360907609 0.028629799358345233 0.010241170906041021
v -0.016601745881299621 0.027316983806558302 0.010241170906041021
v -0.018888921098206935 0.025799050065241004 0.010241170906041021
v -0.021035097887736123 0.024087554925511807 0.010241170906041021
v -0.023023939159449947 0.022195517295107676 0.010241170906041021
v -0.024840311760727641 0.020137342230524175 0.010241170906041021
v -0.02647039037397882 0.017928693094281443 0.010241170906041021
v -0.027901769983084874 0.015586375945972812 0.010241170906041021
v -0.02912355493050502 0.013128218466799364 0.010241170906041021
v -0.030126449058613607 0.010572930833624782 0.010241170906041021
v -0.030902819322520023 0.0079399586566872224 0.010241170906041021
v -0.031446755577981003 0.0052493403966583996 0.010241170906041021
v -0.031754119487991707 0.0025215539410734732 0.010241170906041021
v -0.031822572975613576 -0.00022264189198786371 0.010241170906041021
v -0.031651592471576159 -0.0029623605528235572 0.010241170906041021
v -0.031242479470062107 -0.0056767506950832908 0.010241170906041021
v -0.030598348728448275 -0.0083451565133301382 0.010241170906041021
v -0.029724104184447448 -0.010947269592391522 0.010241170906041021
v -0.028626394025721646 -0.0134632828738868 0.010241170906041021
v -0.027313578522751417 -0.015874052313262051 0.010241170906041021
v -0.025774441184609542 -0.018145782022065557 0.010157970272515172
v -0.024064372189723803 -0.020290169416013155 0.010157970272515172
v -0.022173913628414189 -0.022277353667708895 0.010157970272515172
v -0.020117453928320636 -0.024092211176627989 0.010157970272515172
v -0.017910644128671979 -0.025720929858919751 0.010157970272515172
v -0.015570281483804035 -0.027151115702704669 0.010157970272515172
v -0.013114174489341858 -0.028371883236631545 0.010157970272515172
v -0.010561015905763025 -0.029373939944026418 0.010157970272515172
v -0.0079302388665774756 -0.030149662659314472 0.010157970272515172
v -0.0052418639354141179 -0.030693145676907622 0.010157970272515172
v -0.0025163511027652919 -0.031000255098456216 0.010157970272515172
v 0.00022555646048550852 -0.03106864994273548 0.010157970272515172
v 0.0029629908993825463 -0.030897810598473453 0.010157970272515172
v 0.0056751193987119117 -0.030489040441787567 0.010157970272515172
v 0.0083413006753095802 -0.029845447654297756 0.010157970272515172
v 0.010941243392996283 -0.028971930232053491 0.010157970272515172
v 0.013455159658621377 -0.02787513568793118 0.010157970272515172
v 0.015863918743963784 -0.026563414094000443 0.010157970272515172
v 0.018149187671735942 -0.025046746419228536 0.010157970272515172
v 0.020293575065683543 -0.023336677424342794 0.010157970272515172
v 0.022280759317379276 -0.021446218863033179 0.010157970272515172
v 0.024095616826298374 -0.01938975916293963 0.010157970272515172
v 0.025724335508590133 -0.01718294936329097 0.010157970272515172
v 0.027154520554671553 -0.014842587199079724 0.010157970272515172
v 0.028375288088598429 -0.01238648020461755 0.010157970272515172
v 0.029377344795993306 -0.009833321621038716 0.010157970272515172
v 0.03015306751128136 -0.0072025445818531672 0.010157970272515172
v 0.03069655052887451 -0.0045141696506898095 0.010157970272515172
v 0.031003659950423101 -0.0017886568180409848 0.010157970272515172
v 0.031072054794702365 0.00095325074520981605 0.010157970272515172
v 0.030901215931097039 0.0036906843864033547 0.010157970272515172
v 0.03049244577441115 0.0064028128857327197 0.010157970272515172
v 0.029848852986921338 0.0090689941623303891 0.010157970272515172
v 0.028975335564677077 0.01166893688001709 0.010157970272515172
v 0.027878541020554766 0.014182853145642185 0.010157970272515172
v 0.026566819377807339 0.016591612312001344 0.010157970272515172
v 0.025050151751852118 0.018876881158756749 0.010157970272515172
v 0.02334008275696638 0.02102126855270435 0.010157970272515172
v 0.021449624195656766 0.023008452804400087 0.010157970272515172
v 0.019393164495563213 0.024823310313319181 0.010157970272515172
v 0.017186354695914556 0.026452028995610943 0.010157970272515172
v 0.014845992051046607 0.027882214839395861 0.010157970272515172
v 0.012389885056584431 0.02910298237332274 0.010157970272515172
v 0.009836726473005597 0.030105039080717613 0.010157970272515172
v 0.0072059494338200508 0.030880761796005667 0.010157970272515172
v 0.0045175745026566922 0.031424244813598817 0.010157970272515172
v 0.0017920616700078666 0.031731354235147405 0.010157970272515172
v -0.00094984589324293399 0.031799749079426669 0.010157970272515172
v -0.0036872787367329719 0.031628910696478045 0.010157970272515172
v -0.0063994072360623374 0.031220140539792159 0.010157970272515172
v -0.0090655885126600076 0.030576547752302351 0.010157970272515172
v -0.01166553123034671 0.029703030330058087 0.010157970272515172
v -0.014179447495971805 0.028606235785935775 0.010157970272515172
v -0.016588206743347735 0.027294514094371645 0.010157970272515172
v -0.018873475509086367 0.025777846517233131 0.010157970272515172
v -0.021017862903033965 0.02406777752234739 0.010157970272515172
v -0.023005047154729702 0.022177318961037775 0.010157970272515172
v -0.024819904663648796 0.020120859260944222 0.010157970272515172
v -0.026448623345940558 0.017914049461295566 0.010157970272515172
v -0.027878809987428976 0.015573686335770914 0.010157970272515172
v -0.029099577521355856 0.013117579341308741 0.010157970272515172
v -0.030101634228750729 0.010564420757729905 0.010157970272515172
v -0.030877356944038783 0.0079336437185443583 0.010157970272515172
v -0.031420839961631933 0.0052452687873809989 0.010157970272515172
v -0.031727949383180527 0.0025197559547321747 0.010157970272515172
v -0.031796344227459798 -0.00022215160851862635 0.010157970272515172
v -0.031625505363854466 -0.0029595852497121648 0.010157970272515172
v -0.031216735207168573 -0.0056717137490415303 0.010157970272515172
v -0.030573142419678765 -0.0083378950256391988 0.010157970272515172
v -0.0296996249974345 -0.010937837743325901 0.010157970272515172
v -0.028602830453312189 -0.013451754008950996 0.010157970272515172
v -0.027291108810564756 -0.015860513175310162 0.010157970272515172
v -0.025747458479731131 -0.018126126507428907 0.0100773717542628
v -0.024039203748731794 -0.020268235568869607 0.0100773717542628
v -0.022150751879896093 -0.022253309355709818 0.0100773717542628
v -0.020096475820031382 -0.024066239132387434 0.0100773717542628
v -0.017892009805727964 -0.025693229873699049 0.0100773717542628
v -0.015554131905745637 -0.027121897753954748 0.0100773717542628
v -0.013100633025540443 -0.02834136844930632 0.0100773717542628
v -0.010550186259357235 -0.029342360426972889 0.0100773717542628
v -0.0079222029984095371 -0.030117261341662826 0.0100773717542628
v -0.0052366820843758408 -0.030660165447096023 0.0100773717542628
v -0.0025140643221724743 -0.030966949031112422 0.0100773717542628
v 0.00022493139598788408 -0.031035271705888833 0.0100773717542628
v 0.0029594597348034063 -0.03086461333880456 0.0100773717542628
v 0.0056687086396971908 -0.030456275669878023 0.0100773717542628
v 0.0083320585494556232 -0.029813366840037141 0.0100773717542628
v 0.01092924095442714 -0.028940777615134861 0.0100773717542628
v 0.013440488594304177 -0.02784514959965699 0.0100773717542628
v 0.015846690085175533 -0.026534821209748146 0.0100773717542628
v 0.018129532157099289 -0.025019763714350125 0.0100773717542628
v 0.020271641218539992 -0.023311508983350784 0.0100773717542628
v 0.022256715005380203 -0.021423057114515084 0.0100773717542628
v 0.024069644782057819 -0.019368781054650373 0.0100773717542628
v 0.025696635523369434 -0.017164315040346954 0.0100773717542628
v 0.027125302605921633 -0.014826437621021328 0.0100773717542628
v 0.028344773301273204 -0.012372938740816136 0.0100773717542628
v 0.029345765278939773 -0.0098224919746329256 0.0100773717542628
v 0.03012066619362971 -0.0071945087136852286 0.0100773717542628
v 0.030663570299062911 -0.004508987799651535 0.0100773717542628
v 0.030970353883079307 -0.0017863700374481668 0.0100773717542628
v 0.031038676557855718 0.00095262568071219226 0.0100773717542628
v 0.030868018671428146 0.0036871532218242147 0.0100773717542628
v 0.030459681002501609 0.0063964021267179988 0.0100773717542628
v 0.029816772172660728 0.009059752036476432 0.0100773717542628
v 0.028944182947758447 0.011656934441447948 0.0100773717542628
v 0.027848554932280573 0.014168182081324986 0.0100773717542628
v 0.026538226493555042 0.016574383653213093 0.0100773717542628
v 0.025023169046973708 0.018857225644120099 0.0100773717542628
v 0.023314914315974371 0.020999334705560799 0.0100773717542628
v 0.02142646244713867 0.022984408492401014 0.0100773717542628
v 0.019372186387273959 0.024797338269078626 0.0100773717542628
v 0.017167720372970541 0.026424329010390244 0.0100773717542628
v 0.01482984247298821 0.02785299689064594 0.0100773717542628
v 0.012376343592783017 0.029072467585997512 0.0100773717542628
v 0.0098258968265998083 0.030073459563664081 0.0100773717542628
v 0.0071979135656521113 0.030848360478354018 0.0100773717542628
v 0.004512392651618416 0.031391264583787215 0.0100773717542628
v 0.001789774889415049 0.031698048167803611 0.0100773717542628
v -0.00094922082874530954 0.031766370842580022 0.0100773717542628
v -0.0036837475721538315 0.031595713436809156 0.0100773717542628
v -0.0063929964770476156 0.031187375767882618 0.0100773717542628
v -0.0090563463868060506 0.030544466938041737 0.0100773717542628
v -0.011653528791777567 0.029671877713139456 0.0100773717542628
v -0.014164776431654605 0.028576249697661583 0.0100773717542628
v -0.016570978084559481 0.027265921210119348 0.0100773717542628
v -0.018853819994449714 0.025750863812354717 0.0100773717542628
v -0.020995929055890414 0.02404260908135538 0.0100773717542628
v -0.022981002842730625 0.02215415721251968 0.0100773717542628
v -0.024793932619408241 0.020099881152654969 0.0100773717542628
v -0.026420923360719859 0.01789541513835155 0.0100773717542628
v -0.027849592038679056 0.015557536757712516 0.0100773717542628
v -0.029069062734030628 0.013104037877507324 0.0100773717542628
v -0.030070054711697197 0.010553591111324114 0.0100773717542628
v -0.030844955626387133 0.0079256078503764198 0.0100773717542628
v -0.031387859731820338 0.0052400869363427244 0.0100773717542628
v -0.031694643315836733 0.0025174691741393566 0.0100773717542628
v -0.031762965990613144 -0.00022152654402100256 0.0100773717542628
v -0.031592308104185569 -0.0029560540851330248 0.0100773717542628
v -0.031183970435259036 -0.0056653029900268093 0.0100773717542628
v -0.030541061605418151 -0.0083286528997852435 0.0100773717542628
v -0.02966847238051587 -0.010925835304756758 0.0100773717542628
v -0.028572844365037996 -0.013437082944633798 0.0100773717542628
v -0.027262515926312462 -0.015843284516521911 0.0100773717542628
v -0.025714895796109527 -0.018102406906103343 0.0099999900241831488
v -0.024008834742600179 -0.02024177036390026 0.0099999900241831488
v -0.02212280477943503 -0.022224297228062861 0.0099999900241831488
v -0.020071164313556222 -0.024034902893559907 0.0099999900241831488
v -0.017869526233022889 -0.025659806111043335 0.0099999900241831488
v -0.015534647171172204 -0.02708664058395422 0.0099999900241831488
v -0.013084293887880283 -0.028304546797245034 0.0099999900241831488
v -0.010537119964596157 -0.029304257556451892 0.0099999900241831488
v -0.0079125058050147357 -0.030078161416558537 0.0099999900241831488
v -0.0052304294494854853 -0.030620372717136253 0.0099999900241831488
v -0.0025113039265661223 -0.030926759707951949 0.0099999900241831488
v 0.00022417968858129709 -0.030994995685059829 0.0099999900241831488
v 0.0029552000121059528 -0.030824556957113364 0.0099999900241831488
v 0.0056609732566192551 -0.030416743454249055 0.0099999900241831488
v 0.0083209070031725983 -0.029774657836042183 0.0099999900241831488
v 0.010914758053730579 -0.028903188664698529 0.0099999900241831488
v 0.01342278423982991 -0.027808964600245695 0.0099999900241831488
v 0.015825898798919963 -0.026500315747154207 0.0099999900241831488
v 0.018105813517087128 -0.024987202626135515 0.0099999900241831488
v 0.020245176013570645 -0.023281139977219169 0.0099999900241831488
v 0.022227702877733242 -0.02139511001405402 0.0099999900241831488
v 0.024038308543230292 -0.019343469548175216 0.0099999900241831488
v 0.025663211760713719 -0.01714183146764188 0.0099999900241831488
v 0.027090045435921105 -0.014806952886447894 0.0099999900241831488
v 0.028307951649211918 -0.012356599603155974 0.0099999900241831488
v 0.029307662408418776 -0.0098094256798718481 0.0099999900241831488
v 0.030081566268525421 -0.0071848115202904298 0.0099999900241831488
v 0.030623777569103141 -0.0045027351647611786 0.0099999900241831488
v 0.03093016455991884 -0.001783609641841816 0.0099999900241831488
v 0.030998400537026714 0.00095187397330560365 0.0099999900241831488
v 0.03082796228973695 0.0036828934991267608 0.0099999900241831488
v 0.030420148786872638 0.006388666743640063 0.0099999900241831488
v 0.029778063168665769 0.0090486004901934071 0.0099999900241831488
v 0.028906593997322115 0.011642451540751388 0.0099999900241831488
v 0.027812369932869282 0.014150477726850718 0.0099999900241831488
v 0.026503721030961103 0.016553592366957522 0.0099999900241831488
v 0.024990607958759101 0.018833507004107939 0.0099999900241831488
v 0.023284545309842756 0.020972869500591452 0.0099999900241831488
v 0.021398515346677607 0.022955396364754053 0.0099999900241831488
v 0.019346874880798798 0.024766002030251099 0.0099999900241831488
v 0.017145236800265466 0.02639090524773453 0.0099999900241831488
v 0.014810357738414775 0.027817739720645412 0.0099999900241831488
v 0.012360004455122857 0.029035645933936226 0.0099999900241831488
v 0.0098128305318387309 0.030035356693143084 0.0099999900241831488
v 0.0071882163722573108 0.030809260553249729 0.0099999900241831488
v 0.0045061400167280595 0.031351471853827445 0.0099999900241831488
v 0.001787014493808697 0.031657858844643144 0.0099999900241831488
v -0.00094846912133872245 0.031726094821751018 0.0099999900241831488
v -0.0036794878494563785 0.03155565705511796 0.0099999900241831488
v -0.0063852610939696807 0.031147843552253647 0.0099999900241831488
v -0.0090451948405230256 0.030505757934046775 0.0099999900241831488
v -0.011639045891081006 0.029634288762703121 0.0099999900241831488
v -0.014147072077180335 0.028540064698250291 0.0099999900241831488
v -0.016550186798303911 0.027231415747525408 0.0099999900241831488
v -0.018830101354437554 0.025718302724140111 0.0099999900241831488
v -0.020969463850921067 0.024012240075223762 0.0099999900241831488
v -0.022951990715083668 0.022126210112058613 0.0099999900241831488
v -0.024762596380580714 0.020074569646179808 0.0099999900241831488
v -0.026387499598064145 0.017872931565646476 0.0099999900241831488
v -0.027814334868678528 0.015538052023139085 0.0099999900241831488
v -0.029032241081969341 0.013087698739847163 0.0099999900241831488
v -0.030031951841176199 0.010540524816563038 0.0099999900241831488
v -0.030805855701282844 0.0079159106569816201 0.0099999900241831488
v -0.031348067001860568 0.0052338343014523689 0.0099999900241831488
v -0.031654453992676267 0.0025147087785330055 0.0099999900241831488
v -0.031722689969784147 -0.00022077483661441395 0.0099999900241831488
v -0.031552251722494373 -0.0029517943624355709 0.0099999900241831488
v -0.031144438219630061 -0.0056575676069488727 0.0099999900241831488
v -0.030502352601423192 -0.0083175013535022185 0.0099999900241831488
v -0.029630883430079538 -0.010911352404060198 0.0099999900241831488
v -0.028536657770219704 -0.013419377628846126 0.0099999900241831488
v -0.027228010463718519 -0.015822493230266341 0.0099999900241831488
v -0.025677010534054554 -0.018074809575342812 0.0099264136781433768
v -0.023973496710487693 -0.020210974205272215 0.0099264136781433768
v -0.022090286255674701 -0.02219053969741331 0.0099264136781433768
v -0.020041711748679338 -0.023998439047497787 0.0099264136781433768
v -0.01784336335360491 -0.025620914282842976 0.0099264136781433768
v -0.015511972116238561 -0.027045616308801135 0.0099264136781433768
v -0.013065281765626786 -0.02826170217814233 0.0099264136781433768
v -0.010521912952727183 -0.029259919648467244 0.0099264136781433768
v -0.0079012227435312447 -0.030032667133729415 0.0099264136781433768
v -0.0052231559410232074 -0.030574067216716898 0.0099264136781433768
v -0.0025080923363955737 -0.030879996390413372 0.0099264136781433768
v 0.00022330223517382023 -0.030948130139681621 0.0099264136781433768
v 0.0029502424907935708 -0.030777946941637681 0.0099264136781433768
v 0.0056519727466534985 -0.030370742840472437 0.0099264136781433768
v 0.0083079312441038111 -0.029729617243909139 0.0099264136781433768
v 0.010897905752281705 -0.028859448753453733 0.0099264136781433768
v 0.013402184200561057 -0.027766860941546439 0.0099264136781433768
v 0.015801708308475396 -0.0264601689254086 0.0099264136781433768
v 0.018078215225013194 -0.024949315768673548 0.0099264136781433768
v 0.0202143798549426 -0.023245801945106687 0.0099264136781433768
v 0.022193945347083695 -0.021362591490293691 0.0099264136781433768
v 0.024001844697168172 -0.019314016983298328 0.0099264136781433768
v 0.025624319932513361 -0.017115668588223897 0.0099264136781433768
v 0.02704902116076802 -0.014784277831514255 0.0099264136781433768
v 0.028265107030109211 -0.012337587480902478 0.0099264136781433768
v 0.029263324500434132 -0.0097942186680028756 0.0099264136781433768
v 0.0300360719856963 -0.0071735284588069353 0.0099264136781433768
v 0.030577472068683782 -0.004495461656298899 0.0099264136781433768
v 0.030883401242380256 -0.0017803980516712657 0.0099264136781433768
v 0.030951534991648506 0.00095099651989812798 0.0099264136781433768
v 0.030781352274261268 0.0036779359778143787 0.0099264136781433768
v 0.030374148173096024 0.0063796662336743056 0.0099264136781433768
v 0.029733022576532726 0.0090356247311246182 0.0099264136781433768
v 0.028862854086077316 0.011625599239302514 0.0099264136781433768
v 0.027770266274170022 0.014129877687581867 0.0099264136781433768
v 0.026463574209215496 0.016529401876512952 0.0099264136781433768
v 0.024952721101297131 0.018805908712034004 0.0099264136781433768
v 0.02324920727773027 0.020942073341963411 0.0099264136781433768
v 0.021365996822917278 0.022921638834104502 0.0099264136781433768
v 0.019317422315921914 0.024729538184188982 0.0099264136781433768
v 0.017119073920847484 0.026352013419534172 0.0099264136781433768
v 0.014787682683481134 0.027776715445492331 0.0099264136781433768
v 0.012340992332869359 0.028992801314833522 0.0099264136781433768
v 0.0097976235199697566 0.029991018785158439 0.0099264136781433768
v 0.0071769333107738163 0.030763766270420607 0.0099264136781433768
v 0.0044988665082657817 0.03130516635340809 0.0099264136781433768
v 0.0017838029036381466 0.031611095527104567 0.0099264136781433768
v -0.00094759166793124548 0.03167922927637281 0.0099264136781433768
v -0.0036745303281439964 0.031509047039642274 0.0099264136781433768
v -0.0063762605840039241 0.03110184293847703 0.0099264136781433768
v -0.0090322190814542385 0.030460717341913735 0.0099264136781433768
v -0.011622193589632131 0.029590548851458325 0.0099264136781433768
v -0.014126472037911484 0.028497961039551031 0.0099264136781433768
v -0.016525996307859343 0.027191268925779801 0.0099264136781433768
v -0.018802503062363619 0.025680415866678141 0.0099264136781433768
v -0.020938667692293026 0.02397690204311128 0.0099264136781433768
v -0.02291823318443412 0.022093691588298287 0.0099264136781433768
v -0.024726132534518594 0.02004511708130292 0.0099264136781433768
v -0.026348607769863787 0.017846768686228493 0.0099264136781433768
v -0.027773310593525447 0.015515376968205445 0.0099264136781433768
v -0.028989396462866638 0.013068686617593667 0.0099264136781433768
v -0.029987613933191555 0.010525317804694066 0.0099264136781433768
v -0.030760361418453723 0.0079046275954981256 0.0099264136781433768
v -0.031301761501441205 0.0052265607929900884 0.0099264136781433768
v -0.031607690675137683 0.0025114971883624551 0.0099264136781433768
v -0.031675824424405932 -0.00021989738320693817 0.0099264136781433768
v -0.031505641707018694 -0.0029468368411231889 0.0099264136781433768
v -0.031098437605853447 -0.0056485670969831153 0.0099264136781433768
v -0.030457312009290149 -0.0083045255944334297 0.0099264136781433768
v -0.029587143518834739 -0.010894500102611324 0.0099264136781433768
v -0.028494555706927445 -0.013398778550890677 0.0099264136781433768
v -0.027187863641972912 -0.01579830273982177 0.0099264136781433768
v -0.025634085052839897 -0.018043540804394832 0.0098572024410108275
v -0.023933458739990008 -0.020176082626204676 0.0098572024410108275
v -0.022053442759146395 -0.022152291820370106 0.0098572024410108275
v -0.020008340256569189 -0.023957124966162004 0.0098572024410108275
v -0.01781372026781286 -0.025576848328876491 0.0098572024410108275
v -0.015486282810453922 -0.026999135436091604 0.0098572024410108275
v -0.013043742354518134 -0.028213159417565293 0.0098572024410108275
v -0.010504686620471671 -0.029209682982962823 0.0098572024410108275
v -0.0078884387825011934 -0.0299811210937093 0.0098572024410108275
v -0.0052149113675391181 -0.030521602980402567 0.0098572024410108275
v -0.0025044525248197227 -0.030827014340556468 0.0098572024410108275
v 0.00022230960684557554 -0.030895031866182959 0.0098572024410108275
v 0.0029446258455247906 -0.030725136202860652 0.0098572024410108275
v 0.0056417738880368603 -0.030318622853085685 0.0098572024410108275
v 0.0082932299789722028 -0.029678585722882685 0.0098572024410108275
v 0.010878811893327223 -0.02880989185765076 0.0098572024410108275
v 0.013378844602402606 -0.0277191577327245 0.0098572024410108275
v 0.015774299340761376 -0.026414680681027314 0.0098572024410108275
v 0.018046946454065217 -0.024906390287458884 0.0098572024410108275
v 0.020179488275875061 -0.023205763974608995 0.0098572024410108275
v 0.022155697470040491 -0.021325747993765385 0.0098572024410108275
v 0.023960530615832389 -0.019280645491188179 0.0098572024410108275
v 0.025580253978546876 -0.017086025502431851 0.0098572024410108275
v 0.027002541085761989 -0.01475858804507291 0.0098572024410108275
v 0.028216564269532174 -0.012316048069793823 0.0098572024410108275
v 0.029213087834929707 -0.0097769923357473639 0.0098572024410108275
v 0.029984525945676185 -0.0071607444977768824 0.0098572024410108275
v 0.030525007832369451 -0.0044872170828148114 0.0098572024410108275
v 0.030830419192523353 -0.0017767582400954143 0.0098572024410108275
v 0.030898436718149846 0.00095000389156988242 0.0098572024410108275
v 0.030728541535484235 0.0036723193325455985 0.0098572024410108275
v 0.030322028185709272 0.0063694673750576683 0.0098572024410108275
v 0.029681991055506271 0.0090209234659930117 0.0098572024410108275
v 0.028813297190274346 0.011606505380348032 0.0098572024410108275
v 0.027722563065348087 0.014106538089423415 0.0098572024410108275
v 0.02641808596483421 0.016501992908798935 0.0098572024410108275
v 0.02490979562008247 0.018774639941086028 0.0098572024410108275
v 0.023209169307232581 0.020907181762895872 0.0098572024410108275
v 0.021329153326388971 0.022883390957061302 0.0098572024410108275
v 0.019284050823811766 0.024688224102853196 0.0098572024410108275
v 0.017089430835055434 0.026307947465567683 0.0098572024410108275
v 0.014761993377696493 0.0277302345727828 0.0098572024410108275
v 0.012319452921760708 0.028944258554256485 0.0098572024410108275
v 0.0097803971877142449 0.029940782119654018 0.0098572024410108275
v 0.0071641493497437659 0.030712220230400492 0.0098572024410108275
v 0.0044906219347816924 0.031252702117093759 0.0098572024410108275
v 0.0017801630920622957 0.031558113477247657 0.0098572024410108275
v -0.00094659824189950096 0.031626131483530849 0.0098572024410108275
v -0.0036689136828752158 0.031456236300865248 0.0098572024410108275
v -0.0063660617253872851 0.031049722951090278 0.0098572024410108275
v -0.0090175178163226302 0.030409685820887277 0.0098572024410108275
v -0.011603099730677651 0.029540991955655356 0.0098572024410108275
v -0.014103132439753032 0.028450257830729096 0.0098572024410108275
v -0.016498587340145324 0.027145780681398515 0.0098572024410108275
v -0.018771234291415639 0.025637490385463479 0.0098572024410108275
v -0.020903776113225487 0.023936864072613591 0.0098572024410108275
v -0.022879985307390917 0.022056848091769977 0.0098572024410108275
v -0.024684818453182811 0.020011745589192772 0.0098572024410108275
v -0.026304541815897298 0.017817125600436447 0.0098572024410108275
v -0.027726829720815912 0.015489687662420801 0.0098572024410108275
v -0.0289408537022896 0.013047147206485013 0.0098572024410108275
v -0.029937377267687131 0.010508091472438554 0.0098572024410108275
v -0.030708815378433611 0.0078918436344680726 0.0098572024410108275
v -0.031249297265126874 0.0052183162195060017 0.0098572024410108275
v -0.031554708625280779 0.0025078573767866037 0.0098572024410108275
v -0.03162272615090727 -0.00021890475487869261 0.0098572024410108275
v -0.031452830968241662 -0.0029412201958544087 0.0098572024410108275
v -0.031046317618466695 -0.0056383682383664788 0.0098572024410108275
v -0.030406280488263694 -0.0082898243293018231 0.0098572024410108275
v -0.02953758662303177 -0.010875406243656842 0.0098572024410108275
v -0.02844685249810551 -0.013375438952732226 0.0098572024410108275
v -0.027142375397591626 -0.015770893772107754 0.0098572024410108275
v -0.025586445695422892 -0.018008838549687208 0.0097928834413627333
v -0.023889026198952525 -0.020137361175528137 0.0097928834413627333
v -0.022012553415705887 -0.022109844651929739 0.0097928834413627333
v -0.019971307834532718 -0.023911275942527836 0.0097928834413627333
v -0.017780823464086347 -0.025527946962048437 0.0097928834413627333
v -0.015457772811766458 -0.026947551630794764 0.0097928834413627333
v -0.013019836282011076 -0.028159287132547638 0.0097928834413627333
v -0.01048556770348154 -0.029153932724443915 0.0097928834413627333
v -0.0078742515723386822 -0.029923917031440067 0.0097928834413627333
v -0.0052057636601158964 -0.03046337975685131 0.0097928834413627333
v -0.0025004147265548283 -0.030768214514188458 0.0097928834413627333
v 0.00022120846754322085 -0.030836103508176935 0.0097928834413627333
v 0.0029383920435021916 -0.030666530033514619 0.0097928834413627333
v 0.0056304574489156331 -0.030260782802465813 0.0097928834413627333
v 0.0082769139817832748 -0.029621951027233005 0.0097928834413627333
v 0.010857622370172638 -0.028754895443640172 0.0097928834413627333
v 0.013352941815002956 -0.027666216251239502 0.0097928834413627333
v 0.015743881462099516 -0.026364198812736325 0.0097928834413627333
v 0.018012244199357593 -0.024858750930041883 0.0097928834413627333
v 0.020140766825198522 -0.023161331433571519 0.0097928834413627333
v 0.022113250301600121 -0.021284858650324878 0.0097928834413627333
v 0.023914681592198221 -0.019243613069151708 0.0097928834413627333
v 0.025531352611718822 -0.017053128698705337 0.0097928834413627333
v 0.026950957280465145 -0.014730078046385448 0.0097928834413627333
v 0.028162691984514522 -0.012292141997286767 0.0097928834413627333
v 0.029157337576410799 -0.0097578734187572323 0.0097928834413627333
v 0.029927321883406955 -0.0071465572876143746 0.0097928834413627333
v 0.030466784608818194 -0.0044780693753915879 0.0097928834413627333
v 0.030771619366155346 -0.001772720441830522 0.0097928834413627333
v 0.030839508840800521 0.00094890195456402834 0.0097928834413627333
v 0.030669935366138205 0.0036660855305229996 0.0097928834413627333
v 0.030264188135089399 0.0063581509359364402 0.0097928834413627333
v 0.029625356359856594 0.0090046074688040836 0.0097928834413627333
v 0.028758300776263755 0.011585315857193445 0.0097928834413627333
v 0.027669621583863088 0.014080635302023766 0.0097928834413627333
v 0.026367604096543217 0.016471575030137072 0.0097928834413627333
v 0.024862156262665469 0.0187399376863784 0.0097928834413627333
v 0.023164736766195102 0.020868460312219332 0.0097928834413627333
v 0.021288263982948464 0.022840943788620931 0.0097928834413627333
v 0.019247018401775295 0.024642375079219032 0.0097928834413627333
v 0.017056534031328924 0.026259046098739629 0.0097928834413627333
v 0.014733483379009031 0.027678650767485956 0.0097928834413627333
v 0.012295546849253648 0.02889038626923883 0.0097928834413627333
v 0.0097612782707241132 0.029885031861135107 0.0097928834413627333
v 0.0071499621395812573 0.030655016168131263 0.0097928834413627333
v 0.0044814742273584706 0.031194478893542502 0.0097928834413627333
v 0.001776125293797403 0.03149931365087965 0.0097928834413627333
v -0.00094549630489364645 0.031567203606181531 0.0097928834413627333
v -0.0036626798808526168 0.031397630131519215 0.0097928834413627333
v -0.0063547452862660588 0.030991882900470408 0.0097928834413627333
v -0.0090012018191337022 0.0303530511252376 0.0097928834413627333
v -0.011581910207523066 0.029485995541644765 0.0097928834413627333
v -0.014077229652353387 0.028397316349244098 0.0097928834413627333
v -0.016468169461483464 0.027095298813107526 0.0097928834413627333
v -0.018736532036708019 0.025589851028046479 0.0097928834413627333
v -0.020865054662548947 0.023892431531576112 0.0097928834413627333
v -0.022837538138950546 0.022015958748329473 0.0097928834413627333
v -0.024638969429548647 0.019974713167156304 0.0097928834413627333
v -0.026255640449069244 0.017784228796709933 0.0097928834413627333
v -0.027675245117815567 0.015461178144390039 0.0097928834413627333
v -0.028886981417271945 0.013023241133977955 0.0097928834413627333
v -0.029881627009168223 0.010488972555448423 0.0097928834413627333
v -0.030651611316164378 0.0078776564243055649 0.0097928834413627333
v -0.031191074041575617 0.0052091685120827782 0.0097928834413627333
v -0.031495908798912772 0.0025038195785217119 0.0097928834413627333
v -0.031563798273557951 -0.00021780281787283853 0.0097928834413627333
v -0.031394224798895629 -0.0029349863938318097 0.0097928834413627333
v -0.030988477567846822 -0.0056270517992452508 0.0097928834413627333
v -0.030349645792614018 -0.0082735083321128933 0.0097928834413627333
v -0.029482590209021178 -0.010854216720502257 0.0097928834413627333
v -0.028393911016620511 -0.013349536165332576 0.0097928834413627333
v -0.027091893529300637 -0.01574047589344589 0.0097928834413627333
v -0.025534456887473259 -0.01797096779187091 0.0097339456235507674
v -0.023840537063999703 -0.020095104292761085 0.0097339456235507674
v -0.021967930353753246 -0.022063521093348831 0.0097339456235507674
v -0.019930891584068848 -0.023861240527281793 0.0097339456235507674
v -0.017744922533747463 -0.025474579125770509 0.0097339456235507674
v -0.01542666131738123 -0.026891259015268489 0.0097339456235507674
v -0.012993748372849135 -0.028100496790622324 0.0097339456235507674
v -0.010464701714380888 -0.02909309144725445 0.0097339456235507674
v -0.0078587689089553801 -0.029861489589390017 0.0097339456235507674
v -0.0051957816297655834 -0.030399839143214997 0.0097339456235507674
v -0.0024960078063999101 -0.030704047058551783 0.0097339456235507674
v 0.00022000685113066093 -0.030771796900711856 0.0097339456235507674
v 0.0029315893513304882 -0.030602571248915456 0.0097339456235507674
v 0.0056181055470073422 -0.030197660329449857 0.0097339456235507674
v 0.0082591083233256677 -0.029560144488221998 0.0097339456235507674
v 0.010834498405851942 -0.02869487775771546 0.0097339456235507674
v 0.013324674210770838 -0.027608441057595683 0.0097339456235507674
v 0.015710686349019662 -0.026309107813622609 0.0097339456235507674
v 0.017974373441541298 -0.024806762122092249 0.0097339456235507674
v 0.020098509942431467 -0.023112842298618694 0.0097339456235507674
v 0.022066926743019216 -0.021240235588372233 0.0097339456235507674
v 0.023864646176952178 -0.019203196818687839 0.0097339456235507674
v 0.025477984775440894 -0.017017227768366453 0.0097339456235507674
v 0.02689466466493887 -0.014698966552000221 0.0097339456235507674
v 0.028103901642589212 -0.012266054088124829 0.0097339456235507674
v 0.029096496299221338 -0.0097370074296565783 0.0097339456235507674
v 0.029864894441356902 -0.0071310746242310742 0.0097339456235507674
v 0.030403243995181881 -0.0044680873450412759 0.0097339456235507674
v 0.030707451910518668 -0.0017683135216756021 0.0097339456235507674
v 0.030775202233335439 0.00094770033815146939 0.0097339456235507674
v 0.030605976581539043 0.0036592828383512953 0.0097339456235507674
v 0.030201065662073444 0.0063457990340281501 0.0097339456235507674
v 0.029563549820845584 0.0089868018103464748 0.0097339456235507674
v 0.02869828309033905 0.011562191892872751 0.0097339456235507674
v 0.027611846390219269 0.014052367697791645 0.0097339456235507674
v 0.026312513097429505 0.016438379917057221 0.0097339456235507674
v 0.024810167454715832 0.018702066928562106 0.0097339456235507674
v 0.02311624763124228 0.020826203429452277 0.0097339456235507674
v 0.021243640920995819 0.022794620230040023 0.0097339456235507674
v 0.019206602151311425 0.024592339663972985 0.0097339456235507674
v 0.01702063310099004 0.026205678262461705 0.0097339456235507674
v 0.014702371884623804 0.027622358151959681 0.0097339456235507674
v 0.012269458940091708 0.028831595927313519 0.0097339456235507674
v 0.0097404122816234593 0.029824190583945646 0.0097339456235507674
v 0.0071344794761979552 0.030592588726081209 0.0097339456235507674
v 0.0044714921970081577 0.031130938279906189 0.0097339456235507674
v 0.0017717183736424848 0.031435146195242979 0.0097339456235507674
v -0.00094429468848108815 0.031502896998716445 0.0097339456235507674
v -0.0036558771886809134 0.031333671346920049 0.0097339456235507674
v -0.0063423933843577678 0.030928760427454453 0.0097339456235507674
v -0.0089833961606760951 0.030291244586226593 0.0097339456235507674
v -0.011558786243202369 0.029425977855720056 0.0097339456235507674
v -0.014048962048121266 0.028339541155600279 0.0097339456235507674
v -0.01643497434840361 0.02704020781399381 0.0097339456235507674
v -0.018698661278891721 0.025537862220096845 0.0097339456235507674
v -0.020822797779781892 0.02384394239662329 0.0097339456235507674
v -0.022791214580369638 0.021971335686376828 0.0097339456235507674
v -0.024588934014302601 0.019934296916692434 0.0097339456235507674
v -0.026202272612791316 0.017748327866371049 0.0097339456235507674
v -0.027618952502289296 0.015430066650004813 0.0097339456235507674
v -0.028828191075346635 0.012997153224816017 0.0097339456235507674
v -0.029820785731978761 0.010468106566347769 0.0097339456235507674
v -0.030589183874114325 0.0078621737609222645 0.0097339456235507674
v -0.031127533427939304 0.0051991864817324653 0.0097339456235507674
v -0.031431741343276094 0.002499412658366792 0.0097339456235507674
v -0.031499491666092866 -0.00021660120146027969 0.0097339456235507674
v -0.031330266014296469 -0.0029281837016601059 0.0097339456235507674
v -0.030925355094830867 -0.0056146998973369607 0.0097339456235507674
v -0.030287839253603007 -0.0082557026736552862 0.0097339456235507674
v -0.029422572523096473 -0.010831092756181562 0.0097339456235507674
v -0.028336135822976692 -0.013321268561100457 0.0097339456235507674
v -0.027036802530186921 -0.01570728078036604 0.0097339456235507674
v -0.025478514515416724 -0.017930217089418228 0.0096808378850558943
v -0.023788359210377731 -0.020049632587779698 0.0096808378850558943
v -0.021919914552105409 -0.022013675564924354 0.0096808378850558943
v -0.019887403204627792 -0.02380740007868393 0.0096808378850558943
v -0.017706291592624879 -0.025417152461826246 0.0096808378850558943
v -0.01539318136181757 -0.02683068288334519 0.0096808378850558943
v -0.01296567488580661 -0.028037235019314339 0.0096808378850558943
v -0.010442250058825776 -0.029027623921797994 0.0096808378850558943
v -0.0078421080996669244 -0.029794311760833473 0.0096808378850558943
v -0.0051850397536505844 -0.030331467469079523 0.0096808378850558943
v -0.0024912669497439517 -0.030634998549068097 0.0096808378850558943
v 0.00021871285250982844 -0.030702596461761641 0.0096808378850558943
v 0.0029242696350322362 -0.030533748337780449 0.0096808378850558943
v 0.0056048155581260601 -0.030129738247273559 0.0096808378850558943
v 0.0082399488531373598 -0.029493638784602663 0.0096808378850558943
v 0.010809615428204326 -0.0286302941546424 0.0096808378850558943
v 0.013294256959456538 -0.027546272258635259 0.0096808378850558943
v 0.015674965865633106 -0.026249825680320145 0.0096808378850558943
v 0.017933622739088613 -0.024750819750035714 0.0096808378850558943
v 0.020053038237450079 -0.023060664444996718 0.0096808378850558943
v 0.022017081214594739 -0.021192219786724399 0.0096808378850558943
v 0.023810805728354315 -0.019159708439246782 0.0096808378850558943
v 0.025420558111496631 -0.016978596827243869 0.0096808378850558943
v 0.026834088533015575 -0.014665486596436562 0.0096808378850558943
v 0.028040639871281223 -0.012237980601082301 0.0096808378850558943
v 0.029031028773764879 -0.0097145557741014667 0.0096808378850558943
v 0.029797716612800357 -0.0071144138149426168 0.0096808378850558943
v 0.030334872321046411 -0.004457345468926276 0.0096808378850558943
v 0.030638403401034985 -0.0017635726650196445 0.0096808378850558943
v 0.030706001794385224 0.00094640633953063614 0.0096808378850558943
v 0.030537153670404035 0.0036519631220530454 0.0096808378850558943
v 0.030133143579897142 0.0063325090451468689 0.0096808378850558943
v 0.02949704411722625 0.0089676423401581686 0.0096808378850558943
v 0.028633699487265987 0.011537308915225137 0.0096808378850558943
v 0.027549677591258846 0.014021950446477346 0.0096808378850558943
v 0.026253230964127041 0.016402659433670665 0.0096808378850558943
v 0.024754225082659301 0.01866131622610942 0.0096808378850558943
v 0.023064069777620308 0.02078073172447089 0.0096808378850558943
v 0.021195625119347986 0.022744774701615546 0.0096808378850558943
v 0.019163113771870369 0.024538499215375122 0.0096808378850558943
v 0.016982002159867456 0.026148251598517438 0.0096808378850558943
v 0.014668891929060143 0.027561782020036382 0.0096808378850558943
v 0.012241385453049184 0.028768334156005534 0.0096808378850558943
v 0.0097179606260683477 0.029758723058489187 0.0096808378850558943
v 0.0071178186669094987 0.030525410897524669 0.0096808378850558943
v 0.0044607503208931587 0.031062566605770718 0.0096808378850558943
v 0.0017669775169865264 0.031366097685759292 0.0096808378850558943
v -0.00094300068986025382 0.03143369655976623 0.0096808378850558943
v -0.0036485574723826618 0.031264848435785045 0.0096808378850558943
v -0.0063291033954764875 0.030860838345278155 0.0096808378850558943
v -0.0089642366904877872 0.030224738882607259 0.0096808378850558943
v -0.011533903265554753 0.029361394252646996 0.0096808378850558943
v -0.014018544796806965 0.028277372356639852 0.0096808378850558943
v -0.016399253865017054 0.026980925680691346 0.0096808378850558943
v -0.018657910576439035 0.025481919848040307 0.0096808378850558943
v -0.020777326074800505 0.023791764543001314 0.0096808378850558943
v -0.022741369051945161 0.021923319884728995 0.0096808378850558943
v -0.024535093565704741 0.019890808537251378 0.0096808378850558943
v -0.026144845948847053 0.017709696925248465 0.0096808378850558943
v -0.027558376370365997 0.015396586694441154 0.0096808378850558943
v -0.028764929304038647 0.012969079737773491 0.0096808378850558943
v -0.029755318206522302 0.010445654910792657 0.0096808378850558943
v -0.030522006045557784 0.0078455129516338071 0.0096808378850558943
v -0.031059161753803834 0.0051884446056174654 0.0096808378850558943
v -0.031362692833792408 0.0024946718017108344 0.0096808378850558943
v -0.031430291227142651 -0.00021530720283944633 0.0096808378850558943
v -0.031261443103161465 -0.0029208639853618556 0.0096808378850558943
v -0.030857433012654568 -0.0056014099084556786 0.0096808378850558943
v -0.030221333549983673 -0.0082365432034669801 0.0096808378850558943
v -0.02935798892002341 -0.010806209778533946 0.0096808378850558943
v -0.028273967024016269 -0.013290851309786156 0.0096808378850558943
v -0.026977520396884457 -0.01567156029697948 0.0096808378850558943
v -0.025419044811684745 -0.017886896819605858 0.0096339644198754973
v -0.023732890171626185 -0.02000129323966959 0.0096339644198754973
v -0.021868869785588021 -0.021960686008612607 0.0096339644198754973
v -0.01984117111691424 -0.023750162340247832 0.0096339644198754973
v -0.017665224187959044 -0.025356103717583012 0.0096339644198754973
v -0.01535759050410139 -0.026766287227229117 0.0096339644198754973
v -0.012935832779256778 -0.027969982665173299 0.0096339644198754973
v -0.010418381751595448 -0.028958025599122927 0.0096339644198754973
v -0.0078243972313801168 -0.029722900003291596 0.0096339644198754973
v -0.0051736201180564824 -0.030258781744675608 0.0096339644198754973
v -0.002486225031091303 -0.03056159548702609 0.0096339644198754973
v 0.00021733736829699729 -0.030629032763358328 0.0096339644198754973
v 0.0029164883397018271 -0.030460584601253095 0.0096339644198754973
v 0.0055906873122343924 -0.030057530510128171 0.0096339644198754973
v 0.0082195805837526701 -0.02942293804295731 0.0096339644198754973
v 0.010783162671022414 -0.028561637337987347 0.0096339644198754973
v 0.013261921864542012 -0.027480183431474729 0.0096339644198754973
v 0.015636993024945974 -0.026186805508416903 0.0096339644198754973
v 0.017890302469276243 -0.024691350046303736 0.0096339644198754973
v 0.020004698889339971 -0.023005195406245176 0.0096339644198754973
v 0.021964091658282992 -0.021141175020207011 0.0096339644198754973
v 0.023753567989918217 -0.019113476351533234 0.0096339644198754973
v 0.025359509367253397 -0.016937529422578035 0.0096339644198754973
v 0.026769692876899502 -0.014629895738720382 0.0096339644198754973
v 0.027973387517140184 -0.012208138494532473 0.0096339644198754973
v 0.028961430451089815 -0.0096906874668711389 0.0096339644198754973
v 0.029726304855258481 -0.0070967029466558083 0.0096339644198754973
v 0.030262186596642496 -0.0044459258333321731 0.0096339644198754973
v 0.030565000338992974 -0.0017585307463669946 0.0096339644198754973
v 0.030632438095981915 0.00094503085531780478 0.0096339644198754973
v 0.030463989933876681 0.0036441818267226346 0.0096339644198754973
v 0.030060935842751758 0.0063183807992551987 0.0096339644198754973
v 0.029426343375580897 0.0089472740707734772 0.0096339644198754973
v 0.028565042670610934 0.011510856158043222 0.0096339644198754973
v 0.027483588764098312 0.013989615351562821 0.0096339644198754973
v 0.026190210792223799 0.016364686592983534 0.0096339644198754973
v 0.024694755378927319 0.01861799595629705 0.0096339644198754973
v 0.023008600738868762 0.020732392376360782 0.0096339644198754973
v 0.021144580352830598 0.022691785145303803 0.0096339644198754973
v 0.019116881684156817 0.024481261476939027 0.0096339644198754973
v 0.016940934755201621 0.026087202854274207 0.0096339644198754973
v 0.014633301071343963 0.027497386363920309 0.0096339644198754973
v 0.012211543346499352 0.028701081801864491 0.0096339644198754973
v 0.0096940923188380216 0.029689124735814122 0.0096339644198754973
v 0.0071001077986226901 0.030453999139982792 0.0096339644198754973
v 0.0044493306852990567 0.030989880881366803 0.0096339644198754973
v 0.0017619355983338777 0.031292694623717282 0.0096339644198754973
v -0.00094162520564742267 0.031360132861362924 0.0096339644198754973
v -0.0036407761770522523 0.031191684699257691 0.0096339644198754973
v -0.0063149751495848172 0.030788630608132767 0.0096339644198754973
v -0.0089438684211030975 0.030154038140961906 0.0096339644198754973
v -0.011507450508372839 0.029292737435991943 0.0096339644198754973
v -0.013986209701892439 0.028211283529479322 0.0096339644198754973
v -0.016361281024329922 0.026917905508788104 0.0096339644198754973
v -0.018614590306626665 0.025422450144308328 0.0096339644198754973
v -0.020728986726690397 0.023736295504249771 0.0096339644198754973
v -0.022688379495633418 0.021872275118211607 0.0096339644198754973
v -0.024477855827268642 0.01984457644953783 0.0096339644198754973
v -0.026083797204603822 0.017668629520582631 0.0096339644198754973
v -0.027493980714249924 0.015360995836724973 0.0096339644198754973
v -0.028697676949897607 0.012939237631223663 0.0096339644198754973
v -0.029685719883847238 0.010421786603562327 0.0096339644198754973
v -0.030450594288015904 0.0078278020833469995 0.0096339644198754973
v -0.030986476029399919 0.0051770249700233634 0.0096339644198754973
v -0.031289289771750398 0.0024896298830581844 0.0096339644198754973
v -0.031356727528739338 -0.00021393171862661508 0.0096339644198754973
v -0.031188279366634108 -0.0029130826900314452 0.0096339644198754973
v -0.030785225275509181 -0.0055872816625640092 0.0096339644198754973
v -0.03015063280833832 -0.0082161749340822886 0.0096339644198754973
v -0.02928933210336836 -0.010779757021352034 0.0096339644198754973
v -0.028207878196855735 -0.013258516214871631 0.0096339644198754973
v -0.026914500224981215 -0.015633587456292352 0.0096339644198754973
v -0.025356497973086489 -0.017841335333261304 0.0095936828558782286
v -0.023674552199920141 -0.01995045375836171 0.0095936828558782286
v -0.021815184220442409 -0.021904954849342628 0.0095936828558782286
v -0.019792546844515375 -0.023689965285994218 0.0095936828558782286
v -0.017622032183651899 -0.025291896986975104 0.0095936828558782286
v -0.015320159353042385 -0.026698561299454738 0.0095936828558782286
v -0.012904446620696095 -0.027899251255393647 0.0095936828558782286
v -0.01039328043231392 -0.028884829012896469 0.0095936828558782286
v -0.0078057700978441426 -0.029647793784769162 0.0095936828558782286
v -0.0051616092072320225 -0.030182338599227192 0.0095936828558782286
v -0.0024809225340694909 -0.030484395054359247 0.0095936828558782286
v 0.00021589102892666674 -0.030551664808332182 0.0095936828558782286
v 0.0029083043258955779 -0.030383636076839405 0.0095936828558782286
v 0.0055758269386970731 -0.029981588594788465 0.0095936828558782286
v 0.0081981586520156434 -0.029348579433104559 0.0095936828558782286
v 0.010755341721909161 -0.028489429536519176 0.0095936828558782286
v 0.013227913517987267 -0.027410675241876858 0.0095936828558782286
v 0.015597056220978829 -0.026120525920012856 0.0095936828558782286
v 0.017844740982931685 -0.024628803207705482 0.0095936828558782286
v 0.019953859408032092 -0.022946857434539131 0.0095936828558782286
v 0.021908360499013013 -0.021087489455061399 0.0095936828558782286
v 0.023693370935664603 -0.019064852079134366 0.0095936828558782286
v 0.025295302636645488 -0.016894337418270889 0.0095936828558782286
v 0.026701966949125123 -0.014592464587661377 0.0095936828558782286
v 0.027902656107360532 -0.012176752335971788 0.0095936828558782286
v 0.028888233864863354 -0.009665586147589611 0.0095936828558782286
v 0.029651198636736046 -0.0070780758131198359 0.0095936828558782286
v 0.03018574345119408 -0.0044339149225077149 0.0095936828558782286
v 0.030487799906326132 -0.0017532282493451829 0.0095936828558782286
v 0.030555070140955765 0.0009435845159474739 0.0095936828558782286
v 0.030387041409462995 0.0036359978129163854 0.0095936828558782286
v 0.029984993927412051 0.0063035204257178793 0.0095936828558782286
v 0.029351984765728145 0.0089258521390364522 0.0095936828558782286
v 0.028492834869142763 0.011483035208929971 0.0095936828558782286
v 0.027414080574500441 0.013955607005008077 0.0095936828558782286
v 0.026123931203819752 0.01632474978901639 0.0095936828558782286
v 0.024632208540329065 0.018572434469952496 0.0095936828558782286
v 0.022950262767162718 0.020681552895052902 0.0095936828558782286
v 0.021090894787684986 0.022636053986033824 0.0095936828558782286
v 0.019068257411757952 0.02442106442268541 0.0095936828558782286
v 0.016897742750894475 0.026022996123666299 0.0095936828558782286
v 0.014595869920284959 0.027429660436145933 0.0095936828558782286
v 0.012180157187938669 0.028630350392084839 0.0095936828558782286
v 0.0096689909995564937 0.029615928149587661 0.0095936828558782286
v 0.0070814806650867177 0.030378892921460354 0.0095936828558782286
v 0.0044373197744745976 0.030913437735918387 0.0095936828558782286
v 0.0017566331013120656 0.031215494191050443 0.0095936828558782286
v -0.00094017886627709222 0.031282764906336774 0.0095936828558782286
v -0.0036325921632460031 0.031114736174844001 0.0095936828558782286
v -0.0063001147760474987 0.030712688692793061 0.0095936828558782286
v -0.0089224464893660725 0.030079679531109155 0.0095936828558782286
v -0.011479629559259588 0.029220529634523772 0.0095936828558782286
v -0.013952201355337694 0.02814177533988145 0.0095936828558782286
v -0.016321344220362778 0.026851625920384058 0.0095936828558782286
v -0.018569028820282111 0.025359903305710075 0.0095936828558782286
v -0.020678147245382517 0.023677957532543727 0.0095936828558782286
v -0.022632648336363439 0.021818589553065995 0.0095936828558782286
v -0.024417658773015025 0.019795952177138962 0.0095936828558782286
v -0.026019590473995914 0.017625437516275485 0.0095936828558782286
v -0.027426254786475548 0.015323564685665968 0.0095936828558782286
v -0.028626945540117955 0.012907851472662976 0.0095936828558782286
v -0.029612523297620777 0.0103966852842808 0.0095936828558782286
v -0.030375488069493469 0.0078091749498110253 0.0095936828558782286
v -0.030910032883951503 0.0051650140591989043 0.0095936828558782286
v -0.031212089339083555 0.0024843273860363727 0.0095936828558782286
v -0.031279359573713188 -0.0002124853792562842 0.0095936828558782286
v -0.031111330842220418 -0.002904898676225196 0.0095936828558782286
v -0.030709283360169475 -0.0055724212890266899 0.0095936828558782286
v -0.030076274198485568 -0.0081947530023452637 0.0095936828558782286
v -0.029217124301900186 -0.010751936072238781 0.0095936828558782286
v -0.028138370007257867 -0.013224507868316887 0.0095936828558782286
v -0.026848220636577168 -0.01559365065232521 0.0095936828558782286
v -0.025291351832279554 -0.017793880079686179 0.0095602968042234129
v -0.02361378859459947 -0.019897500859709035 0.0095602968042234129
v -0.021759268818918591 -0.021846908033702782 0.0095602968042234129
v -0.019741902958183167 -0.02362726609586583 0.0095602968042234129
v -0.017577046240923565 -0.025225022912800245 0.0095602968042234129
v -0.015281173162641033 -0.026628020574200155 0.0095602968042234129
v -0.012871756256905393 -0.02782558109553385 0.0095602968042234129
v -0.01036713385204059 -0.028808588745956043 0.0095602968042234129
v -0.0077863687360249633 -0.029569565810636161 0.0095602968042234129
v -0.0051491001735817421 -0.030102716077034835 0.0095602968042234129
v -0.0024753998812680105 -0.030403987015926694 0.0095602968042234129
v 0.00021438515996496319 -0.030471081625718661 0.0095602968042234129
v 0.0028997806673352394 -0.030303491057751205 0.0095602968042234129
v 0.0055603502003588687 -0.029902490793074412 0.0095602968042234129
v 0.0081758473577666652 -0.02927113157269233 0.0095602968042234129
v 0.010726363801947556 -0.028414219794051954 0.0095602968042234129
v 0.013192492020560677 -0.027338278154407994 0.0095602968042234129
v 0.015555459228766664 -0.026051491063719973 0.0095602968042234129
v 0.017797285729356564 -0.024563657066898545 0.0095602968042234129
v 0.019900906509379417 -0.022886093829218461 0.0095602968042234129
v 0.021850313683373167 -0.021031574053537581 0.0095602968042234129
v 0.023630671745536215 -0.019014208192802161 0.0095602968042234129
v 0.025228428562470633 -0.016849351475542552 0.0095602968042234129
v 0.026631426223870536 -0.014553478397260027 0.0095602968042234129
v 0.027828985947500735 -0.012144061972181087 0.0095602968042234129
v 0.028811993597922927 -0.0096394395673162821 0.0095602968042234129
v 0.029572970662603046 -0.0070586744513006575 0.0095602968042234129
v 0.030106120929001716 -0.0044214058888574345 0.0095602968042234129
v 0.030407391867893579 -0.0017477055965437038 0.0095602968042234129
v 0.030474486958342248 0.00094207864698577079 0.0095602968042234129
v 0.030306896390374791 0.0036274741543560478 0.0095602968042234129
v 0.029905896125697995 0.0062880436873796759 0.0095602968042234129
v 0.029274536905315916 0.0089035408447874741 0.0095602968042234129
v 0.028417625126675543 0.011454057288968365 0.0095602968042234129
v 0.02734168348703158 0.013920185507581484 0.0095602968042234129
v 0.026054896347526869 0.016283152796804222 0.0095602968042234129
v 0.024567062399522131 0.018524979216377371 0.0095602968042234129
v 0.022889499161842047 0.020628599996400227 0.0095602968042234129
v 0.021034979386161168 0.022578007170393974 0.0095602968042234129
v 0.019017613525425744 0.024358365232557022 0.0095602968042234129
v 0.016852756808166142 0.02595612204949144 0.0095602968042234129
v 0.014556883729883606 0.027359119710891347 0.0095602968042234129
v 0.012147466824147966 0.028556680232225042 0.0095602968042234129
v 0.0096428444192831631 0.029539687882647239 0.0095602968042234129
v 0.0070620793032675384 0.030300664947327357 0.0095602968042234129
v 0.0044248107408243163 0.030833815213726027 0.0095602968042234129
v 0.0017511104485105852 0.03113508615261789 0.0095602968042234129
v -0.00093867299731538868 0.031202181723723257 0.0095602968042234129
v -0.003624068504685665 0.031034591155755801 0.0095602968042234129
v -0.0062846380377092944 0.030633590891079004 0.0095602968042234129
v -0.0089001351951170926 0.030002231670696926 0.0095602968042234129
v -0.011450651639297984 0.02914531989205655 0.0095602968042234129
v -0.013916779857911104 0.02806937825241259 0.0095602968042234129
v -0.016279747228150614 0.026782591064091175 0.0095602968042234129
v -0.018521573566706986 0.025294757164903141 0.0095602968042234129
v -0.020625194346729842 0.023617193927223057 0.0095602968042234129
v -0.022574601520723589 0.021762674151542177 0.0095602968042234129
v -0.024354959582886637 0.019745308290806753 0.0095602968042234129
v -0.025952716399821055 0.017580451573547148 0.0095602968042234129
v -0.027355714061220959 0.015284578495264618 0.0095602968042234129
v -0.028553275380258158 0.012875161108872275 0.0095602968042234129
v -0.029536283030680351 0.010370538704007472 0.0095602968042234129
v -0.030297260095360469 0.0077897735879918469 0.0095602968042234129
v -0.030830410361759139 0.0051525050255486248 0.0095602968042234129
v -0.031131681300651002 0.0024788047332348932 0.0095602968042234129
v -0.031198776391099671 -0.00021097951029458098 0.0095602968042234129
v -0.031031185823132214 -0.0028963750176648579 0.0095602968042234129
v -0.030630185558455418 -0.0055569445506884864 0.0095602968042234129
v -0.029998826338073339 -0.0081724417080962838 0.0095602968042234129
v -0.029141914559432967 -0.010722958152277176 0.0095602968042234129
v -0.028065972919789003 -0.013189086370890295 0.0095602968042234129
v -0.026779185780284286 -0.015552053660113042 0.0095602968042234129
v -0.025224100329428432 -0.017744891475740016 0.0095340633099416441
v -0.023551064903810585 -0.019842838471227815 0.0095340633099416441
v -0.021701547132739675 -0.021786986705339947 0.0095340633099416441
v -0.019689622214859179 -0.023562541135381435 0.0095340633099416441
v -0.017530604977683151 -0.025155987805398378 0.0095340633099416441
v -0.015240926411774 -0.026555201306626471 0.0095340633099416441
v -0.012838010125448097 -0.027749530715414989 0.0095340633099416441
v -0.010340145041119237 -0.028729888159503107 0.0095340633099416441
v -0.0077663408897309235 -0.029488811796746211 0.0095340633099416441
v -0.005136186108472141 -0.030020524805324696 0.0095340633099416441
v -0.0024696984158977453 -0.030320981263130955 0.0095340633099416441
v 0.00021282953226303372 -0.030387894927817058 0.0095340633099416441
v 0.002890980151214779 -0.030220755407023323 0.0095340633099416441
v 0.0055443729007565671 -0.029820837118756389 0.0095340633099416441
v 0.0081528150300556324 -0.029191182398035455 0.0095340633099416441
v 0.01069645175995936 -0.028336582767803212 0.0095340633099416441
v 0.013155925654367523 -0.027263541625081586 0.0095340633099416441
v 0.01551251928173209 -0.025980227423848222 0.0095340633099416441
v 0.0177482971254104 -0.024496405564047422 0.0095340633099416441
v 0.019846244120898197 -0.022823370138429572 0.0095340633099416441
v 0.021790392355010332 -0.020973852367358665 0.0095340633099416441
v 0.02356594678505182 -0.01896192744947817 0.0095340633099416441
v 0.025159393455068763 -0.016802910212302142 0.0095340633099416441
v 0.026558606956296856 -0.014513231646392994 0.0095340633099416441
v 0.027752935567381874 -0.012110315840723789 0.0095340633099416441
v 0.028733293011469992 -0.0096124507563949291 0.0095340633099416441
v 0.029492216648713095 -0.0070386466050066142 0.0095340633099416441
v 0.03002392965729158 -0.0044084918237478335 0.0095340633099416441
v 0.030324386115097839 -0.0017420041311734381 0.0095340633099416441
v 0.030391300260440641 0.0009405230192838412 0.0095340633099416441
v 0.030224160739646906 0.0036186736382355857 0.0095340633099416441
v 0.029824242451379972 0.0062720663877773751 0.0095340633099416441
v 0.029194587730659041 0.0088805085170764412 0.0095340633099416441
v 0.028339988100426799 0.011424145246980171 0.0095340633099416441
v 0.027266946957705172 0.01388361914138833 0.0095340633099416441
v 0.025983632707655118 0.016240212849769651 0.0095340633099416441
v 0.024499810896671009 0.018475990612431208 0.0095340633099416441
v 0.022826775471053162 0.020573937607919007 0.0095340633099416441
v 0.020977257699982252 0.022518085842031139 0.0095340633099416441
v 0.018965332782101753 0.024293640272072627 0.0095340633099416441
v 0.016806315544925728 0.025887086942089573 0.0095340633099416441
v 0.014516636979016574 0.027286300443317667 0.0095340633099416441
v 0.01211372069269067 0.028480629852106185 0.0095340633099416441
v 0.0096158556083618101 0.029460987296194303 0.0095340633099416441
v 0.0070420514569734987 0.030219910933437403 0.0095340633099416441
v 0.0044118966757147153 0.030751623942015888 0.0095340633099416441
v 0.00174540898314032 0.031052080399822147 0.0095340633099416441
v -0.00093711736961345909 0.03111899502582165 0.0095340633099416441
v -0.0036152679885652042 0.030951855505027919 0.0095340633099416441
v -0.0062686607381069927 0.030551937216760982 0.0095340633099416441
v -0.0088771028674060597 0.029922282496040051 0.0095340633099416441
v -0.011420739597309788 0.029067682865807808 0.0095340633099416441
v -0.01388021349171795 0.027994641723086178 0.0095340633099416441
v -0.016236807281116039 0.026711327424219423 0.0095340633099416441
v -0.018472584962760823 0.025227505662052015 0.0095340633099416441
v -0.020570531958248622 0.023554470236434168 0.0095340633099416441
v -0.022514680192360758 0.021704952465363261 0.0095340633099416441
v -0.024290234622402242 0.019693027547482762 0.0095340633099416441
v -0.025883681292419188 0.017534010310306738 0.0095340633099416441
v -0.027282894793647282 0.015244331744397585 0.0095340633099416441
v -0.028477225000139297 0.012841414977414979 0.0095340633099416441
v -0.029457582444227415 0.010343549893086118 0.0095340633099416441
v -0.030216506081470518 0.0077697457416978036 0.0095340633099416441
v -0.030748219090049003 0.0051395909604390229 0.0095340633099416441
v -0.031048675547855262 0.0024731032678646275 0.0095340633099416441
v -0.031115589693198064 -0.0002094238825926515 0.0095340633099416441
v -0.030948450172404333 -0.0028875745015443958 0.0095340633099416441
v -0.030548531884137399 -0.0055409672510861856 0.0095340633099416441
v -0.029918877163416468 -0.0081494093803852509 0.0095340633099416441
v -0.029064277533184222 -0.010693046110288981 0.0095340633099416441
v -0.027991236390462595 -0.013152520004697141 0.0095340633099416441
v -0.026707922140412534 -0.015509113713078468 0.0095340633099416441
v -0.025155259019410552 -0.017694744593225221 0.0095151816760638899
v -0.023486854959608689 -0.019786882035849118 0.0095151816760638899
v -0.021642457859822266 -0.021725646570865932 0.0095151816760638899
v -0.019636105227835758 -0.023496284053355021 0.0095151816760638899
v -0.017483066617034464 -0.025085319574141965 0.0095151816760638899
v -0.015199726802884643 -0.026480657505673733 0.0095151816760638899
v -0.012803463332043415 -0.02767168005993477 0.0095151816760638899
v -0.010312516048234232 -0.028649323071121325 0.0095151816760638899
v -0.0077458387414255508 -0.029406145355995738 0.0095151816760638899
v -0.0051229667917715195 -0.029936385965424368 0.0095151816760638899
v -0.0024638635926049549 -0.030236009736544764 0.0095151816760638899
v 0.00021123731178794379 -0.030302738302313951 0.0095151816760638899
v 0.0028819728050976882 -0.030136063244705892 0.0095151816760638899
v 0.0055280185542801773 -0.029737251209835985 0.0095151816760638899
v 0.0081292365838623645 -0.029109339798209267 0.0095151816760638899
v 0.010665830387739154 -0.02825710716677968 0.0095151816760638899
v 0.013118494963345469 -0.027187038166594131 0.0095151816760638899
v 0.01546856226511834 -0.025907275843370572 0.0095151816760638899
v 0.017698150242895606 -0.024427564254029546 0.0095151816760638899
v 0.019790287685519502 -0.022759160194227683 0.0095151816760638899
v 0.021729052220536317 -0.020914763094441256 0.0095151816760638899
v 0.023499689703025406 -0.018908410462454749 0.0095151816760638899
v 0.02508872522381235 -0.016755371851653454 0.0095151816760638899
v 0.026484063155344118 -0.014472032037503635 0.0095151816760638899
v 0.027675084911901657 -0.012075769047319107 0.0095151816760638899
v 0.028652727923088209 -0.009584821763509924 0.0095151816760638899
v 0.029409550207962622 -0.0070181444567012415 0.0095151816760638899
v 0.029939790817391253 -0.0043952725070472119 0.0095151816760638899
v 0.030239414588511648 -0.0017361693078806473 0.0095151816760638899
v 0.030306143634937534 0.0009389307988087515 0.0095151816760638899
v 0.030139468577329482 0.0036096662921184966 0.0095151816760638899
v 0.029740656542459571 0.0062557120413009861 0.0095151816760638899
v 0.029112745130832857 0.0088569300708831733 0.0095151816760638899
v 0.028260512499403263 0.011393523874759963 0.0095151816760638899
v 0.027190443499217717 0.013846188450366278 0.0095151816760638899
v 0.025910681127177468 0.016196255833155902 0.0095151816760638899
v 0.024430969586653129 0.018425843729916413 0.0095151816760638899
v 0.022762565526851266 0.020517981172540313 0.0095151816760638899
v 0.020918168427064843 0.022456745707557124 0.0095151816760638899
v 0.018911815795078335 0.024227383190046213 0.0095151816760638899
v 0.016758777184277041 0.025816418710833157 0.0095151816760638899
v 0.014475437370127216 0.027211756642364925 0.0095151816760638899
v 0.012079173899285986 0.028402779196625962 0.0095151816760638899
v 0.009588226615476805 0.029380422207812517 0.0095151816760638899
v 0.0070215493086681242 0.03013724449268693 0.0095151816760638899
v 0.004398677359014092 0.03066748510211556 0.0095151816760638899
v 0.0017395741598475296 0.030967108873235959 0.0095151816760638899
v -0.00093552514913836917 0.031033838400318543 0.0095151816760638899
v -0.0036062606424481151 0.030867163342710488 0.0095151816760638899
v -0.006252306391630603 0.030468351307840577 0.0095151816760638899
v -0.0088535244212127918 0.029840439896213863 0.0095151816760638899
v -0.011390118225089582 0.028988207264784273 0.0095151816760638899
v -0.013842782800695896 0.027918138264598727 0.0095151816760638899
v -0.01619285026450229 0.026638375843741773 0.0095151816760638899
v -0.018422438080246028 0.025158664352034142 0.0095151816760638899
v -0.020514575522869928 0.023490260292232275 0.0095151816760638899
v -0.022453340057886743 0.021645863192445852 0.0095151816760638899
v -0.024223977540375828 0.019639510560459341 0.0095151816760638899
v -0.025813013061162775 0.01748647194965805 0.0095151816760638899
v -0.02720835099269454 0.015203132135508227 0.0095151816760638899
v -0.028399374344659081 0.012806868184010297 0.0095151816760638899
v -0.029377017355845633 0.010315920900201113 0.0095151816760638899
v -0.030133839640720046 0.0077492435933924318 0.0095151816760638899
v -0.030664080250148676 0.0051263716437384022 0.0095151816760638899
v -0.030963704021269071 0.0024672684445718371 0.0095151816760638899
v -0.031030433067694957 -0.0002078316621175618 0.0095151816760638899
v -0.030863758010086905 -0.0028785671554273072 0.0095151816760638899
v -0.030464945975216994 -0.0055246129046097967 0.0095151816760638899
v -0.02983703456359028 -0.008125830934191983 0.0095151816760638899
v -0.028984801932160686 -0.010662424738068773 0.0095151816760638899
v -0.027914732931975141 -0.013115089313675089 0.0095151816760638899
v -0.026634970559934884 -0.015465156696464718 0.0095151816760638899
v -0.025085347522339308 -0.017643818584439662 0.0095037953262666411
v -0.023421648548118991 -0.01973005660963803 0.0095037953262666411
v -0.021582452614775868 -0.021663354381823655 0.0095037953262666411
v -0.019581756742186655 -0.023428999686795588 0.0095037953262666411
v -0.017434789208298399 -0.025013553634954781 0.0095037953262666411
v -0.015157888399698307 -0.026404957886510781 0.0095037953262666411
v -0.012768382457133345 -0.027592622512032507 0.0095037953262666411
v -0.010284457512852528 -0.028567507522656965 0.0095037953262666411
v -0.0077250182781339613 -0.029322195441603575 0.0095037953262666411
v -0.0051095429239695553 -0.029850940865204838 0.0095037953262666411
v -0.0024579370004362876 -0.03014972161934407 0.0095037953262666411
v 0.00020962041666557296 -0.030216261311311936 0.0095037953262666411
v 0.0028728249952497693 -0.03005005524625997 0.0095037953262666411
v 0.0055114091002587198 -0.029652368526603391 0.0095037953262666411
v 0.0081052931928768009 -0.029026227462922206 0.0095037953262666411
v 0.010634734090215531 -0.028176397654058077 0.0095037953262666411
v 0.013080482178817143 -0.027109345798848179 0.0095037953262666411
v 0.015423923677302666 -0.025833193119329991 0.0095037953262666411
v 0.017647224234110047 -0.024357652756958299 0.0095037953262666411
v 0.019733462259308415 -0.022693953782737981 0.0095037953262666411
v 0.02166676003149404 -0.020854757849394858 0.0095037953262666411
v 0.02343240533646597 -0.018854061976805642 0.0095037953262666411
v 0.025016959284625166 -0.016707094442917389 0.0095037953262666411
v 0.026408363536181166 -0.014430193634317296 0.0095037953262666411
v 0.027596027363999392 -0.012040688172409037 0.0095037953262666411
v 0.028570912374623853 -0.0095567632281282205 0.0095037953262666411
v 0.02932560029357046 -0.0069973239934096546 0.0095037953262666411
v 0.029854345717171722 -0.0043818486392452468 0.0095037953262666411
v 0.030153126471310954 -0.0017302427157119796 0.0095037953262666411
v 0.030219666643935522 0.0009373139036863811 0.0095037953262666411
v 0.030053460578883556 0.0036005184822705764 0.0095037953262666411
v 0.029655773859226978 0.0062391025872795278 0.0095037953262666411
v 0.029029632795545789 0.0088329866798976097 0.0095037953262666411
v 0.028179802986681664 0.01136242757723634 0.0095037953262666411
v 0.027112751131471765 0.01380817566583795 0.0095037953262666411
v 0.025836598403136887 0.016151617245340227 0.0095037953262666411
v 0.024361058089581885 0.018374917721130854 0.0095037953262666411
v 0.022697359115361568 0.020461155746329222 0.0095037953262666411
v 0.020858163182018444 0.022394453518514851 0.0095037953262666411
v 0.018857467309429228 0.02416009882348678 0.0095037953262666411
v 0.016710499775540975 0.025744652771645973 0.0095037953262666411
v 0.01443359896694088 0.027136057023201973 0.0095037953262666411
v 0.012044093024375918 0.028323721648723699 0.0095037953262666411
v 0.0095601680800951015 0.029298606659348161 0.0095037953262666411
v 0.0070007288453765365 0.030053294578294767 0.0095037953262666411
v 0.0043852534912121295 0.030582040001896033 0.0095037953262666411
v 0.0017336475676788623 0.030880820756035262 0.0095037953262666411
v -0.00093390825401600008 0.030947361409316532 0.0095037953262666411
v -0.0035971128326001945 0.030781155344264566 0.0095037953262666411
v -0.0062356969376091455 0.030383468624607987 0.0095037953262666411
v -0.0088295810302272282 0.029757327560926802 0.0095037953262666411
v -0.011359021927565958 0.028907497752062673 0.0095037953262666411
v -0.013804770016167568 0.027840445896852774 0.0095037953262666411
v -0.016148211676686616 0.026564293119701193 0.0095037953262666411
v -0.018371512071460473 0.025088752854962895 0.0095037953262666411
v -0.020457750096658837 0.023425053880742577 0.0095037953262666411
v -0.022391047868844462 0.021585857947399454 0.0095037953262666411
v -0.024156693173816395 0.019585162074810238 0.0095037953262666411
v -0.025741247121975588 0.017438194540921985 0.0095037953262666411
v -0.027132651373531592 0.015161293732321886 0.0095037953262666411
v -0.028320316796756815 0.012771787309100228 0.0095037953262666411
v -0.029295201807381276 0.010287862364819409 0.0095037953262666411
v -0.030049889726327883 0.0077284231301008441 0.0095037953262666411
v -0.030578635149929149 0.0051129477759364363 0.0095037953262666411
v -0.030877415904068378 0.0024613418524031695 0.0095037953262666411
v -0.030943956076692945 -0.00020621476699519129 0.0095037953262666411
v -0.030777750011640979 -0.0028694193455793865 0.0095037953262666411
v -0.030380063291984401 -0.0055080034505883384 0.0095037953262666411
v -0.029753922228303215 -0.0081018875432064194 0.0095037953262666411
v -0.028904092419439087 -0.01063132844054515 0.0095037953262666411
v -0.027837040564229188 -0.013077076529146759 0.0095037953262666411
v -0.026560887835894303 -0.015420518108649047 0.0095037953262666411
v -0.025014901292233906 -0.017592502414241096 0.0094999899422267622
v -0.02335594150987489 -0.019672795246040639 0.0094999899422267622
v -0.021521986990554472 -0.021600584723527147 0.0094999899422267622
v -0.019526992670834607 -0.023361199601905937 0.0094999899422267622
v -0.017386142275518643 -0.024941238841802209 0.0094999899422267622
v -0.015115728129534531 -0.026328677239060669 0.0094999899422267622
v -0.01273303279262669 -0.027512957202181918 0.0094999899422267622
v -0.010256185167535879 -0.028485065148744326 0.0094999899422267622
v -0.0077040380232556681 -0.029237601233670165 0.0094999899422267622
v -0.0050960151852099201 -0.029764841673512309 0.0094999899422267622
v -0.0024519640533459831 -0.03006277057405202 0.0094999899422267622
v 0.00020799045814801081 -0.030129120225761422 0.0094999899422267622
v 0.002863606953536432 -0.029963389329749797 0.0094999899422267622
v 0.0054946732072150284 -0.029566835697197803 0.0094999899422267622
v 0.0080811658875249871 -0.0289424778667942 0.0094999899422267622
v 0.010603398888070097 -0.028095068792376946 0.0094999899422267622
v 0.013042178945813297 -0.027031058615980451 0.0094999899422267622
v 0.015378942861915929 -0.025758542430397442 0.0094999899422267622
v 0.017595908063911477 -0.024287206526852897 0.0094999899422267622
v 0.019676200895711024 -0.022628246744493884 0.0094999899422267622
v 0.021603990373197532 -0.020794292225173462 0.0094999899422267622
v 0.023364605251576322 -0.018799297905453597 0.0094999899422267622
v 0.02494464449147259 -0.016658447510137637 0.0094999899422267622
v 0.026332082888731054 -0.01438803336415352 0.0094999899422267622
v 0.027516362054148803 -0.012005338507902381 0.0094999899422267622
v 0.028488470000711211 -0.0095284908828115692 0.0094999899422267622
v 0.029241006085637049 -0.0069763437385313614 0.0094999899422267622
v 0.029768246525479193 -0.0043683209004856133 0.0094999899422267622
v 0.030066175426018905 -0.0017242697686216746 0.0094999899422267622
v 0.030132525558385009 0.00093568394516881787 0.0094999899422267622
v 0.02996679466237338 0.00359130044055724 0.0094999899422267622
v 0.029570241029821389 0.0062223666942358364 0.0094999899422267622
v 0.028945883199417786 0.0088088593745457959 0.0094999899422267622
v 0.028098474125000533 0.011331092375090904 0.0094999899422267622
v 0.027034463948604037 0.013769872432834106 0.0094999899422267622
v 0.025761947714204366 0.016106636429953441 0.0094999899422267622
v 0.024290611859476483 0.018323601550932288 0.0094999899422267622
v 0.022631652077117467 0.020403894382731835 0.0094999899422267622
v 0.020797697557797049 0.022331683860218339 0.0094999899422267622
v 0.018802703238077183 0.024092298738597133 0.0094999899422267622
v 0.01666185284276122 0.025672337978493401 0.0094999899422267622
v 0.014391438696777104 0.027059776375751861 0.0094999899422267622
v 0.012008743359869263 0.02824405633887311 0.0094999899422267622
v 0.0095318957347784519 0.029216164285435518 0.0094999899422267622
v 0.0069797485904982432 0.029968700370361357 0.0094999899422267622
v 0.0043717257524524943 0.030495940810203501 0.0094999899422267622
v 0.0017276746205885578 0.030793869710743212 0.0094999899422267622
v -0.00093227829549843641 0.030860220323766018 0.0094999899422267622
v -0.0035878947908868576 0.030694489427754389 0.0094999899422267622
v -0.0062189610445654532 0.030297935795202399 0.0094999899422267622
v -0.0088054537248754144 0.029673577964798796 0.0094999899422267622
v -0.011327686725420522 0.028826168890381542 0.0094999899422267622
v -0.013766466783163726 0.027762158713985043 0.0094999899422267622
v -0.016103230861299878 0.026489642430768644 0.0094999899422267622
v -0.018320195901261906 0.025018306624857489 0.0094999899422267622
v -0.02040048873306145 0.02335934684249848 0.0094999899422267622
v -0.022328278210547954 0.021525392323178058 0.0094999899422267622
v -0.024088893088926748 0.019530398003458193 0.0094999899422267622
v -0.025668932328823016 0.017389547608142229 0.0094999899422267622
v -0.027056370726081479 0.01511913346215811 0.0094999899422267622
v -0.028240651486906226 0.012736437644593571 0.0094999899422267622
v -0.029212759433468634 0.010259590019502758 0.0094999899422267622
v -0.029965295518394473 0.0077074428752225508 0.0094999899422267622
v -0.03049253595823662 0.0050994200371768028 0.0094999899422267622
v -0.030790464858776328 0.0024553689053128645 0.0094999899422267622
v -0.030856814991142435 -0.00020458480847762806 0.0094999899422267622
v -0.030691084095130803 -0.0028602013038660501 0.0094999899422267622
v -0.030294530462578816 -0.0054912675575446469 0.0094999899422267622
v -0.02967017263217521 -0.0080777602378546073 0.0094999899422267622
v -0.028822763557757956 -0.010599993238399715 0.0094999899422267622
v -0.02775875338136146 -0.013038773296142918 0.0094999899422267622
v -0.026486237146961758 -0.015375537293262303 0.0094999899422267622
v -0.026486237146961755 -0.01537553729326231 0.041499991462145239
v -0.025085347522339308 -0.017643818584439662 0.041496184215460211
v -0.025014901292233906 -0.017592502414241096 0.041499991462145239
v -0.023421648548118991 -0.01973005660963803 0.041496184215460211
v -0.02335594150987489 -0.019672795246040639 0.041499991462145239
v -0.021582452614775868 -0.021663354381823655 0.041496184215460211
v -0.021521986990554472 -0.021600584723527147 0.041499991462145239
v -0.019581756742186651 -0.023428999686795588 0.041496184215460211
v -0.019526992670834607 -0.023361199601905937 0.041499991462145239
v -0.017434789208298399 -0.025013553634954781 0.041496184215460211
v -0.017386142275518643 -0.024941238841802209 0.041499991462145239
v -0.015157888399698307 -0.026404957886510781 0.041496184215460211
v -0.015115728129534531 -0.026328677239060669 0.041499991462145239
v -0.012768382457133345 -0.027592622512032507 0.041496184215460211
v -0.01273303279262669 -0.027512957202181918 0.041499991462145239
v -0.010284457512852528 -0.028567507522656965 0.041496184215460211
v -0.010256185167535879 -0.028485065148744326 0.041499991462145239
v -0.0077250182781339613 -0.029322195441603575 0.041496184215460211
v -0.0077040380232556681 -0.029237601233670165 0.041499991462145239
v -0.0051095429239695553 -0.029850940865204838 0.041496184215460211
v -0.0050960151852099201 -0.029764841673512309 0.041499991462145239
v -0.0024579370004362876 -0.03014972161934407 0.041496184215460211
v -0.0024519640533459831 -0.03006277057405202 0.041499991462145239
v 0.0002096204166655747 -0.030216261311311936 0.041496184215460211
v 0.00020799045814801081 -0.030129120225761422 0.041499991462145239
v 0.0028728249952497693 -0.03005005524625997 0.041496184215460211
v 0.002863606953536432 -0.029963389329749797 0.041499991462145239
v 0.0055114091002587198 -0.029652368526603391 0.041496184215460211
v 0.0054946732072150284 -0.029566835697197803 0.041499991462145239
v 0.0081052931928768009 -0.029026227462922206 0.041496184215460211
v 0.0080811658875249871 -0.0289424778667942 0.041499991462145239
v 0.010634734090215531 -0.028176397654058077 0.041496184215460211
v 0.010603398888070097 -0.028095068792376946 0.041499991462145239
v 0.013080482178817143 -0.027109345798848179 0.041496184215460211
v 0.013042178945813301 -0.027031058615980451 0.041499991462145239
v 0.015423923677302666 -0.025833193119329991 0.041496184215460211
v 0.015378942861915929 -0.025758542430397442 0.041499991462145239
v 0.017647224234110047 -0.024357652756958299 0.041496184215460211
v 0.017595908063911481 -0.024287206526852897 0.041499991462145239
v 0.019733462259308415 -0.022693953782737981 0.041496184215460211
v 0.019676200895711024 -0.022628246744493884 0.041499991462145239
v 0.02166676003149404 -0.020854757849394858 0.041496184215460211
v 0.021603990373197532 -0.020794292225173462 0.041499991462145239
v 0.02343240533646597 -0.018854061976805642 0.041496184215460211
v 0.023364605251576322 -0.018799297905453597 0.041499991462145239
v 0.025016959284625166 -0.016707094442917389 0.041496184215460211
v 0.02494464449147259 -0.016658447510137637 0.041499991462145239
v 0.026408363536181166 -0.014430193634317296 0.041496184215460211
v 0.026332082888731054 -0.01438803336415352 0.041499991462145239
v 0.027596027363999392 -0.012040688172409037 0.041496184215460211
v 0.027516362054148803 -0.012005338507902381 0.041499991462145239
v 0.028570912374623853 -0.0095567632281282205 0.041496184215460211
v 0.028488470000711211 -0.0095284908828115692 0.041499991462145239
v 0.02932560029357046 -0.0069973239934096546 0.041496184215460211
v 0.029241006085637049 -0.0069763437385313614 0.041499991462145239
v 0.029854345717171722 -0.0043818486392452468 0.041496184215460211
v 0.029768246525479193 -0.0043683209004856133 0.041499991462145239
v 0.030153126471310954 -0.0017302427157119796 0.041496184215460211
v 0.030066175426018905 -0.0017242697686216746 0.041499991462145239
v 0.030219666643935522 0.0009373139036863811 0.041496184215460211
v 0.030132525558385009 0.00093568394516881787 0.041499991462145239
v 0.030053460578883556 0.0036005184822705764 0.041496184215460211
v 0.02996679466237338 0.00359130044055724 0.041499991462145239
v 0.029655773859226978 0.0062391025872795278 0.041496184215460211
v 0.029570241029821392 0.0062223666942358364 0.041499991462145239
v 0.029029632795545792 0.0088329866798976097 0.041496184215460211
v 0.028945883199417786 0.0088088593745457959 0.041499991462145239
v 0.028179802986681664 0.01136242757723634 0.041496184215460211
v 0.028098474125000533 0.011331092375090904 0.041499991462145239
v 0.027112751131471765 0.01380817566583795 0.041496184215460211
v 0.027034463948604037 0.013769872432834106 0.041499991462145239
v 0.025836598403136887 0.016151617245340227 0.041496184215460211
v 0.025761947714204366 0.016106636429953441 0.041499991462145239
v 0.024361058089581885 0.018374917721130854 0.041496184215460211
v 0.024290611859476483 0.018323601550932288 0.041499991462145239
v 0.022697359115361568 0.020461155746329222 0.041496184215460211
v 0.022631652077117467 0.020403894382731835 0.041499991462145239
v 0.020858163182018444 0.022394453518514851 0.041496184215460211
v 0.020797697557797049 0.022331683860218339 0.041499991462145239
v 0.018857467309429232 0.02416009882348678 0.041496184215460211
v 0.018802703238077183 0.024092298738597133 0.041499991462145239
v 0.016710499775540975 0.025744652771645973 0.041496184215460211
v 0.01666185284276122 0.025672337978493401 0.041499991462145239
v 0.01443359896694088 0.027136057023201973 0.041496184215460211
v 0.014391438696777104 0.027059776375751861 0.041499991462145239
v 0.012044093024375918 0.028323721648723699 0.041496184215460211
v 0.012008743359869263 0.02824405633887311 0.041499991462145239
v 0.0095601680800951015 0.029298606659348161 0.041496184215460211
v 0.0095318957347784519 0.029216164285435518 0.041499991462145239
v 0.0070007288453765365 0.030053294578294767 0.041496184215460211
v 0.0069797485904982432 0.029968700370361357 0.041499991462145239
v 0.0043852534912121295 0.030582040001896033 0.041496184215460211
v 0.0043717257524524943 0.030495940810203501 0.041499991462145239
v 0.0017336475676788623 0.030880820756035262 0.041496184215460211
v 0.0017276746205885578 0.030793869710743212 0.041499991462145239
v -0.00093390825401599834 0.030947361409316532 0.041496184215460211
v -0.00093227829549843641 0.030860220323766018 0.041499991462145239
v -0.0035971128326001945 0.030781155344264566 0.041496184215460211
v -0.0035878947908868576 0.030694489427754389 0.041499991462145239
v -0.0062356969376091455 0.030383468624607987 0.041496184215460211
v -0.0062189610445654532 0.030297935795202399 0.041499991462145239
v -0.0088295810302272282 0.029757327560926802 0.041496184215460211
v -0.0088054537248754144 0.029673577964798796 0.041499991462145239
v -0.011359021927565958 0.028907497752062673 0.041496184215460211
v -0.011327686725420522 0.028826168890381542 0.041499991462145239
v -0.013804770016167568 0.027840445896852774 0.041496184215460211
v -0.013766466783163723 0.027762158713985043 0.041499991462145239
v -0.016148211676686616 0.026564293119701193 0.041496184215460211
v -0.016103230861299878 0.026489642430768644 0.041499991462145239
v -0.018371512071460473 0.025088752854962895 0.041496184215460211
v -0.018320195901261903 0.025018306624857489 0.041499991462145239
v -0.020457750096658837 0.023425053880742577 0.041496184215460211
v -0.02040048873306145 0.02335934684249848 0.041499991462145239
v -0.022391047868844462 0.021585857947399454 0.041496184215460211
v -0.022328278210547954 0.021525392323178058 0.041499991462145239
v -0.024156693173816395 0.019585162074810238 0.041496184215460211
v -0.024088893088926748 0.019530398003458193 0.041499991462145239
v -0.025741247121975588 0.017438194540921985 0.041496184215460211
v -0.025668932328823016 0.017389547608142229 0.041499991462145239
v -0.027132651373531588 0.015161293732321886 0.041496184215460211
v -0.027056370726081479 0.01511913346215811 0.041499991462145239
v -0.028320316796756815 0.012771787309100228 0.041496184215460211
v -0.028240651486906226 0.012736437644593571 0.041499991462145239
v -0.029295201807381276 0.010287862364819409 0.041496184215460211
v -0.029212759433468634 0.010259590019502758 0.041499991462145239
v -0.030049889726327883 0.0077284231301008441 0.041496184215460211
v -0.029965295518394473 0.0077074428752225508 0.041499991462145239
v -0.030578635149929149 0.0051129477759364363 0.041496184215460211
v -0.03049253595823662 0.0050994200371768028 0.041499991462145239
v -0.030877415904068378 0.0024613418524031695 0.041496184215460211
v -0.030790464858776328 0.0024553689053128645 0.041499991462145239
v -0.030943956076692945 -0.00020621476699519129 0.041496184215460211
v -0.030856814991142435 -0.00020458480847762806 0.041499991462145239
v -0.030777750011640979 -0.0028694193455793865 0.041496184215460211
v -0.030691084095130803 -0.0028602013038660501 0.041499991462145239
v -0.030380063291984401 -0.0055080034505883384 0.041496184215460211
v -0.030294530462578812 -0.0054912675575446469 0.041499991462145239
v -0.029753922228303215 -0.0081018875432064194 0.041496184215460211
v -0.02967017263217521 -0.0080777602378546073 0.041499991462145239
v -0.028904092419439087 -0.01063132844054515 0.041496184215460211
v -0.028822763557757956 -0.010599993238399715 0.041499991462145239
v -0.027837040564229188 -0.013077076529146759 0.041496184215460211
v -0.02775875338136146 -0.013038773296142918 0.041499991462145239
v -0.026560887835894303 -0.015420518108649047 0.041496184215460211
v -0.025155259019410552 -0.017694744593225221 0.041484796003017813
v -0.023486854959608689 -0.019786882035849118 0.041484796003017813
v -0.021642457859822266 -0.021725646570865932 0.041484796003017813
v -0.019636105227835758 -0.023496284053355021 0.041484796003017813
v -0.017483066617034464 -0.025085319574141965 0.041484796003017813
v -0.015199726802884643 -0.026480657505673733 0.041484796003017813
v -0.012803463332043415 -0.02767168005993477 0.041484796003017813
v -0.010312516048234232 -0.028649323071121325 0.041484796003017813
v -0.0077458387414255491 -0.029406145355995738 0.041484796003017813
v -0.0051229667917715178 -0.029936385965424368 0.041484796003017813
v -0.0024638635926049549 -0.030236009736544764 0.041484796003017813
v 0.00021123731178794379 -0.030302738302313951 0.041484796003017813
v 0.0028819728050976899 -0.030136063244705892 0.041484796003017813
v 0.0055280185542801773 -0.029737251209835985 0.041484796003017813
v 0.0081292365838623662 -0.029109339798209267 0.041484796003017813
v 0.010665830387739154 -0.02825710716677968 0.041484796003017813
v 0.013118494963345469 -0.027187038166594131 0.041484796003017813
v 0.01546856226511834 -0.025907275843370572 0.041484796003017813
v 0.017698150242895606 -0.024427564254029546 0.041484796003017813
v 0.019790287685519502 -0.022759160194227683 0.041484796003017813
v 0.021729052220536317 -0.020914763094441256 0.041484796003017813
v 0.023499689703025406 -0.018908410462454749 0.041484796003017813
v 0.02508872522381235 -0.016755371851653454 0.041484796003017813
v 0.026484063155344118 -0.014472032037503635 0.041484796003017813
v 0.027675084911901657 -0.012075769047319107 0.041484796003017813
v 0.028652727923088209 -0.009584821763509924 0.041484796003017813
v 0.029409550207962622 -0.0070181444567012415 0.041484796003017813
v 0.029939790817391253 -0.0043952725070472119 0.041484796003017813
v 0.030239414588511648 -0.0017361693078806473 0.041484796003017813
v 0.030306143634937534 0.0009389307988087515 0.041484796003017813
v 0.030139468577329482 0.0036096662921184966 0.041484796003017813
v 0.029740656542459571 0.0062557120413009861 0.041484796003017813
v 0.029112745130832857 0.0088569300708831733 0.041484796003017813
v 0.028260512499403263 0.011393523874759963 0.041484796003017813
v 0.027190443499217717 0.013846188450366278 0.041484796003017813
v 0.025910681127177468 0.016196255833155902 0.041484796003017813
v 0.024430969586653129 0.018425843729916413 0.041484796003017813
v 0.022762565526851266 0.020517981172540313 0.041484796003017813
v 0.020918168427064843 0.022456745707557124 0.041484796003017813
v 0.018911815795078335 0.024227383190046213 0.041484796003017813
v 0.016758777184277041 0.025816418710833157 0.041484796003017813
v 0.014475437370127216 0.027211756642364925 0.041484796003017813
v 0.012079173899285986 0.028402779196625962 0.041484796003017813
v 0.009588226615476805 0.029380422207812517 0.041484796003017813
v 0.007021549308668126 0.03013724449268693 0.041484796003017813
v 0.0043986773590140938 0.03066748510211556 0.041484796003017813
v 0.0017395741598475296 0.030967108873235959 0.041484796003017813
v -0.00093552514913836917 0.031033838400318543 0.041484796003017813
v -0.0036062606424481134 0.030867163342710488 0.041484796003017813
v -0.006252306391630603 0.030468351307840577 0.041484796003017813
v -0.0088535244212127901 0.029840439896213863 0.041484796003017813
v -0.011390118225089582 0.028988207264784273 0.041484796003017813
v -0.013842782800695896 0.027918138264598727 0.041484796003017813
v -0.01619285026450229 0.026638375843741773 0.041484796003017813
v -0.018422438080246028 0.025158664352034142 0.041484796003017813
v -0.020514575522869928 0.023490260292232275 0.041484796003017813
v -0.022453340057886739 0.021645863192445852 0.041484796003017813
v -0.024223977540375828 0.019639510560459341 0.041484796003017813
v -0.025813013061162772 0.01748647194965805 0.041484796003017813
v -0.02720835099269454 0.015203132135508227 0.041484796003017813
v -0.028399374344659081 0.012806868184010297 0.041484796003017813
v -0.029377017355845633 0.010315920900201113 0.041484796003017813
v -0.030133839640720046 0.0077492435933924318 0.041484796003017813
v -0.030664080250148676 0.0051263716437384022 0.041484796003017813
v -0.030963704021269071 0.0024672684445718371 0.041484796003017813
v -0.031030433067694957 -0.0002078316621175618 0.041484796003017813
v -0.030863758010086905 -0.0028785671554273072 0.041484796003017813
v -0.030464945975216994 -0.0055246129046097967 0.041484796003017813
v -0.02983703456359028 -0.008125830934191983 0.041484796003017813
v -0.028984801932160686 -0.010662424738068773 0.041484796003017813
v -0.027914732931975141 -0.013115089313675089 0.041484796003017813
v -0.026634970559934884 -0.015465156696464718 0.041484796003017813
v -0.025224100329428432 -0.017744891475740016 0.041465916231785208
v -0.023551064903810585 -0.019842838471227815 0.041465916231785208
v -0.021701547132739675 -0.021786986705339947 0.041465916231785208
v -0.019689622214859179 -0.023562541135381435 0.041465916231785208
v -0.017530604977683151 -0.025155987805398378 0.041465916231785208
v -0.015240926411774 -0.026555201306626471 0.041465916231785208
v -0.012838010125448097 -0.027749530715414989 0.041465916231785208
v -0.010340145041119237 -0.028729888159503107 0.041465916231785208
v -0.0077663408897309235 -0.029488811796746211 0.041465916231785208
v -0.005136186108472141 -0.030020524805324696 0.041465916231785208
v -0.0024696984158977453 -0.030320981263130955 0.041465916231785208
v 0.00021282953226303372 -0.030387894927817058 0.041465916231785208
v 0.002890980151214779 -0.030220755407023323 0.041465916231785208
v 0.0055443729007565671 -0.029820837118756389 0.041465916231785208
v 0.0081528150300556324 -0.029191182398035455 0.041465916231785208
v 0.01069645175995936 -0.028336582767803212 0.041465916231785208
v 0.013155925654367523 -0.027263541625081586 0.041465916231785208
v 0.01551251928173209 -0.025980227423848222 0.041465916231785208
v 0.0177482971254104 -0.024496405564047422 0.041465916231785208
v 0.019846244120898197 -0.022823370138429572 0.041465916231785208
v 0.021790392355010332 -0.020973852367358665 0.041465916231785208
v 0.02356594678505182 -0.01896192744947817 0.041465916231785208
v 0.025159393455068763 -0.016802910212302142 0.041465916231785208
v 0.026558606956296856 -0.014513231646392994 0.041465916231785208
v 0.027752935567381874 -0.012110315840723789 0.041465916231785208
v 0.028733293011469992 -0.0096124507563949291 0.041465916231785208
v 0.029492216648713095 -0.0070386466050066142 0.041465916231785208
v 0.03002392965729158 -0.0044084918237478335 0.041465916231785208
v 0.030324386115097839 -0.0017420041311734381 0.041465916231785208
v 0.030391300260440641 0.0009405230192838412 0.041465916231785208
v 0.030224160739646906 0.0036186736382355857 0.041465916231785208
v 0.029824242451379972 0.0062720663877773751 0.041465916231785208
v 0.029194587730659041 0.0088805085170764412 0.041465916231785208
v 0.028339988100426799 0.011424145246980171 0.041465916231785208
v 0.027266946957705172 0.01388361914138833 0.041465916231785208
v 0.025983632707655118 0.016240212849769651 0.041465916231785208
v 0.024499810896671009 0.018475990612431208 0.041465916231785208
v 0.022826775471053162 0.020573937607919007 0.041465916231785208
v 0.020977257699982252 0.022518085842031139 0.041465916231785208
v 0.018965332782101756 0.024293640272072627 0.041465916231785208
v 0.016806315544925728 0.025887086942089573 0.041465916231785208
v 0.014516636979016574 0.027286300443317667 0.041465916231785208
v 0.01211372069269067 0.028480629852106185 0.041465916231785208
v 0.0096158556083618101 0.029460987296194303 0.041465916231785208
v 0.0070420514569734987 0.030219910933437403 0.041465916231785208
v 0.0044118966757147153 0.030751623942015888 0.041465916231785208
v 0.00174540898314032 0.031052080399822147 0.041465916231785208
v -0.00093711736961345909 0.03111899502582165 0.041465916231785208
v -0.0036152679885652042 0.030951855505027919 0.041465916231785208
v -0.0062686607381069927 0.030551937216760982 0.041465916231785208
v -0.0088771028674060597 0.029922282496040051 0.041465916231785208
v -0.011420739597309788 0.029067682865807808 0.041465916231785208
v -0.01388021349171795 0.027994641723086178 0.041465916231785208
v -0.016236807281116039 0.026711327424219423 0.041465916231785208
v -0.018472584962760823 0.025227505662052015 0.041465916231785208
v -0.020570531958248622 0.023554470236434168 0.041465916231785208
v -0.022514680192360758 0.021704952465363261 0.041465916231785208
v -0.024290234622402242 0.019693027547482762 0.041465916231785208
v -0.025883681292419188 0.017534010310306738 0.041465916231785208
v -0.027282894793647282 0.015244331744397585 0.041465916231785208
v -0.028477225000139297 0.012841414977414979 0.041465916231785208
v -0.029457582444227415 0.010343549893086118 0.041465916231785208
v -0.030216506081470518 0.0077697457416978036 0.041465916231785208
v -0.030748219090049003 0.0051395909604390229 0.041465916231785208
v -0.031048675547855262 0.0024731032678646275 0.041465916231785208
v -0.031115589693198064 -0.0002094238825926515 0.041465916231785208
v -0.030948450172404333 -0.0028875745015443958 0.041465916231785208
v -0.030548531884137396 -0.0055409672510861856 0.041465916231785208
v -0.029918877163416468 -0.0081494093803852509 0.041465916231785208
v -0.029064277533184222 -0.010693046110288981 0.041465916231785208
v -0.027991236390462595 -0.013152520004697141 0.041465916231785208
v -0.026707922140412534 -0.015509113713078468 0.041465916231785208
v -0.025291351832279554 -0.017793880079686179 0.041439682737503439
v -0.02361378859459947 -0.019897500859709035 0.041439682737503439
v -0.021759268818918591 -0.021846908033702782 0.041439682737503439
v -0.019741902958183167 -0.02362726609586583 0.041439682737503439
v -0.017577046240923565 -0.025225022912800245 0.041439682737503439
v -0.015281173162641033 -0.026628020574200155 0.041439682737503439
v -0.012871756256905393 -0.02782558109553385 0.041439682737503439
v -0.01036713385204059 -0.028808588745956043 0.041439682737503439
v -0.0077863687360249633 -0.029569565810636161 0.041439682737503439
v -0.0051491001735817421 -0.030102716077034835 0.041439682737503439
v -0.0024753998812680105 -0.030403987015926694 0.041439682737503439
v 0.00021438515996496319 -0.030471081625718661 0.041439682737503439
v 0.0028997806673352394 -0.030303491057751205 0.041439682737503439
v 0.0055603502003588687 -0.029902490793074412 0.041439682737503439
v 0.0081758473577666652 -0.02927113157269233 0.041439682737503439
v 0.010726363801947556 -0.028414219794051954 0.041439682737503439
v 0.013192492020560677 -0.027338278154407994 0.041439682737503439
v 0.015555459228766664 -0.026051491063719973 0.041439682737503439
v 0.017797285729356564 -0.024563657066898545 0.041439682737503439
v 0.019900906509379417 -0.022886093829218461 0.041439682737503439
v 0.021850313683373167 -0.021031574053537581 0.041439682737503439
v 0.023630671745536215 -0.019014208192802161 0.041439682737503439
v 0.025228428562470633 -0.016849351475542552 0.041439682737503439
v 0.026631426223870536 -0.014553478397260027 0.041439682737503439
v 0.027828985947500735 -0.012144061972181087 0.041439682737503439
v 0.028811993597922927 -0.0096394395673162821 0.041439682737503439
v 0.029572970662603046 -0.0070586744513006575 0.041439682737503439
v 0.030106120929001716 -0.0044214058888574345 0.041439682737503439
v 0.030407391867893579 -0.0017477055965437038 0.041439682737503439
v 0.030474486958342248 0.00094207864698577079 0.041439682737503439
v 0.030306896390374791 0.0036274741543560478 0.041439682737503439
v 0.029905896125697995 0.0062880436873796759 0.041439682737503439
v 0.029274536905315916 0.0089035408447874741 0.041439682737503439
v 0.028417625126675543 0.011454057288968365 0.041439682737503439
v 0.02734168348703158 0.013920185507581484 0.041439682737503439
v 0.026054896347526869 0.016283152796804222 0.041439682737503439
v 0.024567062399522131 0.018524979216377371 0.041439682737503439
v 0.022889499161842047 0.020628599996400227 0.041439682737503439
v 0.021034979386161168 0.022578007170393974 0.041439682737503439
v 0.019017613525425744 0.024358365232557022 0.041439682737503439
v 0.016852756808166142 0.02595612204949144 0.041439682737503439
v 0.014556883729883606 0.027359119710891347 0.041439682737503439
v 0.012147466824147966 0.028556680232225042 0.041439682737503439
v 0.0096428444192831631 0.029539687882647239 0.041439682737503439
v 0.0070620793032675384 0.030300664947327357 0.041439682737503439
v 0.0044248107408243163 0.030833815213726027 0.041439682737503439
v 0.0017511104485105852 0.03113508615261789 0.041439682737503439
v -0.00093867299731538868 0.031202181723723257 0.041439682737503439
v -0.003624068504685665 0.031034591155755801 0.041439682737503439
v -0.0062846380377092944 0.030633590891079004 0.041439682737503439
v -0.0089001351951170926 0.030002231670696926 0.041439682737503439
v -0.011450651639297984 0.02914531989205655 0.041439682737503439
v -0.013916779857911104 0.02806937825241259 0.041439682737503439
v -0.016279747228150614 0.026782591064091175 0.041439682737503439
v -0.018521573566706986 0.025294757164903141 0.041439682737503439
v -0.020625194346729842 0.023617193927223057 0.041439682737503439
v -0.022574601520723589 0.021762674151542177 0.041439682737503439
v -0.024354959582886637 0.019745308290806753 0.041439682737503439
v -0.025952716399821055 0.017580451573547148 0.041439682737503439
v -0.027355714061220959 0.015284578495264618 0.041439682737503439
v -0.028553275380258158 0.012875161108872275 0.041439682737503439
v -0.029536283030680351 0.010370538704007472 0.041439682737503439
v -0.030297260095360469 0.0077897735879918469 0.041439682737503439
v -0.030830410361759139 0.0051525050255486248 0.041439682737503439
v -0.031131681300651002 0.0024788047332348932 0.041439682737503439
v -0.031198776391099671 -0.00021097951029458098 0.041439682737503439
v -0.031031185823132214 -0.0028963750176648579 0.041439682737503439
v -0.030630185558455418 -0.0055569445506884864 0.041439682737503439
v -0.029998826338073339 -0.0081724417080962838 0.041439682737503439
v -0.029141914559432967 -0.010722958152277176 0.041439682737503439
v -0.028065972919789003 -0.013189086370890295 0.041439682737503439
v -0.026779185780284286 -0.015552053660113042 0.041439682737503439
v -0.025356497973086489 -0.017841335333261304 0.041406296685848623
v -0.023674552199920141 -0.01995045375836171 0.041406296685848623
v -0.021815184220442409 -0.021904954849342628 0.041406296685848623
v -0.019792546844515375 -0.023689965285994218 0.041406296685848623
v -0.017622032183651899 -0.025291896986975104 0.041406296685848623
v -0.015320159353042385 -0.026698561299454738 0.041406296685848623
v -0.012904446620696095 -0.027899251255393647 0.041406296685848623
v -0.01039328043231392 -0.028884829012896469 0.041406296685848623
v -0.0078057700978441426 -0.029647793784769162 0.041406296685848623
v -0.0051616092072320225 -0.030182338599227192 0.041406296685848623
v -0.0024809225340694909 -0.030484395054359247 0.041406296685848623
v 0.00021589102892666674 -0.030551664808332182 0.041406296685848623
v 0.0029083043258955779 -0.030383636076839405 0.041406296685848623
v 0.0055758269386970731 -0.029981588594788465 0.041406296685848623
v 0.0081981586520156451 -0.029348579433104559 0.041406296685848623
v 0.010755341721909161 -0.028489429536519176 0.041406296685848623
v 0.013227913517987267 -0.027410675241876858 0.041406296685848623
v 0.015597056220978829 -0.026120525920012856 0.041406296685848623
v 0.017844740982931685 -0.024628803207705482 0.041406296685848623
v 0.019953859408032092 -0.022946857434539131 0.041406296685848623
v 0.021908360499013013 -0.021087489455061399 0.041406296685848623
v 0.023693370935664603 -0.019064852079134366 0.041406296685848623
v 0.025295302636645488 -0.016894337418270889 0.041406296685848623
v 0.026701966949125123 -0.014592464587661377 0.041406296685848623
v 0.027902656107360532 -0.012176752335971788 0.041406296685848623
v 0.028888233864863354 -0.009665586147589611 0.041406296685848623
v 0.029651198636736046 -0.0070780758131198359 0.041406296685848623
v 0.03018574345119408 -0.0044339149225077149 0.041406296685848623
v 0.030487799906326132 -0.0017532282493451829 0.041406296685848623
v 0.030555070140955765 0.0009435845159474739 0.041406296685848623
v 0.030387041409462995 0.0036359978129163854 0.041406296685848623
v 0.029984993927412051 0.0063035204257178793 0.041406296685848623
v 0.029351984765728145 0.0089258521390364522 0.041406296685848623
v 0.028492834869142763 0.011483035208929971 0.041406296685848623
v 0.027414080574500441 0.013955607005008077 0.041406296685848623
v 0.026123931203819752 0.01632474978901639 0.041406296685848623
v 0.024632208540329065 0.018572434469952496 0.041406296685848623
v 0.022950262767162718 0.020681552895052902 0.041406296685848623
v 0.021090894787684986 0.022636053986033824 0.041406296685848623
v 0.019068257411757952 0.02442106442268541 0.041406296685848623
v 0.016897742750894475 0.026022996123666299 0.041406296685848623
v 0.014595869920284959 0.027429660436145933 0.041406296685848623
v 0.012180157187938669 0.028630350392084839 0.041406296685848623
v 0.0096689909995564937 0.029615928149587661 0.041406296685848623
v 0.0070814806650867177 0.030378892921460354 0.041406296685848623
v 0.0044373197744745976 0.030913437735918387 0.041406296685848623
v 0.0017566331013120656 0.031215494191050443 0.041406296685848623
v -0.00094017886627709222 0.031282764906336774 0.041406296685848623
v -0.0036325921632460031 0.031114736174844001 0.041406296685848623
v -0.0063001147760474987 0.030712688692793061 0.041406296685848623
v -0.0089224464893660708 0.030079679531109155 0.041406296685848623
v -0.011479629559259588 0.029220529634523772 0.041406296685848623
v -0.013952201355337694 0.02814177533988145 0.041406296685848623
v -0.016321344220362778 0.026851625920384058 0.041406296685848623
v -0.018569028820282111 0.025359903305710075 0.041406296685848623
v -0.020678147245382517 0.023677957532543727 0.041406296685848623
v -0.022632648336363435 0.021818589553065995 0.041406296685848623
v -0.024417658773015025 0.019795952177138962 0.041406296685848623
v -0.026019590473995914 0.017625437516275485 0.041406296685848623
v -0.027426254786475548 0.015323564685665968 0.041406296685848623
v -0.028626945540117955 0.012907851472662976 0.041406296685848623
v -0.029612523297620777 0.0103966852842808 0.041406296685848623
v -0.030375488069493469 0.0078091749498110253 0.041406296685848623
v -0.030910032883951503 0.0051650140591989043 0.041406296685848623
v -0.031212089339083555 0.0024843273860363727 0.041406296685848623
v -0.031279359573713188 -0.0002124853792562842 0.041406296685848623
v -0.031111330842220418 -0.002904898676225196 0.041406296685848623
v -0.030709283360169475 -0.0055724212890266899 0.041406296685848623
v -0.030076274198485568 -0.0081947530023452637 0.041406296685848623
v -0.029217124301900186 -0.010751936072238781 0.041406296685848623
v -0.028138370007257867 -0.013224507868316887 0.041406296685848623
v -0.026848220636577168 -0.01559365065232521 0.041406296685848623
v -0.025419044811684742 -0.017886896819605858 0.041366015121851354
v -0.023732890171626185 -0.02000129323966959 0.041366015121851354
v -0.021868869785588021 -0.021960686008612607 0.041366015121851354
v -0.01984117111691424 -0.023750162340247832 0.041366015121851354
v -0.017665224187959044 -0.025356103717583012 0.041366015121851354
v -0.01535759050410139 -0.026766287227229117 0.041366015121851354
v -0.012935832779256778 -0.027969982665173299 0.041366015121851354
v -0.010418381751595448 -0.028958025599122927 0.041366015121851354
v -0.0078243972313801168 -0.029722900003291596 0.041366015121851354
v -0.0051736201180564824 -0.030258781744675608 0.041366015121851354
v -0.002486225031091303 -0.03056159548702609 0.041366015121851354
v 0.00021733736829699729 -0.030629032763358328 0.041366015121851354
v 0.0029164883397018271 -0.030460584601253095 0.041366015121851354
v 0.0055906873122343924 -0.030057530510128171 0.041366015121851354
v 0.0082195805837526701 -0.02942293804295731 0.041366015121851354
v 0.010783162671022414 -0.028561637337987347 0.041366015121851354
v 0.013261921864542012 -0.027480183431474729 0.041366015121851354
v 0.015636993024945974 -0.026186805508416903 0.041366015121851354
v 0.017890302469276243 -0.024691350046303736 0.041366015121851354
v 0.020004698889339971 -0.023005195406245176 0.041366015121851354
v 0.021964091658282992 -0.021141175020207011 0.041366015121851354
v 0.023753567989918217 -0.019113476351533234 0.041366015121851354
v 0.025359509367253397 -0.016937529422578035 0.041366015121851354
v 0.026769692876899502 -0.014629895738720382 0.041366015121851354
v 0.027973387517140184 -0.012208138494532473 0.041366015121851354
v 0.028961430451089815 -0.0096906874668711389 0.041366015121851354
v 0.029726304855258481 -0.0070967029466558083 0.041366015121851354
v 0.030262186596642496 -0.0044459258333321731 0.041366015121851354
v 0.030565000338992974 -0.0017585307463669946 0.041366015121851354
v 0.030632438095981915 0.00094503085531780478 0.041366015121851354
v 0.030463989933876685 0.0036441818267226346 0.041366015121851354
v 0.030060935842751758 0.0063183807992551987 0.041366015121851354
v 0.029426343375580897 0.0089472740707734772 0.041366015121851354
v 0.028565042670610934 0.011510856158043222 0.041366015121851354
v 0.027483588764098312 0.013989615351562821 0.041366015121851354
v 0.026190210792223799 0.016364686592983534 0.041366015121851354
v 0.024694755378927319 0.01861799595629705 0.041366015121851354
v 0.023008600738868762 0.020732392376360782 0.041366015121851354
v 0.021144580352830598 0.022691785145303803 0.041366015121851354
v 0.019116881684156817 0.024481261476939027 0.041366015121851354
v 0.016940934755201621 0.026087202854274207 0.041366015121851354
v 0.014633301071343963 0.027497386363920309 0.041366015121851354
v 0.012211543346499352 0.028701081801864491 0.041366015121851354
v 0.0096940923188380216 0.029689124735814122 0.041366015121851354
v 0.0071001077986226901 0.030453999139982792 0.041366015121851354
v 0.0044493306852990567 0.030989880881366803 0.041366015121851354
v 0.0017619355983338777 0.031292694623717282 0.041366015121851354
v -0.00094162520564742267 0.031360132861362924 0.041366015121851354
v -0.0036407761770522523 0.031191684699257691 0.041366015121851354
v -0.0063149751495848172 0.030788630608132767 0.041366015121851354
v -0.0089438684211030975 0.030154038140961906 0.041366015121851354
v -0.011507450508372839 0.029292737435991943 0.041366015121851354
v -0.013986209701892439 0.028211283529479322 0.041366015121851354
v -0.016361281024329922 0.026917905508788104 0.041366015121851354
v -0.018614590306626665 0.025422450144308328 0.041366015121851354
v -0.020728986726690397 0.023736295504249771 0.041366015121851354
v -0.022688379495633418 0.021872275118211607 0.041366015121851354
v -0.024477855827268642 0.01984457644953783 0.041366015121851354
v -0.026083797204603822 0.017668629520582631 0.041366015121851354
v -0.027493980714249924 0.015360995836724973 0.041366015121851354
v -0.028697676949897607 0.012939237631223663 0.041366015121851354
v -0.029685719883847238 0.010421786603562327 0.041366015121851354
v -0.030450594288015904 0.0078278020833469995 0.041366015121851354
v -0.030986476029399919 0.0051770249700233634 0.041366015121851354
v -0.031289289771750398 0.0024896298830581844 0.041366015121851354
v -0.031356727528739338 -0.00021393171862661508 0.041366015121851354
v -0.031188279366634104 -0.0029130826900314452 0.041366015121851354
v -0.030785225275509181 -0.0055872816625640092 0.041366015121851354
v -0.03015063280833832 -0.0082161749340822886 0.041366015121851354
v -0.029289332103368357 -0.010779757021352034 0.041366015121851354
v -0.028207878196855735 -0.013258516214871631 0.041366015121851354
v -0.026914500224981215 -0.015633587456292352 0.041366015121851354
v -0.025478514515416724 -0.017930217089418228 0.041319143519316107
v -0.023788359210377731 -0.020049632587779698 0.041319143519316107
v -0.021919914552105409 -0.022013675564924354 0.041319143519316107
v -0.019887403204627792 -0.02380740007868393 0.041319143519316107
v -0.017706291592624879 -0.025417152461826246 0.041319143519316107
v -0.01539318136181757 -0.02683068288334519 0.041319143519316107
v -0.01296567488580661 -0.028037235019314339 0.041319143519316107
v -0.010442250058825776 -0.029027623921797994 0.041319143519316107
v -0.0078421080996669244 -0.029794311760833473 0.041319143519316107
v -0.0051850397536505844 -0.030331467469079523 0.041319143519316107
v -0.0024912669497439517 -0.030634998549068097 0.041319143519316107
v 0.00021871285250982844 -0.030702596461761641 0.041319143519316107
v 0.0029242696350322362 -0.030533748337780449 0.041319143519316107
v 0.0056048155581260618 -0.030129738247273559 0.041319143519316107
v 0.0082399488531373598 -0.029493638784602663 0.041319143519316107
v 0.010809615428204326 -0.0286302941546424 0.041319143519316107
v 0.013294256959456538 -0.027546272258635259 0.041319143519316107
v 0.015674965865633106 -0.026249825680320145 0.041319143519316107
v 0.017933622739088613 -0.024750819750035714 0.041319143519316107
v 0.020053038237450079 -0.023060664444996718 0.041319143519316107
v 0.022017081214594739 -0.021192219786724399 0.041319143519316107
v 0.023810805728354315 -0.019159708439246782 0.041319143519316107
v 0.025420558111496631 -0.016978596827243869 0.041319143519316107
v 0.026834088533015575 -0.014665486596436562 0.041319143519316107
v 0.028040639871281223 -0.012237980601082301 0.041319143519316107
v 0.029031028773764879 -0.0097145557741014667 0.041319143519316107
v 0.029797716612800357 -0.0071144138149426168 0.041319143519316107
v 0.030334872321046411 -0.004457345468926276 0.041319143519316107
v 0.030638403401034985 -0.0017635726650196445 0.041319143519316107
v 0.030706001794385224 0.00094640633953063614 0.041319143519316107
v 0.030537153670404035 0.0036519631220530454 0.041319143519316107
v 0.030133143579897142 0.0063325090451468689 0.041319143519316107
v 0.02949704411722625 0.0089676423401581686 0.041319143519316107
v 0.028633699487265987 0.011537308915225137 0.041319143519316107
v 0.027549677591258846 0.014021950446477346 0.041319143519316107
v 0.026253230964127041 0.016402659433670665 0.041319143519316107
v 0.024754225082659301 0.01866131622610942 0.041319143519316107
v 0.023064069777620308 0.02078073172447089 0.041319143519316107
v 0.021195625119347986 0.022744774701615546 0.041319143519316107
v 0.019163113771870369 0.024538499215375122 0.041319143519316107
v 0.016982002159867456 0.026148251598517438 0.041319143519316107
v 0.014668891929060143 0.027561782020036382 0.041319143519316107
v 0.012241385453049184 0.028768334156005534 0.041319143519316107
v 0.0097179606260683477 0.029758723058489187 0.041319143519316107
v 0.0071178186669094987 0.030525410897524669 0.041319143519316107
v 0.0044607503208931587 0.031062566605770718 0.041319143519316107
v 0.0017669775169865264 0.031366097685759292 0.041319143519316107
v -0.00094300068986025382 0.03143369655976623 0.041319143519316107
v -0.0036485574723826618 0.031264848435785045 0.041319143519316107
v -0.0063291033954764857 0.030860838345278155 0.041319143519316107
v -0.0089642366904877872 0.030224738882607259 0.041319143519316107
v -0.011533903265554753 0.029361394252646996 0.041319143519316107
v -0.014018544796806965 0.028277372356639852 0.041319143519316107
v -0.016399253865017054 0.026980925680691346 0.041319143519316107
v -0.018657910576439035 0.025481919848040307 0.041319143519316107
v -0.020777326074800505 0.023791764543001314 0.041319143519316107
v -0.022741369051945161 0.021923319884728995 0.041319143519316107
v -0.024535093565704737 0.019890808537251378 0.041319143519316107
v -0.026144845948847053 0.017709696925248465 0.041319143519316107
v -0.027558376370365997 0.015396586694441154 0.041319143519316107
v -0.028764929304038647 0.012969079737773491 0.041319143519316107
v -0.029755318206522302 0.010445654910792657 0.041319143519316107
v -0.030522006045557784 0.0078455129516338071 0.041319143519316107
v -0.031059161753803834 0.0051884446056174654 0.041319143519316107
v -0.031362692833792408 0.0024946718017108344 0.041319143519316107
v -0.031430291227142651 -0.00021530720283944633 0.041319143519316107
v -0.031261443103161465 -0.0029208639853618556 0.041319143519316107
v -0.030857433012654568 -0.0056014099084556786 0.041319143519316107
v -0.030221333549983673 -0.0082365432034669801 0.041319143519316107
v -0.02935798892002341 -0.010806209778533946 0.041319143519316107
v -0.028273967024016269 -0.013290851309786156 0.041319143519316107
v -0.026977520396884457 -0.01567156029697948 0.041319143519316107
v -0.025534456887473259 -0.01797096779187091 0.041266035780821234
v -0.023840537063999703 -0.020095104292761085 0.041266035780821234
v -0.021967930353753242 -0.022063521093348831 0.041266035780821234
v -0.019930891584068848 -0.023861240527281793 0.041266035780821234
v -0.017744922533747463 -0.025474579125770509 0.041266035780821234
v -0.01542666131738123 -0.026891259015268489 0.041266035780821234
v -0.012993748372849135 -0.028100496790622324 0.041266035780821234
v -0.010464701714380888 -0.02909309144725445 0.041266035780821234
v -0.0078587689089553801 -0.029861489589390017 0.041266035780821234
v -0.0051957816297655834 -0.030399839143214997 0.041266035780821234
v -0.0024960078063999101 -0.030704047058551783 0.041266035780821234
v 0.00022000685113066266 -0.030771796900711856 0.041266035780821234
v 0.0029315893513304882 -0.030602571248915456 0.041266035780821234
v 0.0056181055470073422 -0.030197660329449857 0.041266035780821234
v 0.0082591083233256677 -0.029560144488221998 0.041266035780821234
v 0.010834498405851942 -0.02869487775771546 0.041266035780821234
v 0.013324674210770838 -0.027608441057595683 0.041266035780821234
v 0.015710686349019662 -0.026309107813622609 0.041266035780821234
v 0.017974373441541298 -0.024806762122092249 0.041266035780821234
v 0.020098509942431467 -0.023112842298618694 0.041266035780821234
v 0.022066926743019216 -0.021240235588372233 0.041266035780821234
v 0.023864646176952178 -0.019203196818687839 0.041266035780821234
v 0.025477984775440894 -0.017017227768366453 0.041266035780821234
v 0.026894664664938873 -0.014698966552000221 0.041266035780821234
v 0.028103901642589212 -0.012266054088124829 0.041266035780821234
v 0.029096496299221338 -0.0097370074296565783 0.041266035780821234
v 0.029864894441356902 -0.0071310746242310742 0.041266035780821234
v 0.030403243995181881 -0.0044680873450412759 0.041266035780821234
v 0.030707451910518668 -0.0017683135216756021 0.041266035780821234
v 0.030775202233335439 0.00094770033815146939 0.041266035780821234
v 0.030605976581539043 0.0036592828383512953 0.041266035780821234
v 0.030201065662073444 0.0063457990340281501 0.041266035780821234
v 0.029563549820845584 0.0089868018103464748 0.041266035780821234
v 0.02869828309033905 0.011562191892872751 0.041266035780821234
v 0.027611846390219269 0.014052367697791645 0.041266035780821234
v 0.026312513097429505 0.016438379917057221 0.041266035780821234
v 0.024810167454715835 0.018702066928562106 0.041266035780821234
v 0.02311624763124228 0.020826203429452277 0.041266035780821234
v 0.021243640920995819 0.022794620230040023 0.041266035780821234
v 0.019206602151311425 0.024592339663972985 0.041266035780821234
v 0.01702063310099004 0.026205678262461705 0.041266035780821234
v 0.014702371884623804 0.027622358151959681 0.041266035780821234
v 0.012269458940091708 0.028831595927313519 0.041266035780821234
v 0.0097404122816234593 0.029824190583945646 0.041266035780821234
v 0.0071344794761979552 0.030592588726081209 0.041266035780821234
v 0.0044714921970081577 0.031130938279906189 0.041266035780821234
v 0.0017717183736424848 0.031435146195242979 0.041266035780821234
v -0.00094429468848108641 0.031502896998716445 0.041266035780821234
v -0.0036558771886809134 0.031333671346920049 0.041266035780821234
v -0.0063423933843577678 0.030928760427454453 0.041266035780821234
v -0.0089833961606760951 0.030291244586226593 0.041266035780821234
v -0.011558786243202369 0.029425977855720056 0.041266035780821234
v -0.014048962048121266 0.028339541155600279 0.041266035780821234
v -0.01643497434840361 0.02704020781399381 0.041266035780821234
v -0.018698661278891721 0.025537862220096845 0.041266035780821234
v -0.020822797779781892 0.02384394239662329 0.041266035780821234
v -0.022791214580369638 0.021971335686376828 0.041266035780821234
v -0.024588934014302601 0.019934296916692434 0.041266035780821234
v -0.026202272612791316 0.017748327866371049 0.041266035780821234
v -0.027618952502289296 0.015430066650004813 0.041266035780821234
v -0.028828191075346635 0.012997153224816017 0.041266035780821234
v -0.029820785731978761 0.010468106566347769 0.041266035780821234
v -0.030589183874114325 0.0078621737609222645 0.041266035780821234
v -0.031127533427939304 0.0051991864817324653 0.041266035780821234
v -0.031431741343276094 0.002499412658366792 0.041266035780821234
v -0.031499491666092866 -0.00021660120146027969 0.041266035780821234
v -0.031330266014296469 -0.0029281837016601059 0.041266035780821234
v -0.030925355094830867 -0.0056146998973369607 0.041266035780821234
v -0.030287839253603007 -0.0082557026736552862 0.041266035780821234
v -0.029422572523096473 -0.010831092756181562 0.041266035780821234
v -0.028336135822976692 -0.013321268561100457 0.041266035780821234
v -0.027036802530186921 -0.01570728078036604 0.041266035780821234
v -0.025586445695422892 -0.018008838549687208 0.041207097963009268
v -0.023889026198952525 -0.020137361175528137 0.041207097963009268
v -0.022012553415705887 -0.022109844651929739 0.041207097963009268
v -0.019971307834532718 -0.023911275942527836 0.041207097963009268
v -0.017780823464086347 -0.025527946962048437 0.041207097963009268
v -0.015457772811766458 -0.026947551630794764 0.041207097963009268
v -0.013019836282011076 -0.028159287132547638 0.041207097963009268
v -0.01048556770348154 -0.029153932724443915 0.041207097963009268
v -0.0078742515723386822 -0.029923917031440067 0.041207097963009268
v -0.0052057636601158964 -0.03046337975685131 0.041207097963009268
v -0.0025004147265548283 -0.030768214514188458 0.041207097963009268
v 0.00022120846754322085 -0.030836103508176935 0.041207097963009268
v 0.0029383920435021916 -0.030666530033514619 0.041207097963009268
v 0.0056304574489156331 -0.030260782802465813 0.041207097963009268
v 0.0082769139817832748 -0.029621951027233005 0.041207097963009268
v 0.010857622370172638 -0.028754895443640172 0.041207097963009268
v 0.013352941815002959 -0.027666216251239502 0.041207097963009268
v 0.015743881462099516 -0.026364198812736325 0.041207097963009268
v 0.018012244199357597 -0.024858750930041883 0.041207097963009268
v 0.020140766825198522 -0.023161331433571519 0.041207097963009268
v 0.022113250301600121 -0.021284858650324878 0.041207097963009268
v 0.023914681592198221 -0.019243613069151708 0.041207097963009268
v 0.025531352611718822 -0.017053128698705337 0.041207097963009268
v 0.026950957280465145 -0.014730078046385448 0.041207097963009268
v 0.028162691984514522 -0.012292141997286767 0.041207097963009268
v 0.029157337576410799 -0.0097578734187572323 0.041207097963009268
v 0.029927321883406955 -0.0071465572876143746 0.041207097963009268
v 0.030466784608818194 -0.0044780693753915879 0.041207097963009268
v 0.030771619366155346 -0.001772720441830522 0.041207097963009268
v 0.030839508840800521 0.00094890195456402834 0.041207097963009268
v 0.030669935366138205 0.0036660855305229996 0.041207097963009268
v 0.030264188135089399 0.0063581509359364402 0.041207097963009268
v 0.029625356359856594 0.0090046074688040836 0.041207097963009268
v 0.028758300776263755 0.011585315857193445 0.041207097963009268
v 0.027669621583863088 0.014080635302023766 0.041207097963009268
v 0.026367604096543221 0.016471575030137072 0.041207097963009268
v 0.024862156262665469 0.0187399376863784 0.041207097963009268
v 0.023164736766195102 0.020868460312219332 0.041207097963009268
v 0.021288263982948464 0.022840943788620931 0.041207097963009268
v 0.019247018401775295 0.024642375079219032 0.041207097963009268
v 0.017056534031328924 0.026259046098739629 0.041207097963009268
v 0.014733483379009031 0.027678650767485956 0.041207097963009268
v 0.012295546849253648 0.02889038626923883 0.041207097963009268
v 0.0097612782707241132 0.029885031861135107 0.041207097963009268
v 0.0071499621395812573 0.030655016168131263 0.041207097963009268
v 0.0044814742273584706 0.031194478893542502 0.041207097963009268
v 0.001776125293797403 0.03149931365087965 0.041207097963009268
v -0.00094549630489364645 0.031567203606181531 0.041207097963009268
v -0.0036626798808526168 0.031397630131519215 0.041207097963009268
v -0.0063547452862660588 0.030991882900470408 0.041207097963009268
v -0.0090012018191337022 0.0303530511252376 0.041207097963009268
v -0.011581910207523066 0.029485995541644765 0.041207097963009268
v -0.014077229652353383 0.028397316349244098 0.041207097963009268
v -0.016468169461483464 0.027095298813107526 0.041207097963009268
v -0.018736532036708015 0.025589851028046479 0.041207097963009268
v -0.020865054662548947 0.023892431531576112 0.041207097963009268
v -0.022837538138950546 0.022015958748329473 0.041207097963009268
v -0.024638969429548647 0.019974713167156304 0.041207097963009268
v -0.026255640449069244 0.017784228796709933 0.041207097963009268
v -0.027675245117815567 0.015461178144390039 0.041207097963009268
v -0.028886981417271945 0.013023241133977955 0.041207097963009268
v -0.029881627009168223 0.010488972555448423 0.041207097963009268
v -0.030651611316164378 0.0078776564243055649 0.041207097963009268
v -0.031191074041575617 0.0052091685120827782 0.041207097963009268
v -0.031495908798912772 0.0025038195785217119 0.041207097963009268
v -0.031563798273557951 -0.00021780281787283853 0.041207097963009268
v -0.031394224798895629 -0.0029349863938318097 0.041207097963009268
v -0.030988477567846822 -0.0056270517992452508 0.041207097963009268
v -0.030349645792614018 -0.0082735083321128933 0.041207097963009268
v -0.029482590209021178 -0.010854216720502257 0.041207097963009268
v -0.028393911016620511 -0.013349536165332576 0.041207097963009268
v -0.027091893529300637 -0.01574047589344589 0.041207097963009268
v -0.025634085052839897 -0.018043540804394832 0.041142777100716024
v -0.023933458739990008 -0.020176082626204676 0.041142777100716024
v -0.022053442759146395 -0.022152291820370106 0.041142777100716024
v -0.020008340256569189 -0.023957124966162004 0.041142777100716024
v -0.01781372026781286 -0.025576848328876491 0.041142777100716024
v -0.015486282810453922 -0.026999135436091604 0.041142777100716024
v -0.013043742354518134 -0.028213159417565293 0.041142777100716024
v -0.010504686620471671 -0.029209682982962823 0.041142777100716024
v -0.0078884387825011917 -0.0299811210937093 0.041142777100716024
v -0.0052149113675391181 -0.030521602980402567 0.041142777100716024
v -0.002504452524819721 -0.030827014340556468 0.041142777100716024
v 0.00022230960684557554 -0.030895031866182959 0.041142777100716024
v 0.0029446258455247906 -0.030725136202860652 0.041142777100716024
v 0.0056417738880368603 -0.030318622853085685 0.041142777100716024
v 0.0082932299789722028 -0.029678585722882685 0.041142777100716024
v 0.010878811893327223 -0.02880989185765076 0.041142777100716024
v 0.013378844602402606 -0.0277191577327245 0.041142777100716024
v 0.015774299340761376 -0.026414680681027314 0.041142777100716024
v 0.018046946454065217 -0.024906390287458884 0.041142777100716024
v 0.020179488275875061 -0.023205763974608995 0.041142777100716024
v 0.022155697470040491 -0.021325747993765385 0.041142777100716024
v 0.023960530615832389 -0.019280645491188179 0.041142777100716024
v 0.025580253978546876 -0.017086025502431851 0.041142777100716024
v 0.027002541085761989 -0.01475858804507291 0.041142777100716024
v 0.028216564269532177 -0.012316048069793823 0.041142777100716024
v 0.029213087834929707 -0.0097769923357473639 0.041142777100716024
v 0.029984525945676188 -0.0071607444977768824 0.041142777100716024
v 0.030525007832369451 -0.0044872170828148114 0.041142777100716024
v 0.030830419192523353 -0.0017767582400954143 0.041142777100716024
v 0.030898436718149846 0.00095000389156988242 0.041142777100716024
v 0.030728541535484235 0.0036723193325455985 0.041142777100716024
v 0.030322028185709272 0.0063694673750576683 0.041142777100716024
v 0.029681991055506271 0.0090209234659930117 0.041142777100716024
v 0.028813297190274346 0.011606505380348032 0.041142777100716024
v 0.027722563065348087 0.014106538089423415 0.041142777100716024
v 0.02641808596483421 0.016501992908798935 0.041142777100716024
v 0.02490979562008247 0.018774639941086028 0.041142777100716024
v 0.023209169307232581 0.020907181762895872 0.041142777100716024
v 0.021329153326388971 0.022883390957061302 0.041142777100716024
v 0.019284050823811766 0.024688224102853196 0.041142777100716024
v 0.017089430835055437 0.026307947465567683 0.041142777100716024
v 0.014761993377696493 0.0277302345727828 0.041142777100716024
v 0.012319452921760708 0.028944258554256485 0.041142777100716024
v 0.0097803971877142449 0.029940782119654018 0.041142777100716024
v 0.0071641493497437677 0.030712220230400492 0.041142777100716024
v 0.0044906219347816924 0.031252702117093759 0.041142777100716024
v 0.0017801630920622974 0.031558113477247657 0.041142777100716024
v -0.00094659824189950096 0.031626131483530849 0.041142777100716024
v -0.0036689136828752158 0.031456236300865248 0.041142777100716024
v -0.0063660617253872851 0.031049722951090278 0.041142777100716024
v -0.0090175178163226302 0.030409685820887277 0.041142777100716024
v -0.011603099730677651 0.029540991955655356 0.041142777100716024
v -0.014103132439753032 0.028450257830729096 0.041142777100716024
v -0.016498587340145324 0.027145780681398515 0.041142777100716024
v -0.018771234291415639 0.025637490385463479 0.041142777100716024
v -0.020903776113225487 0.023936864072613591 0.041142777100716024
v -0.022879985307390917 0.022056848091769977 0.041142777100716024
v -0.024684818453182811 0.020011745589192772 0.041142777100716024
v -0.026304541815897298 0.017817125600436447 0.041142777100716024
v -0.027726829720815912 0.015489687662420801 0.041142777100716024
v -0.0289408537022896 0.013047147206485013 0.041142777100716024
v -0.029937377267687131 0.010508091472438554 0.041142777100716024
v -0.030708815378433611 0.0078918436344680726 0.041142777100716024
v -0.031249297265126874 0.0052183162195060017 0.041142777100716024
v -0.031554708625280779 0.0025078573767866037 0.041142777100716024
v -0.03162272615090727 -0.00021890475487869261 0.041142777100716024
v -0.031452830968241662 -0.0029412201958544087 0.041142777100716024
v -0.031046317618466695 -0.0056383682383664788 0.041142777100716024
v -0.030406280488263694 -0.0082898243293018231 0.041142777100716024
v -0.02953758662303177 -0.010875406243656842 0.041142777100716024
v -0.02844685249810551 -0.013375438952732226 0.041142777100716024
v -0.027142375397591626 -0.015770893772107754 0.041142777100716024
v -0.025677010534054554 -0.018074809575342812 0.0410735649322609
v -0.023973496710487693 -0.020210974205272215 0.0410735649322609
v -0.022090286255674701 -0.02219053969741331 0.0410735649322609
v -0.020041711748679338 -0.023998439047497787 0.0410735649322609
v -0.01784336335360491 -0.025620914282842976 0.0410735649322609
v -0.015511972116238561 -0.027045616308801135 0.0410735649322609
v -0.013065281765626786 -0.02826170217814233 0.0410735649322609
v -0.010521912952727183 -0.029259919648467244 0.0410735649322609
v -0.0079012227435312429 -0.030032667133729415 0.0410735649322609
v -0.0052231559410232074 -0.030574067216716898 0.0410735649322609
v -0.0025080923363955719 -0.030879996390413372 0.0410735649322609
v 0.00022330223517382023 -0.030948130139681621 0.0410735649322609
v 0.0029502424907935708 -0.030777946941637681 0.0410735649322609
v 0.0056519727466534985 -0.030370742840472437 0.0410735649322609
v 0.0083079312441038111 -0.029729617243909139 0.0410735649322609
v 0.010897905752281705 -0.028859448753453733 0.0410735649322609
v 0.013402184200561057 -0.027766860941546439 0.0410735649322609
v 0.015801708308475396 -0.0264601689254086 0.0410735649322609
v 0.018078215225013194 -0.024949315768673548 0.0410735649322609
v 0.0202143798549426 -0.023245801945106687 0.0410735649322609
v 0.022193945347083695 -0.021362591490293691 0.0410735649322609
v 0.024001844697168172 -0.019314016983298328 0.0410735649322609
v 0.025624319932513361 -0.017115668588223897 0.0410735649322609
v 0.02704902116076802 -0.014784277831514255 0.0410735649322609
v 0.028265107030109215 -0.012337587480902478 0.0410735649322609
v 0.029263324500434132 -0.0097942186680028756 0.0410735649322609
v 0.0300360719856963 -0.0071735284588069353 0.0410735649322609
v 0.030577472068683782 -0.004495461656298899 0.0410735649322609
v 0.030883401242380256 -0.0017803980516712657 0.0410735649322609
v 0.030951534991648506 0.00095099651989812798 0.0410735649322609
v 0.030781352274261268 0.0036779359778143787 0.0410735649322609
v 0.030374148173096024 0.0063796662336743056 0.0410735649322609
v 0.029733022576532726 0.0090356247311246182 0.0410735649322609
v 0.028862854086077316 0.011625599239302514 0.0410735649322609
v 0.027770266274170022 0.014129877687581867 0.0410735649322609
v 0.026463574209215496 0.016529401876512952 0.0410735649322609
v 0.024952721101297131 0.018805908712034004 0.0410735649322609
v 0.02324920727773027 0.020942073341963411 0.0410735649322609
v 0.021365996822917278 0.022921638834104502 0.0410735649322609
v 0.019317422315921914 0.024729538184188982 0.0410735649322609
v 0.017119073920847484 0.026352013419534172 0.0410735649322609
v 0.014787682683481134 0.027776715445492331 0.0410735649322609
v 0.012340992332869359 0.028992801314833522 0.0410735649322609
v 0.0097976235199697566 0.029991018785158439 0.0410735649322609
v 0.0071769333107738181 0.030763766270420607 0.0410735649322609
v 0.0044988665082657817 0.03130516635340809 0.0410735649322609
v 0.0017838029036381484 0.031611095527104567 0.0410735649322609
v -0.00094759166793124548 0.03167922927637281 0.0410735649322609
v -0.0036745303281439964 0.031509047039642274 0.0410735649322609
v -0.0063762605840039241 0.03110184293847703 0.0410735649322609
v -0.0090322190814542385 0.030460717341913735 0.0410735649322609
v -0.011622193589632131 0.029590548851458325 0.0410735649322609
v -0.014126472037911484 0.028497961039551031 0.0410735649322609
v -0.016525996307859343 0.027191268925779801 0.0410735649322609
v -0.018802503062363619 0.025680415866678141 0.0410735649322609
v -0.020938667692293026 0.02397690204311128 0.0410735649322609
v -0.02291823318443412 0.022093691588298287 0.0410735649322609
v -0.024726132534518594 0.02004511708130292 0.0410735649322609
v -0.026348607769863787 0.017846768686228493 0.0410735649322609
v -0.027773310593525447 0.015515376968205445 0.0410735649322609
v -0.028989396462866635 0.013068686617593667 0.0410735649322609
v -0.029987613933191555 0.010525317804694066 0.0410735649322609
v -0.030760361418453723 0.0079046275954981256 0.0410735649322609
v -0.031301761501441205 0.0052265607929900884 0.0410735649322609
v -0.031607690675137683 0.0025114971883624551 0.0410735649322609
v -0.031675824424405932 -0.00021989738320693817 0.0410735649322609
v -0.031505641707018694 -0.0029468368411231889 0.0410735649322609
v -0.031098437605853447 -0.0056485670969831153 0.0410735649322609
v -0.030457312009290149 -0.0083045255944334297 0.0410735649322609
v -0.029587143518834739 -0.010894500102611324 0.0410735649322609
v -0.028494555706927445 -0.013398778550890677 0.0410735649322609
v -0.027187863641972912 -0.01579830273982177 0.0410735649322609
v -0.025714895796109527 -0.018102406906103343 0.040999990448866278
v -0.024008834742600179 -0.02024177036390026 0.040999990448866278
v -0.02212280477943503 -0.022224297228062861 0.040999990448866278
v -0.020071164313556222 -0.024034902893559907 0.040999990448866278
v -0.017869526233022889 -0.025659806111043335 0.040999990448866278
v -0.015534647171172202 -0.02708664058395422 0.040999990448866278
v -0.013084293887880283 -0.028304546797245034 0.040999990448866278
v -0.010537119964596157 -0.029304257556451892 0.040999990448866278
v -0.0079125058050147357 -0.030078161416558537 0.040999990448866278
v -0.0052304294494854853 -0.030620372717136253 0.040999990448866278
v -0.0025113039265661223 -0.030926759707951949 0.040999990448866278
v 0.00022417968858129709 -0.030994995685059829 0.040999990448866278
v 0.0029552000121059528 -0.030824556957113364 0.040999990448866278
v 0.0056609732566192551 -0.030416743454249055 0.040999990448866278
v 0.0083209070031725983 -0.029774657836042183 0.040999990448866278
v 0.010914758053730579 -0.028903188664698529 0.040999990448866278
v 0.01342278423982991 -0.027808964600245695 0.040999990448866278
v 0.015825898798919963 -0.026500315747154207 0.040999990448866278
v 0.018105813517087128 -0.024987202626135515 0.040999990448866278
v 0.020245176013570645 -0.023281139977219169 0.040999990448866278
v 0.022227702877733242 -0.02139511001405402 0.040999990448866278
v 0.024038308543230292 -0.019343469548175216 0.040999990448866278
v 0.025663211760713719 -0.01714183146764188 0.040999990448866278
v 0.027090045435921105 -0.014806952886447894 0.040999990448866278
v 0.028307951649211918 -0.012356599603155974 0.040999990448866278
v 0.029307662408418776 -0.0098094256798718481 0.040999990448866278
v 0.030081566268525421 -0.0071848115202904298 0.040999990448866278
v 0.030623777569103141 -0.0045027351647611786 0.040999990448866278
v 0.03093016455991884 -0.001783609641841816 0.040999990448866278
v 0.030998400537026721 0.00095187397330560365 0.040999990448866278
v 0.03082796228973695 0.0036828934991267608 0.040999990448866278
v 0.030420148786872638 0.006388666743640063 0.040999990448866278
v 0.029778063168665769 0.0090486004901934071 0.040999990448866278
v 0.028906593997322115 0.011642451540751388 0.040999990448866278
v 0.027812369932869282 0.014150477726850718 0.040999990448866278
v 0.026503721030961103 0.016553592366957522 0.040999990448866278
v 0.024990607958759101 0.018833507004107939 0.040999990448866278
v 0.023284545309842756 0.020972869500591452 0.040999990448866278
v 0.021398515346677607 0.022955396364754053 0.040999990448866278
v 0.019346874880798798 0.024766002030251099 0.040999990448866278
v 0.017145236800265466 0.02639090524773453 0.040999990448866278
v 0.014810357738414777 0.027817739720645412 0.040999990448866278
v 0.012360004455122857 0.029035645933936226 0.040999990448866278
v 0.0098128305318387309 0.030035356693143084 0.040999990448866278
v 0.0071882163722573108 0.030809260553249729 0.040999990448866278
v 0.0045061400167280595 0.031351471853827445 0.040999990448866278
v 0.001787014493808697 0.031657858844643144 0.040999990448866278
v -0.00094846912133872245 0.031726094821751018 0.040999990448866278
v -0.0036794878494563785 0.03155565705511796 0.040999990448866278
v -0.0063852610939696807 0.031147843552253647 0.040999990448866278
v -0.0090451948405230256 0.030505757934046775 0.040999990448866278
v -0.011639045891081006 0.029634288762703121 0.040999990448866278
v -0.014147072077180335 0.028540064698250291 0.040999990448866278
v -0.016550186798303911 0.027231415747525408 0.040999990448866278
v -0.018830101354437554 0.025718302724140111 0.040999990448866278
v -0.020969463850921067 0.024012240075223762 0.040999990448866278
v -0.022951990715083668 0.022126210112058613 0.040999990448866278
v -0.024762596380580714 0.020074569646179808 0.040999990448866278
v -0.026387499598064145 0.017872931565646476 0.040999990448866278
v -0.027814334868678528 0.015538052023139085 0.040999990448866278
v -0.029032241081969341 0.013087698739847163 0.040999990448866278
v -0.030031951841176199 0.010540524816563038 0.040999990448866278
v -0.030805855701282844 0.0079159106569816201 0.040999990448866278
v -0.031348067001860568 0.0052338343014523689 0.040999990448866278
v -0.031654453992676267 0.0025147087785330055 0.040999990448866278
v -0.03172268996978414 -0.00022077483661441395 0.040999990448866278
v -0.031552251722494373 -0.0029517943624355709 0.040999990448866278
v -0.031144438219630061 -0.0056575676069488727 0.040999990448866278
v -0.030502352601423192 -0.0083175013535022185 0.040999990448866278
v -0.029630883430079538 -0.010911352404060198 0.040999990448866278
v -0.028536657770219704 -0.013419377628846126 0.040999990448866278
v -0.027228010463718519 -0.015822493230266341 0.040999990448866278
v -0.025747458479731131 -0.018126126507428907 0.040922608718786627
v -0.024039203748731794 -0.020268235568869607 0.040922608718786627
v -0.022150751879896093 -0.022253309355709818 0.040922608718786627
v -0.020096475820031382 -0.024066239132387434 0.040922608718786627
v -0.017892009805727964 -0.025693229873699049 0.040922608718786627
v -0.015554131905745637 -0.027121897753954748 0.040922608718786627
v -0.013100633025540443 -0.02834136844930632 0.040922608718786627
v -0.010550186259357235 -0.029342360426972889 0.040922608718786627
v -0.0079222029984095371 -0.030117261341662826 0.040922608718786627
v -0.0052366820843758408 -0.030660165447096023 0.040922608718786627
v -0.0025140643221724743 -0.030966949031112422 0.040922608718786627
v 0.00022493139598788408 -0.031035271705888833 0.040922608718786627
v 0.0029594597348034063 -0.03086461333880456 0.040922608718786627
v 0.0056687086396971908 -0.030456275669878023 0.040922608718786627
v 0.0083320585494556232 -0.029813366840037141 0.040922608718786627
v 0.01092924095442714 -0.028940777615134861 0.040922608718786627
v 0.013440488594304177 -0.02784514959965699 0.040922608718786627
v 0.015846690085175533 -0.026534821209748146 0.040922608718786627
v 0.018129532157099289 -0.025019763714350125 0.040922608718786627
v 0.020271641218539992 -0.023311508983350784 0.040922608718786627
v 0.022256715005380203 -0.021423057114515084 0.040922608718786627
v 0.024069644782057819 -0.019368781054650373 0.040922608718786627
v 0.025696635523369434 -0.017164315040346954 0.040922608718786627
v 0.027125302605921633 -0.014826437621021328 0.040922608718786627
v 0.028344773301273204 -0.012372938740816136 0.040922608718786627
v 0.029345765278939773 -0.0098224919746329256 0.040922608718786627
v 0.03012066619362971 -0.0071945087136852286 0.040922608718786627
v 0.030663570299062911 -0.004508987799651535 0.040922608718786627
v 0.030970353883079307 -0.0017863700374481668 0.040922608718786627
v 0.031038676557855718 0.00095262568071219226 0.040922608718786627
v 0.030868018671428146 0.0036871532218242147 0.040922608718786627
v 0.030459681002501609 0.0063964021267179988 0.040922608718786627
v 0.029816772172660728 0.009059752036476432 0.040922608718786627
v 0.028944182947758447 0.011656934441447948 0.040922608718786627
v 0.027848554932280573 0.014168182081324986 0.040922608718786627
v 0.026538226493555042 0.016574383653213093 0.040922608718786627
v 0.025023169046973708 0.018857225644120099 0.040922608718786627
v 0.023314914315974371 0.020999334705560799 0.040922608718786627
v 0.02142646244713867 0.022984408492401014 0.040922608718786627
v 0.019372186387273959 0.024797338269078626 0.040922608718786627
v 0.017167720372970541 0.026424329010390244 0.040922608718786627
v 0.01482984247298821 0.02785299689064594 0.040922608718786627
v 0.012376343592783017 0.029072467585997512 0.040922608718786627
v 0.0098258968265998083 0.030073459563664081 0.040922608718786627
v 0.0071979135656521113 0.030848360478354018 0.040922608718786627
v 0.004512392651618416 0.031391264583787215 0.040922608718786627
v 0.001789774889415049 0.031698048167803611 0.040922608718786627
v -0.00094922082874530954 0.031766370842580022 0.040922608718786627
v -0.0036837475721538315 0.031595713436809156 0.040922608718786627
v -0.0063929964770476156 0.031187375767882618 0.040922608718786627
v -0.0090563463868060506 0.030544466938041737 0.040922608718786627
v -0.011653528791777567 0.029671877713139456 0.040922608718786627
v -0.014164776431654605 0.028576249697661583 0.040922608718786627
v -0.016570978084559481 0.027265921210119348 0.040922608718786627
v -0.018853819994449714 0.025750863812354717 0.040922608718786627
v -0.020995929055890414 0.02404260908135538 0.040922608718786627
v -0.022981002842730625 0.02215415721251968 0.040922608718786627
v -0.024793932619408241 0.020099881152654969 0.040922608718786627
v -0.026420923360719859 0.01789541513835155 0.040922608718786627
v -0.027849592038679056 0.015557536757712516 0.040922608718786627
v -0.029069062734030628 0.013104037877507324 0.040922608718786627
v -0.030070054711697197 0.010553591111324114 0.040922608718786627
v -0.030844955626387133 0.0079256078503764198 0.040922608718786627
v -0.031387859731820338 0.0052400869363427244 0.040922608718786627
v -0.031694643315836733 0.0025174691741393566 0.040922608718786627
v -0.031762965990613144 -0.00022152654402100256 0.040922608718786627
v -0.031592308104185569 -0.0029560540851330248 0.040922608718786627
v -0.031183970435259036 -0.0056653029900268093 0.040922608718786627
v -0.030541061605418151 -0.0083286528997852435 0.040922608718786627
v -0.02966847238051587 -0.010925835304756758 0.040922608718786627
v -0.028572844365037996 -0.013437082944633798 0.040922608718786627
v -0.027262515926312462 -0.015843284516521911 0.040922608718786627
v -0.025774441184609542 -0.018145782022065557 0.040842008337889105
v -0.024064372189723803 -0.020290169416013155 0.040842008337889105
v -0.022173913628414189 -0.022277353667708895 0.040842008337889105
v -0.020117453928320636 -0.024092211176627989 0.040842008337889105
v -0.017910644128671979 -0.025720929858919751 0.040842008337889105
v -0.015570281483804033 -0.027151115702704669 0.040842008337889105
v -0.013114174489341858 -0.028371883236631545 0.040842008337889105
v -0.010561015905763025 -0.029373939944026418 0.040842008337889105
v -0.0079302388665774756 -0.030149662659314472 0.040842008337889105
v -0.0052418639354141179 -0.030693145676907622 0.040842008337889105
v -0.0025163511027652919 -0.031000255098456216 0.040842008337889105
v 0.00022555646048550852 -0.03106864994273548 0.040842008337889105
v 0.0029629908993825463 -0.030897810598473453 0.040842008337889105
v 0.0056751193987119117 -0.030489040441787567 0.040842008337889105
v 0.0083413006753095802 -0.029845447654297756 0.040842008337889105
v 0.010941243392996283 -0.028971930232053491 0.040842008337889105
v 0.013455159658621377 -0.02787513568793118 0.040842008337889105
v 0.015863918743963788 -0.026563414094000443 0.040842008337889105
v 0.018149187671735942 -0.025046746419228536 0.040842008337889105
v 0.020293575065683543 -0.023336677424342794 0.040842008337889105
v 0.022280759317379276 -0.021446218863033179 0.040842008337889105
v 0.024095616826298374 -0.01938975916293963 0.040842008337889105
v 0.025724335508590133 -0.01718294936329097 0.040842008337889105
v 0.027154520554671553 -0.014842587199079724 0.040842008337889105
v 0.028375288088598429 -0.01238648020461755 0.040842008337889105
v 0.029377344795993306 -0.009833321621038716 0.040842008337889105
v 0.03015306751128136 -0.0072025445818531672 0.040842008337889105
v 0.03069655052887451 -0.0045141696506898095 0.040842008337889105
v 0.031003659950423101 -0.0017886568180409848 0.040842008337889105
v 0.031072054794702372 0.00095325074520981605 0.040842008337889105
v 0.030901215931097039 0.0036906843864033547 0.040842008337889105
v 0.03049244577441115 0.0064028128857327197 0.040842008337889105
v 0.029848852986921342 0.0090689941623303891 0.040842008337889105
v 0.028975335564677077 0.01166893688001709 0.040842008337889105
v 0.027878541020554766 0.014182853145642185 0.040842008337889105
v 0.026566819377807339 0.016591612312001344 0.040842008337889105
v 0.025050151751852118 0.018876881158756749 0.040842008337889105
v 0.02334008275696638 0.02102126855270435 0.040842008337889105
v 0.021449624195656766 0.023008452804400087 0.040842008337889105
v 0.019393164495563213 0.024823310313319181 0.040842008337889105
v 0.017186354695914556 0.026452028995610943 0.040842008337889105
v 0.014845992051046608 0.027882214839395861 0.040842008337889105
v 0.012389885056584431 0.02910298237332274 0.040842008337889105
v 0.009836726473005597 0.030105039080717613 0.040842008337889105
v 0.0072059494338200508 0.030880761796005667 0.040842008337889105
v 0.0045175745026566922 0.031424244813598817 0.040842008337889105
v 0.0017920616700078666 0.031731354235147405 0.040842008337889105
v -0.00094984589324293399 0.031799749079426669 0.040842008337889105
v -0.0036872787367329719 0.031628910696478045 0.040842008337889105
v -0.0063994072360623374 0.031220140539792159 0.040842008337889105
v -0.0090655885126600076 0.030576547752302351 0.040842008337889105
v -0.01166553123034671 0.029703030330058087 0.040842008337889105
v -0.014179447495971805 0.028606235785935775 0.040842008337889105
v -0.016588206743347732 0.027294514094371645 0.040842008337889105
v -0.018873475509086367 0.025777846517233131 0.040842008337889105
v -0.021017862903033965 0.02406777752234739 0.040842008337889105
v -0.023005047154729702 0.022177318961037775 0.040842008337889105
v -0.024819904663648796 0.020120859260944222 0.040842008337889105
v -0.026448623345940558 0.017914049461295566 0.040842008337889105
v -0.027878809987428976 0.015573686335770914 0.040842008337889105
v -0.029099577521355856 0.013117579341308741 0.040842008337889105
v -0.030101634228750729 0.010564420757729905 0.040842008337889105
v -0.030877356944038783 0.0079336437185443583 0.040842008337889105
v -0.031420839961631933 0.0052452687873809989 0.040842008337889105
v -0.031727949383180527 0.0025197559547321747 0.040842008337889105
v -0.031796344227459791 -0.00022215160851862635 0.040842008337889105
v -0.031625505363854466 -0.0029595852497121648 0.040842008337889105
v -0.031216735207168573 -0.0056717137490415303 0.040842008337889105
v -0.030573142419678765 -0.0083378950256391988 0.040842008337889105
v -0.0296996249974345 -0.010937837743325901 0.040842008337889105
v -0.028602830453312189 -0.013451754008950996 0.040842008337889105
v -0.027291108810564756 -0.015860513175310162 0.040842008337889105
v -0.025795644732617418 -0.018161227611186128 0.040758807704363256
v -0.02408414959288822 -0.020307404400715313 0.040758807704363256
v -0.022192111962484093 -0.022296245672429136 0.040758807704363256
v -0.020133936897900589 -0.02411261827370683 0.040758807704363256
v -0.017925287761657856 -0.025742696886958009 0.040758807704363256
v -0.015582971094005929 -0.027174075698360563 0.040758807704363256
v -0.013124813614832483 -0.028395860645780709 0.040758807704363256
v -0.010569525981657899 -0.029398754773889296 0.040758807704363256
v -0.0079365538047203397 -0.030175125037795715 0.040758807704363256
v -0.0052459355446915178 -0.030719061293256696 0.040758807704363256
v -0.0025181490891065905 -0.031026425203267396 0.040758807704363256
v 0.00022604674395474545 -0.031094878690889265 0.040758807704363256
v 0.0029657662024939403 -0.030923897706195146 0.040758807704363256
v 0.0056801563447536722 -0.030514784704681098 0.040758807704363256
v 0.0083485621630005179 -0.029870653963067265 0.040758807704363256
v 0.010950675242061905 -0.028996409419066439 0.040758807704363256
v 0.013466688523557181 -0.027898699260340637 0.040758807704363256
v 0.015877457881915674 -0.026585883806187101 0.040758807704363256
v 0.018164633260856513 -0.025067949967236408 0.040758807704363256
v 0.020310810050385698 -0.023356454827507211 0.040758807704363256
v 0.022299651322099521 -0.021464417197103083 0.040758807704363256
v 0.024116023923377215 -0.019406242132519579 0.040758807704363256
v 0.025746102536628394 -0.017197592996276847 0.040758807704363256
v 0.027177480550327451 -0.014855276809281621 0.040758807704363256
v 0.028399265497747597 -0.012397119330108175 0.040758807704363256
v 0.029402159625856183 -0.0098418316969335912 0.040758807704363256
v 0.030178529889762599 -0.0072088595199960312 0.040758807704363256
v 0.03072246614522358 -0.0045182412599672102 0.040758807704363256
v 0.03102983005523428 -0.0017904548043822834 0.040758807704363256
v 0.03109828354285615 0.00095374102867905341 0.040758807704363256
v 0.030927303038818733 0.003693459689514747 0.040758807704363256
v 0.030518190037304681 0.0064078498317744802 0.040758807704363256
v 0.029874059295690848 0.0090762556500213268 0.040758807704363256
v 0.028999814751690021 0.011678368729082711 0.040758807704363256
v 0.027902104592964223 0.01419438201057799 0.040758807704363256
v 0.026589289089993997 0.016605151449953233 0.040758807704363256
v 0.025071355299859995 0.01889232674787732 0.040758807704363256
v 0.023359860160130797 0.021038503537406505 0.040758807704363256
v 0.021467822529726666 0.023027344809120331 0.040758807704363256
v 0.019409647465143162 0.024843717410398026 0.040758807704363256
v 0.017200998328900433 0.026473796023649201 0.040758807704363256
v 0.014858681661248502 0.027905174835051758 0.040758807704363256
v 0.012400524182075056 0.029126959782471901 0.040758807704363256
v 0.0098452365489004722 0.030129853910580488 0.040758807704363256
v 0.0072122643719629148 0.030906224174486907 0.040758807704363256
v 0.004521646111934092 0.031450160429947888 0.040758807704363256
v 0.0017938596563491652 0.031757524339958584 0.040758807704363256
v -0.00095033617671217091 0.031825977827580461 0.040758807704363256
v -0.0036900540398443656 0.031654997804199739 0.040758807704363256
v -0.006404444182104097 0.031245884802685694 0.040758807704363256
v -0.0090728500003509453 0.030601754061071858 0.040758807704363256
v -0.011674963079412333 0.029727509517071034 0.040758807704363256
v -0.014190976360907609 0.028629799358345233 0.040758807704363256
v -0.016601745881299621 0.027316983806558302 0.040758807704363256
v -0.018888921098206935 0.025799050065241004 0.040758807704363256
v -0.021035097887736123 0.024087554925511807 0.040758807704363256
v -0.023023939159449947 0.022195517295107676 0.040758807704363256
v -0.024840311760727641 0.020137342230524175 0.040758807704363256
v -0.02647039037397882 0.017928693094281443 0.040758807704363256
v -0.027901769983084874 0.015586375945972812 0.040758807704363256
v -0.02912355493050502 0.013128218466799364 0.040758807704363256
v -0.030126449058613607 0.010572930833624782 0.040758807704363256
v -0.030902819322520023 0.0079399586566872224 0.040758807704363256
v -0.031446755577981003 0.0052493403966583996 0.040758807704363256
v -0.031754119487991707 0.0025215539410734732 0.040758807704363256
v -0.031822572975613576 -0.00022264189198786371 0.040758807704363256
v -0.031651592471576159 -0.0029623605528235572 0.040758807704363256
v -0.031242479470062107 -0.0056767506950832908 0.040758807704363256
v -0.030598348728448275 -0.0083451565133301382 0.040758807704363256
v -0.029724104184447445 -0.010947269592391522 0.040758807704363256
v -0.028626394025721646 -0.0134632828738868 0.040758807704363256
v -0.027313578522751417 -0.015874052313262051 0.040758807704363256
v -0.025810909022925908 -0.018172346418629397 0.040673638254914671
v -0.024098384389052634 -0.020319809507577728 0.040673638254914671
v -0.022205212182117361 -0.022309844403524466 0.040673638254914671
v -0.020145801871417408 -0.024127307021241683 0.040673638254914671
v -0.017935826499152385 -0.025758363196768549 0.040673638254914671
v -0.015592104274424033 -0.027190602186798068 0.040673638254914671
v -0.013132471837127839 -0.028413120683974256 0.040673638254914671
v -0.010575651994292598 -0.029416616005779571 0.040673638254914671
v -0.0079410989876310782 -0.030193451609635612 0.040673638254914671
v -0.0052488656568240024 -0.030737715142144517 0.040673638254914671
v -0.0025194436343219375 -0.031045263500426457 0.040673638254914671
v 0.00022639899622721302 -0.031113757666575492 0.040673638254914671
v 0.0029677630651292956 -0.030942672976916868 0.040673638254914671
v 0.0056837825401511834 -0.03053331542532646 0.040673638254914671
v 0.0083537897935673441 -0.029888798194120127 0.040673638254914671
v 0.010957463718581154 -0.02901402851906212 0.040673638254914671
v 0.013474988246831618 -0.027915662191430223 0.040673638254914671
v 0.015887203677183798 -0.026602058042352137 0.040673638254914671
v 0.018175752068299782 -0.025083214257544898 0.040673638254914671
v 0.020323215157248112 -0.023370689623671625 0.040673638254914671
v 0.022313250053194848 -0.021477517416736352 0.040673638254914671
v 0.024130712670912068 -0.019418107106036399 0.040673638254914671
v 0.025761768846438934 -0.017208131733771375 0.040673638254914671
v 0.027194007038764952 -0.014864409989699724 0.040673638254914671
v 0.02841652553594114 -0.01240477755240353 0.040673638254914671
v 0.029420020857746455 -0.0098479577095682905 0.040673638254914671
v 0.030196856461602497 -0.0072134047029067706 0.040673638254914671
v 0.030741119994111405 -0.0045211713720996949 0.040673638254914671
v 0.031048668352393342 -0.0017917493495976313 0.040673638254914671
v 0.031117162518542376 0.00095409328095152164 0.040673638254914671
v 0.030946078309540454 0.0036954565521501032 0.040673638254914671
v 0.030536720757950046 0.0064114760271719896 0.040673638254914671
v 0.029892203526743717 0.009081483280588153 0.040673638254914671
v 0.02901743385168571 0.011685157205601962 0.040673638254914671
v 0.02791906752405381 0.014202681733852425 0.040673638254914671
v 0.026605463326159033 0.016614897245221357 0.040673638254914671
v 0.025086619590168485 0.018903445555320589 0.040673638254914671
v 0.023374094956295211 0.021050908644268923 0.040673638254914671
v 0.021480922749359938 0.023040943540215658 0.040673638254914671
v 0.019421512438659985 0.024858406157932878 0.040673638254914671
v 0.017211537066394961 0.026489462333459744 0.040673638254914671
v 0.014867814841666606 0.02792170132348926 0.040673638254914671
v 0.012408182404370411 0.029144219820665448 0.040673638254914671
v 0.0098513625615351715 0.030147715142470766 0.040673638254914671
v 0.0072168095548736542 0.030924550746326804 0.040673638254914671
v 0.0045245762240665776 0.031468814278835709 0.040673638254914671
v 0.001795154201564514 0.031776362637117646 0.040673638254914671
v -0.00095068842898463849 0.03184485680326668 0.040673638254914671
v -0.0036920509024797208 0.03167377307492146 0.040673638254914671
v -0.0064080703775016082 0.031264415523331056 0.040673638254914671
v -0.0090780776309177715 0.030619898292124723 0.040673638254914671
v -0.011681751555931581 0.029745128617066716 0.040673638254914671
v -0.014199276084182045 0.028646762289434819 0.040673638254914671
v -0.016611491676567745 0.027333158042723339 0.040673638254914671
v -0.018900039905650205 0.025814314355549494 0.040673638254914671
v -0.021047502994598535 0.024101789721676221 0.040673638254914671
v -0.023037537890545273 0.022208617514740948 0.040673638254914671
v -0.024855000508262493 0.020149207204040995 0.040673638254914671
v -0.026486056683789359 0.017939231831775971 0.040673638254914671
v -0.027918296471522375 0.015595509126390912 0.040673638254914671
v -0.029140814968698563 0.01313587668909472 0.040673638254914671
v -0.030144310290503882 0.010579056846259479 0.040673638254914671
v -0.03092114589435992 0.0079445038395979609 0.040673638254914671
v -0.031465409426868832 0.0052522705087908851 0.040673638254914671
v -0.031772957785150768 0.0025228484862888207 0.040673638254914671
v -0.031841451951299803 -0.00022299414426033194 0.040673638254914671
v -0.031670367742297881 -0.0029643574154589137 0.040673638254914671
v -0.031261010190707469 -0.0056803768904808002 0.040673638254914671
v -0.030616492959501137 -0.0083503841438969627 0.040673638254914671
v -0.029741723284443133 -0.010954058068910774 0.040673638254914671
v -0.028643356956811233 -0.013471582597161236 0.040673638254914671
v -0.027329752758916449 -0.015883798108530172 0.040673638254914671
v -0.025820112911840484 -0.018179050770325961 0.040587146327410131
v -0.02410696806468763 -0.020327290537639115 0.040587146327410131
v -0.022213111781993346 -0.022318045690739835 0.040587146327410131
v -0.020152957378308561 -0.024136165762772208 0.040587146327410131
v -0.017942182615508433 -0.025767812366016048 0.040587146327410131
v -0.015597612585325424 -0.027200566943739259 0.040587146327410131
v -0.013137091270596417 -0.028423528438432471 0.040587146327410131
v -0.010579345323603818 -0.029427387785950141 0.040587146327410131
v -0.0079438401742553989 -0.03020450431193247 0.040587146327410131
v -0.0052506337756726869 -0.030748964394794409 0.040587146327410131
v -0.0025202228737470573 -0.031056623663468928 0.040587146327410131
v 0.00022661262558498605 -0.031125141524989092 0.040587146327410131
v 0.0029689671710012842 -0.030953997160933767 0.040587146327410131
v 0.0056859692896081048 -0.030544491144864218 0.040587146327410131
v 0.0083569416176280196 -0.029899740350913022 0.040587146327410131
v 0.010961556901878243 -0.02902465354370598 0.040587146327410131
v 0.013479992692369784 -0.02792589035977449 0.040587146327410131
v 0.015893079224696006 -0.026611809169935555 0.040587146327410131
v 0.018182456419996346 -0.025092418146459475 0.040587146327410131
v 0.0203306961873095 -0.02337927329930662 0.040587146327410131
v 0.022321451340410223 -0.021485417016612336 0.040587146327410131
v 0.024139571412442593 -0.019425262612927551 0.040587146327410131
v 0.025771218015686433 -0.017214487850127427 0.040587146327410131
v 0.027203971795706144 -0.014869918300601118 0.040587146327410131
v 0.028426933290399355 -0.012409396985872109 0.040587146327410131
v 0.029430792637917026 -0.0098516510388795085 0.040587146327410131
v 0.030207909163899354 -0.0072161458895310905 0.040587146327410131
v 0.030752369246761294 -0.004522939490948381 0.040587146327410131
v 0.031060028515435812 -0.0017925285890227501 0.040587146327410131
v 0.031128546376955977 0.00095430691030929391 0.040587146327410131
v 0.030957402493557353 0.0036966606580220904 0.040587146327410131
v 0.030547896477487804 0.0064136627766289128 0.040587146327410131
v 0.029903145683536608 0.009084635104648825 0.040587146327410131
v 0.029028058876329567 0.01168925038889905 0.040587146327410131
v 0.027929295692398076 0.014207686179390593 0.040587146327410131
v 0.026615214453742451 0.016620772792733565 0.040587146327410131
v 0.025095823479083058 0.018910149907017157 0.040587146327410131
v 0.023382678631930207 0.021058389674330307 0.040587146327410131
v 0.021488822349235923 0.023049144827431031 0.040587146327410131
v 0.019428667945551138 0.0248672648994634 0.040587146327410131
v 0.01721789318275101 0.02649891150270724 0.040587146327410131
v 0.014873323152567997 0.027931666080430451 0.040587146327410131
v 0.012412801837838992 0.029154627575123663 0.040587146327410131
v 0.0098550558908463912 0.030158486922641333 0.040587146327410131
v 0.0072195507414979723 0.030935603448623665 0.040587146327410131
v 0.004526344342915262 0.031480063531485601 0.040587146327410131
v 0.001795933440989632 0.031787722800160116 0.040587146327410131
v -0.00095090205834241141 0.031856240661680288 0.040587146327410131
v -0.0036932550083517098 0.031685097258938359 0.040587146327410131
v -0.0064102571269585304 0.031275591242868807 0.040587146327410131
v -0.0090812294549784435 0.030630840448917618 0.040587146327410131
v -0.01168584473922867 0.029755753641710576 0.040587146327410131
v -0.01420428052972021 0.028656990457779086 0.040587146327410131
v -0.016617367224079953 0.027342909170306757 0.040587146327410131
v -0.018906744257346769 0.025823518244464071 0.040587146327410131
v -0.021054984024659922 0.024110373397311216 0.040587146327410131
v -0.023045739177760642 0.022216517114616932 0.040587146327410131
v -0.024863859249793015 0.020156362710932144 0.040587146327410131
v -0.026495505853036855 0.01794558794813202 0.040587146327410131
v -0.027928261228463567 0.015601017437292307 0.040587146327410131
v -0.029151222723156778 0.0131404961225633 0.040587146327410131
v -0.030155082070674449 0.010582750175570699 0.040587146327410131
v -0.030932198596656777 0.0079472450262222816 0.040587146327410131
v -0.031476658679518717 0.0052540386276395705 0.040587146327410131
v -0.031784317948193239 0.0025236277257139395 0.040587146327410131
v -0.031852835809713403 -0.00022320777361810421 0.040587146327410131
v -0.03168169192631478 -0.002965561521330901 0.040587146327410131
v -0.031272185910245227 -0.0056825636399377233 0.040587146327410131
v -0.030627435116294031 -0.0083535359679576364 0.040587146327410131
v -0.02975234830908699 -0.01095815125220786 0.040587146327410131
v -0.028653585125155499 -0.013476587042699405 0.040587146327410131
v -0.027339503886499868 -0.01588967365604238 0.040587146327410131
v -0.02582318673572858 -0.018181290263657217 0.040499989435587316
v -0.024109836997642128 -0.020329790670836886 0.040499989435587316
v -0.022215753061278272 -0.022320786495994571 0.040499989435587316
v -0.020155347486930174 -0.024139124914979822 0.040499989435587316
v -0.017944306100399449 -0.025770968593363818 0.040499989435587316
v -0.015599452398011549 -0.027203898013101063 0.040499989435587316
v -0.013138635322607272 -0.028427007494071083 0.040499989435587316
v -0.010580579931062017 -0.029430987010814934 0.040499989435587316
v -0.0079447558054109649 -0.030208196216192626 0.040499989435587316
v -0.0052512240895896426 -0.030752723411245911 0.040499989435587316
v -0.0025204834521162212 -0.03106042103409375 0.040499989435587316
v 0.00022668268303898553 -0.031128946262268632 0.040499989435587316
v 0.0029693697258672204 -0.030957779872756396 0.040499989435587316
v 0.0056866996582368538 -0.030548224208308238 0.040499989435587316
v 0.0083579960776838519 -0.029903397738463719 0.040499989435587316
v 0.010962925093809582 -0.029028204528519102 0.040499989435587316
v 0.013481663821957323 -0.027929306651562003 0.040499989435587316
v 0.015895044149289422 -0.026615070181843361 0.040499989435587316
v 0.018184695913327602 -0.025095491970347574 0.040499989435587316
v 0.020333196320507271 -0.023382142232261118 0.040499989435587316
v 0.022324192145664955 -0.021488058295897262 0.040499989435587316
v 0.024142530564650207 -0.019427652721549164 0.040499989435587316
v 0.025774374243034203 -0.017216611335018436 0.040499989435587316
v 0.02720730286506795 -0.014871758113287241 0.040499989435587316
v 0.028430412346037968 -0.012410941037882964 0.040499989435587316
v 0.029434391862781819 -0.0098528856463377095 0.040499989435587316
v 0.030211601068159514 -0.0072170615206866564 0.040499989435587316
v 0.030756128263212796 -0.0045235298048653351 0.040499989435587316
v 0.031063825886060634 -0.0017927891673919136 0.040499989435587316
v 0.031132351114235516 0.00095437696776329317 0.040499989435587316
v 0.030961185205379983 0.003697063212888028 0.040499989435587316
v 0.030551629540931824 0.0064143931452576609 0.040499989435587316
v 0.029906803071087305 0.0090856895647046607 0.040499989435587316
v 0.029031609861142688 0.011690618580830389 0.040499989435587316
v 0.02793271198418559 0.014209357308978132 0.040499989435587316
v 0.026618475465650288 0.016622737717326929 0.040499989435587316
v 0.025098897302971157 0.018912389400348409 0.040499989435587316
v 0.023385547564884705 0.021060889807528078 0.040499989435587316
v 0.021491463628520849 0.023051885632685763 0.040499989435587316
v 0.019431058054172751 0.024870224051671014 0.040499989435587316
v 0.017220016667642023 0.026502067730055014 0.040499989435587316
v 0.014875162965254122 0.027934997149792258 0.040499989435587316
v 0.012414345889849845 0.029158106630762275 0.040499989435587316
v 0.0098562904983045905 0.03016208614750613 0.040499989435587316
v 0.00722046637265354 0.030939295352883821 0.040499989435587316
v 0.0045269346568322169 0.0314838225479371 0.040499989435587316
v 0.0017961940193587959 0.031791520170784945 0.040499989435587316
v -0.00095097211579641089 0.031860045398959827 0.040499989435587316
v -0.0036936575632176456 0.031688879970760989 0.040499989435587316
v -0.0064109874955872795 0.031279324306312833 0.040499989435587316
v -0.0090822839150342793 0.030634497836468315 0.040499989435587316
v -0.011687212931160009 0.029759304626523698 0.040499989435587316
v -0.01420595165930775 0.028660406749566599 0.040499989435587316
v -0.016619332148673369 0.027346170182214562 0.040499989435587316
v -0.018908983750678024 0.02582659206835217 0.040499989435587316
v -0.021057484157857694 0.024113242330265714 0.040499989435587316
v -0.023048479983015378 0.022219158393901858 0.040499989435587316
v -0.024866818402000633 0.02015875281955376 0.040499989435587316
v -0.026498662080384629 0.017947711433023032 0.040499989435587316
v -0.027931592297825374 0.015602857249978432 0.040499989435587316
v -0.029154701778795391 0.013142040174574153 0.040499989435587316
v -0.030158681295539242 0.0105839847830289 0.040499989435587316
v -0.030935890500916937 0.0079481606573778476 0.040499989435587316
v -0.031480417695970223 0.0052546289415565245 0.040499989435587316
v -0.031788115318818061 0.0025238883040831031 0.040499989435587316
v -0.031856640546992943 -0.00022327783107210336 0.040499989435587316
v -0.031685474638137416 -0.0029659640761968385 0.040499989435587316
v -0.031275918973689247 -0.0056832940085664715 0.040499989435587316
v -0.030631092503844728 -0.0083545904280134722 0.040499989435587316
v -0.029755899293900111 -0.0109595194441392 0.040499989435587316
v -0.028657001416943013 -0.013478258172286943 0.040499989435587316
v -0.02734276489840768 -0.015891638580635789 0.040499989435587316
v 0.0092214023862490727 0.0032213597148806295 0.041499991462145239
v 0.010949481836859017 0.0042626149779329851 0.041499991462145239
v 0.0092214023862490727 0.0032213597148806295 0.0094999899422267622
v 0.010949481836859015 0.0042626149779329851 0.0094999899422267622
v 0.008368975880648272 0.0085452529374590823 0.041499991462145239
v 0.008368975880648272 0.0085452529374590823 0.0094999899422267622
v 0.0066408964300383299 0.0075039976744067267 0.041499991462145239
v 0.0066408964300383299 0.0075039976744067267 0.0094999899422267622
v 0.0094317580704919614 0.0023853225043163496 0.041499991462145239
v 0.0094317580704919614 0.0023853225043163496 0.0094999899422267622
v 0.0095693254886924685 0.001534274461340368 0.041499991462145239
v 0.0095693254886924685 0.001534274461340368 0.0094999899422267622
v 0.0096330813200815411 0.00067454072830345005 0.041499991462145239
v 0.0096330813200815411 0.00067454072830345005 0.0094999899422267622
v 0.0096225520430320271 -0.0001874897522294242 0.041499991462145239
v 0.0096225520430320271 -0.0001874897522294242 0.0094999899422267622
v 0.0095378153382486442 -0.0010454098750645015 0.041499991462145239
v 0.0095378153382486442 -0.0010454098750645015 0.0094999899422267622
v 0.0093795015788494026 -0.0018928437632403563 0.041499991462145239
v 0.0093795015788494009 -0.0018928437632403563 0.0094999899422267622
v 0.0091487874483166826 -0.0027234930191504668 0.041499991462145239
v 0.0091487874483166826 -0.0027234930191504668 0.0094999899422267622
v 0.0088473869250094896 -0.0035311840187841428 0.041499991462145239
v 0.0088473869250094896 -0.0035311840187841428 0.0094999899422267622
v 0.0084775409883154716 -0.0043099148889206599 0.041499991462145239
v 0.0084775409883154716 -0.0043099148889206599 0.0094999899422267622
v 0.0080419974916866102 -0.0050538969923768469 0.041499991462145239
v 0.0080419974916866085 -0.0050538969923768469 0.0094999899422267622
v 0.007543994119040969 -0.0057576010793114994 0.041499991462145239
v 0.007543994119040969 -0.0057576010793114994 0.0094999899422267622
v 0.0069872314671456251 -0.0064157974275673131 0.041499991462145239
v 0.0069872314671456251 -0.0064157974275673131 0.0094999899422267622
v 0.0063758478231195227 -0.0070235949616173519 0.041499991462145239
v 0.0063758478231195227 -0.0070235949616173519 0.0094999899422267622
v 0.0057143872050075418 -0.0075764757322640316 0.041499991462145239
v 0.0057143872050075418 -0.0075764757322640316 0.0094999899422267622
v 0.0050077652211340529 -0.0080703307106337833 0.041499991462145239
v 0.0050077652211340529 -0.0080703307106337833 0.0094999899422267622
v 0.0042612332849077447 -0.0085014889618312082 0.041499991462145239
v 0.0042612332849077447 -0.0085014889618312082 0.0094999899422267622
v 0.0034803403422468725 -0.0088667472300417334 0.041499991462145239
v 0.0034803403422468716 -0.0088667472300417334 0.0094999899422267622
v 0.0026708900596278408 -0.0091633902982801285 0.041499991462145239
v 0.00267089005962784 -0.0091633902982801285 0.0094999899422267622
v 0.0018388977644278087 -0.0093892136720413102 0.041499991462145239
v 0.0018388977644278087 -0.0093892136720413102 0.0094999899422267622
v 0.00099054693727382011 -0.0095425389216256158 0.041499991462145239
v 0.00099054693727382011 -0.0095425389216256158 0.0094999899422267622
v 0.00013214309623867625 -0.0096222262467144052 0.041499991462145239
v 0.00013214309623867538 -0.0096222262467144052 0.0094999899422267622
v -0.00072993434130292679 -0.0096276839102137513 0.041499991462145239
v -0.00072993434130292679 -0.0096276839102137513 0.0094999899422267622
v -0.0015892784121583905 -0.0095588711601329659 0.041499991462145239
v -0.0015892784121583914 -0.0095588711601329659 0.0094999899422267622
v -0.00243950212154049 -0.0094162996762202945 0.041499991462145239
v -0.0024395021215404904 -0.0094162996762202945 0.0094999899422267622
v -0.0032742866884486956 -0.0092010283895557453 0.041499991462145239
v -0.003274286688448696 -0.0092010283895557453 0.0094999899422267622
v -0.0040874283541669056 -0.0089146579800106398 0.041499991462145239
v -0.0040874283541669056 -0.0089146579800106398 0.0094999899422267622
v -0.0048728828129101752 -0.0085593157860056369 0.041499991462145239
v -0.0048728828129101752 -0.0085593157860056369 0.0094999899422267622
v -0.0056248141883641035 -0.0081376439970607239 0.041499991462145239
v -0.0056248141883641035 -0.0081376439970607239 0.0094999899422267622
v -0.0063376325738606501 -0.0076527752469095645 0.041499991462145239
v -0.0063376325738606501 -0.0076527752469095645 0.0094999899422267622
v -0.0070060401069640911 -0.0071083138926893033 0.041499991462145239
v -0.0070060401069640911 -0.0071083138926893033 0.0094999899422267622
v -0.0076250704757193713 -0.0065083065406030868 0.041499991462145239
v -0.0076250704757193713 -0.0065083065406030868 0.0094999899422267622
v -0.0081901214590879307 -0.005857211500383242 0.041499991462145239
v -0.0081901214590879307 -0.005857211500383242 0.0094999899422267622
v -0.0086969946885449186 -0.0051598688871738116 0.041499991462145239
v -0.0086969946885449203 -0.0051598688871738116 0.0094999899422267622
v -0.0091419228250508456 -0.0044214609319139422 0.041499991462145239
v -0.0091419228250508456 -0.0044214609319139422 0.0094999899422267622
v -0.009521599040626421 -0.0036474756851138986 0.041499991462145239
v -0.009521599040626421 -0.0036474756851138986 0.0094999899422267622
v -0.0098332020725830933 -0.0028436654365601344 0.041499991462145239
v -0.009833202072583095 -0.0028436654365601344 0.0094999899422267622
v -0.010074414537248905 -0.0020160036898974922 0.041499991462145239
v -0.010074414537248905 -0.0020160036898974922 0.0094999899422267622
v -0.010243445320719129 -0.0011706425890723885 0.041499991462145239
v -0.010243445320719129 -0.0011706425890723885 0.0094999899422267622
v -0.010339037432313484 -0.00031386379394730872 0.041499991462145239
v -0.010339037432313484 -0.00031386379394730872 0.0094999899422267622
v -0.010360479804720976 0.00054796456231023458 0.041499991462145239
v -0.010360479804720976 0.00054796456231023458 0.0094999899422267622
v -0.010307614892108241 0.0014084365738332241 0.041499991462145239
v -0.010307614892108241 0.0014084365738332241 0.0094999899422267622
v -0.010180833691681504 0.0022611580448941861 0.041499991462145239
v -0.010180833691681504 0.0022611580448941861 0.0094999899422267622
v -0.0099810797803154064 0.0030997910843722858 0.041499991462145239
v -0.0099810797803154064 0.0030997910843722858 0.0094999899422267622
v -0.0097098368679228858 0.0039181029237693107 0.041499991462145239
v -0.0097098368679228875 0.0039181029237693107 0.0094999899422267622
v -0.0093691213773744193 0.0047100122501371961 0.041499991462145239
v -0.0093691213773744193 0.0047100122501371961 0.0094999899422267622
v -0.0089614654367157435 0.005469633161154566 0.041499991462145239
v -0.0089614654367157435 0.005469633161154566 0.0094999899422267622
v -0.0084898989151587032 0.006191320240040067 0.041499991462145239
v -0.0084898989151587032 0.006191320240040067 0.0094999899422267622
v -0.0079579259416930094 0.0068697098873630614 0.041499991462145239
v -0.0079579259416930094 0.0068697098873630614 0.0094999899422267622
v -0.0073695006618104998 0.0074997599372831373 0.041499991462145239
v -0.0073695006618105007 0.0074997599372831373 0.0094999899422267622
v -0.0067289964030025021 0.0080767878087198083 0.041499991462145239
v -0.006728996403002503 0.0080767878087198083 0.0094999899422267622
v -0.0060411730173433389 0.008596505405626122 0.041499991462145239
v -0.0060411730173433389 0.008596505405626122 0.0094999899422267622
v -0.0053111429869734713 0.0090550504133839142 0.041499991462145239
v -0.0053111429869734713 0.0090550504133839142 0.0094999899422267622
v -0.0045443312483823151 0.0094490137686756241 0.041499991462145239
v -0.0045443312483823151 0.0094490137686756241 0.0094999899422267622
v -0.003746437187023827 0.0097754679962678056 0.041499991462145239
v -0.003746437187023827 0.0097754679962678056 0.0094999899422267622
v -0.0029233905968613491 0.010031987221671793 0.041499991462145239
v -0.0029233905968613491 0.010031987221671793 0.0094999899422267622
v -0.0020813091659786153 0.010216665176948848 0.041499991462145239
v -0.0020813091659786162 0.010216665176948848 0.0094999899422267622
v -0.0012264508775456865 0.010328128659006817 0.041499991462145239
v -0.0012264508775456874 0.010328128659006817 0.0094999899422267622
v -0.00036516859200538766 0.010365549673601142 0.041499991462145239
v -0.00036516859200538853 0.010365549673601142 0.0094999899422267622
v 0.0004961363243186725 0.010328649455327302 0.041499991462145239
v 0.00049613632431867163 0.010328649455327302 0.0094999899422267622
v 0.0013510620657340188 0.010217703509008762 0.041499991462145239
v 0.0013510620657340188 0.010217703509008762 0.0094999899422267622
v 0.0021932551541198162 0.010033535112570392 0.041499991462145239
v 0.0021932551541198157 0.010033535112570392 0.0094999899422267622
v 0.0030164565213530387 0.0097775137262970536 0.041499991462145239
v 0.0030164565213530387 0.0097775137262970536 0.0094999899422267622
v 0.0038145478524090077 0.0094515421422652363 0.041499991462145239
v 0.0038145478524090077 0.0094515421422652363 0.0094999899422267622
v 0.0045815976114151214 0.0090580423554144848 0.041499991462145239
v 0.0045815976114151205 0.0090580423554144848 0.0094999899422267622
v 0.0053119049149224426 0.0085999395937969934 0.041499991462145239
v 0.0053119049149224417 0.0085999395937969934 0.0094999899422267622
v 0.0060000425025691162 0.0080806379218649488 0.041499991462145239
v 0.0060000425025691154 0.0080806379218649488 0.0094999899422267622
v 0.0027381697664417251 -0.0056837423190787585 0.05649999994519557
v 0.0026014417262374898 -0.004674933380371153 0.05649999994519557
v 0.0017472299516907526 -0.0058180484831427143 0.057499999992693021
v 0.0019517506504896846 -0.0043328405257434142 0.057097859678002252
v 0.001511522229898805 -0.004078946128490836 0.057499999992693021
v -0.00013555585784091561 -0.0060732302167536443 0.057499999992693021
v -0.0011264956725918886 -0.0062075363808175993 0.05649999994519557
v -0.0010963167447607921 -0.0063749537827602681 0.05649999994519557
v -0.00012085330500147113 -0.0061547923723246911 0.057499999992693021
v -0.0010516613388008504 -0.0065391036934129192 0.05649999994519557
v -9.909806864794828e-05 -0.0062347628484375507 0.057499999992693021
v -0.00099286909106829566 -0.0066987370488619186 0.05649999994519557
v -7.0455701526431024e-05 -0.006312532982182025 0.057499999992693021
v -0.00092038770453214567 -0.0068526386985788704 0.05649999994519557
v -3.5144263592086656e-05 -0.0063875106255428648 0.057499999992693021
v -0.00083476874167288787 -0.0069996376433473688 0.05649999994519557
v 6.5675244106222952e-06 -0.0064591255341725547 0.057499999992693021
v -0.00073666373008708858 -0.0071386149659780273 0.05649999994519557
v 5.4362338645325831e-05 -0.0065268328478535441 0.057499999992693021
v -0.00062681932576374999 -0.007268513513981105 0.05649999994519557
v 0.00010787625220084023 -0.0065901165787781253 0.057499999992693021
v -0.000506071592363125 -0.0073883437030768401 0.05649999994519557
v 0.00016670208605945987 -0.0066484952663223539 0.057499999992693021
v -0.00037533942436250589 -0.0074971939038586035 0.05649999994519557
v 0.00023039209641667111 -0.0067015249022541624 0.057499999992693021
v -0.00023561778808977259 -0.0075942361045855692 0.05649999994519557
v 0.0002984615848855492 -0.0067488017308590985 0.057499999992693021
v -8.7970039872254749e-05 -0.0076787314488930081 0.05649999994519557
v 0.00037039258096412749 -0.0067899664490283854 0.057499999992693021
v 6.6480174159130355e-05 -0.0077500371265590137 0.05649999994519557
v 0.00044563754815680855 -0.0068247051137094112 0.057499999992693021
v 0.00022655721496066332 -0.0078076099481807102 0.05649999994519557
v 0.00052362381628553751 -0.0068527532403643582 0.057499999992693021
v 0.00039104298305721742 -0.0078510121019797919 0.05649999994519557
v 0.00060375790783696566 -0.0068738980361153562 0.057499999992693021
v 0.00055868560461241369 -0.0078799132659752268 0.05649999994519557
v 0.00068542992166469496 -0.0068879778056032143 0.057499999992693021
v 0.00072820919430597599 -0.0078940935140494415 0.05649999994519557
v 0.00076801838834346739 -0.0068948864620281018 0.057499999992693021
v 0.00089832358920833514 -0.0078934448161889458 0.05649999994519557
v 0.0008508945814458326 -0.0068945701233115797 0.057499999992693021
v 0.0010677341403355284 -0.0078779725309073272 0.05649999994519557
v 0.00093342788245979254 -0.006887032023992842 0.057499999992693021
v 0.0012351513787964949 -0.0078477931553147737 0.05649999994519557
v 0.0010149901690267198 -0.0068723295708786871 0.057499999992693021
v 0.0013993013459142163 -0.0078031376242221869 0.05649999994519557
v 0.0010949606986478935 -0.0068505746209722154 0.057499999992693021
v 0.0015589346725230686 -0.0077443453803984564 0.05649999994519557
v 0.0011727307422262586 -0.0068219319136321784 0.057499999992693021
v 0.0017128364952808987 -0.0076718639704093615 0.05649999994519557
v 0.0012477085977162176 -0.0067866207406463526 0.057499999992693021
v 0.0018598354977296897 -0.0075862449997324555 0.05649999994519557
v 0.0013193234540528169 -0.0067449087835115898 0.057499999992693021
v 0.0019988128936759371 -0.0074881400956895933 0.05649999994519557
v 0.0013870304529226428 -0.0066971142469039466 0.057499999992693021
v 0.0021287110643266661 -0.0073782955075509735 0.05649999994519557
v 0.0014503141682119271 -0.006643600217987846 0.057499999992693021
v 0.0022485413687829861 -0.0072575477585150516 0.05649999994519557
v 0.0015086929897087931 -0.0065847740722748188 0.057499999992693021
v 0.0023573918002859203 -0.0071268155592438395 0.05649999994519557
v 0.0015617226989561909 -0.0065210841694605445 0.057499999992693021
v 0.002454434032283479 -0.0069870941536922769 0.05649999994519557
v 0.0016089996507393602 -0.0064530147230366626 0.057499999992693021
v 0.0025389293922262143 -0.0068394465208353452 0.05649999994519557
v 0.0016501641039601289 -0.0063810839390872039 0.057499999992693021
v 0.0026102347922651605 -0.0066849959919927961 0.05649999994519557
v 0.001684902653280569 -0.0063058389875298186 0.057499999992693021
v 0.0026678077370650899 -0.0065249189932362599 0.05649999994519557
v 0.0017129509637507981 -0.0062278523420487408 0.057499999992693021
v 0.0027112098986818204 -0.0063604332828199979 0.05649999994519557
v 0.0017340955825520933 -0.006147718245110111 0.057499999992693021
v 0.0027401110861302001 -0.0061927908343056802 0.05649999994519557
v 0.0017481756638943597 -0.0060660463652350187 0.057499999992693021
v 0.0027542913302955893 -0.0060232672157719712 0.05649999994519557
v 0.0017550839683742549 -0.0059834579022019158 0.057499999992693021
v 0.00275364252684657 -0.0058531529086052747 0.05649999994519557
v 0.0017547679200136078 -0.0059005816844313833 0.057499999992693021
v 0.00037126357963286372 0.004334127862101766 0.057499999992693021
v 0.00066642088732235809 0.0042986491625385623 0.057499999992693021
v 0.0007280289118562328 0.0046960421129620209 0.057097859678002252
v 0.0010271072134485795 0.004227002645053571 0.057499999992693021
v 0.0012632237127961242 0.0051987274421099938 0.05649999994519557
v 0.0013845346011493308 0.0041237801946140901 0.057499999992693021
v 0.0017028184182001646 0.0050717756066370866 0.05649999994519557
v 0.0017318348693824187 0.0039903944233778393 0.057499999992693021
v 0.0021299577021588589 0.0049077267844747363 0.05649999994519557
v 0.0020664673638669945 0.0038278207529498531 0.057499999992693021
v 0.0025415174321418215 0.0047077797087640844 0.05649999994519557
v 0.0023859848684247729 0.0036372483942362062 0.057499999992693021
v 0.0029344870674549418 0.0044733975651843226 0.05649999994519557
v 0.0026880497567628274 0.0034200712585104502 0.057499999992693021
v 0.0033059923823660817 0.0042062946245534898 0.05649999994519557
v 0.0029704530692634063 0.0031778780901213213 0.057499999992693021
v 0.0036533160620260655 0.0039084247017550731 0.05649999994519557
v 0.0032311288794333115 0.0029124400811133301 0.057499999992693021
v 0.0039739168591380169 0.0035819663651246408 0.05649999994519557
v 0.0034681702754014794 0.0026256987047415027 0.057499999992693021
v 0.0042654511516501785 0.0032293077663788912 0.05649999994519557
v 0.0036798436832707476 0.0023197519144943562 0.057499999992693021
v 0.0045257850603242977 0.0028530283114104405 0.05649999994519557
v 0.0038646012741403242 0.0019968371463963109 0.057499999992693021
v 0.0047530150598897244 0.0024558800724969253 0.05649999994519557
v 0.0040210907355753278 0.001659316431176464 0.057499999992693021
v 0.0049454790680883137 0.0020407683798581407 0.05649999994519557
v 0.0041481677958939813 0.0013096585313666154 0.057499999992693021
v 0.0051017693490170105 0.0016107294284206399 0.05649999994519557
v 0.0042449026363484592 0.00095042110172811737 0.057499999992693021
v 0.005220742483645768 0.0011689087206213649 0.05649999994519557
v 0.0043105885517845466 0.00058423186214762548 0.057499999992693021
v 0.0053015285972566909 0.00071853805748217387 0.05649999994519557
v 0.0043447441120202648 0.0002137691833577087 0.057499999992693021
v 0.0053435360193656561 0.00026291155819075664 0.05649999994519557
v 0.0043471204538137907 -0.00015825704315153673 0.057499999992693021
v 0.0053464582508556419 -0.0001946380076125167 0.05649999994519557
v 0.0043176993439845504 -0.00052912578604459907 0.057499999992693021
v 0.0053102735480325819 -0.000650763888206726 0.05649999994519557
v 0.0042566962636765302 -0.00089612416333756156 0.057499999992693021
v 0.0052352468138929398 -0.0011021297054565958 0.05649999994519557
v 0.0041645570715170468 -0.0012565678955731802 0.057499999992693021
v 0.0051219268280619729 -0.0015454340898087922 0.05649999994519557
v 0.0040419565712777926 -0.0016078202085941843 0.057499999992693021
v 0.0049711423740414033 -0.0019774341137238582 0.05649999994519557
v 0.0038897911941413428 -0.0019473123857162346 0.057499999992693021
v 0.0047839957619736501 -0.002394970311641409 0.05649999994519557
v 0.0037091735425734181 -0.0022725607194182705 0.057499999992693021
v 0.0045618573057624456 -0.0027949883399056739 0.05649999994519557
v 0.0035014249553246696 -0.002581186198311076 0.057499999992693021
v 0.0043063504031666195 -0.0031745623802276811 0.05649999994519557
v 0.0032680653743383421 -0.0028709316227971417 0.057499999992693021
v 0.0040193447342324875 -0.0035309160330790792 0.05649999994519557
v 0.0030108011782650152 -0.0031396775865682423 0.057499999992693021
v 0.003702939519272321 -0.00386144267868149 0.05649999994519557
v 0.0027315146310255408 -0.0033854582392088637 0.057499999992693021
v 0.0033594489902427386 -0.0041637248331264191 0.05649999994519557
v 0.0024322481197040641 -0.0036064758753480116 0.057499999992693021
v 0.0029913856098360385 -0.0044355507552846889 0.05649999994519557
v 0.0021151910047421344 -0.0038011139949580509 0.057499999992693021
v 0.0017865876813971538 -0.003966182784281751 0.057499999992693021
v -0.0012632237127961237 -0.0051987274421099938 0.05649999994519557
v -0.00072802891185623259 -0.0046960421129620209 0.057097859678002252
v -0.00037126357963286318 -0.004334127862101766 0.057499999992693021
v 0.001126495672591889 0.0062075363808175993 0.05649999994519557
v 0.00013555585784091615 0.0060732302167536443 0.057499999992693021
v -0.00066642088732235766 -0.0042986491625385623 0.057499999992693021
v -0.0010271072134485791 -0.004227002645053571 0.057499999992693021
v -0.0013845346011493302 -0.0041237801946140901 0.057499999992693021
v -0.0017028184182001642 -0.0050717756066370866 0.05649999994519557
v -0.0017318348693824179 -0.0039903944233778393 0.057499999992693021
v -0.0021299577021588589 -0.0049077267844747363 0.05649999994519557
v -0.0020664673638669945 -0.0038278207529498531 0.057499999992693021
v -0.0025415174321418215 -0.0047077797087640844 0.05649999994519557
v -0.0023859848684247725 -0.0036372483942362062 0.057499999992693021
v -0.0029344870674549418 -0.0044733975651843226 0.05649999994519557
v -0.002688049756762827 -0.0034200712585104502 0.057499999992693021
v -0.0033059923823660817 -0.0042062946245534898 0.05649999994519557
v -0.0029704530692634058 -0.0031778780901213213 0.057499999992693021
v -0.0036533160620260655 -0.0039084247017550731 0.05649999994519557
v -0.0032311288794333111 -0.0029124400811133301 0.057499999992693021
v -0.0039739168591380169 -0.0035819663651246408 0.05649999994519557
v -0.003468170275401479 -0.0026256987047415027 0.057499999992693021
v -0.0042654511516501785 -0.0032293077663788912 0.05649999994519557
v -0.0036798436832707476 -0.0023197519144943562 0.057499999992693021
v -0.0045257850603242977 -0.0028530283114104405 0.05649999994519557
v -0.0038646012741403242 -0.0019968371463963109 0.057499999992693021
v -0.0047530150598897244 -0.0024558800724969253 0.05649999994519557
v -0.0040210907355753278 -0.001659316431176464 0.057499999992693021
v -0.0049454790680883137 -0.0020407683798581407 0.05649999994519557
v -0.0041481677958939813 -0.0013096585313666154 0.057499999992693021
v -0.0051017693490170105 -0.0016107294284206399 0.05649999994519557
v -0.0042449026363484592 -0.00095042110172811759 0.057499999992693021
v -0.005220742483645768 -0.0011689087206213649 0.05649999994519557
v -0.0043105885517845466 -0.00058423186214762602 0.057499999992693021
v -0.0053015285972566909 -0.00071853805748217452 0.05649999994519557
v -0.0043447441120202648 -0.00021376918335770886 0.057499999992693021
v -0.0053435360193656561 -0.00026291155819075675 0.05649999994519557
v -0.0043471204538137907 0.00015825704315153657 0.057499999992693021
v -0.0053464582508556419 0.00019463800761251654 0.05649999994519557
v -0.0043176993439845504 0.00052912578604459885 0.057499999992693021
v -0.0053102735480325819 0.00065076388820672578 0.05649999994519557
v -0.0042566962636765302 0.00089612416333756135 0.057499999992693021
v -0.0052352468138929398 0.0011021297054565958 0.05649999994519557
v -0.0041645570715170468 0.0012565678955731802 0.057499999992693021
v -0.0051219268280619729 0.0015454340898087922 0.05649999994519557
v -0.0040419565712777926 0.0016078202085941843 0.057499999992693021
v -0.0049711423740414033 0.0019774341137238582 0.05649999994519557
v -0.0038897911941413424 0.0019473123857162346 0.057499999992693021
v -0.0047839957619736501 0.002394970311641409 0.05649999994519557
v -0.0037091735425734177 0.0022725607194182705 0.057499999992693021
v -0.0045618573057624456 0.0027949883399056739 0.05649999994519557
v -0.0035014249553246691 0.002581186198311076 0.057499999992693021
v -0.0043063504031666195 0.0031745623802276811 0.05649999994519557
v -0.0032680653743383417 0.0028709316227971417 0.057499999992693021
v -0.0040193447342324875 0.0035309160330790792 0.05649999994519557
v -0.0030108011782650152 0.0031396775865682423 0.057499999992693021
v -0.003702939519272321 0.00386144267868149 0.05649999994519557
v -0.0027315146310255404 0.0033854582392088637 0.057499999992693021
v -0.0033594489902427386 0.0041637248331264191 0.05649999994519557
v -0.0024322481197040636 0.0036064758753480116 0.057499999992693021
v -0.0029913856098360385 0.0044355507552846889 0.05649999994519557
v -0.0021151910047421344 0.0038011139949580509 0.057499999992693021
v -0.0026014417262374898 0.004674933380371153 0.05649999994519557
v -0.0017865876813971532 0.003966182784281751 0.057499999992693021
v -0.0019517506504896842 0.0043328405257434142 0.057097859678002252
v -0.0015115222298988044 0.004078946128490836 0.057499999992693021
v 0.0053464582508556419 -0.0001946380076125167 0.053999999884659602
v 0.0053102735480325819 -0.000650763888206726 0.053999999884659602
v 0.0047839957619736501 -0.002394970311641409 0.053999999884659602
v 0.0043063504031666195 -0.0031745623802276811 0.053999999884659602
v 0.0040193447342324875 -0.0035309160330790792 0.053999999884659602
v 0.0053435360193656561 0.00026291155819075664 0.053999999884659602
v 0.0027381697664417251 -0.0056837423190787585 0.053999999884659602
v -0.0011264956725918886 -0.0062075363808175993 0.053999999884659602
v 0.0026014417262374898 -0.004674933380371153 0.053999999884659602
v -0.0012632237127961237 -0.0051987274421099938 0.053999999884659602
v 0.0029913856098360385 -0.0044355507552846889 0.053999999884659602
v 0.0037029395192723206 -0.00386144267868149 0.053999999884659602
v 0.0033594489902427386 -0.0041637248331264191 0.053999999884659602
v 6.6480174159130247e-05 -0.0077500371265590137 0.053999999884659602
v 0.00022655721496066321 -0.0078076099481807102 0.053999999884659602
v 0.00039104298305721731 -0.0078510121019797919 0.053999999884659602
v 0.0052352468138929398 -0.0011021297054565958 0.053999999884659602
v 0.0051219268280619729 -0.0015454340898087922 0.053999999884659602
v 0.0049711423740414033 -0.0019774341137238582 0.053999999884659602
v 0.0045618573057624456 -0.0027949883399056739 0.053999999884659602
v 0.00089832358920833503 -0.0078934448161889458 0.053999999884659602
v 0.00072820919430597588 -0.0078940935140494415 0.053999999884659602
v 0.00055868560461241347 -0.0078799132659752268 0.053999999884659602
v -0.0025389293922262143 0.0068394465208353452 0.053999999884659602
v -0.002454434032283479 0.0069870941536922769 0.053999999884659602
v 0.001126495672591889 0.0062075363808175993 0.053999999884659602
v -0.0017128364952808982 0.0076718639704093615 0.053999999884659602
v -0.0015589346725230682 0.0077443453803984564 0.053999999884659602
v -0.0013993013459142158 0.0078031376242221869 0.053999999884659602
v -0.0012351513787964945 0.0078477931553147737 0.053999999884659602
v -0.0010677341403355215 0.0078779725309073272 0.053999999884659602
v -0.00089832358920833493 0.0078934448161889458 0.053999999884659602
v 0.001399301345914216 -0.0078031376242221869 0.053999999884659602
v 0.0015589346725230684 -0.0077443453803984564 0.053999999884659602
v 0.0017128364952808987 -0.0076718639704093615 0.053999999884659602
v 0.0012351513787964947 -0.0078477931553147737 0.053999999884659602
v 0.0010677341403355224 -0.0078779725309073272 0.053999999884659602
v -8.7970039872254966e-05 -0.0076787314488930081 0.053999999884659602
v -0.00023561778808977259 -0.0075942361045855692 0.053999999884659602
v -0.00037533942436250611 -0.0074971939038586035 0.053999999884659602
v -0.0053102735480325819 0.00065076388820672578 0.053999999884659602
v -0.0052352468138929398 0.0011021297054565958 0.053999999884659602
v 0.0012632237127961242 0.0051987274421099938 0.053999999884659602
v -0.0051219268280619729 0.0015454340898087922 0.053999999884659602
v -0.0049711423740414033 0.0019774341137238582 0.053999999884659602
v -0.00031686074937048366 -0.0024798386450667958 0.053999999884659602
v -9.9522855231767065e-05 -0.002498018317330829 0.053999999884659602
v -0.001529456222104715 0.001977565075588811 0.053999999884659602
v -0.0053435360193656561 -0.00026291155819075675 0.053999999884659602
v -0.0053464582508556419 0.00019463800761251654 0.053999999884659602
v -0.0016959923340986265 0.0018367389160713291 0.053999999884659602
v -0.001849620960890333 0.001681934096331173 0.053999999884659602
v -0.0019891727269146244 0.0015143287129970569 0.053999999884659602
v -0.0021135858228644158 0.0013351984769137469 0.053999999884659602
v -0.0022219131918250683 0.0011459064582791771 0.053999999884659602
v -0.0023133305013839961 0.00094789343013330224 0.053999999884659602
v -0.00050607159236312521 -0.0073883437030768401 0.053999999884659602
v -0.00062681932576375021 -0.007268513513981105 0.053999999884659602
v -0.0007366637300870888 -0.0071386149659780273 0.053999999884659602
v -0.0047839957619736509 0.002394970311641409 0.053999999884659602
v -0.0045618573057624456 0.0027949883399056739 0.053999999884659602
v -0.0043063504031666195 0.0031745623802276811 0.053999999884659602
v -0.00072820919430597588 0.0078940935140494415 0.053999999884659602
v -0.00055868560461241347 0.0078799132659752268 0.053999999884659602
v -0.00039104298305721709 0.0078510121019797919 0.053999999884659602
v 0.00053178717487737249 0.0024427858509613663 0.053999999884659602
v 0.00031686074937048388 0.0024798386450667958 0.053999999884659602
v 9.9522855231767146e-05 0.002498018317330829 0.053999999884659602
v -0.00011857248092562703 0.0024971865024494529 0.053999999884659602
v -0.00076085167592740248 0.0023814082051744705 0.053999999884659602
v -0.0009655097824818054 0.0023060336727789305 0.053999999884659602
v -0.0023871419885355769 0.00074266638552115342 0.053999999884659602
v -0.0024427858509613667 0.00053178717487737249 0.053999999884659602
v -0.0024798386450667958 0.00031686074937048371 0.053999999884659602
v 0.002454434032283479 -0.0069870941536922769 0.053999999884659602
v 0.0023573918002859199 -0.0071268155592438395 0.053999999884659602
v 0.0022485413687829861 -0.0072575477585150516 0.053999999884659602
v 0.0021287110643266661 -0.0073782955075509735 0.053999999884659602
v -0.00083476874167288787 -0.0069996376433473688 0.053999999884659602
v -0.00092038770453214589 -0.0068526386985788704 0.053999999884659602
v -0.00099286909106829587 -0.0066987370488619186 0.053999999884659602
v -0.0040193447342324884 0.0035309160330790792 0.053999999884659602
v -0.003702939519272321 0.00386144267868149 0.053999999884659602
v -0.0033594489902427386 0.0041637248331264191 0.053999999884659602
v -0.0029913856098360385 0.0044355507552846889 0.053999999884659602
v -0.0026014417262374898 0.004674933380371153 0.053999999884659602
v -0.0027381697664417251 0.0056837423190787585 0.053999999884659602
v -0.00275364252684657 0.0058531529086052747 0.053999999884659602
v -0.0021287110643266665 0.0073782955075509735 0.053999999884659602
v -0.0019988128936759371 0.0074881400956895933 0.053999999884659602
v -0.0018598354977296893 0.0075862449997324555 0.053999999884659602
v 0.0018496209608903332 -0.001681934096331173 0.053999999884659602
v 0.001989172726914624 -0.0015143287129970569 0.053999999884659602
v 0.0021135858228644158 -0.0013351984769137469 0.053999999884659602
v -0.00033576542579518429 0.0024773496522380177 0.053999999884659602
v -0.00055040300036388187 0.0024386587293918406 0.053999999884659602
v -0.0011628197944632617 0.0022131087724342703 0.053999999884659602
v -0.0013512800539423359 0.0021033407829998069 0.053999999884659602
v 0.0019988128936759371 -0.0074881400956895933 0.053999999884659602
v 0.0018598354977296895 -0.0075862449997324555 0.053999999884659602
v -0.0010516613388008504 -0.0065391036934129192 0.053999999884659602
v -0.0010963167447607921 -0.0063749537827602681 0.053999999884659602
v -0.0027542913302955893 0.0060232672157719712 0.053999999884659602
v -0.0027401110861302001 0.0061927908343056802 0.053999999884659602
v -0.0027112098986818204 0.0063604332828199979 0.053999999884659602
v -0.0026678077370650899 0.0065249189932362599 0.053999999884659602
v -0.0026102347922651605 0.0066849959919927961 0.053999999884659602
v -0.0023573918002859203 0.0071268155592438395 0.053999999884659602
v -0.0022485413687829861 0.0072575477585150516 0.053999999884659602
v -0.002498018317330829 9.9522855231767011e-05 0.053999999884659602
v -0.0024971865024494529 -0.00011857248092562715 0.053999999884659602
v -0.0053015285972566909 -0.00071853805748217257 0.053999999884659602
v -0.0024773496522380177 -0.00033576542579518467 0.053999999884659602
v -0.005220742483645768 -0.0011689087206213649 0.053999999884659602
v -0.002438658729391841 -0.00055040300036388197 0.053999999884659602
v -0.0051017693490170105 -0.0016107294284206399 0.053999999884659602
v -0.0023814082051744705 -0.0007608516759274027 0.053999999884659602
v -0.0049454790680883137 -0.0020407683798581407 0.053999999884659602
v -0.0023060336727789305 -0.00096550978248180551 0.053999999884659602
v -0.0047530150598897244 -0.0024558800724969253 0.053999999884659602
v -0.0022131087724342703 -0.0011628197944632619 0.053999999884659602
v -0.0045257850603242977 -0.0028530283114104405 0.053999999884659602
v -0.0021033407829998069 -0.0013512800539423361 0.053999999884659602
v -0.0042654511516501785 -0.0032293077663788912 0.053999999884659602
v -0.0019775650755888114 -0.0015294562221047153 0.053999999884659602
v -0.0039739168591380178 -0.0035819663651246408 0.053999999884659602
v -0.0018367389160713293 -0.0016959923340986267 0.053999999884659602
v -0.0036533160620260655 -0.0039084247017550731 0.053999999884659602
v -0.0016819340963311728 -0.001849620960890333 0.053999999884659602
v -0.0033059923823660817 -0.0042062946245534898 0.053999999884659602
v -0.0015143287129970569 -0.001989172726914624 0.053999999884659602
v -0.0029344870674549422 -0.0044733975651843226 0.053999999884659602
v -0.0013351984769137467 -0.0021135858228644158 0.053999999884659602
v -0.0025415174321418215 -0.0047077797087640844 0.053999999884659602
v -0.0011459064582791769 -0.0022219131918250683 0.053999999884659602
v -0.0021299577021588589 -0.0049077267844747363 0.053999999884659602
v -0.00094789343013330224 -0.0023133305013839961 0.053999999884659602
v -0.0017028184182001642 -0.0050717756066370866 0.053999999884659602
v -0.00074266638552115353 -0.0023871419885355769 0.053999999884659602
v -0.00053178717487737249 -0.0024427858509613663 0.053999999884659602
v 0.0022219131918250678 -0.0011459064582791771 0.053999999884659602
v 0.0023133305013839957 -0.00094789343013330246 0.053999999884659602
v 0.0023871419885355769 -0.00074266638552115364 0.053999999884659602
v 0.00074266638552115353 0.0023871419885355769 0.053999999884659602
v 0.0017028184182001646 0.0050717756066370866 0.053999999884659602
v 0.00094789343013330246 0.0023133305013839961 0.053999999884659602
v 0.0021299577021588589 0.0049077267844747363 0.053999999884659602
v 0.0011459064582791773 0.0022219131918250683 0.053999999884659602
v 0.0025415174321418211 0.0047077797087640844 0.053999999884659602
v 0.0013351984769137469 0.0021135858228644158 0.053999999884659602
v 0.0029344870674549418 0.0044733975651843226 0.053999999884659602
v 0.0015143287129970571 0.001989172726914624 0.053999999884659602
v 0.0033059923823660817 0.0042062946245534898 0.053999999884659602
v 0.0016819340963311732 0.001849620960890333 0.053999999884659602
v 0.0036533160620260655 0.0039084247017550731 0.053999999884659602
v 0.0018367389160713293 0.0016959923340986267 0.053999999884659602
v 0.0039739168591380169 0.0035819663651246408 0.053999999884659602
v 0.001977565075588811 0.0015294562221047153 0.053999999884659602
v 0.0042654511516501785 0.0032293077663788912 0.053999999884659602
v 0.0021033407829998069 0.0013512800539423361 0.053999999884659602
v 0.0045257850603242977 0.0028530283114104405 0.053999999884659602
v 0.0022131087724342698 0.0011628197944632619 0.053999999884659602
v 0.0047530150598897244 0.0024558800724969253 0.053999999884659602
v 0.0023060336727789305 0.00096550978248180529 0.053999999884659602
v 0.0049454790680883137 0.0020407683798581407 0.053999999884659602
v 0.0023814082051744705 0.00076085167592740248 0.053999999884659602
v 0.0051017693490170105 0.0016107294284206399 0.053999999884659602
v 0.0024386587293918406 0.00055040300036388176 0.053999999884659602
v 0.005220742483645768 0.0011689087206213649 0.053999999884659602
v 0.0024773496522380177 0.00033576542579518499 0.053999999884659602
v 0.0053015285972566909 0.00071853805748217192 0.053999999884659602
v 0.0024971865024494525 0.00011857248092562702 0.053999999884659602
v 0.002498018317330829 -9.9522855231767146e-05 0.053999999884659602
v 0.0027112098986818204 -0.0063604332828199979 0.053999999884659602
v 0.0027536425268465696 -0.0058531529086052747 0.053999999884659602
v 0.0027401110861302001 -0.0061927908343056802 0.053999999884659602
v 0.0027542913302955893 -0.0060232672157719712 0.053999999884659602
v 0.0026678077370650899 -0.0065249189932362599 0.053999999884659602
v 0.0026102347922651601 -0.0066849959919927961 0.053999999884659602
v 0.0025389293922262143 -0.0068394465208353452 0.053999999884659602
v -0.0002265572149606631 0.0078076099481807102 0.053999999884659602
v -6.6480174159130165e-05 0.0077500371265590137 0.053999999884659602
v 8.7970039872255047e-05 0.0076787314488930081 0.053999999884659602
v 0.00011857248092562714 -0.0024971865024494529 0.053999999884659602
v 0.00033576542579518234 -0.0024773496522380182 0.053999999884659602
v 0.00055040300036388187 -0.0024386587293918406 0.053999999884659602
v 0.0024427858509613663 -0.00053178717487737271 0.053999999884659602
v 0.0024798386450667958 -0.00031686074937048382 0.053999999884659602
v 0.00083476874167288787 0.0069996376433473688 0.053999999884659602
v 0.00037533942436250621 0.0074971939038586035 0.053999999884659602
v 0.0007366637300870888 0.0071386149659780273 0.053999999884659602
v 0.00050607159236312521 0.0073883437030768401 0.053999999884659602
v 0.00062681932576375021 0.007268513513981105 0.053999999884659602
v 0.00092038770453214589 0.0068526386985788704 0.053999999884659602
v 0.00099286909106829609 0.0066987370488619186 0.053999999884659602
v 0.0010516613388008506 0.0065391036934129192 0.053999999884659602
v 0.00023561778808977292 0.0075942361045855692 0.053999999884659602
v 0.0010963167447607923 0.0063749537827602681 0.053999999884659602
v 0.00076085167592740248 -0.0023814082051744705 0.053999999884659602
v 0.00096550978248180551 -0.0023060336727789305 0.053999999884659602
v 0.0011628197944632619 -0.0022131087724342703 0.053999999884659602
v 0.0013512800539423361 -0.0021033407829998069 0.053999999884659602
v 0.0015294562221047155 -0.001977565075588811 0.053999999884659602
v 0.0016959923340986269 -0.0018367389160713291 0.053999999884659602
v 0.0024971865024494529 0.00011857248092562702 0.057499999992693021
v 0.002498018317330829 -9.9522855231767146e-05 0.057499999992693021
v -0.0024971865024494525 -0.00011857248092562715 0.057499999992693021
v -0.002498018317330829 9.9522855231767011e-05 0.057499999992693021
v 0.0015294562221047155 -0.001977565075588811 0.057499999992693021
v 0.0013512800539423363 -0.0021033407829998069 0.057499999992693021
v 0.0011628197944632622 -0.0022131087724342703 0.057499999992693021
v 0.00096550978248180562 -0.0023060336727789305 0.057499999992693021
v -0.0015294562221047148 0.001977565075588811 0.057499999992693021
v -0.0013512800539423357 0.0021033407829998069 0.057499999992693021
v -0.0011628197944632615 0.0022131087724342703 0.057499999992693021
v -0.00096550978248180518 0.0023060336727789305 0.057499999992693021
v -0.00052362381628553707 0.0068527532403643582 0.057499999992693021
v -0.00060375790783696523 0.0068738980361153562 0.057499999992693021
v -0.0017547679200136071 0.0059005816844313833 0.057499999992693021
v -0.00068542992166469453 0.0068879778056032143 0.057499999992693021
v -0.00076801838834346695 0.0068948864620281018 0.057499999992693021
v -0.0010149901690267192 0.0068723295708786871 0.057499999992693021
v -0.0010949606986478929 0.0068505746209722154 0.057499999992693021
v -0.001172730742226258 0.0068219319136321784 0.057499999992693021
v 0.0024798386450667958 -0.00031686074937048382 0.057499999992693021
v 0.0024427858509613667 -0.00053178717487737271 0.057499999992693021
v 0.0023871419885355769 -0.00074266638552115364 0.057499999992693021
v 0.0023133305013839961 -0.00094789343013330246 0.057499999992693021
v 0.0022219131918250683 -0.0011459064582791771 0.057499999992693021
v 0.0021135858228644158 -0.0013351984769137469 0.057499999992693021
v 0.0019891727269146244 -0.0015143287129970569 0.057499999992693021
v 0.0018496209608903334 -0.001681934096331173 0.057499999992693021
v 0.0016959923340986269 -0.0018367389160713291 0.057499999992693021
v -0.0024798386450667958 0.00031686074937048371 0.057499999992693021
v -0.0024427858509613663 0.00053178717487737249 0.057499999992693021
v -0.0023871419885355769 0.00074266638552115342 0.057499999992693021
v -0.0023133305013839957 0.00094789343013330224 0.057499999992693021
v -0.0022219131918250678 0.0011459064582791771 0.057499999992693021
v -0.0021135858228644158 0.0013351984769137469 0.057499999992693021
v -0.00076085167592740226 0.0023814082051744705 0.057499999992693021
v -0.00055040300036388165 0.0024386587293918406 0.057499999992693021
v -0.00033576542579518407 0.0024773496522380177 0.057499999992693021
v 9.9098068647948686e-05 0.0062347628484375507 0.057499999992693021
v 7.0455701526431539e-05 0.006312532982182025 0.057499999992693021
v 3.5144263592087184e-05 0.0063875106255428648 0.057499999992693021
v -6.5675244106217718e-06 0.0064591255341725547 0.057499999992693021
v -5.4362338645325302e-05 0.0065268328478535441 0.057499999992693021
v -0.00010787625220083972 0.0065901165787781253 0.057499999992693021
v 0.0007608516759274027 -0.0023814082051744705 0.057499999992693021
v 0.00055040300036388208 -0.0024386587293918406 0.057499999992693021
v 0.00033576542579518255 -0.0024773496522380182 0.057499999992693021
v -0.001989172726914624 0.0015143287129970569 0.057499999992693021
v -0.0018496209608903327 0.001681934096331173 0.057499999992693021
v -0.0016959923340986265 0.0018367389160713291 0.057499999992693021
v -0.0017472299516907519 0.0058180484831427143 0.057499999992693021
v 0.00012085330500147165 0.0061547923723246911 0.057499999992693021
v -0.00016670208605945944 0.0066484952663223539 0.057499999992693021
v -0.00023039209641667057 0.0067015249022541624 0.057499999992693021
v -0.00029846158488554866 0.0067488017308590985 0.057499999992693021
v -0.00085089458144583217 0.0068945701233115797 0.057499999992693021
v -0.00093342788245978886 0.0068870320239928428 0.057499999992693021
v -0.00011857248092562684 0.0024971865024494529 0.057499999992693021
v 9.9522855231767363e-05 0.002498018317330829 0.057499999992693021
v 0.00031686074937048399 0.0024798386450667958 0.057499999992693021
v 0.00053178717487737271 0.0024427858509613663 0.057499999992693021
v 0.00074266638552115375 0.0023871419885355769 0.057499999992693021
v 0.00094789343013330246 0.0023133305013839961 0.057499999992693021
v 0.0011459064582791773 0.0022219131918250683 0.057499999992693021
v 0.0013351984769137471 0.0021135858228644158 0.057499999992693021
v 0.0015143287129970573 0.001989172726914624 0.057499999992693021
v 0.0016819340963311732 0.001849620960890333 0.057499999992693021
v 0.0018367389160713298 0.0016959923340986267 0.057499999992693021
v 0.0019775650755888114 0.0015294562221047153 0.057499999992693021
v 0.0021033407829998069 0.0013512800539423361 0.057499999992693021
v 0.0022131087724342703 0.0011628197944632619 0.057499999992693021
v 0.0023060336727789305 0.00096550978248180529 0.057499999992693021
v 0.0023814082051744705 0.00076085167592740248 0.057499999992693021
v 0.002438658729391841 0.00055040300036388176 0.057499999992693021
v 0.0024773496522380177 0.00033576542579518499 0.057499999992693021
v -0.00037039258096412694 0.0067899664490283854 0.057499999992693021
v -0.00044563754815680801 0.0068247051137094112 0.057499999992693021
v 0.00011857248092562733 -0.0024971865024494529 0.057499999992693021
v -9.9522855231766848e-05 -0.002498018317330829 0.057499999992693021
v -0.00031686074937048344 -0.0024798386450667958 0.057499999992693021
v -0.00053178717487737228 -0.0024427858509613663 0.057499999992693021
v -0.00074266638552115331 -0.0023871419885355769 0.057499999992693021
v -0.00094789343013330202 -0.0023133305013839961 0.057499999992693021
v -0.0011459064582791769 -0.0022219131918250683 0.057499999992693021
v -0.0013351984769137465 -0.0021135858228644158 0.057499999992693021
v -0.0015143287129970567 -0.001989172726914624 0.057499999992693021
v -0.0016819340963311728 -0.001849620960890333 0.057499999992693021
v -0.0018367389160713289 -0.0016959923340986267 0.057499999992693021
v -0.001977565075588811 -0.0015294562221047153 0.057499999992693021
v -0.0021033407829998069 -0.0013512800539423361 0.057499999992693021
v -0.0022131087724342698 -0.0011628197944632619 0.057499999992693021
v -0.0023060336727789305 -0.00096550978248180551 0.057499999992693021
v -0.0023814082051744705 -0.0007608516759274027 0.057499999992693021
v -0.0024386587293918406 -0.00055040300036388197 0.057499999992693021
v -0.0024773496522380177 -0.00033576542579518407 0.057499999992693021
v -0.0012477085977162169 0.0067866207406463526 0.057499999992693021
v -0.0013193234540528162 0.0067449087835115898 0.057499999992693021
v -0.0017550839683742544 0.0059834579022019158 0.057499999992693021
v -0.0013870304529226421 0.0066971142469039466 0.057499999992693021
v -0.0014503141682119264 0.006643600217987846 0.057499999992693021
v -0.0015086929897087924 0.0065847740722748188 0.057499999992693021
v -0.0015617226989561902 0.0065210841694605445 0.057499999992693021
v -0.0016089996507393598 0.0064530147230366626 0.057499999992693021
v -0.0016501641039601282 0.0063810839390872039 0.057499999992693021
v -0.0016849026532805684 0.0063058389875298186 0.057499999992693021
v -0.001748175663894359 0.0060660463652350187 0.057499999992693021
v -0.0017129509637507975 0.0062278523420487408 0.057499999992693021
v -0.0017340955825520927 0.006147718245110111 0.057499999992693021
v -0.0027381697664417251 0.0056837423190787585 0.05649999994519557
v -0.00275364252684657 0.0058531529086052747 0.05649999994519557
v -0.0027542913302955893 0.0060232672157719712 0.05649999994519557
v -0.0027401110861302001 0.0061927908343056802 0.05649999994519557
v -0.0027112098986818204 0.0063604332828199979 0.05649999994519557
v -0.0026678077370650899 0.0065249189932362599 0.05649999994519557
v -0.0026102347922651601 0.0066849959919927961 0.05649999994519557
v -0.0025389293922262143 0.0068394465208353452 0.05649999994519557
v -0.002454434032283479 0.0069870941536922769 0.05649999994519557
v -0.0023573918002859199 0.0071268155592438395 0.05649999994519557
v -0.0022485413687829861 0.0072575477585150516 0.05649999994519557
v -0.0021287110643266661 0.0073782955075509735 0.05649999994519557
v -0.0019988128936759371 0.0074881400956895933 0.05649999994519557
v -0.0018598354977296891 0.0075862449997324555 0.05649999994519557
v -0.0017128364952808982 0.0076718639704093615 0.05649999994519557
v -0.0015589346725230679 0.0077443453803984564 0.05649999994519557
v -0.0013993013459142158 0.0078031376242221869 0.05649999994519557
v -0.0012351513787964945 0.0078477931553147737 0.05649999994519557
v -0.0010677341403355235 0.0078779725309073272 0.05649999994519557
v -0.00089832358920833482 0.0078934448161889458 0.05649999994519557
v -0.00072820919430597578 0.0078940935140494415 0.05649999994519557
v -0.00055868560461241337 0.0078799132659752268 0.05649999994519557
v -0.00039104298305721698 0.0078510121019797919 0.05649999994519557
v -0.00022655721496066288 0.0078076099481807102 0.05649999994519557
v -6.6480174159130057e-05 0.0077500371265590137 0.05649999994519557
v 8.7970039872255047e-05 0.0076787314488930081 0.05649999994519557
v 0.00023561778808977292 0.0075942361045855692 0.05649999994519557
v 0.00037533942436250643 0.0074971939038586035 0.05649999994519557
v 0.00050607159236312543 0.0073883437030768401 0.05649999994519557
v 0.00062681932576375042 0.007268513513981105 0.05649999994519557
v 0.00073666373008708901 0.0071386149659780273 0.05649999994519557
v 0.00083476874167288809 0.0069996376433473688 0.05649999994519557
v 0.00092038770453214611 0.0068526386985788704 0.05649999994519557
v 0.00099286909106829609 0.0066987370488619186 0.05649999994519557
v 0.0010516613388008508 0.0065391036934129192 0.05649999994519557
v 0.0010963167447607925 0.0063749537827602681 0.05649999994519557
v -0.011500000022351773 -2.8166877896843516e-18 -0.00025000010613048114
v -0.011207190342247516 0.0009805021109059479 -6.5152287211101001e-11
v -0.011456239037215741 0.0010022909846156862 -0.00025000010613048114
v -0.011079086922109157 0.0019535419996827893 -6.5152287211101001e-11
v -0.011325289495289355 0.0019969539716839842 -0.00025000010613048114
v -0.010866665281355411 0.002911714371293791 -6.5152287211101001e-11
v -0.011108146980404883 0.002976418938487776 -0.00025000010613048114
v -0.010571542195975808 0.0038477266207337484 -6.5152287211101001e-11
v -0.010806465521454841 0.0039332318119704827 -0.00025000010613048114
v -0.010195962153375177 0.0047544552944600712 -6.5152287211101001e-11
v -0.010422539897263078 0.0048601101152598988 -0.00025000010613048114
v -0.0097427861765027306 0.0056250002235174327 -6.5152287211101001e-11
v -0.0099592925980687402 0.0057500000111758865 -0.00025000010613048114
v -0.0092154601588845496 0.0064527350477874452 -6.5152287211101001e-11
v -0.0094202486798167472 0.0065961289219558412 -0.00025000010613048114
v -0.0086179999634623753 0.0072313607670366955 -6.5152287211101001e-11
v -0.0088095115497708563 0.0073920576833188733 -0.00025000010613048114
v -0.0079549513757229059 0.0079549513757229059 -6.5152287211101001e-11
v -0.0081317275762558192 0.0081317275762558192 -0.00025000010613048114
v -0.0072313607670366955 0.0086179999634623753 -6.5152287211101001e-11
v -0.0073920576833188733 0.0088095115497708563 -0.00025000010613048114
v -0.0064527350477874452 0.0092154601588845496 -6.5152287211101001e-11
v -0.0065961289219558412 0.0094202486798167472 -0.00025000010613048114
v -0.0056250002235174327 0.0097427861765027306 -6.5152287211101001e-11
v -0.0057500000111758865 0.0099592925980687402 -0.00025000010613048114
v -0.0047544552944600712 0.010195962153375177 -6.5152287211101001e-11
v -0.0048601101152598988 0.010422539897263078 -0.00025000010613048114
v -0.0038477266207337484 0.010571542195975808 -6.5152287211101001e-11
v -0.0039332318119704827 0.010806465521454841 -0.00025000010613048114
v -0.002911714371293791 0.010866665281355411 -6.5152287211101001e-11
v -0.002976418938487776 0.011108146980404883 -0.00025000010613048114
v -0.0019535419996827893 0.011079086922109157 -6.5152287211101001e-11
v -0.0019969539716839842 0.011325289495289355 -0.00025000010613048114
v -0.0009805021109059479 0.011207190342247516 -6.5152287211101001e-11
v -0.0010022909846156862 0.011456239037215741 -0.00025000010613048114
v -8.1828695974748336e-18 0.011250000447034865 -6.5152287211101001e-11
v -8.3647111930742033e-18 0.011500000022351773 -0.00025000010613048114
v 0.0009805021109059479 0.011207190342247516 -6.5152287211101001e-11
v 0.0010022909846156862 0.011456239037215741 -0.00025000010613048114
v 0.0019535419996827893 0.011079086922109157 -6.5152287211101001e-11
v 0.0019969539716839842 0.011325289495289355 -0.00025000010613048114
v 0.002911714371293791 0.010866665281355411 -6.5152287211101001e-11
v 0.002976418938487776 0.011108146980404883 -0.00025000010613048114
v 0.0038477266207337484 0.010571542195975808 -6.5152287211101001e-11
v 0.0039332318119704827 0.010806465521454841 -0.00025000010613048114
v 0.0047544552944600712 0.010195962153375177 -6.5152287211101001e-11
v 0.0048601101152598988 0.010422539897263078 -0.00025000010613048114
v 0.0056250002235174327 0.0097427861765027306 -6.5152287211101001e-11
v 0.0057500000111758865 0.0099592925980687402 -0.00025000010613048114
v 0.0064527350477874452 0.0092154601588845496 -6.5152287211101001e-11
v 0.0065961289219558412 0.0094202486798167472 -0.00025000010613048114
v 0.0072313607670366955 0.0086179999634623753 -6.5152287211101001e-11
v 0.0073920576833188733 0.0088095115497708563 -0.00025000010613048114
v 0.0079549513757229059 0.0079549513757229059 -6.5152287211101001e-11
v 0.0081317275762558192 0.0081317275762558192 -0.00025000010613048114
v 0.0086179999634623753 0.0072313607670366955 -6.5152287211101001e-11
v 0.0088095115497708563 0.0073920576833188733 -0.00025000010613048114
v 0.0092154601588845496 0.0064527350477874452 -6.5152287211101001e-11
v 0.0094202486798167472 0.0065961289219558412 -0.00025000010613048114
v 0.0097427861765027306 0.0056250002235174327 -6.5152287211101001e-11
v 0.0099592925980687402 0.0057500000111758865 -0.00025000010613048114
v 0.010195962153375177 0.0047544552944600712 -6.5152287211101001e-11
v 0.010422539897263078 0.0048601101152598988 -0.00025000010613048114
v 0.010571542195975808 0.0038477266207337484 -6.5152287211101001e-11
v 0.010806465521454841 0.0039332318119704827 -0.00025000010613048114
v 0.010866665281355411 0.002911714371293791 -6.5152287211101001e-11
v 0.011108146980404883 0.002976418938487776 -0.00025000010613048114
v 0.011079086922109157 0.0019535419996827893 -6.5152287211101001e-11
v 0.011325289495289355 0.0019969539716839842 -0.00025000010613048114
v 0.011207190342247516 0.0009805021109059479 -6.5152287211101001e-11
v 0.011456239037215741 0.0010022909846156862 -0.00025000010613048114
v 0.011250000447034865 4.1331828009514743e-18 -6.5152287211101001e-11
v 0.011500000022351773 1.4083438806858105e-18 -0.00025000010613048114
v 0.011207190342247516 -0.0009805021109059479 -6.5152287211101001e-11
v 0.011456239037215741 -0.0010022909846156862 -0.00025000010613048114
v 0.011079086922109157 -0.0019535419996827893 -6.5152287211101001e-11
v 0.011325289495289355 -0.0019969539716839842 -0.00025000010613048114
v 0.010866665281355411 -0.002911714371293791 -6.5152287211101001e-11
v 0.011108146980404883 -0.002976418938487776 -0.00025000010613048114
v 0.010571542195975808 -0.0038477266207337484 -6.5152287211101001e-11
v 0.010806465521454841 -0.0039332318119704827 -0.00025000010613048114
v 0.010195962153375177 -0.0047544552944600712 -6.5152287211101001e-11
v 0.010422539897263078 -0.0048601101152598988 -0.00025000010613048114
v 0.0097427861765027306 -0.0056250002235174327 -6.5152287211101001e-11
v 0.0099592925980687402 -0.0057500000111758865 -0.00025000010613048114
v 0.0092154601588845496 -0.0064527350477874452 -6.5152287211101001e-11
v 0.0094202486798167472 -0.0065961289219558412 -0.00025000010613048114
v 0.0086179999634623753 -0.0072313607670366955 -6.5152287211101001e-11
v 0.0088095115497708563 -0.0073920576833188733 -0.00025000010613048114
v 0.0079549513757229059 -0.0079549513757229059 -6.5152287211101001e-11
v 0.0081317275762558192 -0.0081317275762558192 -0.00025000010613048114
v 0.0072313607670366955 -0.0086179999634623753 -6.5152287211101001e-11
v 0.0073920576833188733 -0.0088095115497708563 -0.00025000010613048114
v 0.0064527350477874452 -0.0092154601588845496 -6.5152287211101001e-11
v 0.0065961289219558412 -0.0094202486798167472 -0.00025000010613048114
v 0.0056250002235174327 -0.0097427861765027306 -6.5152287211101001e-11
v 0.0057500000111758865 -0.0099592925980687402 -0.00025000010613048114
v 0.0047544552944600712 -0.010195962153375177 -6.5152287211101001e-11
v 0.0048601101152598988 -0.010422539897263078 -0.00025000010613048114
v 0.0038477266207337484 -0.010571542195975808 -6.5152287211101001e-11
v 0.0039332318119704827 -0.010806465521454841 -0.00025000010613048114
v 0.002911714371293791 -0.010866665281355411 -6.5152287211101001e-11
v 0.002976418938487776 -0.011108146980404883 -0.00025000010613048114
v 0.0019535419996827893 -0.011079086922109157 -6.5152287211101001e-11
v 0.0019969539716839842 -0.011325289495289355 -0.00025000010613048114
v 0.0009805021109059479 -0.011207190342247516 -6.5152287211101001e-11
v 0.0010022909846156862 -0.011456239037215741 -0.00025000010613048114
v 4.2034618535380594e-17 -0.011250000447034865 -6.5152287211101001e-11
v 4.2968723822634683e-17 -0.011500000022351773 -0.00025000010613048114
v -0.0009805021109059479 -0.011207190342247516 -6.5152287211101001e-11
v -0.0010022909846156862 -0.011456239037215741 -0.00025000010613048114
v -0.0019535419996827893 -0.011079086922109157 -6.5152287211101001e-11
v -0.0019969539716839842 -0.011325289495289355 -0.00025000010613048114
v -0.002911714371293791 -0.010866665281355411 -6.5152287211101001e-11
v -0.002976418938487776 -0.011108146980404883 -0.00025000010613048114
v -0.0038477266207337484 -0.010571542195975808 -6.5152287211101001e-11
v -0.0039332318119704827 -0.010806465521454841 -0.00025000010613048114
v -0.0047544552944600712 -0.010195962153375177 -6.5152287211101001e-11
v -0.0048601101152598988 -0.010422539897263078 -0.00025000010613048114
v -0.0056250002235174327 -0.0097427861765027306 -6.5152287211101001e-11
v -0.0057500000111758865 -0.0099592925980687402 -0.00025000010613048114
v -0.0064527350477874452 -0.0092154601588845496 -6.5152287211101001e-11
v -0.0065961289219558412 -0.0094202486798167472 -0.00025000010613048114
v -0.0072313607670366955 -0.0086179999634623753 -6.5152287211101001e-11
v -0.0073920576833188733 -0.0088095115497708563 -0.00025000010613048114
v -0.0079549513757229059 -0.0079549513757229059 -6.5152287211101001e-11
v -0.0081317275762558192 -0.0081317275762558192 -0.00025000010613048114
v -0.0086179999634623753 -0.0072313607670366955 -6.5152287211101001e-11
v -0.0088095115497708563 -0.0073920576833188733 -0.00025000010613048114
v -0.0092154601588845496 -0.0064527350477874452 -6.5152287211101001e-11
v -0.0094202486798167472 -0.0065961289219558412 -0.00025000010613048114
v -0.0097427861765027306 -0.0056250002235174327 -6.5152287211101001e-11
v -0.0099592925980687402 -0.0057500000111758865 -0.00025000010613048114
v -0.010195962153375177 -0.0047544552944600712 -6.5152287211101001e-11
v -0.010422539897263078 -0.0048601101152598988 -0.00025000010613048114
v -0.010571542195975808 -0.0038477266207337484 -6.5152287211101001e-11
v -0.010806465521454841 -0.0039332318119704827 -0.00025000010613048114
v -0.010866665281355411 -0.002911714371293791 -6.5152287211101001e-11
v -0.011108146980404883 -0.002976418938487776 -0.00025000010613048114
v -0.011079086922109157 -0.0019535419996827893 -6.5152287211101001e-11
v -0.011325289495289355 -0.0019969539716839842 -0.00025000010613048114
v -0.011207190342247516 -0.0009805021109059479 -6.5152287211101001e-11
v -0.011456239037215741 -0.0010022909846156862 -0.00025000010613048114
v -0.011250000447034865 -1.3318470613121657e-29 -6.5152287211101001e-11
v 0.011500000022351773 -1.3318470613121657e-29 -0.0039999999058961382
v 0.010460044257342843 0.00091513531515375018 -0.0050000000698089131
v 0.011456239037215741 0.0010022909846156862 -0.0039999999058961382
v 0.010340481065213708 0.0018233058508485603 -0.0050000000698089131
v 0.011325289495289355 0.0019969539716839842 -0.0039999999058961382
v 0.010142221115529565 0.0027175999712199046 -0.0050000000698089131
v 0.011108146980404883 0.002976418938487776 -0.0039999999058961382
v 0.0098667722195387147 0.0035912115126848316 -0.0050000000698089131
v 0.010806465521454841 0.0039332318119704827 -0.0039999999058961382
v 0.0095162317156791947 0.0044374917633831622 -0.0050000000698089131
v 0.010422539897263078 0.0048601101152598988 -0.0039999999058961382
v 0.0090932669118047003 0.0052499999292194982 -0.0050000000698089131
v 0.0099592925980687402 0.0057500000111758865 -0.0039999999058961382
v 0.0086010964587331044 0.0060225524939596818 -0.0050000000698089131
v 0.0094202486798167472 0.0065961289219558412 -0.0039999999058961382
v 0.0080434670671820849 0.0067492700181901637 -0.0050000000698089131
v 0.0088095115497708563 0.0073920576833188733 -0.0039999999058961382
v 0.0074246213771403035 0.0074246213771403035 -0.0050000000698089131
v 0.0081317275762558192 0.0081317275762558192 -0.0039999999058961382
v 0.0067492700181901637 0.0080434670671820849 -0.0050000000698089131
v 0.0073920576833188733 0.0088095115497708563 -0.0039999999058961382
v 0.0060225524939596818 0.0086010964587331044 -0.0050000000698089131
v 0.0065961289219558412 0.0094202486798167472 -0.0039999999058961382
v 0.0052499999292194982 0.0090932669118047003 -0.0050000000698089131
v 0.0057500000111758865 0.0099592925980687402 -0.0039999999058961382
v 0.0044374917633831622 0.0095162317156791947 -0.0050000000698089131
v 0.0048601101152598988 0.010422539897263078 -0.0039999999058961382
v 0.0035912115126848316 0.0098667722195387147 -0.0050000000698089131
v 0.0039332318119704827 0.010806465521454841 -0.0039999999058961382
v 0.0027175999712199046 0.010142221115529565 -0.0050000000698089131
v 0.002976418938487776 0.011108146980404883 -0.0039999999058961382
v 0.0018233058508485603 0.010340481065213708 -0.0050000000698089131
v 0.0019969539716839842 0.011325289495289355 -0.0039999999058961382
v 0.00091513531515375007 0.010460044257342843 -0.0050000000698089131
v 0.0010022909846156862 0.011456239037215741 -0.0039999999058961382
v 7.6373442565866994e-18 0.010499999858438996 -0.0050000000698089131
v 8.3647106389841814e-18 0.011500000022351773 -0.0039999999058961382
v -0.00091513531515375029 0.010460044257342843 -0.0050000000698089131
v -0.0010022909846156862 0.011456239037215741 -0.0039999999058961382
v -0.0018233058508485603 0.010340481065213708 -0.0050000000698089131
v -0.0019969539716839842 0.011325289495289355 -0.0039999999058961382
v -0.0027175999712199046 0.010142221115529565 -0.0050000000698089131
v -0.002976418938487776 0.011108146980404883 -0.0039999999058961382
v -0.0035912115126848316 0.0098667722195387147 -0.0050000000698089131
v -0.0039332318119704827 0.010806465521454841 -0.0039999999058961382
v -0.0044374917633831622 0.0095162317156791947 -0.0050000000698089131
v -0.0048601101152598988 0.010422539897263078 -0.0039999999058961382
v -0.0052499999292194982 0.0090932669118047003 -0.0050000000698089131
v -0.0057500000111758865 0.0099592925980687402 -0.0039999999058961382
v -0.0060225524939596818 0.0086010964587331044 -0.0050000000698089131
v -0.0065961289219558412 0.0094202486798167472 -0.0039999999058961382
v -0.0067492700181901637 0.0080434670671820849 -0.0050000000698089131
v -0.0073920576833188733 0.0088095115497708563 -0.0039999999058961382
v -0.0074246213771403035 0.0074246213771403035 -0.0050000000698089131
v -0.0081317275762558192 0.0081317275762558192 -0.0039999999058961382
v -0.0080434670671820849 0.0067492700181901637 -0.0050000000698089131
v -0.0088095115497708563 0.0073920576833188733 -0.0039999999058961382
v -0.0086010964587331044 0.0060225524939596818 -0.0050000000698089131
v -0.0094202486798167472 0.0065961289219558412 -0.0039999999058961382
v -0.0090932669118047003 0.0052499999292194982 -0.0050000000698089131
v -0.0099592925980687402 0.0057500000111758865 -0.0039999999058961382
v -0.0095162317156791947 0.0044374917633831622 -0.0050000000698089131
v -0.010422539897263078 0.0048601101152598988 -0.0039999999058961382
v -0.0098667722195387147 0.0035912115126848316 -0.0050000000698089131
v -0.010806465521454841 0.0039332318119704827 -0.0039999999058961382
v -0.010142221115529565 0.0027175999712199046 -0.0050000000698089131
v -0.011108146980404883 0.002976418938487776 -0.0039999999058961382
v -0.010340481065213708 0.0018233058508485603 -0.0050000000698089131
v -0.011325289495289355 0.0019969539716839842 -0.0039999999058961382
v -0.010460044257342843 0.00091513531515375018 -0.0050000000698089131
v -0.011456239037215741 0.0010022909846156862 -0.0039999999058961382
v -0.010499999858438996 2.460056392437524e-17 -0.0050000000698089131
v -0.011500000022351773 2.6943473600092892e-17 -0.0039999999058961382
v -0.010460044257342843 -0.00091513531515375018 -0.0050000000698089131
v -0.011456239037215741 -0.0010022909846156862 -0.0039999999058961382
v -0.010340481065213708 -0.0018233058508485603 -0.0050000000698089131
v -0.011325289495289355 -0.0019969539716839842 -0.0039999999058961382
v -0.010142221115529565 -0.0027175999712199046 -0.0050000000698089131
v -0.011108146980404883 -0.002976418938487776 -0.0039999999058961382
v -0.0098667722195387147 -0.0035912115126848316 -0.0050000000698089131
v -0.010806465521454841 -0.0039332318119704827 -0.0039999999058961382
v -0.0095162317156791947 -0.0044374917633831622 -0.0050000000698089131
v -0.010422539897263078 -0.0048601101152598988 -0.0039999999058961382
v -0.0090932669118047003 -0.0052499999292194982 -0.0050000000698089131
v -0.0099592925980687402 -0.0057500000111758865 -0.0039999999058961382
v -0.0086010964587331044 -0.0060225524939596818 -0.0050000000698089131
v -0.0094202486798167472 -0.0065961289219558412 -0.0039999999058961382
v -0.0080434670671820849 -0.0067492700181901637 -0.0050000000698089131
v -0.0088095115497708563 -0.0073920576833188733 -0.0039999999058961382
v -0.0074246213771403035 -0.0074246213771403035 -0.0050000000698089131
v -0.0081317275762558192 -0.0081317275762558192 -0.0039999999058961382
v -0.0067492700181901637 -0.0080434670671820849 -0.0050000000698089131
v -0.0073920576833188733 -0.0088095115497708563 -0.0039999999058961382
v -0.0060225524939596818 -0.0086010964587331044 -0.0050000000698089131
v -0.0065961289219558412 -0.0094202486798167472 -0.0039999999058961382
v -0.0052499999292194982 -0.0090932669118047003 -0.0050000000698089131
v -0.0057500000111758865 -0.0099592925980687402 -0.0039999999058961382
v -0.0044374917633831622 -0.0095162317156791947 -0.0050000000698089131
v -0.0048601101152598988 -0.010422539897263078 -0.0039999999058961382
v -0.0035912115126848316 -0.0098667722195387147 -0.0050000000698089131
v -0.0039332318119704827 -0.010806465521454841 -0.0039999999058961382
v -0.0027175999712199046 -0.010142221115529565 -0.0050000000698089131
v -0.002976418938487776 -0.011108146980404883 -0.0039999999058961382
v -0.0018233058508485603 -0.010340481065213708 -0.0050000000698089131
v -0.0019969539716839842 -0.011325289495289355 -0.0039999999058961382
v -0.00091513531515375029 -0.010460044257342843 -0.0050000000698089131
v -0.0010022909846156862 -0.011456239037215741 -0.0039999999058961382
v -3.9232313153875712e-17 -0.010499999858438996 -0.0050000000698089131
v -4.2968724376724703e-17 -0.011500000022351773 -0.0039999999058961382
v 0.00091513531515375007 -0.010460044257342843 -0.0050000000698089131
v 0.0010022909846156862 -0.011456239037215741 -0.0039999999058961382
v 0.0018233058508485603 -0.010340481065213708 -0.0050000000698089131
v 0.0019969539716839842 -0.011325289495289355 -0.0039999999058961382
v 0.0027175999712199046 -0.010142221115529565 -0.0050000000698089131
v 0.002976418938487776 -0.011108146980404883 -0.0039999999058961382
v 0.0035912115126848316 -0.0098667722195387147 -0.0050000000698089131
v 0.0039332318119704827 -0.010806465521454841 -0.0039999999058961382
v 0.0044374917633831622 -0.0095162317156791947 -0.0050000000698089131
v 0.0048601101152598988 -0.010422539897263078 -0.0039999999058961382
v 0.0052499999292194982 -0.0090932669118047003 -0.0050000000698089131
v 0.0057500000111758865 -0.0099592925980687402 -0.0039999999058961382
v 0.0060225524939596818 -0.0086010964587331044 -0.0050000000698089131
v 0.0065961289219558412 -0.0094202486798167472 -0.0039999999058961382
v 0.0067492700181901637 -0.0080434670671820849 -0.0050000000698089131
v 0.0073920576833188733 -0.0088095115497708563 -0.0039999999058961382
v 0.0074246213771403035 -0.0074246213771403035 -0.0050000000698089131
v 0.0081317275762558192 -0.0081317275762558192 -0.0039999999058961382
v 0.0080434670671820849 -0.0067492700181901637 -0.0050000000698089131
v 0.0088095115497708563 -0.0073920576833188733 -0.0039999999058961382
v 0.0086010964587331044 -0.0060225524939596818 -0.0050000000698089131
v 0.0094202486798167472 -0.0065961289219558412 -0.0039999999058961382
v 0.0090932669118047003 -0.0052499999292194982 -0.0050000000698089131
v 0.0099592925980687402 -0.0057500000111758865 -0.0039999999058961382
v 0.0095162317156791947 -0.0044374917633831622 -0.0050000000698089131
v 0.010422539897263078 -0.0048601101152598988 -0.0039999999058961382
v 0.0098667722195387147 -0.0035912115126848316 -0.0050000000698089131
v 0.010806465521454841 -0.0039332318119704827 -0.0039999999058961382
v 0.010142221115529565 -0.0027175999712199046 -0.0050000000698089131
v 0.011108146980404883 -0.002976418938487776 -0.0039999999058961382
v 0.010340481065213708 -0.0018233058508485603 -0.0050000000698089131
v 0.011325289495289355 -0.0019969539716839842 -0.0039999999058961382
v 0.010460044257342843 -0.00091513531515375018 -0.0050000000698089131
v 0.011456239037215741 -0.0010022909846156862 -0.0039999999058961382
v 0.010499999858438996 -2.5717583695364805e-18 -0.0050000000698089131
v -0.0074999998323619565 -1.8369703158880207e-18 0.0020000001462579424
v -0.0064752656035125429 0.00056651234626770171 0.0030000003101707182
v -0.0074714603833854398 0.0006536680739372986 0.0020000001462579424
v -0.006401250604540127 0.0011287131346762211 0.0030000003101707182
v -0.0073860581032932004 0.0013023613719269668 0.0020000001462579424
v -0.0062785176560282872 0.0016823237529024527 0.0030000003101707182
v -0.0072444435209036064 0.0019411428365856461 0.0020000001462579424
v -0.0061080018058419392 0.0022231310140341581 0.0030000003101707182
v -0.007047694642096777 0.0025651510804891656 0.0020000001462579424
v -0.0058910003863275207 0.0027470185887068584 0.0030000003101707182
v -0.0067973085679114047 0.0031696369405835949 0.0020000001462579424
v -0.0056291650980711131 0.003250000067055234 0.0030000003101707182
v -0.0064951903186738665 0.0037499999161809783 0.0020000001462579424
v -0.0053244885057211061 0.0037282467819750409 0.0030000003101707182
v -0.0061436402611434624 0.0043018232099712008 0.0020000001462579424
v -0.0049792886711657177 0.0041781193576753252 0.0030000003101707182
v -0.0057453331537544883 0.0048209070228040348 0.0020000001462579424
v -0.0045961942523718002 0.0045961942523718002 0.0030000003101707182
v -0.005303300917148604 0.005303300917148604 0.0020000001462579424
v -0.0041781193576753252 0.0049792886711657177 0.0030000003101707182
v -0.0048209070228040348 0.0057453331537544883 0.0020000001462579424
v -0.0037282467819750409 0.0053244885057211061 0.0030000003101707182
v -0.0043018232099712008 0.0061436402611434624 0.0020000001462579424
v -0.003250000067055234 0.0056291650980711131 0.0030000003101707182
v -0.0037499999161809783 0.0064951903186738665 0.0020000001462579424
v -0.0027470185887068584 0.0058910003863275207 0.0030000003101707182
v -0.0031696369405835949 0.0067973085679114047 0.0020000001462579424
v -0.0022231310140341581 0.0061080018058419392 0.0030000003101707182
v -0.0025651510804891656 0.007047694642096777 0.0020000001462579424
v -0.0016823237529024527 0.0062785176560282872 0.0030000003101707182
v -0.0019411428365856461 0.0072444435209036064 0.0020000001462579424
v -0.0011287131346762211 0.006401250604540127 0.0030000003101707182
v -0.0013023613719269668 0.0073860581032932004 0.0020000001462579424
v -0.00056651234626770182 0.0064752656035125429 0.0030000003101707182
v -0.00065366807393729871 0.0074714603833854398 0.0020000001462579424
v -4.7278796946771065e-18 0.0065000001341104681 0.0030000003101707182
v -5.4552460770745877e-18 0.0074999998323619565 0.0020000001462579424
v 0.0005665123462677016 0.0064752656035125429 0.0030000003101707182
v 0.00065366807393729849 0.0074714603833854398 0.0020000001462579424
v 0.0011287131346762211 0.006401250604540127 0.0030000003101707182
v 0.0013023613719269668 0.0073860581032932004 0.0020000001462579424
v 0.0016823237529024527 0.0062785176560282872 0.0030000003101707182
v 0.0019411428365856461 0.0072444435209036064 0.0020000001462579424
v 0.0022231310140341581 0.0061080018058419392 0.0030000003101707182
v 0.0025651510804891656 0.007047694642096777 0.0020000001462579424
v 0.0027470185887068584 0.0058910003863275207 0.0030000003101707182
v 0.0031696369405835949 0.0067973085679114047 0.0020000001462579424
v 0.003250000067055234 0.0056291650980711131 0.0030000003101707182
v 0.0037499999161809783 0.0064951903186738665 0.0020000001462579424
v 0.0037282467819750409 0.0053244885057211061 0.0030000003101707182
v 0.0043018232099712008 0.0061436402611434624 0.0020000001462579424
v 0.0041781193576753252 0.0049792886711657177 0.0030000003101707182
v 0.0048209070228040348 0.0057453331537544883 0.0020000001462579424
v 0.0045961942523718002 0.0045961942523718002 0.0030000003101707182
v 0.005303300917148604 0.005303300917148604 0.0020000001462579424
v 0.0049792886711657177 0.0041781193576753252 0.0030000003101707182
v 0.0057453331537544883 0.0048209070228040348 0.0020000001462579424
v 0.0053244885057211061 0.0037282467819750409 0.0030000003101707182
v 0.0061436402611434624 0.0043018232099712008 0.0020000001462579424
v 0.0056291650980711131 0.003250000067055234 0.0030000003101707182
v 0.0064951903186738665 0.0037499999161809783 0.0020000001462579424
v 0.0058910003863275207 0.0027470185887068584 0.0030000003101707182
v 0.0067973085679114047 0.0031696369405835949 0.0020000001462579424
v 0.0061080018058419392 0.0022231310140341581 0.0030000003101707182
v 0.007047694642096777 0.0025651510804891656 0.0020000001462579424
v 0.0062785176560282872 0.0016823237529024527 0.0030000003101707182
v 0.0072444435209036064 0.0019411428365856461 0.0020000001462579424
v 0.006401250604540127 0.0011287131346762211 0.0030000003101707182
v 0.0073860581032932004 0.0013023613719269668 0.0020000001462579424
v 0.0064752656035125429 0.00056651234626770171 0.0030000003101707182
v 0.0074714603833854398 0.0006536680739372986 0.0020000001462579424
v 0.0065000001341104681 2.3880612510845644e-18 0.0030000003101707182
v 0.0074999998323619565 9.1848514378764527e-19 0.0020000001462579424
v 0.0064752656035125429 -0.00056651234626770171 0.0030000003101707182
v 0.0074714603833854398 -0.0006536680739372986 0.0020000001462579424
v 0.006401250604540127 -0.0011287131346762211 0.0030000003101707182
v 0.0073860581032932004 -0.0013023613719269668 0.0020000001462579424
v 0.0062785176560282872 -0.0016823237529024527 0.0030000003101707182
v 0.0072444435209036064 -0.0019411428365856461 0.0020000001462579424
v 0.0061080018058419392 -0.0022231310140341581 0.0030000003101707182
v 0.007047694642096777 -0.0025651510804891656 0.0020000001462579424
v 0.0058910003863275207 -0.0027470185887068584 0.0030000003101707182
v 0.0067973085679114047 -0.0031696369405835949 0.0020000001462579424
v 0.0056291650980711131 -0.003250000067055234 0.0030000003101707182
v 0.0064951903186738665 -0.0037499999161809783 0.0020000001462579424
v 0.0053244885057211061 -0.0037282467819750409 0.0030000003101707182
v 0.0061436402611434624 -0.0043018232099712008 0.0020000001462579424
v 0.0049792886711657177 -0.0041781193576753252 0.0030000003101707182
v 0.0057453331537544883 -0.0048209070228040348 0.0020000001462579424
v 0.0045961942523718002 -0.0045961942523718002 0.0030000003101707182
v 0.005303300917148604 -0.005303300917148604 0.0020000001462579424
v 0.0041781193576753252 -0.0049792886711657177 0.0030000003101707182
v 0.0048209070228040348 -0.0057453331537544883 0.0020000001462579424
v 0.0037282467819750409 -0.0053244885057211061 0.0030000003101707182
v 0.0043018232099712008 -0.0061436402611434624 0.0020000001462579424
v 0.003250000067055234 -0.0056291650980711131 0.0030000003101707182
v 0.0037499999161809783 -0.0064951903186738665 0.0020000001462579424
v 0.0027470185887068584 -0.0058910003863275207 0.0030000003101707182
v 0.0031696369405835949 -0.0067973085679114047 0.0020000001462579424
v 0.0022231310140341581 -0.0061080018058419392 0.0030000003101707182
v 0.0025651510804891656 -0.007047694642096777 0.0020000001462579424
v 0.0016823237529024527 -0.0062785176560282872 0.0030000003101707182
v 0.0019411428365856461 -0.0072444435209036064 0.0020000001462579424
v 0.0011287131346762211 -0.006401250604540127 0.0030000003101707182
v 0.0013023613719269668 -0.0073860581032932004 0.0020000001462579424
v 0.0005665123462677016 -0.0064752656035125429 0.0030000003101707182
v 0.00065366807393729849 -0.0074714603833854398 0.0020000001462579424
v 2.428666936275096e-17 -0.0065000001341104681 0.0030000003101707182
v 2.8023078931238726e-17 -0.0074999998323619565 0.0020000001462579424
v -0.00056651234626770182 -0.0064752656035125429 0.0030000003101707182
v -0.00065366807393729871 -0.0074714603833854398 0.0020000001462579424
v -0.0011287131346762211 -0.006401250604540127 0.0030000003101707182
v -0.0013023613719269668 -0.0073860581032932004 0.0020000001462579424
v -0.0016823237529024527 -0.0062785176560282872 0.0030000003101707182
v -0.0019411428365856461 -0.0072444435209036064 0.0020000001462579424
v -0.0022231310140341581 -0.0061080018058419392 0.0030000003101707182
v -0.0025651510804891656 -0.007047694642096777 0.0020000001462579424
v -0.0027470185887068584 -0.0058910003863275207 0.0030000003101707182
v -0.0031696369405835949 -0.0067973085679114047 0.0020000001462579424
v -0.003250000067055234 -0.0056291650980711131 0.0030000003101707182
v -0.0037499999161809783 -0.0064951903186738665 0.0020000001462579424
v -0.0037282467819750409 -0.0053244885057211061 0.0030000003101707182
v -0.0043018232099712008 -0.0061436402611434624 0.0020000001462579424
v -0.0041781193576753252 -0.0049792886711657177 0.0030000003101707182
v -0.0048209070228040348 -0.0057453331537544883 0.0020000001462579424
v -0.0045961942523718002 -0.0045961942523718002 0.0030000003101707182
v -0.005303300917148604 -0.005303300917148604 0.0020000001462579424
v -0.0049792886711657177 -0.0041781193576753252 0.0030000003101707182
v -0.0057453331537544883 -0.0048209070228040348 0.0020000001462579424
v -0.0053244885057211061 -0.0037282467819750409 0.0030000003101707182
v -0.0061436402611434624 -0.0043018232099712008 0.0020000001462579424
v -0.0056291650980711131 -0.003250000067055234 0.0030000003101707182
v -0.0064951903186738665 -0.0037499999161809783 0.0020000001462579424
v -0.0058910003863275207 -0.0027470185887068584 0.0030000003101707182
v -0.0067973085679114047 -0.0031696369405835949 0.0020000001462579424
v -0.0061080018058419392 -0.0022231310140341581 0.0030000003101707182
v -0.007047694642096777 -0.0025651510804891656 0.0020000001462579424
v -0.0062785176560282872 -0.0016823237529024527 0.0030000003101707182
v -0.0072444435209036064 -0.0019411428365856461 0.0020000001462579424
v -0.006401250604540127 -0.0011287131346762211 0.0030000003101707182
v -0.0073860581032932004 -0.0013023613719269668 0.0020000001462579424
v -0.0064752656035125429 -0.00056651234626770171 0.0030000003101707182
v -0.0074714603833854398 -0.0006536680739372986 0.0020000001462579424
v -0.0065000001341104681 -1.3318470613121657e-29 0.0030000003101707182
v -0.002739535411819823 0.00023967829474713718 -0.0022500000265024064
v -0.005479070823639646 0.00047935658949427437 -0.0050000000698089131
v -0.0027082213200628831 0.00047753247781656807 -0.0022500000265024064
v -0.0054164426401257662 0.00095506495563313614 -0.0050000000698089131
v -0.0026562961284071276 0.00071175239281729048 -0.0022500000265024064
v -0.0053125922568142553 0.001423504785634581 -0.0050000000698089131
v -0.0025841547176241944 0.0009405554155819143 -0.0022500000265024064
v -0.0051683094352483888 0.0018811108311638286 -0.0050000000698089131
v -0.002492346335202462 0.0011622002348303825 -0.0022500000265024064
v -0.0049846926704049241 0.002324400469660765 -0.0050000000698089131
v -0.0023815699387341803 0.0013749999925494231 -0.0022500000265024064
v -0.0047631398774683606 0.0027499999850988462 -0.0050000000698089131
v -0.0022526681423187317 0.0015773351769894403 -0.0022500000265024064
v -0.0045053362846374633 0.0031546703539788805 -0.0050000000698089131
v -0.0021066223271191177 0.0017676659626886296 -0.0022500000265024064
v -0.0042132446542382353 0.0035353319253772593 -0.0050000000698089131
v -0.0019445436773821764 0.0019445436773821764 -0.0022500000265024064
v -0.0038890873547643527 0.0038890873547643527 -0.0050000000698089131
v -0.0017676659626886296 0.0021066223271191177 -0.0022500000265024064
v -0.0035353319253772593 0.0042132446542382353 -0.0050000000698089131
v -0.0015773351769894403 0.0022526681423187317 -0.0022500000265024064
v -0.0031546703539788805 0.0045053362846374633 -0.0050000000698089131
v -0.0013749999925494231 0.0023815699387341803 -0.0022500000265024064
v -0.0027499999850988462 0.0047631398774683606 -0.0050000000698089131
v -0.0011622002348303825 0.002492346335202462 -0.0022500000265024064
v -0.002324400469660765 0.0049846926704049241 -0.0050000000698089131
v -0.0009405554155819144 0.0025841547176241944 -0.0022500000265024064
v -0.0018811108311638286 0.0051683094352483888 -0.0050000000698089131
v -0.00071175239281729059 0.0026562961284071276 -0.0022500000265024064
v -0.001423504785634581 0.0053125922568142553 -0.0050000000698089131
v -0.00047753247781656813 0.0027082213200628831 -0.0022500000265024064
v -0.00095506495563313625 0.0054164426401257662 -0.0050000000698089131
v -0.00023967829474713724 0.002739535411819823 -0.0022500000265024064
v -0.00047935658949427442 0.005479070823639646 -0.0050000000698089131
v -2.000257001457472e-18 0.0027499999850988462 -0.0022500000265024064
v -4.0005137258699323e-18 0.0054999999701976924 -0.0050000000698089131
v 0.00023967829474713713 0.002739535411819823 -0.0022500000265024064
v 0.00047935658949427431 0.005479070823639646 -0.0050000000698089131
v 0.00047753247781656802 0.0027082213200628831 -0.0022500000265024064
v 0.00095506495563313604 0.0054164426401257662 -0.0050000000698089131
v 0.00071175239281729037 0.0026562961284071276 -0.0022500000265024064
v 0.001423504785634581 0.0053125922568142553 -0.0050000000698089131
v 0.00094055541558191419 0.0025841547176241944 -0.0022500000265024064
v 0.0018811108311638286 0.0051683094352483888 -0.0050000000698089131
v 0.0011622002348303825 0.002492346335202462 -0.0022500000265024064
v 0.002324400469660765 0.0049846926704049241 -0.0050000000698089131
v 0.0013749999925494231 0.0023815699387341803 -0.0022500000265024064
v 0.0027499999850988462 0.0047631398774683606 -0.0050000000698089131
v 0.0015773351769894403 0.0022526681423187317 -0.0022500000265024064
v 0.0031546703539788805 0.0045053362846374633 -0.0050000000698089131
v 0.0017676659626886296 0.0021066223271191177 -0.0022500000265024064
v 0.0035353319253772593 0.0042132446542382353 -0.0050000000698089131
v 0.0019445436773821764 0.0019445436773821764 -0.0022500000265024064
v 0.0038890873547643527 0.0038890873547643527 -0.0050000000698089131
v 0.0021066223271191177 0.0017676659626886296 -0.0022500000265024064
v 0.0042132446542382353 0.0035353319253772593 -0.0050000000698089131
v 0.0022526681423187317 0.0015773351769894403 -0.0022500000265024064
v 0.0045053362846374633 0.0031546703539788805 -0.0050000000698089131
v 0.0023815699387341803 0.0013749999925494231 -0.0022500000265024064
v 0.0047631398774683606 0.0027499999850988462 -0.0050000000698089131
v 0.002492346335202462 0.0011622002348303825 -0.0022500000265024064
v 0.0049846926704049241 0.002324400469660765 -0.0050000000698089131
v 0.0025841547176241944 0.0009405554155819143 -0.0022500000265024064
v 0.0051683094352483888 0.0018811108311638286 -0.0050000000698089131
v 0.0026562961284071276 0.00071175239281729048 -0.0022500000265024064
v 0.0053125922568142553 0.001423504785634581 -0.0050000000698089131
v 0.0027082213200628831 0.00047753247781656807 -0.0022500000265024064
v 0.0054164426401257662 0.00095506495563313614 -0.0050000000698089131
v 0.002739535411819823 0.00023967829474713718 -0.0022500000265024064
v 0.005479070823639646 0.00047935658949427437 -0.0050000000698089131
v 0.0027499999850988462 6.4430044249863926e-18 -0.0022500000265024064
v 0.0054999999701976924 1.2886008928342079e-17 -0.0050000000698089131
v 0.002739535411819823 -0.00023967829474713718 -0.0022500000265024064
v 0.005479070823639646 -0.00047935658949427437 -0.0050000000698089131
v 0.0027082213200628831 -0.00047753247781656807 -0.0022500000265024064
v 0.0054164426401257662 -0.00095506495563313614 -0.0050000000698089131
v 0.0026562961284071276 -0.00071175239281729048 -0.0022500000265024064
v 0.0053125922568142553 -0.001423504785634581 -0.0050000000698089131
v 0.0025841547176241944 -0.0009405554155819143 -0.0022500000265024064
v 0.0051683094352483888 -0.0018811108311638286 -0.0050000000698089131
v 0.002492346335202462 -0.0011622002348303825 -0.0022500000265024064
v 0.0049846926704049241 -0.002324400469660765 -0.0050000000698089131
v 0.0023815699387341803 -0.0013749999925494231 -0.0022500000265024064
v 0.0047631398774683606 -0.0027499999850988462 -0.0050000000698089131
v 0.0022526681423187317 -0.0015773351769894403 -0.0022500000265024064
v 0.0045053362846374633 -0.0031546703539788805 -0.0050000000698089131
v 0.0021066223271191177 -0.0017676659626886296 -0.0022500000265024064
v 0.0042132446542382353 -0.0035353319253772593 -0.0050000000698089131
v 0.0019445436773821764 -0.0019445436773821764 -0.0022500000265024064
v 0.0038890873547643527 -0.0038890873547643527 -0.0050000000698089131
v 0.0017676659626886296 -0.0021066223271191177 -0.0022500000265024064
v 0.0035353319253772593 -0.0042132446542382353 -0.0050000000698089131
v 0.0015773351769894403 -0.0022526681423187317 -0.0022500000265024064
v 0.0031546703539788805 -0.0045053362846374633 -0.0050000000698089131
v 0.0013749999925494231 -0.0023815699387341803 -0.0022500000265024064
v 0.0027499999850988462 -0.0047631398774683606 -0.0050000000698089131
v 0.0011622002348303825 -0.002492346335202462 -0.0022500000265024064
v 0.002324400469660765 -0.0049846926704049241 -0.0050000000698089131
v 0.00094055541558191419 -0.0025841547176241944 -0.0022500000265024064
v 0.0018811108311638286 -0.0051683094352483888 -0.0050000000698089131
v 0.00071175239281729037 -0.0026562961284071276 -0.0022500000265024064
v 0.001423504785634581 -0.0053125922568142553 -0.0050000000698089131
v 0.00047753247781656802 -0.0027082213200628831 -0.0022500000265024064
v 0.00095506495563313604 -0.0054164426401257662 -0.0050000000698089131
v 0.00023967829474713713 -0.002739535411819823 -0.0022500000265024064
v 0.00047935658949427431 -0.005479070823639646 -0.0050000000698089131
v 1.0275128931428481e-17 -0.0027499999850988462 -0.0022500000265024064
v 2.0550258139901973e-17 -0.0054999999701976924 -0.0050000000698089131
v -0.00023967829474713724 -0.002739535411819823 -0.0022500000265024064
v -0.00047935658949427442 -0.005479070823639646 -0.0050000000698089131
v -0.00047753247781656813 -0.0027082213200628831 -0.0022500000265024064
v -0.00095506495563313625 -0.0054164426401257662 -0.0050000000698089131
v -0.00071175239281729059 -0.0026562961284071276 -0.0022500000265024064
v -0.001423504785634581 -0.0053125922568142553 -0.0050000000698089131
v -0.0009405554155819144 -0.0025841547176241944 -0.0022500000265024064
v -0.0018811108311638286 -0.0051683094352483888 -0.0050000000698089131
v -0.0011622002348303825 -0.002492346335202462 -0.0022500000265024064
v -0.002324400469660765 -0.0049846926704049241 -0.0050000000698089131
v -0.0013749999925494231 -0.0023815699387341803 -0.0022500000265024064
v -0.0027499999850988462 -0.0047631398774683606 -0.0050000000698089131
v -0.0015773351769894403 -0.0022526681423187317 -0.0022500000265024064
v -0.0031546703539788805 -0.0045053362846374633 -0.0050000000698089131
v -0.0017676659626886296 -0.0021066223271191177 -0.0022500000265024064
v -0.0035353319253772593 -0.0042132446542382353 -0.0050000000698089131
v -0.0019445436773821764 -0.0019445436773821764 -0.0022500000265024064
v -0.0038890873547643527 -0.0038890873547643527 -0.0050000000698089131
v -0.0021066223271191177 -0.0017676659626886296 -0.0022500000265024064
v -0.0042132446542382353 -0.0035353319253772593 -0.0050000000698089131
v -0.0022526681423187317 -0.0015773351769894403 -0.0022500000265024064
v -0.0045053362846374633 -0.0031546703539788805 -0.0050000000698089131
v -0.0023815699387341803 -0.0013749999925494231 -0.0022500000265024064
v -0.0047631398774683606 -0.0027499999850988462 -0.0050000000698089131
v -0.002492346335202462 -0.0011622002348303825 -0.0022500000265024064
v -0.0049846926704049241 -0.002324400469660765 -0.0050000000698089131
v -0.0025841547176241944 -0.0009405554155819143 -0.0022500000265024064
v -0.0051683094352483888 -0.0018811108311638286 -0.0050000000698089131
v -0.0026562961284071276 -0.00071175239281729048 -0.0022500000265024064
v -0.0053125922568142553 -0.001423504785634581 -0.0050000000698089131
v -0.0027082213200628831 -0.00047753247781656807 -0.0022500000265024064
v -0.0054164426401257662 -0.00095506495563313614 -0.0050000000698089131
v -0.002739535411819823 -0.00023967829474713718 -0.0022500000265024064
v -0.005479070823639646 -0.00047935658949427437 -0.0050000000698089131
v -0.0027499999850988462 -1.3318470613121657e-29 -0.0022500000265024064
v -0.0054999999701976924 -1.3471114755922785e-18 -0.0050000000698089131
v -0.0027499999850988462 -1.3318470613121657e-29 0.0030000003101707182
v -0.002739535411819823 0.00023967829474713718 0.0030000003101707182
v -0.0027082213200628831 0.00047753247781656807 0.0030000003101707182
v -0.0026562961284071276 0.00071175239281729048 0.0030000003101707182
v -0.0025841547176241944 0.0009405554155819143 0.0030000003101707182
v -0.002492346335202462 0.0011622002348303825 0.0030000003101707182
v -0.0023815699387341803 0.0013749999925494231 0.0030000003101707182
v -0.0022526681423187317 0.0015773351769894403 0.0030000003101707182
v -0.0021066223271191177 0.0017676659626886296 0.0030000003101707182
v -0.0019445436773821764 0.0019445436773821764 0.0030000003101707182
v -0.0017676659626886296 0.0021066223271191177 0.0030000003101707182
v -0.0015773351769894403 0.0022526681423187317 0.0030000003101707182
v -0.0013749999925494231 0.0023815699387341803 0.0030000003101707182
v -0.0011622002348303825 0.002492346335202462 0.0030000003101707182
v -0.0009405554155819144 0.0025841547176241944 0.0030000003101707182
v -0.00071175239281729059 0.0026562961284071276 0.0030000003101707182
v -0.00047753247781656813 0.0027082213200628831 0.0030000003101707182
v -0.00023967829474713724 0.002739535411819823 0.0030000003101707182
v -7.7901162928845334e-19 0.0027499999850988462 0.0030000003101707182
v 0.00023967829474713713 0.002739535411819823 0.0030000003101707182
v 0.00047753247781656802 0.0027082213200628831 0.0030000003101707182
v 0.00071175239281729037 0.0026562961284071276 0.0030000003101707182
v 0.00094055541558191419 0.0025841547176241944 0.0030000003101707182
v 0.0011622002348303825 0.002492346335202462 0.0030000003101707182
v 0.0013749999925494231 0.0023815699387341803 0.0030000003101707182
v 0.0015773351769894403 0.0022526681423187317 0.0030000003101707182
v 0.0017676659626886296 0.0021066223271191177 0.0030000003101707182
v 0.0019445436773821764 0.0019445436773821764 0.0030000003101707182
v 0.0021066223271191177 0.0017676659626886296 0.0030000003101707182
v 0.0022526681423187317 0.0015773351769894403 0.0030000003101707182
v 0.0023815699387341803 0.0013749999925494231 0.0030000003101707182
v 0.002492346335202462 0.0011622002348303825 0.0030000003101707182
v 0.0025841547176241944 0.0009405554155819143 0.0030000003101707182
v 0.0026562961284071276 0.00071175239281729048 0.0030000003101707182
v 0.0027082213200628831 0.00047753247781656807 0.0030000003101707182
v 0.002739535411819823 0.00023967829474713718 0.0030000003101707182
v 0.0027499999850988462 1.5580232465030469e-18 0.0030000003101707182
v 0.002739535411819823 -0.00023967829474713718 0.0030000003101707182
v 0.0027082213200628831 -0.00047753247781656807 0.0030000003101707182
v 0.0026562961284071276 -0.00071175239281729048 0.0030000003101707182
v 0.0025841547176241944 -0.0009405554155819143 0.0030000003101707182
v 0.002492346335202462 -0.0011622002348303825 0.0030000003101707182
v 0.0023815699387341803 -0.0013749999925494231 0.0030000003101707182
v 0.0022526681423187317 -0.0015773351769894403 0.0030000003101707182
v 0.0021066223271191177 -0.0017676659626886296 0.0030000003101707182
v 0.0019445436773821764 -0.0019445436773821764 0.0030000003101707182
v 0.0017676659626886296 -0.0021066223271191177 0.0030000003101707182
v 0.0015773351769894403 -0.0022526681423187317 0.0030000003101707182
v 0.0013749999925494231 -0.0023815699387341803 0.0030000003101707182
v 0.0011622002348303825 -0.002492346335202462 0.0030000003101707182
v 0.00094055541558191419 -0.0025841547176241944 0.0030000003101707182
v 0.00071175239281729037 -0.0026562961284071276 0.0030000003101707182
v 0.00047753247781656802 -0.0027082213200628831 0.0030000003101707182
v 0.00023967829474713713 -0.002739535411819823 0.0030000003101707182
v 2.9476574221974034e-18 -0.0027499999850988462 0.0030000003101707182
v -0.00023967829474713724 -0.002739535411819823 0.0030000003101707182
v -0.00047753247781656813 -0.0027082213200628831 0.0030000003101707182
v -0.00071175239281729059 -0.0026562961284071276 0.0030000003101707182
v -0.0009405554155819144 -0.0025841547176241944 0.0030000003101707182
v -0.0011622002348303825 -0.002492346335202462 0.0030000003101707182
v -0.0013749999925494231 -0.0023815699387341803 0.0030000003101707182
v -0.0015773351769894403 -0.0022526681423187317 0.0030000003101707182
v -0.0017676659626886296 -0.0021066223271191177 0.0030000003101707182
v -0.0019445436773821764 -0.0019445436773821764 0.0030000003101707182
v -0.0021066223271191177 -0.0017676659626886296 0.0030000003101707182
v -0.0022526681423187317 -0.0015773351769894403 0.0030000003101707182
v -0.0023815699387341803 -0.0013749999925494231 0.0030000003101707182
v -0.002492346335202462 -0.0011622002348303825 0.0030000003101707182
v -0.0025841547176241944 -0.0009405554155819143 0.0030000003101707182
v -0.0026562961284071276 -0.00071175239281729048 0.0030000003101707182
v -0.0027082213200628831 -0.00047753247781656807 0.0030000003101707182
v -0.002739535411819823 -0.00023967829474713718 0.0030000003101707182
v -0.0074999998323619565 -1.3318470613121657e-29 -6.5152287211101001e-11
v -0.0074714603833854398 0.0006536680739372986 -6.5152287211101001e-11
v -0.0073860581032932004 0.0013023613719269668 -6.5152287211101001e-11
v -0.0072444435209036064 0.0019411428365856461 -6.5152287211101001e-11
v -0.007047694642096777 0.0025651510804891656 -6.5152287211101001e-11
v -0.0067973085679114047 0.0031696369405835949 -6.5152287211101001e-11
v -0.0064951903186738665 0.0037499999161809783 -6.5152287211101001e-11
v -0.0061436402611434624 0.0043018232099712008 -6.5152287211101001e-11
v -0.0057453331537544883 0.0048209070228040348 -6.5152287211101001e-11
v -0.005303300917148604 0.005303300917148604 -6.5152287211101001e-11
v -0.0048209070228040348 0.0057453331537544883 -6.5152287211101001e-11
v -0.0043018232099712008 0.0061436402611434624 -6.5152287211101001e-11
v -0.0037499999161809783 0.0064951903186738665 -6.5152287211101001e-11
v -0.0031696369405835949 0.0067973085679114047 -6.5152287211101001e-11
v -0.0025651510804891656 0.007047694642096777 -6.5152287211101001e-11
v -0.0019411428365856461 0.0072444435209036064 -6.5152287211101001e-11
v -0.0013023613719269668 0.0073860581032932004 -6.5152287211101001e-11
v -0.00065366807393729871 0.0074714603833854398 -6.5152287211101001e-11
v -2.124577077645364e-18 0.0074999998323619565 -6.5152287211101001e-11
v 0.00065366807393729849 0.0074714603833854398 -6.5152287211101001e-11
v 0.0013023613719269668 0.0073860581032932004 -6.5152287211101001e-11
v 0.0019411428365856461 0.0072444435209036064 -6.5152287211101001e-11
v 0.0025651510804891656 0.007047694642096777 -6.5152287211101001e-11
v 0.0031696369405835949 0.0067973085679114047 -6.5152287211101001e-11
v 0.0037499999161809783 0.0064951903186738665 -6.5152287211101001e-11
v 0.0043018232099712008 0.0061436402611434624 -6.5152287211101001e-11
v 0.0048209070228040348 0.0057453331537544883 -6.5152287211101001e-11
v 0.005303300917148604 0.005303300917148604 -6.5152287211101001e-11
v 0.0057453331537544883 0.0048209070228040348 -6.5152287211101001e-11
v 0.0061436402611434624 0.0043018232099712008 -6.5152287211101001e-11
v 0.0064951903186738665 0.0037499999161809783 -6.5152287211101001e-11
v 0.0067973085679114047 0.0031696369405835949 -6.5152287211101001e-11
v 0.007047694642096777 0.0025651510804891656 -6.5152287211101001e-11
v 0.0072444435209036064 0.0019411428365856461 -6.5152287211101001e-11
v 0.0073860581032932004 0.0013023613719269668 -6.5152287211101001e-11
v 0.0074714603833854398 0.0006536680739372986 -6.5152287211101001e-11
v 0.0074999998323619565 9.1848514378764527e-19 -6.5152287211101001e-11
v 0.0074714603833854398 -0.0006536680739372986 -6.5152287211101001e-11
v 0.0073860581032932004 -0.0013023613719269668 -6.5152287211101001e-11
v 0.0072444435209036064 -0.0019411428365856461 -6.5152287211101001e-11
v 0.007047694642096777 -0.0025651510804891656 -6.5152287211101001e-11
v 0.0067973085679114047 -0.0031696369405835949 -6.5152287211101001e-11
v 0.0064951903186738665 -0.0037499999161809783 -6.5152287211101001e-11
v 0.0061436402611434624 -0.0043018232099712008 -6.5152287211101001e-11
v 0.0057453331537544883 -0.0048209070228040348 -6.5152287211101001e-11
v 0.005303300917148604 -0.005303300917148604 -6.5152287211101001e-11
v 0.0048209070228040348 -0.0057453331537544883 -6.5152287211101001e-11
v 0.0043018232099712008 -0.0061436402611434624 -6.5152287211101001e-11
v 0.0037499999161809783 -0.0064951903186738665 -6.5152287211101001e-11
v 0.0031696369405835949 -0.0067973085679114047 -6.5152287211101001e-11
v 0.0025651510804891656 -0.007047694642096777 -6.5152287211101001e-11
v 0.0019411428365856461 -0.0072444435209036064 -6.5152287211101001e-11
v 0.0013023613719269668 -0.0073860581032932004 -6.5152287211101001e-11
v 0.00065366807393729849 -0.0074714603833854398 -6.5152287211101001e-11
v 8.0390653482536914e-18 -0.0074999998323619565 -6.5152287211101001e-11
v -0.00065366807393729871 -0.0074714603833854398 -6.5152287211101001e-11
v -0.0013023613719269668 -0.0073860581032932004 -6.5152287211101001e-11
v -0.0019411428365856461 -0.0072444435209036064 -6.5152287211101001e-11
v -0.0025651510804891656 -0.007047694642096777 -6.5152287211101001e-11
v -0.0031696369405835949 -0.0067973085679114047 -6.5152287211101001e-11
v -0.0037499999161809783 -0.0064951903186738665 -6.5152287211101001e-11
v -0.0043018232099712008 -0.0061436402611434624 -6.5152287211101001e-11
v -0.0048209070228040348 -0.0057453331537544883 -6.5152287211101001e-11
v -0.005303300917148604 -0.005303300917148604 -6.5152287211101001e-11
v -0.0057453331537544883 -0.0048209070228040348 -6.5152287211101001e-11
v -0.0061436402611434624 -0.0043018232099712008 -6.5152287211101001e-11
v -0.0064951903186738665 -0.0037499999161809783 -6.5152287211101001e-11
v -0.0067973085679114047 -0.0031696369405835949 -6.5152287211101001e-11
v -0.007047694642096777 -0.0025651510804891656 -6.5152287211101001e-11
v -0.0072444435209036064 -0.0019411428365856461 -6.5152287211101001e-11
v -0.0073860581032932004 -0.0013023613719269668 -6.5152287211101001e-11
v -0.0074714603833854398 -0.0006536680739372986 -6.5152287211101001e-11
v 0.011395808930304743 0.0015445191284271899 0.05159999994831968
v 0.011120283985409129 0.0025098357677067417 0.051500000118192918
v 0.011217830719937521 0.002531851898214785 0.05159999994831968
v 0.010859221967344273 0.0034694818483816787 0.051500000118192918
v 0.010954478375304206 0.0034999158335777833 0.05159999994831968
v 0.010515514270096938 0.0044027228800262103 0.051500000118192918
v 0.010607755159706625 0.004441343209816641 0.05159999994831968
v 0.010091776650193273 0.0053024567150261846 0.051500000118192918
v 0.010180301243195725 0.0053489696345068623 0.05159999994831968
v 0.0095912351355610173 0.0061618354386286933 0.051500000118192918
v 0.0096753686940995662 0.0062158868132978686 0.05159999994831968
v 0.0090176980607800539 0.0069743191438213382 0.051500000118192918
v 0.009096800897351506 0.0070354973254500193 0.05159999994831968
v 0.0083755307611368002 0.007733723957625358 0.051500000118192918
v 0.0084490005694577743 0.0078015633896004336 0.05159999994831968
v 0.0076696208502082227 0.0084342702008936132 0.051500000118192918
v 0.0077368987588908606 0.0085082552931686779 0.05159999994831968
v 0.006905340306235937 0.0090706263562408771 0.051500000118192918
v 0.0069659134598186873 0.0091501932449099474 0.05159999994831968
v 0.0060885065181493329 0.0096379503104178643 0.051500000118192918
v 0.0061419145845990402 0.0097224943185660623 0.05159999994831968
v 0.0052253353772184581 0.010131923409653592 0.051500000118192918
v 0.005271171345732851 0.01022080009532407 0.05159999994831968
v 0.0043223959643118749 0.010548786610931589 0.051500000118192918
v 0.004360311604854724 0.0106413200257787 0.05159999994831968
v 0.0033865604266850118 0.010885367052827003 0.051500000118192918
v 0.0034162672990665326 0.010980852698393734 0.05159999994831968
v 0.002424951504458928 0.011139102898040524 0.051500000118192918
v 0.002446223082135528 0.011236814592468645 0.05159999994831968
v 0.0014448868658891365 0.011308063984064632 0.051500000118192918
v 0.0014575613908132158 0.011407257068536569 0.05159999994831968
v 0.00045382607778367675 0.011390963432626137 0.051500000118192918
v 0.00045780692462966277 0.011490884219105903 0.05159999994831968
v -0.00054068867299381638 0.01138717029186369 0.051500000118192918
v -0.00054543163194567816 0.011487058127760165 0.05159999994831968
v -0.0015310885501515271 0.011296715108133215 0.051500000118192918
v -0.0015445191284271843 0.011395808930304745 0.05159999994831968
v -0.0025098357677067417 0.011120283985409127 0.051500000118192918
v -0.0025318518982147854 0.011217830719937521 0.05159999994831968
v -0.0034694818483816787 0.010859221967344273 0.051500000118192918
v -0.0034999158335777833 0.010954478375304206 0.05159999994831968
v -0.0044027228800262112 0.010515514270096936 0.051500000118192918
v -0.004441343209816641 0.010607755159706625 0.05159999994831968
v -0.0053024567150261846 0.010091776650193271 0.051500000118192918
v -0.0053489696345068623 0.010180301243195725 0.05159999994831968
v -0.0061618354386286933 0.0095912351355610156 0.051500000118192918
v -0.0062158868132978686 0.0096753686940995679 0.05159999994831968
v -0.0069743191438213382 0.0090176980607800539 0.051500000118192918
v -0.0070354973254500193 0.0090968008973515077 0.05159999994831968
v -0.007733723957625358 0.0083755307611368002 0.051500000118192918
v -0.0078015633896004336 0.0084490005694577725 0.05159999994831968
v -0.0084342702008936132 0.0076696208502082235 0.051500000118192918
v -0.0085082552931686779 0.0077368987588908606 0.05159999994831968
v -0.0090706263562408771 0.006905340306235937 0.051500000118192918
v -0.0091501932449099474 0.0069659134598186873 0.05159999994831968
v -0.0096379503104178626 0.0060885065181493321 0.051500000118192918
v -0.0097224943185660623 0.0061419145845990402 0.05159999994831968
v -0.010131923409653592 0.0052253353772184581 0.051500000118192918
v -0.01022080009532407 0.0052711713457328502 0.05159999994831968
v -0.010548786610931589 0.0043223959643118749 0.051500000118192918
v -0.0106413200257787 0.004360311604854724 0.05159999994831968
v -0.010885367052827003 0.0033865604266850118 0.051500000118192918
v -0.010980852698393734 0.003416267299066533 0.05159999994831968
v -0.011139102898040524 0.002424951504458928 0.051500000118192918
v -0.011236814592468643 0.0024462230821355284 0.05159999994831968
v -0.011308063984064632 0.001444886865889136 0.051500000118192918
v -0.011407257068536571 0.0014575613908132158 0.05159999994831968
v -0.011390963432626137 0.00045382607778367669 0.051500000118192918
v -0.011490884219105902 0.00045780692462966266 0.05159999994831968
v -0.01138717029186369 -0.0005406886729938166 0.051500000118192918
v -0.011487058127760165 -0.00054543163194567838 0.05159999994831968
v -0.011296715108133213 -0.0015310885501515312 0.051500000118192918
v -0.011395808930304743 -0.0015445191284271912 0.05159999994831968
v -0.011120283985409129 -0.0025098357677067417 0.051500000118192918
v -0.011217830719937521 -0.002531851898214785 0.05159999994831968
v -0.010859221967344273 -0.0034694818483816787 0.051500000118192918
v -0.010954478375304206 -0.0034999158335777833 0.05159999994831968
v -0.010515514270096938 -0.0044027228800262103 0.051500000118192918
v -0.010607755159706625 -0.004441343209816641 0.05159999994831968
v -0.010091776650193273 -0.0053024567150261846 0.051500000118192918
v -0.010180301243195725 -0.0053489696345068623 0.05159999994831968
v -0.0095912351355610173 -0.0061618354386286933 0.051500000118192918
v -0.0096753686940995662 -0.0062158868132978686 0.05159999994831968
v -0.0090176980607800539 -0.0069743191438213382 0.051500000118192918
v -0.009096800897351506 -0.0070354973254500193 0.05159999994831968
v -0.0083755307611368002 -0.007733723957625358 0.051500000118192918
v -0.0084490005694577743 -0.0078015633896004336 0.05159999994831968
v -0.0076696208502082227 -0.0084342702008936132 0.051500000118192918
v -0.0077368987588908606 -0.0085082552931686779 0.05159999994831968
v -0.006905340306235937 -0.0090706263562408771 0.051500000118192918
v -0.0069659134598186873 -0.0091501932449099474 0.05159999994831968
v -0.0060885065181493329 -0.0096379503104178643 0.051500000118192918
v -0.0061419145845990402 -0.0097224943185660623 0.05159999994831968
v -0.0052253353772184581 -0.010131923409653592 0.051500000118192918
v -0.005271171345732851 -0.01022080009532407 0.05159999994831968
v -0.0043223959643118749 -0.010548786610931589 0.051500000118192918
v -0.004360311604854724 -0.0106413200257787 0.05159999994831968
v -0.0033865604266850118 -0.010885367052827003 0.051500000118192918
v -0.0034162672990665326 -0.010980852698393734 0.05159999994831968
v -0.002424951504458928 -0.011139102898040524 0.051500000118192918
v -0.002446223082135528 -0.011236814592468645 0.05159999994831968
v -0.001444886865889136 -0.011308063984064632 0.051500000118192918
v -0.0014575613908132154 -0.011407257068536569 0.05159999994831968
v -0.00045382607778367653 -0.011390963432626137 0.051500000118192918
v -0.00045780692462966255 -0.011490884219105903 0.05159999994831968
v 0.0005406886729938166 -0.01138717029186369 0.051500000118192918
v 0.00054543163194567838 -0.011487058127760165 0.05159999994831968
v 0.0015310885501514935 -0.011296715108133218 0.051500000118192918
v 0.0015445191284271503 -0.011395808930304748 0.05159999994831968
v 0.0025098357677067417 -0.011120283985409127 0.051500000118192918
v 0.0025318518982147854 -0.011217830719937521 0.05159999994831968
v 0.0034694818483816787 -0.010859221967344273 0.051500000118192918
v 0.0034999158335777833 -0.010954478375304206 0.05159999994831968
v 0.0044027228800262112 -0.010515514270096936 0.051500000118192918
v 0.004441343209816641 -0.010607755159706625 0.05159999994831968
v 0.0053024567150261846 -0.010091776650193271 0.051500000118192918
v 0.0053489696345068623 -0.010180301243195725 0.05159999994831968
v 0.0061618354386286933 -0.0095912351355610156 0.051500000118192918
v 0.0062158868132978686 -0.0096753686940995679 0.05159999994831968
v 0.0069743191438213382 -0.0090176980607800539 0.051500000118192918
v 0.0070354973254500193 -0.0090968008973515077 0.05159999994831968
v 0.007733723957625358 -0.0083755307611368002 0.051500000118192918
v 0.0078015633896004336 -0.0084490005694577725 0.05159999994831968
v 0.0084342702008936132 -0.0076696208502082235 0.051500000118192918
v 0.0085082552931686779 -0.0077368987588908606 0.05159999994831968
v 0.0090706263562408771 -0.006905340306235937 0.051500000118192918
v 0.0091501932449099474 -0.0069659134598186873 0.05159999994831968
v 0.0096379503104178626 -0.0060885065181493321 0.051500000118192918
v 0.0097224943185660623 -0.0061419145845990402 0.05159999994831968
v 0.010131923409653592 -0.0052253353772184581 0.051500000118192918
v 0.01022080009532407 -0.0052711713457328502 0.05159999994831968
v 0.010548786610931589 -0.0043223959643118749 0.051500000118192918
v 0.0106413200257787 -0.004360311604854724 0.05159999994831968
v 0.010885367052827003 -0.0033865604266850118 0.051500000118192918
v 0.010980852698393734 -0.003416267299066533 0.05159999994831968
v 0.011139102898040524 -0.002424951504458928 0.051500000118192918
v 0.011236814592468643 -0.0024462230821355284 0.05159999994831968
v 0.011308063984064632 -0.001444886865889136 0.051500000118192918
v 0.011407257068536571 -0.0014575613908132158 0.05159999994831968
v 0.011390963432626137 -0.0004538260777836768 0.051500000118192918
v 0.011490884219105902 -0.00045780692462966277 0.05159999994831968
v 0.01138717029186369 0.00054068867299381638 0.051500000118192918
v 0.011487058127760165 0.00054543163194567816 0.05159999994831968
v 0.011296715108133213 0.0015310885501515355 0.051500000118192918
v -0.0012751376539759224 -0.0062276820948706738 0.056499999977330392
v -0.0011760438318043922 -0.0062142515165950173 0.05640000014720363
v -0.001383745732449243 -0.0054263473054272753 0.056499999977330392
v -0.0012937663389336394 -0.0053456684260071701 0.05640000014720363
v -0.0011450909417841056 -0.0063859615216984578 0.05640000014720363
v -0.001242637414320768 -0.006407977851657122 0.056499999977330392
v -0.0010992905148044382 -0.0065543203826493677 0.05640000014720363
v -0.0011945468914938168 -0.0065847545985666476 0.056499999977330392
v -0.0010389908957774616 -0.0067180468515767294 0.05640000014720363
v -0.0011312323621900889 -0.0067566672595435473 0.056499999977330392
v -0.00096465102444489551 -0.0068758948764731462 0.05640000014720363
v -0.0010531754179967279 -0.0069224075339620935 0.056499999977330392
v -0.00087683663690134176 -0.0070266634245857475 0.05640000014720363
v -0.00096097037334159062 -0.0070807143534478492 0.056499999977330392
v -0.00077621614047901919 -0.0071692043818613153 0.05640000014720363
v -0.00085531874632929653 -0.0072303825322194417 0.056499999977330392
v -0.00066355530586172259 -0.0073024331115985643 0.05640000014720363
v -0.00073702482092041007 -0.0073702729737454365 0.056499999977330392
v -0.00053971141156073678 -0.0074253361193641022 0.05640000014720363
v -0.00060698880598154391 -0.0074993206720204274 0.056499999977330392
v -0.00040562722993231856 -0.0075369772866754996 0.05640000014720363
v -0.00046620038351506807 -0.007616544175344569 0.056499999977330392
v -0.000262322950637544 -0.0076365080544069097 0.05640000014720363
v -0.00031573084890718588 -0.0077210515698422017 0.056499999977330392
v -0.00011088939802220167 -0.00772316979294528 0.05640000014720363
v -0.00015672571261835736 -0.0078120465255215911 0.056499999977330392
v 4.7520968308063417e-05 -0.0077963038605137506 0.05640000014720363
v 9.605265224104569e-06 -0.0078888368139185087 0.056499999977330392
v 0.00021170261447533796 -0.0078553527924610806 0.05640000014720363
v 0.00018199591513469858 -0.0079508384145748952 0.056499999977330392
v 0.00038040590258940112 -0.0078998675440251059 0.05640000014720363
v 0.0003591344402733887 -0.0079975792228179493 0.056499999977330392
v 0.00055234711318592571 -0.0079295103612211579 0.05640000014720363
v 0.00053967264594213999 -0.0080287034378754563 0.056499999977330392
v 0.00072621738567204533 -0.0079440535691080536 0.05640000014720363
v 0.00072223645230561821 -0.0080439743673142768 0.056499999977330392
v 0.00090069376054083034 -0.0079433888833253408 0.05640000014720363
v 0.0009054365655703254 -0.0080432758002459311 0.056499999977330392
v 0.0010744481382858702 -0.0079275196169929663 0.05640000014720363
v 0.0010878787165615272 -0.0080266134391644966 0.056499999977330392
v 0.0012461581722294603 -0.0078965667230638612 0.05640000014720363
v 0.0012681742064954309 -0.0079941125307987308 0.056499999977330392
v 0.001414517025889146 -0.0078507655921942077 0.05640000014720363
v 0.0014449510976056916 -0.0079460219884276827 0.056499999977330392
v 0.0015782436306731897 -0.0077904665421525314 0.05640000014720363
v 0.0016168639027833262 -0.0078827074395798578 0.056499999977330392
v 0.0017360915773932187 -0.0077161260940170253 0.05640000014720363
v 0.0017826043815133089 -0.0078046507026547562 0.056499999977330392
v 0.0018868598263298889 -0.0076283120994610678 0.05640000014720363
v 0.0019409110279581827 -0.0077124456814525351 0.056499999977330392
v 0.0020294008725563048 -0.0075276918259422829 0.05640000014720363
v 0.0020905789916438764 -0.0076067942010713844 0.056499999977330392
v 0.0021626296863835868 -0.0074150307449685326 0.05640000014720363
v 0.0022304694644404259 -0.0074885005063836741 0.056499999977330392
v 0.0022855326100590925 -0.0072911870970240001 0.05640000014720363
v 0.0023595174090718708 -0.0073584645755348406 0.056499999977330392
v 0.0023971740765464204 -0.007157102522407986 0.05640000014720363
v 0.0024767409652154903 -0.0072176756759907354 0.056499999977330392
v 0.0024967045451019 -0.0070137986361008074 0.05640000014720363
v 0.0025812479139060486 -0.0070672063192845514 0.056499999977330392
v 0.0025833664987261681 -0.0068623649368543226 0.05640000014720363
v 0.002672243016216581 -0.0069082013980816207 0.056499999977330392
v 0.0026565003512087409 -0.0067039547171552005 0.05640000014720363
v 0.0027490335353346751 -0.0067418703889686044 0.056499999977330392
v 0.002715549521694885 -0.006539773097397665 0.05640000014720363
v 0.0028110352200810943 -0.0065694794927015571 0.056499999977330392
v 0.0027600645724348417 -0.0063710694162960055 0.05640000014720363
v 0.0028577760048712317 -0.0063923407945219845 0.056499999977330392
v 0.0027897068128279533 -0.0061991282838758681 0.05640000014720363
v 0.0028889004741028314 -0.0062118027306235606 0.056499999977330392
v 0.0028042506053354275 -0.0060252579908936553 0.05640000014720363
v 0.002904171423085748 -0.0060292390684608173 0.056499999977330392
v 0.0028035852391156456 -0.0058507817963569762 0.05640000014720363
v 0.002903472875561499 -0.0058460390993968448 0.056499999977330392
v 0.002787715976692091 -0.0056770274474520809 0.05640000014720363
v 0.0028868097988636213 -0.0056635968691764235 0.056499999977330392
v -0.0026699934695628437 0.0048084443568642337 0.05640000014720363
v -0.0027782017203903005 0.0048622620797330249 0.056499999977330392
v -0.0030713919217690696 0.0045625159608176907 0.05640000014720363
v -0.0031272353153556014 0.0046454705616912877 0.056499999977330392
v -0.0034502904594726439 0.0042831643199479456 0.05640000014720363
v -0.0035130229358517808 0.0043610400624383679 0.056499999977330392
v -0.0038039133002772921 0.0039724352685222902 0.05640000014720363
v -0.003873075463941915 0.0040446614357039917 0.056499999977330392
v -0.0041296699316029891 0.0036326061061186144 0.05640000014720363
v -0.0042047548721023571 0.0036986531949455095 0.056499999977330392
v -0.004425174191193139 0.0032661651546544252 0.05640000014720363
v -0.0045056316944438466 0.0033255499442097817 0.056499999977330392
v -0.0046882606685679984 0.0028757975525035883 0.05640000014720363
v -0.0047735019132618692 0.0029280848170712449 0.056499999977330392
v -0.0049170025812121558 0.0024643628601169806 0.05640000014720363
v -0.0050064027781768113 0.0025091692407275181 0.056499999977330392
v -0.0051097243010771246 0.0020348748004635226 0.05640000014720363
v -0.0052026285940035789 0.0020718724693738425 0.056499999977330392
v -0.0052650140179934515 0.0015904802760371244 0.05640000014720363
v -0.0053607413938688078 0.0016193980514498006 0.056499999977330392
v -0.0053817339475375828 0.0011344341369651427 0.05640000014720363
v -0.0054795837044539332 0.0011550601308116298 0.056499999977330392
v -0.0054590286851100298 0.0006700776072794362 0.05640000014720363
v -0.0055582839437959154 0.00068226086392288556 0.056499999977330392
v -0.0054963329580553543 0.00020081226980478843 0.05640000014720363
v -0.0055962659253649596 0.00020446346241489294 0.056499999977330392
v -0.0054933725812290777 -0.00026992408795132163 0.05640000014720363
v -0.0055932521833843007 -0.00027483181228667874 0.056499999977330392
v -0.0054501694482811947 -0.00073868305598334281 0.05640000014720363
v -0.0055492632704527249 -0.00075211363425900003 0.056499999977330392
v -0.0053670404772832745 -0.0012020307170196171 0.05640000014720363
v -0.0054646231320940285 -0.0012238858346107614 0.056499999977330392
v -0.0052445942178732429 -0.0016565726797699589 0.05640000014720363
v -0.0053399501140524806 -0.0016866921456787857 0.056499999977330392
v -0.0050837274584001725 -0.0020989791121732502 0.05640000014720363
v -0.0051761590442047176 -0.002137142446211293 0.056499999977330392
v -0.004885619557127862 -0.0025260092312182963 0.05640000014720363
v -0.0049744490722998446 -0.0025719366063343962 0.056499999977330392
v -0.0046517208215936775 -0.0029345346336484973 0.05640000014720363
v -0.0047362974302737233 -0.0029878897223559668 0.056499999977330392
v -0.0043837451582131402 -0.0033215623243320947 0.05640000014720363
v -0.0044634498371829154 -0.0033819543709879838 0.056499999977330392
v -0.0040836556751670189 -0.0036842577294004747 0.05640000014720363
v -0.0041579041625106911 -0.0037512440644839233 0.056499999977330392
v -0.0037536508872466042 -0.0040199632680038341 0.05640000014720363
v -0.0038218992120430963 -0.0040930535819681414 0.056499999977330392
v -0.0033961481600641727 -0.0043262199568183486 0.05640000014720363
v -0.0034578961150320909 -0.0044048784154680802 0.056499999977330392
v -0.0030137659182698727 -0.0046007842653259705 0.05640000014720363
v -0.0030685617722140106 -0.0046844346127420692 0.056499999977330392
v -0.0026093061783014457 -0.004841644310201251 0.05640000014720363
v -0.0026567481897333766 -0.0049296743031571957 0.056499999977330392
v -0.002185731356202399 -0.0050470366835319042 0.05640000014720363
v -0.0022254718443372691 -0.0051388009928460144 0.056499999977330392
v -0.0017461446765719801 -0.0052154557804954893 0.05640000014720363
v -0.0017778927316528259 -0.0053102819973974702 0.056499999977330392
v 0.0026699934695628437 -0.0048084443568642337 0.05640000014720363
v 0.0027782017203903005 -0.0048622620797330249 0.056499999977330392
v -0.0028868097988636213 0.0056635968691764235 0.056499999977330392
v -0.002787715976692091 0.0056770274474520809 0.05640000014720363
v 0.0030713919217690696 -0.0045625159608176907 0.05640000014720363
v 0.0031272353153556014 -0.0046454705616912877 0.056499999977330392
v 0.0034502904594726439 -0.0042831643199479456 0.05640000014720363
v 0.0035130229358517808 -0.0043610400624383679 0.056499999977330392
v 0.0038039133002772921 -0.0039724352685222902 0.05640000014720363
v 0.003873075463941915 -0.0040446614357039917 0.056499999977330392
v 0.0041296699316029891 -0.0036326061061186144 0.05640000014720363
v 0.0042047548721023571 -0.0036986531949455095 0.056499999977330392
v 0.004425174191193139 -0.0032661651546544252 0.05640000014720363
v 0.0045056316944438466 -0.0033255499442097817 0.056499999977330392
v 0.0046882606685679984 -0.0028757975525035883 0.05640000014720363
v 0.0047735019132618692 -0.0029280848170712449 0.056499999977330392
v 0.0049170025812121558 -0.0024643628601169806 0.05640000014720363
v 0.0050064027781768113 -0.0025091692407275181 0.056499999977330392
v 0.0051097243010771246 -0.0020348748004635226 0.05640000014720363
v 0.0052026285940035789 -0.0020718724693738425 0.056499999977330392
v 0.0052650140179934515 -0.0015904802760371244 0.05640000014720363
v 0.0053607413938688078 -0.0016193980514498006 0.056499999977330392
v 0.0053817339475375828 -0.0011344341369651427 0.05640000014720363
v 0.0054795837044539332 -0.0011550601308116298 0.056499999977330392
v 0.0054590286851100298 -0.00067007760727943642 0.05640000014720363
v 0.0055582839437959154 -0.00068226086392288578 0.056499999977330392
v 0.0054963329580553543 -0.00020081226980478854 0.05640000014720363
v 0.0055962659253649596 -0.00020446346241489305 0.056499999977330392
v 0.0054933725812290777 0.00026992408795132152 0.05640000014720363
v 0.0055932521833843007 0.00027483181228667863 0.056499999977330392
v 0.0054501694482811947 0.00073868305598334206 0.05640000014720363
v 0.0055492632704527249 0.00075211363425899927 0.056499999977330392
v 0.0053670404772832745 0.0012020307170196171 0.05640000014720363
v 0.0054646231320940285 0.0012238858346107614 0.056499999977330392
v 0.0052445942178732429 0.0016565726797699589 0.05640000014720363
v 0.0053399501140524806 0.0016866921456787857 0.056499999977330392
v 0.0050837274584001725 0.0020989791121732502 0.05640000014720363
v 0.0051761590442047176 0.002137142446211293 0.056499999977330392
v 0.004885619557127862 0.0025260092312182963 0.05640000014720363
v 0.0049744490722998446 0.0025719366063343962 0.056499999977330392
v 0.0046517208215936775 0.0029345346336484973 0.05640000014720363
v 0.0047362974302737233 0.0029878897223559668 0.056499999977330392
v 0.0043837451582131402 0.0033215623243320947 0.05640000014720363
v 0.0044634498371829154 0.0033819543709879838 0.056499999977330392
v 0.0040836556751670189 0.0036842577294004747 0.05640000014720363
v 0.0041579041625106911 0.0037512440644839233 0.056499999977330392
v 0.0037536508872466042 0.0040199632680038341 0.05640000014720363
v 0.0038218992120430963 0.0040930535819681414 0.056499999977330392
v 0.0033961481600641727 0.0043262199568183486 0.05640000014720363
v 0.0034578961150320909 0.0044048784154680802 0.056499999977330392
v 0.0030137659182698727 0.0046007842653259705 0.05640000014720363
v 0.0030685617722140106 0.0046844346127420692 0.056499999977330392
v 0.0026093061783014457 0.004841644310201251 0.05640000014720363
v 0.0026567481897333766 0.0049296743031571957 0.056499999977330392
v 0.002185731356202399 0.0050470366835319042 0.05640000014720363
v 0.0022254718443372691 0.0051388009928460144 0.056499999977330392
v 0.0017461446765719806 0.0052154557804954893 0.05640000014720363
v 0.0017778927316528263 0.0053102819973974702 0.056499999977330392
v 0.0012937663389336398 0.0053456684260071701 0.05640000014720363
v 0.0013837457324492434 0.0054263473054272753 0.056499999977330392
v 0.0011760438318043926 0.0062142515165950173 0.05640000014720363
v 0.0012751376539759229 0.0062276820948706738 0.056499999977330392
v 0.0011450909417841061 0.0063859615216984578 0.05640000014720363
v 0.0012426374143207684 0.006407977851657122 0.056499999977330392
v 0.0010992905148044386 0.0065543203826493677 0.05640000014720363
v 0.0011945468914938172 0.0065847545985666476 0.056499999977330392
v 0.001038990895777462 0.0067180468515767294 0.05640000014720363
v 0.0011312323621900894 0.0067566672595435473 0.056499999977330392
v 0.00096465102444489572 0.0068758948764731462 0.05640000014720363
v 0.0010531754179967283 0.0069224075339620935 0.056499999977330392
v 0.00087683663690134197 0.0070266634245857475 0.05640000014720363
v 0.00096097037334159083 0.0070807143534478492 0.056499999977330392
v 0.0007762161404790194 0.0071692043818613153 0.05640000014720363
v 0.00085531874632929674 0.0072303825322194417 0.056499999977330392
v 0.0006635553058617228 0.0073024331115985643 0.05640000014720363
v 0.00073702482092041029 0.0073702729737454365 0.056499999977330392
v 0.000539711411560737 0.0074253361193641022 0.05640000014720363
v 0.00060698880598154413 0.0074993206720204274 0.056499999977330392
v 0.00040562722993231877 0.0075369772866754996 0.05640000014720363
v 0.00046620038351506828 0.007616544175344569 0.056499999977330392
v 0.00026232295063754422 0.0076365080544069097 0.05640000014720363
v 0.0003157308489071861 0.0077210515698422017 0.056499999977330392
v 0.00011088939802220191 0.00772316979294528 0.05640000014720363
v 0.00015672571261835764 0.0078120465255215911 0.056499999977330392
v -4.7520968308063159e-05 0.0077963038605137506 0.05640000014720363
v -9.6052652241043115e-06 0.0078888368139185087 0.056499999977330392
v -0.00021170261447533769 0.0078553527924610806 0.05640000014720363
v -0.00018199591513469831 0.0079508384145748952 0.056499999977330392
v -0.0003804059025894009 0.0078998675440251059 0.05640000014720363
v -0.00035913444027338849 0.0079975792228179493 0.056499999977330392
v -0.00055234711318592549 0.0079295103612211579 0.05640000014720363
v -0.00053967264594213978 0.0080287034378754563 0.056499999977330392
v -0.00072621738567204511 0.0079440535691080536 0.05640000014720363
v -0.000722236452305618 0.0080439743673142768 0.056499999977330392
v -0.00090069376054083012 0.0079433888833253408 0.05640000014720363
v -0.00090543656557032519 0.0080432758002459311 0.056499999977330392
v -0.0010744481382858728 0.0079275196169929663 0.05640000014720363
v -0.0010878787165615298 0.0080266134391644966 0.056499999977330392
v -0.0012461581722294599 0.0078965667230638612 0.05640000014720363
v -0.0012681742064954305 0.0079941125307987308 0.056499999977330392
v -0.0014145170258891455 0.0078507655921942077 0.05640000014720363
v -0.0014449510976056912 0.0079460219884276827 0.056499999977330392
v -0.0015782436306731892 0.0077904665421525314 0.05640000014720363
v -0.0016168639027833258 0.0078827074395798578 0.056499999977330392
v -0.0017360915773932182 0.0077161260940170253 0.05640000014720363
v -0.0017826043815133085 0.0078046507026547562 0.056499999977330392
v -0.0018868598263298885 0.0076283120994610678 0.05640000014720363
v -0.0019409110279581822 0.0077124456814525351 0.056499999977330392
v -0.0020294008725563048 0.0075276918259422829 0.05640000014720363
v -0.0020905789916438764 0.0076067942010713844 0.056499999977330392
v -0.0021626296863835868 0.0074150307449685326 0.05640000014720363
v -0.0022304694644404259 0.0074885005063836741 0.056499999977330392
v -0.0022855326100590925 0.0072911870970240001 0.05640000014720363
v -0.0023595174090718708 0.0073584645755348406 0.056499999977330392
v -0.0023971740765464204 0.007157102522407986 0.05640000014720363
v -0.0024767409652154903 0.0072176756759907354 0.056499999977330392
v -0.0024967045451019 0.0070137986361008074 0.05640000014720363
v -0.0025812479139060486 0.0070672063192845514 0.056499999977330392
v -0.0025833664987261681 0.0068623649368543226 0.05640000014720363
v -0.002672243016216581 0.0069082013980816207 0.056499999977330392
v -0.0026565003512087409 0.0067039547171552005 0.05640000014720363
v -0.0027490335353346751 0.0067418703889686044 0.056499999977330392
v -0.002715549521694885 0.006539773097397665 0.05640000014720363
v -0.0028110352200810943 0.0065694794927015571 0.056499999977330392
v -0.0027600645724348417 0.0063710694162960055 0.05640000014720363
v -0.0028577760048712317 0.0063923407945219845 0.056499999977330392
v -0.0027897068128279533 0.0061991282838758681 0.05640000014720363
v -0.0028889004741028314 0.0062118027306235606 0.056499999977330392
v -0.0028042506053354275 0.0060252579908936553 0.05640000014720363
v -0.002904171423085748 0.0060292390684608173 0.056499999977330392
v -0.0028035852391156456 0.0058507817963569762 0.05640000014720363
v -0.002903472875561499 0.0058460390993968448 0.056499999977330392
v -0.011395808930304743 -0.0015445191284271928 0.055500000046248263
v -0.010488183436881317 -0.00049800271579682036 0.056499999977330392
v -0.011487058127760165 -0.00054543163194567838 0.055500000046248263
v -0.010491676260496584 0.0004179977640062744 0.056499999977330392
v -0.011490884219105902 0.00045780692462966266 0.055500000046248263
v -0.010415321640664223 0.0013308169977046948 0.056499999977330392
v -0.011407257068536571 0.0014575613908132158 0.055500000046248263
v -0.010259699619039065 0.0022335079780897889 0.056499999977330392
v -0.011236814592468643 0.0024462230821355284 0.055500000046248263
v -0.010025995570006158 0.0031192005461029462 0.056499999977330392
v -0.010980852698393734 0.003416267299066533 0.055500000046248263
v -0.0097159875979947827 0.0039811540263770921 0.056499999977330392
v -0.0106413200257787 0.004360311604854724 0.055500000046248263
v -0.0093320347091420276 0.0048128086417703799 0.056499999977330392
v -0.01022080009532407 0.0052711713457328502 0.055500000046248263
v -0.0088770600245567429 0.0056078350153780498 0.056499999977330392
v -0.0097224943185660623 0.0061419145845990402 0.055500000046248263
v -0.0083545248822027105 0.0063601823228924331 0.056499999977330392
v -0.0091501932449099474 0.0069659134598186873 0.055500000046248263
v -0.0077684069666807617 0.0070641249592082733 0.056499999977330392
v -0.0085082552931686779 0.0077368987588908606 0.055500000046248263
v -0.00712316655136001 0.0077143047072641057 0.056499999977330392
v -0.0078015633896004336 0.0084490005694577725 0.055500000046248263
v -0.0064237148364429432 0.008305774502488603 0.056499999977330392
v -0.0070354973254500193 0.0090968008973515077 0.055500000046248263
v -0.0056753747872932987 0.0088340319356649145 0.056499999977330392
v -0.0062158868132978686 0.0096753686940995679 0.055500000046248263
v -0.0048838416127492236 0.0092950570338583803 0.056499999977330392
v -0.0053489696345068623 0.010180301243195725 0.055500000046248263
v -0.0040551395172224117 0.0096853416179156753 0.056499999977330392
v -0.004441343209816641 0.010607755159706625 0.055500000046248263
v -0.0031955752894532092 0.010001914389516534 0.056499999977330392
v -0.0034999158335777833 0.010954478375304206 0.055500000046248263
v -0.0023116909204223472 0.010242367089645318 0.056499999977330392
v -0.0025318518982147854 0.011217830719937521 0.055500000046248263
v -0.0014102130955061887 0.010404868862820034 0.056499999977330392
v -0.0015445191284272008 0.011395808930304742 0.055500000046248263
v -0.00049800271579682025 0.010488183436881317 0.056499999977330392
v -0.00054543163194567816 0.011487058127760165 0.055500000046248263
v 0.00041799776400627472 0.010491676260496586 0.056499999977330392
v 0.00045780692462966277 0.011490884219105903 0.055500000046248263
v 0.001330816997704695 0.010415321640664225 0.056499999977330392
v 0.0014575613908132158 0.011407257068536569 0.055500000046248263
v 0.0022335079780897893 0.010259699619039065 0.056499999977330392
v 0.002446223082135528 0.011236814592468645 0.055500000046248263
v 0.0031192005461029466 0.010025995570006158 0.056499999977330392
v 0.0034162672990665326 0.010980852698393734 0.055500000046248263
v 0.0039811540263770921 0.0097159875979947845 0.056499999977330392
v 0.004360311604854724 0.0106413200257787 0.055500000046248263
v 0.0048128086417703799 0.0093320347091420276 0.056499999977330392
v 0.005271171345732851 0.01022080009532407 0.055500000046248263
v 0.0056078350153780498 0.0088770600245567429 0.056499999977330392
v 0.0061419145845990402 0.0097224943185660623 0.055500000046248263
v 0.0063601823228924331 0.0083545248822027105 0.056499999977330392
v 0.0069659134598186873 0.0091501932449099474 0.055500000046248263
v 0.0070641249592082742 0.0077684069666807617 0.056499999977330392
v 0.0077368987588908606 0.0085082552931686779 0.055500000046248263
v 0.0077143047072641049 0.00712316655136001 0.056499999977330392
v 0.0084490005694577743 0.0078015633896004336 0.055500000046248263
v 0.008305774502488603 0.0064237148364429432 0.056499999977330392
v 0.009096800897351506 0.0070354973254500193 0.055500000046248263
v 0.0088340319356649145 0.0056753747872932987 0.056499999977330392
v 0.0096753686940995662 0.0062158868132978686 0.055500000046248263
v 0.0092950570338583786 0.0048838416127492236 0.056499999977330392
v 0.010180301243195725 0.0053489696345068623 0.055500000046248263
v 0.0096853416179156753 0.0040551395172224117 0.056499999977330392
v 0.010607755159706625 0.004441343209816641 0.055500000046248263
v 0.010001914389516534 0.0031955752894532092 0.056499999977330392
v 0.010954478375304206 0.0034999158335777833 0.055500000046248263
v 0.010242367089645318 0.0023116909204223472 0.056499999977330392
v 0.011217830719937521 0.002531851898214785 0.055500000046248263
v 0.010404868862820032 0.0014102130955062056 0.056499999977330392
v 0.01139580893030474 0.0015445191284272194 0.055500000046248263
v 0.010488183436881317 0.00049800271579682014 0.056499999977330392
v 0.011487058127760165 0.00054543163194567816 0.055500000046248263
v 0.010491676260496584 -0.00041799776400627451 0.056499999977330392
v 0.011490884219105902 -0.00045780692462966277 0.055500000046248263
v 0.010415321640664223 -0.0013308169977046948 0.056499999977330392
v 0.011407257068536571 -0.0014575613908132158 0.055500000046248263
v 0.010259699619039065 -0.0022335079780897889 0.056499999977330392
v 0.011236814592468643 -0.0024462230821355284 0.055500000046248263
v 0.010025995570006158 -0.0031192005461029462 0.056499999977330392
v 0.010980852698393734 -0.003416267299066533 0.055500000046248263
v 0.0097159875979947827 -0.0039811540263770921 0.056499999977330392
v 0.0106413200257787 -0.004360311604854724 0.055500000046248263
v 0.0093320347091420276 -0.0048128086417703799 0.056499999977330392
v 0.01022080009532407 -0.0052711713457328502 0.055500000046248263
v 0.0088770600245567429 -0.0056078350153780498 0.056499999977330392
v 0.0097224943185660623 -0.0061419145845990402 0.055500000046248263
v 0.0083545248822027105 -0.0063601823228924331 0.056499999977330392
v 0.0091501932449099474 -0.0069659134598186873 0.055500000046248263
v 0.0077684069666807617 -0.0070641249592082733 0.056499999977330392
v 0.0085082552931686779 -0.0077368987588908606 0.055500000046248263
v 0.00712316655136001 -0.0077143047072641057 0.056499999977330392
v 0.0078015633896004336 -0.0084490005694577725 0.055500000046248263
v 0.0064237148364429432 -0.008305774502488603 0.056499999977330392
v 0.0070354973254500193 -0.0090968008973515077 0.055500000046248263
v 0.0056753747872932987 -0.0088340319356649145 0.056499999977330392
v 0.0062158868132978686 -0.0096753686940995679 0.055500000046248263
v 0.0048838416127492236 -0.0092950570338583803 0.056499999977330392
v 0.0053489696345068623 -0.010180301243195725 0.055500000046248263
v 0.0040551395172224117 -0.0096853416179156753 0.056499999977330392
v 0.004441343209816641 -0.010607755159706625 0.055500000046248263
v 0.0031955752894532092 -0.010001914389516534 0.056499999977330392
v 0.0034999158335777833 -0.010954478375304206 0.055500000046248263
v 0.0023116909204223472 -0.010242367089645318 0.056499999977330392
v 0.0025318518982147854 -0.011217830719937521 0.055500000046248263
v 0.0014102130955062201 -0.01040486886282003 0.056499999977330392
v 0.0015445191284272353 -0.011395808930304738 0.055500000046248263
v 0.00049800271579682046 -0.010488183436881317 0.056499999977330392
v 0.00054543163194567838 -0.011487058127760165 0.055500000046248263
v -0.00041799776400627451 -0.010491676260496586 0.056499999977330392
v -0.00045780692462966255 -0.011490884219105903 0.055500000046248263
v -0.0013308169977046945 -0.010415321640664225 0.056499999977330392
v -0.0014575613908132154 -0.011407257068536569 0.055500000046248263
v -0.0022335079780897893 -0.010259699619039065 0.056499999977330392
v -0.002446223082135528 -0.011236814592468645 0.055500000046248263
v -0.0031192005461029466 -0.010025995570006158 0.056499999977330392
v -0.0034162672990665326 -0.010980852698393734 0.055500000046248263
v -0.0039811540263770921 -0.0097159875979947845 0.056499999977330392
v -0.004360311604854724 -0.0106413200257787 0.055500000046248263
v -0.0048128086417703799 -0.0093320347091420276 0.056499999977330392
v -0.005271171345732851 -0.01022080009532407 0.055500000046248263
v -0.0056078350153780498 -0.0088770600245567429 0.056499999977330392
v -0.0061419145845990402 -0.0097224943185660623 0.055500000046248263
v -0.0063601823228924331 -0.0083545248822027105 0.056499999977330392
v -0.0069659134598186873 -0.0091501932449099474 0.055500000046248263
v -0.0070641249592082742 -0.0077684069666807617 0.056499999977330392
v -0.0077368987588908606 -0.0085082552931686779 0.055500000046248263
v -0.0077143047072641049 -0.00712316655136001 0.056499999977330392
v -0.0084490005694577743 -0.0078015633896004336 0.055500000046248263
v -0.008305774502488603 -0.0064237148364429432 0.056499999977330392
v -0.009096800897351506 -0.0070354973254500193 0.055500000046248263
v -0.0088340319356649145 -0.0056753747872932987 0.056499999977330392
v -0.0096753686940995662 -0.0062158868132978686 0.055500000046248263
v -0.0092950570338583786 -0.0048838416127492236 0.056499999977330392
v -0.010180301243195725 -0.0053489696345068623 0.055500000046248263
v -0.0096853416179156753 -0.0040551395172224117 0.056499999977330392
v -0.010607755159706625 -0.004441343209816641 0.055500000046248263
v -0.010001914389516534 -0.0031955752894532092 0.056499999977330392
v -0.010954478375304206 -0.0034999158335777833 0.055500000046248263
v -0.010242367089645318 -0.0023116909204223472 0.056499999977330392
v -0.011217830719937521 -0.002531851898214785 0.055500000046248263
v -0.010404868862820035 -0.0014102130955061835 0.056499999977330392
v 0.0074320491218082601 0.0010072950592842549 0.049000000144968435
v 0.0068282448802443286 0.0015411273011286014 0.048499999597350761
v 0.0073159766914816108 0.0016512078188649676 0.049000000144968435
v 0.0066679432391843502 0.0021303835295426836 0.048499999597350761
v 0.0071442247550005562 0.0022825538544244488 0.049000000144968435
v 0.0064568942529179066 0.0027034263624214341 0.048499999597350761
v 0.0069181010238133821 0.0028965282087185487 0.049000000144968435
v 0.0061967050072906727 0.0032558943732864968 0.048499999597350761
v 0.0066393266505169937 0.0034884583216242067 0.049000000144968435
v 0.0058893546342001276 0.0037835831146218069 0.048499999597350761
v 0.0063100230134174543 0.0040538391276240919 0.049000000144968435
v 0.0055371829808120322 0.0042824767114427462 0.048499999597350761
v 0.005932695748071687 0.0045883676626839983 0.049000000144968435
v 0.0051428696510286203 0.0047487776800596362 0.048499999597350761
v 0.0055102175821254542 0.0050879760991798485 0.049000000144968435
v 0.0047094161988768674 0.0051789377614319477 0.048499999597350761
v 0.0050458030987181601 0.0055488619246759048 0.049000000144968435
v 0.0042401215485949554 0.005569683254801807 0.048499999597350761
v 0.004542987316508703 0.0059675176981471558 0.049000000144968435
v 0.0037385565856456917 0.0059180395340817735 0.048499999597350761
v 0.0040055963702561878 0.0063407566810864333 0.049000000144968435
v 0.0032085391153606232 0.0062213563189472349 0.048499999597350761
v 0.0034377204673418588 0.0066657390120382553 0.049000000144968435
v 0.0026541028380655117 0.0064773250861768928 0.048499999597350761
v 0.0028436814591242619 0.0069399908073559434 0.049000000144968435
v 0.0020794669538282389 0.006683997036247254 0.048499999597350761
v 0.0022280003303100323 0.0071614256004410423 0.049000000144968435
v 0.0014890052001253944 0.0068398000432307593 0.048499999597350761
v 0.001595362814689374 0.0073283570685031968 0.049000000144968435
v 0.00088721139110369582 0.0069435476118404581 0.048499999597350761
v 0.00095058358765795644 0.0074395153257766312 0.049000000144968435
v 0.00027866509585658064 0.0069944511427475322 0.048499999597350761
v 0.00029856985406997251 0.0074940546762451163 0.049000000144968435
v -0.00033200183137825016 0.0069921224450683285 0.048499999597350761
v -0.00035571626061253216 0.0074915597944165717 0.049000000144968435
v -0.00094014210536485566 0.0069365795495082583 0.048499999597350761
v -0.001007295059284251 0.007432049121808261 0.049000000144968435
v -0.0015411273011286012 0.0068282448802443286 0.048499999597350761
v -0.0016512078188649672 0.0073159766914816116 0.049000000144968435
v -0.0021303835295426836 0.0066679432391843502 0.048499999597350761
v -0.0022825538544244484 0.0071442247550005562 0.049000000144968435
v -0.0027034263624214341 0.0064568942529179066 0.048499999597350761
v -0.0028965282087185487 0.0069181010238133812 0.049000000144968435
v -0.0032558943732864968 0.0061967050072906727 0.048499999597350761
v -0.0034884583216242067 0.0066393266505169937 0.049000000144968435
v -0.0037835831146218069 0.0058893546342001276 0.048499999597350761
v -0.0040538391276240928 0.0063100230134174543 0.049000000144968435
v -0.0042824767114427462 0.0055371829808120322 0.048499999597350761
v -0.0045883676626839983 0.005932695748071687 0.049000000144968435
v -0.0047487776800596362 0.0051428696510286195 0.048499999597350761
v -0.0050879760991798485 0.0055102175821254533 0.049000000144968435
v -0.0051789377614319468 0.0047094161988768674 0.048499999597350761
v -0.0055488619246759048 0.005045803098718161 0.049000000144968435
v -0.005569683254801807 0.0042401215485949554 0.048499999597350761
v -0.0059675176981471567 0.004542987316508703 0.049000000144968435
v -0.0059180395340817735 0.0037385565856456922 0.048499999597350761
v -0.0063407566810864333 0.0040055963702561878 0.049000000144968435
v -0.0062213563189472349 0.0032085391153606232 0.048499999597350761
v -0.0066657390120382553 0.0034377204673418584 0.049000000144968435
v -0.0064773250861768928 0.0026541028380655117 0.048499999597350761
v -0.0069399908073559434 0.0028436814591242619 0.049000000144968435
v -0.006683997036247254 0.0020794669538282389 0.048499999597350761
v -0.0071614256004410414 0.0022280003303100323 0.049000000144968435
v -0.0068398000432307602 0.0014890052001253942 0.048499999597350761
v -0.0073283570685031968 0.0015953628146893738 0.049000000144968435
v -0.0069435476118404581 0.00088721139110369571 0.048499999597350761
v -0.0074395153257766312 0.00095058358765795622 0.049000000144968435
v -0.006994451142747533 0.00027866509585658037 0.048499999597350761
v -0.0074940546762451172 0.00029856985406997229 0.049000000144968435
v -0.0069921224450683285 -0.00033200183137825027 0.048499999597350761
v -0.0074915597944165717 -0.00035571626061253238 0.049000000144968435
v -0.0069365795495082575 -0.00094014210536485826 0.048499999597350761
v -0.0074320491218082601 -0.0010072950592842555 0.049000000144968435
v -0.0068282448802443286 -0.0015411273011286014 0.048499999597350761
v -0.0073159766914816108 -0.0016512078188649676 0.049000000144968435
v -0.0066679432391843502 -0.0021303835295426836 0.048499999597350761
v -0.0071442247550005562 -0.0022825538544244488 0.049000000144968435
v -0.0064568942529179066 -0.0027034263624214341 0.048499999597350761
v -0.0069181010238133821 -0.0028965282087185487 0.049000000144968435
v -0.0061967050072906727 -0.0032558943732864968 0.048499999597350761
v -0.0066393266505169937 -0.0034884583216242067 0.049000000144968435
v -0.0058893546342001276 -0.0037835831146218069 0.048499999597350761
v -0.0063100230134174543 -0.0040538391276240919 0.049000000144968435
v -0.0055371829808120322 -0.0042824767114427462 0.048499999597350761
v -0.005932695748071687 -0.0045883676626839983 0.049000000144968435
v -0.0051428696510286203 -0.0047487776800596362 0.048499999597350761
v -0.0055102175821254542 -0.0050879760991798485 0.049000000144968435
v -0.0047094161988768674 -0.0051789377614319477 0.048499999597350761
v -0.0050458030987181601 -0.0055488619246759048 0.049000000144968435
v -0.0042401215485949554 -0.005569683254801807 0.048499999597350761
v -0.004542987316508703 -0.0059675176981471558 0.049000000144968435
v -0.0037385565856456917 -0.0059180395340817735 0.048499999597350761
v -0.0040055963702561878 -0.0063407566810864333 0.049000000144968435
v -0.0032085391153606232 -0.0062213563189472349 0.048499999597350761
v -0.0034377204673418588 -0.0066657390120382553 0.049000000144968435
v -0.0026541028380655117 -0.0064773250861768928 0.048499999597350761
v -0.0028436814591242619 -0.0069399908073559434 0.049000000144968435
v -0.0020794669538282389 -0.006683997036247254 0.048499999597350761
v -0.0022280003303100323 -0.0071614256004410423 0.049000000144968435
v -0.001489005200125394 -0.0068398000432307593 0.048499999597350761
v -0.0015953628146893736 -0.0073283570685031968 0.049000000144968435
v -0.0008872113911036956 -0.0069435476118404581 0.048499999597350761
v -0.00095058358765795622 -0.0074395153257766312 0.049000000144968435
v -0.00027866509585658042 -0.0069944511427475322 0.048499999597350761
v -0.00029856985406997229 -0.0074940546762451163 0.049000000144968435
v 0.00033200183137825038 -0.0069921224450683285 0.048499999597350761
v 0.00035571626061253238 -0.0074915597944165717 0.049000000144968435
v 0.00094014210536483484 -0.006936579549508261 0.048499999597350761
v 0.0010072950592842289 -0.0074320491218082636 0.049000000144968435
v 0.0015411273011286016 -0.0068282448802443286 0.048499999597350761
v 0.0016512078188649676 -0.0073159766914816116 0.049000000144968435
v 0.0021303835295426836 -0.0066679432391843502 0.048499999597350761
v 0.0022825538544244484 -0.0071442247550005562 0.049000000144968435
v 0.0027034263624214341 -0.0064568942529179066 0.048499999597350761
v 0.0028965282087185487 -0.0069181010238133812 0.049000000144968435
v 0.0032558943732864968 -0.0061967050072906727 0.048499999597350761
v 0.0034884583216242067 -0.0066393266505169937 0.049000000144968435
v 0.0037835831146218069 -0.0058893546342001276 0.048499999597350761
v 0.0040538391276240928 -0.0063100230134174543 0.049000000144968435
v 0.0042824767114427462 -0.0055371829808120322 0.048499999597350761
v 0.0045883676626839983 -0.005932695748071687 0.049000000144968435
v 0.0047487776800596362 -0.0051428696510286195 0.048499999597350761
v 0.0050879760991798485 -0.0055102175821254533 0.049000000144968435
v 0.0051789377614319468 -0.0047094161988768674 0.048499999597350761
v 0.0055488619246759048 -0.005045803098718161 0.049000000144968435
v 0.005569683254801807 -0.0042401215485949554 0.048499999597350761
v 0.0059675176981471567 -0.004542987316508703 0.049000000144968435
v 0.0059180395340817735 -0.0037385565856456922 0.048499999597350761
v 0.0063407566810864333 -0.0040055963702561878 0.049000000144968435
v 0.0062213563189472349 -0.0032085391153606232 0.048499999597350761
v 0.0066657390120382553 -0.0034377204673418584 0.049000000144968435
v 0.0064773250861768928 -0.0026541028380655117 0.048499999597350761
v 0.0069399908073559434 -0.0028436814591242619 0.049000000144968435
v 0.006683997036247254 -0.0020794669538282389 0.048499999597350761
v 0.0071614256004410414 -0.0022280003303100323 0.049000000144968435
v 0.0068398000432307602 -0.0014890052001253942 0.048499999597350761
v 0.0073283570685031968 -0.0015953628146893738 0.049000000144968435
v 0.0069435476118404581 -0.00088721139110369592 0.048499999597350761
v 0.0074395153257766312 -0.00095058358765795644 0.049000000144968435
v 0.006994451142747533 -0.00027866509585658047 0.048499999597350761
v 0.0074940546762451172 -0.0002985698540699724 0.049000000144968435
v 0.0069921224450683285 0.00033200183137825016 0.048499999597350761
v 0.0074915597944165717 0.00035571626061253227 0.049000000144968435
v 0.0069365795495082575 0.00094014210536486076 0.048499999597350761
v 0.0049546994145388398 0.00067153003952283654 0.042999999627153063
v 0.0043895858318755542 0.0009907246547664777 0.042499999545196676
v 0.0048773176392040169 0.0011008052013429907 0.042999999627153063
v 0.0042865346746775038 0.0013695322414939901 0.042499999545196676
v 0.0047628166597537009 0.0015217025712365711 0.042999999627153063
v 0.0041508608911534402 0.0017379169627557952 0.042499999545196676
v 0.0046120676620489149 0.0019310188090529096 0.042999999627153063
v 0.0039835958057332548 0.0020930749679580799 0.042499999545196676
v 0.0044262179260372049 0.0023256388634763118 0.042999999627153063
v 0.0037860136140923655 0.002432303520774364 0.042499999545196676
v 0.0042066820089449695 0.0027025594184160616 0.042999999627153063
v 0.003559617685818299 0.0027530205827367188 0.042499999545196676
v 0.0039551306525285749 0.0030589117959697021 0.042999999627153063
v 0.0033061306877079778 0.0030527856782702422 0.042499999545196676
v 0.0036734783880836355 0.0033919840661198989 0.042999999627153063
v 0.0030274818991210205 0.0033293172072038891 0.042499999545196676
v 0.0033638687989623142 0.0036992413704478471 0.042999999627153063
v 0.0027257923101249738 0.0035805105140916012 0.042499999545196676
v 0.0030286580780387214 0.00397834495743695 0.042999999627153063
v 0.002403357862043837 0.0038044540610502058 0.042499999545196676
v 0.0026703976466543318 0.0042271712080548659 0.042999999627153063
v 0.0020626322616427821 0.0039994435456556588 0.042499999545196676
v 0.0022918136448945724 0.0044438260080255036 0.042999999627153063
v 0.0017062087980597672 0.0041639947088806311 0.042499999545196676
v 0.0018957876185691379 0.004626660692051413 0.042999999627153063
v 0.0013368002924188161 0.0042968551850688513 0.042499999545196676
v 0.0014853335535400217 0.0047742837336273609 0.042999999627153063
v 0.0009572177138300683 0.0043970140565249777 0.042499999545196676
v 0.0010635751504923501 0.0048855715276044896 0.042999999627153063
v 0.00057035011507010791 0.0044637094723313899 0.042499999545196676
v 0.00063372231162436832 0.004959677186267563 0.042999999627153063
v 0.00017914189131419241 0.0044964326149160181 0.042499999545196676
v 0.00019904652930618046 0.0049960366020383156 0.042999999627153063
v -0.00021342974288713403 0.0044949356905094745 0.042499999545196676
v -0.00023714414328126904 0.0049943730437665371 0.042999999627153063
v -0.00060437702306232876 0.0044592293807964858 0.042499999545196676
v -0.00067153003952283416 0.0049546994145388407 0.042999999627153063
v -0.00099072465476647748 0.0043895858318755542 0.042499999545196676
v -0.0011008052013429905 0.0048773176392040169 0.042999999627153063
v -0.0013695322414939899 0.0042865346746775038 0.042499999545196676
v -0.0015217025712365708 0.0047628166597537009 0.042999999627153063
v -0.0017379169627557949 0.0041508608911534402 0.042499999545196676
v -0.0019310188090529094 0.0046120676620489149 0.042999999627153063
v -0.0020930749679580799 0.0039835958057332557 0.042499999545196676
v -0.0023256388634763118 0.0044262179260372058 0.042999999627153063
v -0.002432303520774364 0.0037860136140923655 0.042499999545196676
v -0.0027025594184160616 0.0042066820089449695 0.042999999627153063
v -0.0027530205827367188 0.0035596176858182994 0.042499999545196676
v -0.0030589117959697021 0.0039551306525285757 0.042999999627153063
v -0.0030527856782702418 0.0033061306877079778 0.042499999545196676
v -0.0033919840661198989 0.003673478388083636 0.042999999627153063
v -0.0033293172072038891 0.0030274818991210205 0.042499999545196676
v -0.0036992413704478471 0.0033638687989623142 0.042999999627153063
v -0.0035805105140916012 0.0027257923101249738 0.042499999545196676
v -0.00397834495743695 0.0030286580780387214 0.042999999627153063
v -0.0038044540610502058 0.0024033578620438366 0.042499999545196676
v -0.0042271712080548659 0.0026703976466543322 0.042999999627153063
v -0.0039994435456556588 0.0020626322616427821 0.042499999545196676
v -0.0044438260080255036 0.0022918136448945724 0.042999999627153063
v -0.0041639947088806311 0.001706208798059767 0.042499999545196676
v -0.004626660692051413 0.0018957876185691379 0.042999999627153063
v -0.0042968551850688513 0.0013368002924188161 0.042499999545196676
v -0.0047742837336273609 0.0014853335535400215 0.042999999627153063
v -0.0043970140565249777 0.00095721771383006809 0.042499999545196676
v -0.0048855715276044896 0.0010635751504923499 0.042999999627153063
v -0.004463709472331389 0.0005703501150701077 0.042499999545196676
v -0.004959677186267563 0.00063372231162436821 0.042999999627153063
v -0.0044964326149160181 0.00017914189131419214 0.042499999545196676
v -0.0049960366020383156 0.00019904652930618024 0.042999999627153063
v -0.0044949356905094745 -0.00021342974288713422 0.042499999545196676
v -0.0049943730437665371 -0.00023714414328126923 0.042999999627153063
v -0.0044592293807964858 -0.00060437702306233027 0.042499999545196676
v -0.0049546994145388398 -0.0006715300395228372 0.042999999627153063
v -0.0043895858318755542 -0.0009907246547664777 0.042499999545196676
v -0.0048773176392040169 -0.0011008052013429907 0.042999999627153063
v -0.0042865346746775038 -0.0013695322414939901 0.042499999545196676
v -0.0047628166597537009 -0.0015217025712365711 0.042999999627153063
v -0.0041508608911534402 -0.0017379169627557952 0.042499999545196676
v -0.0046120676620489149 -0.0019310188090529096 0.042999999627153063
v -0.0039835958057332548 -0.0020930749679580799 0.042499999545196676
v -0.0044262179260372049 -0.0023256388634763118 0.042999999627153063
v -0.0037860136140923655 -0.002432303520774364 0.042499999545196676
v -0.0042066820089449695 -0.0027025594184160616 0.042999999627153063
v -0.003559617685818299 -0.0027530205827367188 0.042499999545196676
v -0.0039551306525285749 -0.0030589117959697021 0.042999999627153063
v -0.0033061306877079778 -0.0030527856782702422 0.042499999545196676
v -0.0036734783880836355 -0.0033919840661198989 0.042999999627153063
v -0.0030274818991210205 -0.0033293172072038891 0.042499999545196676
v -0.0033638687989623142 -0.0036992413704478471 0.042999999627153063
v -0.0027257923101249738 -0.0035805105140916012 0.042499999545196676
v -0.0030286580780387214 -0.00397834495743695 0.042999999627153063
v -0.002403357862043837 -0.0038044540610502058 0.042499999545196676
v -0.0026703976466543318 -0.0042271712080548659 0.042999999627153063
v -0.0020626322616427821 -0.0039994435456556588 0.042499999545196676
v -0.0022918136448945724 -0.0044438260080255036 0.042999999627153063
v -0.0017062087980597668 -0.0041639947088806311 0.042499999545196676
v -0.0018957876185691374 -0.004626660692051413 0.042999999627153063
v -0.0013368002924188157 -0.0042968551850688513 0.042499999545196676
v -0.0014853335535400213 -0.0047742837336273609 0.042999999627153063
v -0.00095721771383006809 -0.0043970140565249777 0.042499999545196676
v -0.0010635751504923497 -0.0048855715276044896 0.042999999627153063
v -0.0005703501150701077 -0.0044637094723313899 0.042499999545196676
v -0.0006337223116243681 -0.004959677186267563 0.042999999627153063
v -0.00017914189131419214 -0.0044964326149160181 0.042499999545196676
v -0.00019904652930618019 -0.0049960366020383156 0.042999999627153063
v 0.0002134297428871343 -0.0044949356905094745 0.042499999545196676
v 0.00023714414328126931 -0.0049943730437665371 0.042999999627153063
v 0.00060437702306231531 -0.0044592293807964884 0.042499999545196676
v 0.0006715300395228192 -0.0049546994145388424 0.042999999627153063
v 0.00099072465476647792 -0.0043895858318755542 0.042499999545196676
v 0.0011008052013429909 -0.0048773176392040169 0.042999999627153063
v 0.0013695322414939903 -0.0042865346746775038 0.042499999545196676
v 0.0015217025712365713 -0.0047628166597537009 0.042999999627153063
v 0.0017379169627557954 -0.0041508608911534402 0.042499999545196676
v 0.0019310188090529098 -0.0046120676620489149 0.042999999627153063
v 0.0020930749679580799 -0.0039835958057332557 0.042499999545196676
v 0.0023256388634763118 -0.0044262179260372058 0.042999999627153063
v 0.002432303520774364 -0.0037860136140923655 0.042499999545196676
v 0.0027025594184160616 -0.0042066820089449695 0.042999999627153063
v 0.0027530205827367188 -0.0035596176858182994 0.042499999545196676
v 0.0030589117959697021 -0.0039551306525285757 0.042999999627153063
v 0.0030527856782702418 -0.0033061306877079778 0.042499999545196676
v 0.0033919840661198989 -0.003673478388083636 0.042999999627153063
v 0.0033293172072038891 -0.0030274818991210205 0.042499999545196676
v 0.0036992413704478471 -0.0033638687989623142 0.042999999627153063
v 0.0035805105140916012 -0.0027257923101249738 0.042499999545196676
v 0.00397834495743695 -0.0030286580780387214 0.042999999627153063
v 0.0038044540610502058 -0.0024033578620438366 0.042499999545196676
v 0.0042271712080548659 -0.0026703976466543322 0.042999999627153063
v 0.0039994435456556588 -0.0020626322616427821 0.042499999545196676
v 0.0044438260080255036 -0.0022918136448945724 0.042999999627153063
v 0.0041639947088806311 -0.001706208798059767 0.042499999545196676
v 0.004626660692051413 -0.0018957876185691379 0.042999999627153063
v 0.0042968551850688513 -0.0013368002924188161 0.042499999545196676
v 0.0047742837336273609 -0.0014853335535400215 0.042999999627153063
v 0.0043970140565249777 -0.0009572177138300683 0.042499999545196676
v 0.0048855715276044896 -0.0010635751504923499 0.042999999627153063
v 0.004463709472331389 -0.00057035011507010791 0.042499999545196676
v 0.004959677186267563 -0.00063372231162436843 0.042999999627153063
v 0.0044964326149160181 -0.00017914189131419225 0.042499999545196676
v 0.0049960366020383156 -0.00019904652930618035 0.042999999627153063
v 0.0044949356905094745 0.00021342974288713411 0.042499999545196676
v 0.0049943730437665371 0.00023714414328126912 0.042999999627153063
v 0.0044592293807964858 0.0006043770230623319 0.042499999545196676
v -0.0020809737264197718 -0.00028204261284712524 0.05400000003320974
v -0.0020809737264197718 -0.00028204261284712573 0.042499999545196676
v -0.0020976367796647338 -9.9600555667586131e-05 0.05400000003320974
v -0.0020976367796647338 -9.9600555667586131e-05 0.042499999545196676
v -0.0020983353467330791 8.3599557597121061e-05 0.05400000003320974
v -0.0020983353467330791 8.3599557597121061e-05 0.042499999545196676
v -0.0020830644172942594 0.00026616336396059932 0.05400000003320974
v -0.0020830644172942594 0.00026616336396059932 0.042499999545196676
v -0.0020519399715155759 0.0004467016008999056 0.05400000003320974
v -0.0020519399715155759 0.0004467016008999056 0.042499999545196676
v -0.0020051991632725223 0.00062384012603859576 0.05400000003320974
v -0.0020051991632725223 0.00062384012603859576 0.042499999545196676
v -0.0019431974472555484 0.00079623079158446712 0.05400000003320974
v -0.0019431974472555484 0.00079623079158446712 0.042499999545196676
v -0.0018664069281374542 0.00096256180069748413 0.05400000003320974
v -0.0018664069281374542 0.00096256180069748413 0.042499999545196676
v -0.0017754118570974765 0.0011215669526215902 0.05400000003320974
v -0.0017754118570974765 0.0011215669526215902 0.042499999545196676
v -0.0016709049240421958 0.0012720364246883624 0.05400000003320974
v -0.0016709049240421958 0.0012720364246883624 0.042499999545196676
v -0.0015536813053574664 0.0014128248627901156 0.05400000003320974
v -0.0015536813053574664 0.0014128248627901156 0.042499999545196676
v -0.0014246333763612989 0.0015428609089995369 0.05400000003320974
v -0.0014246333763612989 0.0015428609089995369 0.042499999545196676
v -0.0012847429348353044 0.0016611548344084234 0.05400000003320974
v -0.0012847429348353044 0.0016611548344084234 0.042499999545196676
v -0.001135074986784888 0.0017668064301501626 0.05400000003320974
v -0.001135074986784888 0.0017668064301501626 0.042499999545196676
v -0.00097676834034001424 0.0018590114513523835 0.05400000003320974
v -0.00097676834034001424 0.0018590114513523835 0.042499999545196676
v -0.00081102789288058671 0.0019370684189986608 0.05400000003320974
v -0.00081102789288058671 0.0019370684189986608 0.042499999545196676
v -0.00063911508770295199 0.0020003829678464854 0.05400000003320974
v -0.00063911508770295199 0.0020003829678464854 0.042499999545196676
v -0.00046233819659269131 0.0020484735102175339 0.05400000003320974
v -0.00046233819659269131 0.0020484735102175339 0.042499999545196676
v -0.00028204261284712584 0.0020809737264197718 0.05400000003320974
v -0.00028204261284712584 0.0020809737264197718 0.042499999545196676
v -9.9600555667585941e-05 0.0020976367796647338 0.05400000003320974
v -9.9600555667585941e-05 0.0020976367796647338 0.042499999545196676
v 8.3599557597121264e-05 0.0020983353467330791 0.05400000003320974
v 8.3599557597121264e-05 0.0020983353467330791 0.042499999545196676
v 0.00026616336396059954 0.0020830644172942598 0.05400000003320974
v 0.00026616336396059954 0.0020830644172942598 0.042499999545196676
v 0.00044670160089990577 0.0020519399715155759 0.05400000003320974
v 0.00044670160089990577 0.0020519399715155759 0.042499999545196676
v 0.00062384012603859597 0.0020051991632725223 0.05400000003320974
v 0.00062384012603859597 0.0020051991632725223 0.042499999545196676
v 0.00079623079158446745 0.0019431974472555486 0.05400000003320974
v 0.00079623079158446745 0.0019431974472555486 0.042499999545196676
v 0.00096256180069748435 0.0018664069281374546 0.05400000003320974
v 0.00096256180069748435 0.0018664069281374546 0.042499999545196676
v 0.0011215669526215904 0.0017754118570974765 0.05400000003320974
v 0.0011215669526215904 0.0017754118570974765 0.042499999545196676
v 0.0012720364246883626 0.001670904924042196 0.05400000003320974
v 0.0012720364246883626 0.001670904924042196 0.042499999545196676
v 0.0014128248627901159 0.0015536813053574666 0.05400000003320974
v 0.0014128248627901159 0.0015536813053574666 0.042499999545196676
v 0.0015428609089995372 0.0014246333763612991 0.05400000003320974
v 0.0015428609089995372 0.0014246333763612991 0.042499999545196676
v 0.0016611548344084236 0.0012847429348353046 0.05400000003320974
v 0.0016611548344084236 0.0012847429348353046 0.042499999545196676
v 0.0017668064301501626 0.0011350749867848882 0.05400000003320974
v 0.0017668064301501626 0.0011350749867848882 0.042499999545196676
v 0.0018590114513523837 0.00097676834034001445 0.05400000003320974
v 0.0018590114513523837 0.00097676834034001445 0.042499999545196676
v 0.001937068418998661 0.00081102789288058671 0.05400000003320974
v 0.001937068418998661 0.00081102789288058671 0.042499999545196676
v 0.0020003829678464859 0.00063911508770295188 0.05400000003320974
v 0.0020003829678464859 0.00063911508770295188 0.042499999545196676
v 0.0020484735102175335 0.00046233819659269136 0.05400000003320974
v 0.0020484735102175335 0.00046233819659269136 0.042499999545196676
v 0.0020809737264197718 0.00028204261284712551 0.05400000003320974
v 0.0020809737264197718 0.00028204261284712643 0.042499999545196676
v 0.0020976367796647338 9.9600555667585995e-05 0.05400000003320974
v 0.0020976367796647338 9.9600555667585995e-05 0.042499999545196676
v 0.0020983353467330791 -8.3599557597121196e-05 0.05400000003320974
v 0.0020983353467330791 -8.3599557597121196e-05 0.042499999545196676
v 0.0020830644172942594 -0.00026616336396059943 0.05400000003320974
v 0.0020830644172942594 -0.00026616336396059943 0.042499999545196676
v 0.0020519399715155759 -0.00044670160089990571 0.05400000003320974
v 0.0020519399715155759 -0.00044670160089990571 0.042499999545196676
v 0.0020051991632725223 -0.00062384012603859597 0.05400000003320974
v 0.0020051991632725223 -0.00062384012603859597 0.042499999545196676
v 0.0019431974472555488 -0.00079623079158446734 0.05400000003320974
v 0.0019431974472555488 -0.00079623079158446734 0.042499999545196676
v 0.0018664069281374546 -0.00096256180069748435 0.05400000003320974
v 0.0018664069281374546 -0.00096256180069748435 0.042499999545196676
v 0.0017754118570974769 -0.0011215669526215902 0.05400000003320974
v 0.0017754118570974769 -0.0011215669526215902 0.042499999545196676
v 0.0016709049240421962 -0.0012720364246883624 0.05400000003320974
v 0.0016709049240421962 -0.0012720364246883624 0.042499999545196676
v 0.0015536813053574669 -0.0014128248627901156 0.05400000003320974
v 0.0015536813053574669 -0.0014128248627901156 0.042499999545196676
v 0.0014246333763612993 -0.0015428609089995369 0.05400000003320974
v 0.0014246333763612993 -0.0015428609089995369 0.042499999545196676
v 0.0012847429348353048 -0.0016611548344084234 0.05400000003320974
v 0.0012847429348353048 -0.0016611548344084234 0.042499999545196676
v 0.0011350749867848884 -0.0017668064301501626 0.05400000003320974
v 0.0011350749867848884 -0.0017668064301501626 0.042499999545196676
v 0.00097676834034001467 -0.0018590114513523835 0.05400000003320974
v 0.00097676834034001467 -0.0018590114513523835 0.042499999545196676
v 0.00081102789288058693 -0.0019370684189986608 0.05400000003320974
v 0.00081102789288058693 -0.0019370684189986608 0.042499999545196676
v 0.00063911508770295221 -0.0020003829678464854 0.05400000003320974
v 0.00063911508770295221 -0.0020003829678464854 0.042499999545196676
v 0.00046233819659269153 -0.0020484735102175339 0.05400000003320974
v 0.00046233819659269153 -0.0020484735102175339 0.042499999545196676
v 0.00028204261284712746 -0.0020809737264197714 0.05400000003320974
v 0.00028204261284712746 -0.0020809737264197714 0.042499999545196676
v 9.9600555667586185e-05 -0.0020976367796647338 0.05400000003320974
v 9.9600555667586185e-05 -0.0020976367796647338 0.042499999545196676
v -8.359955759712102e-05 -0.0020983353467330791 0.05400000003320974
v -8.359955759712102e-05 -0.0020983353467330791 0.042499999545196676
v -0.00026616336396059932 -0.0020830644172942598 0.05400000003320974
v -0.00026616336396059932 -0.0020830644172942598 0.042499999545196676
v -0.00044670160089990555 -0.0020519399715155759 0.05400000003320974
v -0.00044670160089990555 -0.0020519399715155759 0.042499999545196676
v -0.00062384012603859576 -0.0020051991632725223 0.05400000003320974
v -0.00062384012603859576 -0.0020051991632725223 0.042499999545196676
v -0.00079623079158446723 -0.0019431974472555486 0.05400000003320974
v -0.00079623079158446723 -0.0019431974472555486 0.042499999545196676
v -0.00096256180069748413 -0.0018664069281374546 0.05400000003320974
v -0.00096256180069748413 -0.0018664069281374546 0.042499999545196676
v -0.00112156695262159 -0.0017754118570974765 0.05400000003320974
v -0.00112156695262159 -0.0017754118570974765 0.042499999545196676
v -0.0012720364246883622 -0.001670904924042196 0.05400000003320974
v -0.0012720364246883622 -0.001670904924042196 0.042499999545196676
v -0.0014128248627901154 -0.0015536813053574666 0.05400000003320974
v -0.0014128248627901154 -0.0015536813053574666 0.042499999545196676
v -0.0015428609089995367 -0.0014246333763612991 0.05400000003320974
v -0.0015428609089995367 -0.0014246333763612991 0.042499999545196676
v -0.0016611548344084232 -0.0012847429348353046 0.05400000003320974
v -0.0016611548344084232 -0.0012847429348353046 0.042499999545196676
v -0.0017668064301501621 -0.0011350749867848882 0.05400000003320974
v -0.0017668064301501621 -0.0011350749867848882 0.042499999545196676
v -0.0018590114513523832 -0.00097676834034001445 0.05400000003320974
v -0.0018590114513523832 -0.00097676834034001445 0.042499999545196676
v -0.0019370684189986605 -0.00081102789288058693 0.05400000003320974
v -0.0019370684189986605 -0.00081102789288058693 0.042499999545196676
v -0.0020003829678464859 -0.0006391150877029521 0.05400000003320974
v -0.0020003829678464859 -0.0006391150877029521 0.042499999545196676
v -0.0020484735102175335 -0.00046233819659269147 0.05400000003320974
v -0.0020484735102175335 -0.00046233819659269147 0.042499999545196676
v -0.002787715976692091 0.0056770274474520809 0.05400000003320974
v -0.0026699934695628437 0.0048084443568642337 0.05400000003320974
v 0.0012937663389336398 0.0053456684260071701 0.05400000003320974
v 0.0017461446765719806 0.0052154557804954893 0.05400000003320974
v 0.0023971740765464204 -0.007157102522407986 0.05400000003320974
v 0.0024967045451019 -0.0070137986361008074 0.05400000003320974
v -0.0011760438318043922 -0.0062142515165950173 0.05400000003320974
v -0.0054501694482811947 -0.00073868305598334281 0.05400000003320974
v -0.0053670404772832745 -0.0012020307170196171 0.05400000003320974
v 0.0026699934695628437 -0.0048084443568642337 0.05400000003320974
v -0.0052445942178732429 -0.0016565726797699589 0.05400000003320974
v -0.0050837274584001725 -0.0020989791121732502 0.05400000003320974
v -0.004885619557127862 -0.0025260092312182963 0.05400000003320974
v -0.0046517208215936775 -0.0029345346336484973 0.05400000003320974
v -0.0043837451582131402 -0.0033215623243320947 0.05400000003320974
v -0.0040836556751670189 -0.0036842577294004747 0.05400000003320974
v -0.0037536508872466042 -0.0040199632680038341 0.05400000003320974
v -0.0033961481600641727 -0.0043262199568183486 0.05400000003320974
v -0.0030137659182698727 -0.0046007842653259705 0.05400000003320974
v -0.0026093061783014457 -0.004841644310201251 0.05400000003320974
v -0.002185731356202399 -0.0050470366835319042 0.05400000003320974
v -0.0017461446765719801 -0.0052154557804954893 0.05400000003320974
v -0.0012937663389336394 -0.0053456684260071701 0.05400000003320974
v 0.002787715976692091 -0.0056770274474520809 0.05400000003320974
v 0.0028035852391156456 -0.0058507817963569762 0.05400000003320974
v 0.0028042506053354275 -0.0060252579908936553 0.05400000003320974
v 0.0053670404772832745 0.0012020307170196171 0.05400000003320974
v 0.0052445942178732429 0.0016565726797699589 0.05400000003320974
v 0.0050837274584001725 0.0020989791121732502 0.05400000003320974
v 0.004885619557127862 0.0025260092312182963 0.05400000003320974
v 0.0025833664987261681 -0.0068623649368543226 0.05400000003320974
v 0.0026565003512087409 -0.0067039547171552005 0.05400000003320974
v 0.002715549521694885 -0.006539773097397665 0.05400000003320974
v 0.0027600645724348417 -0.0063710694162960055 0.05400000003320974
v 0.0027897068128279533 -0.0061991282838758681 0.05400000003320974
v 0.0046517208215936775 0.0029345346336484973 0.05400000003320974
v 0.0043837451582131402 0.0033215623243320947 0.05400000003320974
v 0.0040836556751670189 0.0036842577294004747 0.05400000003320974
v -0.00040562722993231856 -0.0075369772866754996 0.05400000003320974
v -0.00053971141156073678 -0.0074253361193641022 0.05400000003320974
v -0.00066355530586172259 -0.0073024331115985643 0.05400000003320974
v -0.000262322950637544 -0.0076365080544069097 0.05400000003320974
v -0.00011088939802220167 -0.00772316979294528 0.05400000003320974
v 4.7520968308063417e-05 -0.0077963038605137506 0.05400000003320974
v 0.00021170261447533796 -0.0078553527924610806 0.05400000003320974
v 0.00038040590258940112 -0.0078998675440251059 0.05400000003320974
v 0.00055234711318592571 -0.0079295103612211579 0.05400000003320974
v 0.0015782436306731897 -0.0077904665421525314 0.05400000003320974
v 0.0017360915773932187 -0.0077161260940170253 0.05400000003320974
v 0.0018868598263298889 -0.0076283120994610678 0.05400000003320974
v 0.0020294008725563048 -0.0075276918259422829 0.05400000003320974
v 0.0021626296863835868 -0.0074150307449685326 0.05400000003320974
v 0.0022855326100590925 -0.0072911870970240001 0.05400000003320974
v 0.0037536508872466042 0.0040199632680038341 0.05400000003320974
v 0.0033961481600641727 0.0043262199568183486 0.05400000003320974
v 0.0030137659182698727 0.0046007842653259705 0.05400000003320974
v 0.0026093061783014457 0.004841644310201251 0.05400000003320974
v 0.002185731356202399 0.0050470366835319042 0.05400000003320974
v 0.00040562722993231877 0.0075369772866754996 0.05400000003320974
v 0.00026232295063754422 0.0076365080544069097 0.05400000003320974
v 0.0011450909417841061 0.0063859615216984578 0.05400000003320974
v -0.00021170261447533769 0.0078553527924610806 0.05400000003320974
v -0.0003804059025894009 0.0078998675440251059 0.05400000003320974
v -0.0027600645724348417 0.0063710694162960055 0.05400000003320974
v -0.0027897068128279533 0.0061991282838758681 0.05400000003320974
v -0.0028042506053354275 0.0060252579908936553 0.05400000003320974
v -0.00077621614047901919 -0.0071692043818613153 0.05400000003320974
v -0.0011450909417841056 -0.0063859615216984578 0.05400000003320974
v -0.0010992905148044382 -0.0065543203826493677 0.05400000003320974
v -0.0010389908957774616 -0.0067180468515767294 0.05400000003320974
v -0.00096465102444489551 -0.0068758948764731462 0.05400000003320974
v -0.00087683663690134176 -0.0070266634245857475 0.05400000003320974
v 0.0010744481382858736 -0.0079275196169929663 0.05400000003320974
v 0.0012461581722294603 -0.0078965667230638612 0.05400000003320974
v 0.001414517025889146 -0.0078507655921942077 0.05400000003320974
v -0.00055234711318592549 0.0079295103612211579 0.05400000003320974
v -0.00072621738567204511 0.0079440535691080536 0.05400000003320974
v -0.00090069376054083012 0.0079433888833253408 0.05400000003320974
v -0.0010744481382858736 0.0079275196169929663 0.05400000003320974
v -0.0012461581722294599 0.0078965667230638612 0.05400000003320974
v -0.0014145170258891455 0.0078507655921942077 0.05400000003320974
v -0.0015782436306731892 0.0077904665421525314 0.05400000003320974
v -0.0017360915773932182 0.0077161260940170253 0.05400000003320974
v -0.0018868598263298885 0.0076283120994610678 0.05400000003320974
v 0.0011760438318043926 0.0062142515165950173 0.05400000003320974
v -0.0028035852391156456 0.0058507817963569762 0.05400000003320974
v 0.00072621738567204533 -0.0079440535691080536 0.05400000003320974
v 0.00090069376054083034 -0.0079433888833253408 0.05400000003320974
v 0.00011088939802220191 0.00772316979294528 0.05400000003320974
v -4.7520968308063159e-05 0.0077963038605137506 0.05400000003320974
v -0.0020294008725563048 0.0075276918259422829 0.05400000003320974
v -0.0021626296863835868 0.0074150307449685326 0.05400000003320974
v -0.0022855326100590925 0.0072911870970240001 0.05400000003320974
v 0.0030713919217690696 -0.0045625159608176907 0.05400000003320974
v 0.0034502904594726439 -0.0042831643199479456 0.05400000003320974
v 0.0038039133002772921 -0.0039724352685222902 0.05400000003320974
v 0.0041296699316029891 -0.0036326061061186144 0.05400000003320974
v 0.004425174191193139 -0.0032661651546544252 0.05400000003320974
v 0.0046882606685679984 -0.0028757975525035883 0.05400000003320974
v 0.0049170025812121558 -0.0024643628601169806 0.05400000003320974
v 0.0051097243010771246 -0.0020348748004635226 0.05400000003320974
v 0.0052650140179934515 -0.0015904802760371244 0.05400000003320974
v 0.0053817339475375828 -0.0011344341369651427 0.05400000003320974
v 0.0054590286851100298 -0.00067007760727943642 0.05400000003320974
v 0.0054963329580553543 -0.00020081226980478854 0.05400000003320974
v 0.0054933725812290777 0.00026992408795132152 0.05400000003320974
v 0.0054501694482811947 0.00073868305598334206 0.05400000003320974
v -0.0023971740765464204 0.007157102522407986 0.05400000003320974
v -0.0024967045451019 0.0070137986361008074 0.05400000003320974
v -0.0025833664987261681 0.0068623649368543226 0.05400000003320974
v -0.0026565003512087409 0.0067039547171552005 0.05400000003320974
v -0.002715549521694885 0.006539773097397665 0.05400000003320974
v -0.0054933725812290777 -0.00026992408795132163 0.05400000003320974
v -0.0054963329580553543 0.00020081226980478843 0.05400000003320974
v -0.0054590286851100298 0.0006700776072794362 0.05400000003320974
v -0.0053817339475375828 0.0011344341369651427 0.05400000003320974
v -0.0052650140179934515 0.0015904802760371244 0.05400000003320974
v -0.0051097243010771246 0.0020348748004635226 0.05400000003320974
v -0.0049170025812121558 0.0024643628601169806 0.05400000003320974
v -0.0046882606685679984 0.0028757975525035883 0.05400000003320974
v -0.004425174191193139 0.0032661651546544252 0.05400000003320974
v -0.0041296699316029891 0.0036326061061186144 0.05400000003320974
v -0.0038039133002772921 0.0039724352685222902 0.05400000003320974
v -0.0034502904594726439 0.0042831643199479456 0.05400000003320974
v -0.0030713919217690696 0.0045625159608176907 0.05400000003320974
v 0.00087683663690134197 0.0070266634245857475 0.05400000003320974
v 0.0010992905148044386 0.0065543203826493677 0.05400000003320974
v 0.00096465102444489572 0.0068758948764731462 0.05400000003320974
v 0.001038990895777462 0.0067180468515767294 0.05400000003320974
v 0.0007762161404790194 0.0071692043818613153 0.05400000003320974
v 0.0006635553058617228 0.0073024331115985643 0.05400000003320974
v 0.000539711411560737 0.0074253361193641022 0.05400000003320974
v 0.00029856985406997251 0.0074940546762451163 0.051500000118192918
v 0.00095058358765795644 0.0074395153257766312 0.051500000118192918
v 0.001595362814689374 0.0073283570685031968 0.051500000118192918
v 0.0022280003303100323 0.0071614256004410423 0.051500000118192918
v 0.0028436814591242619 0.0069399908073559434 0.051500000118192918
v 0.0034377204673418588 0.0066657390120382553 0.051500000118192918
v 0.0040055963702561878 0.0063407566810864333 0.051500000118192918
v 0.004542987316508703 0.0059675176981471558 0.051500000118192918
v 0.0050458030987181601 0.0055488619246759048 0.051500000118192918
v 0.0055102175821254542 0.0050879760991798485 0.051500000118192918
v 0.005932695748071687 0.0045883676626839983 0.051500000118192918
v 0.0063100230134174543 0.0040538391276240919 0.051500000118192918
v 0.0066393266505169937 0.0034884583216242067 0.051500000118192918
v 0.0069181010238133821 0.0028965282087185487 0.051500000118192918
v 0.0071442247550005562 0.0022825538544244488 0.051500000118192918
v 0.0073159766914816108 0.0016512078188649676 0.051500000118192918
v 0.0074320491218082601 0.0010072950592842566 0.051500000118192918
v 0.0074915597944165717 0.00035571626061253227 0.051500000118192918
v 0.0074940546762451172 -0.0002985698540699724 0.051500000118192918
v 0.0074395153257766312 -0.00095058358765795644 0.051500000118192918
v 0.0073283570685031968 -0.0015953628146893738 0.051500000118192918
v 0.0071614256004410414 -0.0022280003303100323 0.051500000118192918
v 0.0069399908073559434 -0.0028436814591242619 0.051500000118192918
v 0.0066657390120382553 -0.0034377204673418584 0.051500000118192918
v 0.0063407566810864333 -0.0040055963702561878 0.051500000118192918
v 0.0059675176981471567 -0.004542987316508703 0.051500000118192918
v 0.0055488619246759048 -0.005045803098718161 0.051500000118192918
v 0.0050879760991798485 -0.0055102175821254533 0.051500000118192918
v 0.0045883676626839983 -0.005932695748071687 0.051500000118192918
v 0.0040538391276240928 -0.0063100230134174543 0.051500000118192918
v 0.0034884583216242067 -0.0066393266505169937 0.051500000118192918
v 0.0028965282087185487 -0.0069181010238133812 0.051500000118192918
v 0.0022825538544244484 -0.0071442247550005562 0.051500000118192918
v 0.0016512078188649676 -0.0073159766914816116 0.051500000118192918
v 0.0010072950592842488 -0.007432049121808261 0.051500000118192918
v 0.00035571626061253238 -0.0074915597944165717 0.051500000118192918
v -0.00029856985406997229 -0.0074940546762451163 0.051500000118192918
v -0.00095058358765795622 -0.0074395153257766312 0.051500000118192918
v -0.0015953628146893736 -0.0073283570685031968 0.051500000118192918
v -0.0022280003303100323 -0.0071614256004410423 0.051500000118192918
v -0.0028436814591242619 -0.0069399908073559434 0.051500000118192918
v -0.0034377204673418588 -0.0066657390120382553 0.051500000118192918
v -0.0040055963702561878 -0.0063407566810864333 0.051500000118192918
v -0.004542987316508703 -0.0059675176981471558 0.051500000118192918
v -0.0050458030987181601 -0.0055488619246759048 0.051500000118192918
v -0.0055102175821254542 -0.0050879760991798485 0.051500000118192918
v -0.005932695748071687 -0.0045883676626839983 0.051500000118192918
v -0.0063100230134174543 -0.0040538391276240919 0.051500000118192918
v -0.0066393266505169937 -0.0034884583216242067 0.051500000118192918
v -0.0069181010238133821 -0.0028965282087185487 0.051500000118192918
v -0.0071442247550005562 -0.0022825538544244488 0.051500000118192918
v -0.0073159766914816108 -0.0016512078188649676 0.051500000118192918
v -0.0074320491218082601 -0.0010072950592842555 0.051500000118192918
v -0.0074915597944165717 -0.00035571626061253238 0.051500000118192918
v -0.0074940546762451172 0.00029856985406997229 0.051500000118192918
v -0.0074395153257766312 0.00095058358765795622 0.051500000118192918
v -0.0073283570685031968 0.0015953628146893738 0.051500000118192918
v -0.0071614256004410414 0.0022280003303100323 0.051500000118192918
v -0.0069399908073559434 0.0028436814591242619 0.051500000118192918
v -0.0066657390120382553 0.0034377204673418584 0.051500000118192918
v -0.0063407566810864333 0.0040055963702561878 0.051500000118192918
v -0.0059675176981471567 0.004542987316508703 0.051500000118192918
v -0.0055488619246759048 0.005045803098718161 0.051500000118192918
v -0.0050879760991798485 0.0055102175821254533 0.051500000118192918
v -0.0045883676626839983 0.005932695748071687 0.051500000118192918
v -0.0040538391276240928 0.0063100230134174543 0.051500000118192918
v -0.0034884583216242067 0.0066393266505169937 0.051500000118192918
v -0.0028965282087185487 0.0069181010238133812 0.051500000118192918
v -0.0022825538544244484 0.0071442247550005562 0.051500000118192918
v -0.0016512078188649672 0.0073159766914816116 0.051500000118192918
v -0.0010072950592842544 0.0074320491218082601 0.051500000118192918
v -0.00035571626061253216 0.0074915597944165717 0.051500000118192918
v 0.0030589117959697021 -0.0039551306525285757 0.048499999597350761
v 0.0027025594184160616 -0.0042066820089449695 0.048499999597350761
v 0.0023256388634763118 -0.0044262179260372058 0.048499999597350761
v 0.0019310188090529098 -0.0046120676620489149 0.048499999597350761
v 0.0015217025712365713 -0.0047628166597537009 0.048499999597350761
v 0.0011008052013429909 -0.0048773176392040169 0.048499999597350761
v 0.00067153003952283242 -0.0049546994145388407 0.048499999597350761
v 0.00023714414328126931 -0.0049943730437665371 0.048499999597350761
v -0.00019904652930618019 -0.0049960366020383156 0.048499999597350761
v -0.0006337223116243681 -0.004959677186267563 0.048499999597350761
v -0.0010635751504923497 -0.0048855715276044896 0.048499999597350761
v -0.0014853335535400213 -0.0047742837336273609 0.048499999597350761
v -0.0018957876185691374 -0.004626660692051413 0.048499999597350761
v -0.0022918136448945724 -0.0044438260080255036 0.048499999597350761
v -0.0026703976466543318 -0.0042271712080548659 0.048499999597350761
v -0.0030286580780387214 -0.00397834495743695 0.048499999597350761
v -0.0033638687989623142 -0.0036992413704478471 0.048499999597350761
v -0.0036734783880836355 -0.0033919840661198989 0.048499999597350761
v -0.0039551306525285749 -0.0030589117959697021 0.048499999597350761
v -0.0042066820089449695 -0.0027025594184160616 0.048499999597350761
v -0.0044262179260372049 -0.0023256388634763118 0.048499999597350761
v -0.0046120676620489149 -0.0019310188090529096 0.048499999597350761
v -0.0047628166597537009 -0.0015217025712365711 0.048499999597350761
v -0.0048773176392040169 -0.0011008052013429907 0.048499999597350761
v -0.0049546994145388398 -0.0006715300395228372 0.048499999597350761
v -0.0049943730437665371 -0.00023714414328126923 0.048499999597350761
v -0.0049960366020383156 0.00019904652930618024 0.048499999597350761
v -0.004959677186267563 0.00063372231162436821 0.048499999597350761
v -0.0048855715276044896 0.0010635751504923499 0.048499999597350761
v -0.0047742837336273609 0.0014853335535400215 0.048499999597350761
v -0.004626660692051413 0.0018957876185691379 0.048499999597350761
v -0.0044438260080255036 0.0022918136448945724 0.048499999597350761
v -0.0042271712080548659 0.0026703976466543322 0.048499999597350761
v -0.00397834495743695 0.0030286580780387214 0.048499999597350761
v -0.0036992413704478471 0.0033638687989623142 0.048499999597350761
v -0.0033919840661198989 0.003673478388083636 0.048499999597350761
v -0.0030589117959697021 0.0039551306525285757 0.048499999597350761
v -0.0027025594184160616 0.0042066820089449695 0.048499999597350761
v -0.0023256388634763118 0.0044262179260372058 0.048499999597350761
v -0.0019310188090529094 0.0046120676620489149 0.048499999597350761
v -0.0015217025712365708 0.0047628166597537009 0.048499999597350761
v -0.0011008052013429905 0.0048773176392040169 0.048499999597350761
v -0.00067153003952283633 0.0049546994145388407 0.048499999597350761
v -0.00023714414328126904 0.0049943730437665371 0.048499999597350761
v 0.00019904652930618046 0.0049960366020383156 0.048499999597350761
v 0.00063372231162436832 0.004959677186267563 0.048499999597350761
v 0.0010635751504923501 0.0048855715276044896 0.048499999597350761
v 0.0014853335535400217 0.0047742837336273609 0.048499999597350761
v 0.0018957876185691379 0.004626660692051413 0.048499999597350761
v 0.0022918136448945724 0.0044438260080255036 0.048499999597350761
v 0.0026703976466543318 0.0042271712080548659 0.048499999597350761
v 0.0030286580780387214 0.00397834495743695 0.048499999597350761
v 0.0033638687989623142 0.0036992413704478471 0.048499999597350761
v 0.0036734783880836355 0.0033919840661198989 0.048499999597350761
v 0.0039551306525285749 0.0030589117959697021 0.048499999597350761
v 0.0042066820089449695 0.0027025594184160616 0.048499999597350761
v 0.0044262179260372049 0.0023256388634763118 0.048499999597350761
v 0.0046120676620489149 0.0019310188090529096 0.048499999597350761
v 0.0047628166597537009 0.0015217025712365711 0.048499999597350761
v 0.0048773176392040169 0.0011008052013429907 0.048499999597350761
v 0.0049546994145388398 0.00067153003952283774 0.048499999597350761
v 0.0049943730437665371 0.00023714414328126912 0.048499999597350761
v 0.0049960366020383156 -0.00019904652930618035 0.048499999597350761
v 0.004959677186267563 -0.00063372231162436843 0.048499999597350761
v 0.0048855715276044896 -0.0010635751504923499 0.048499999597350761
v 0.0047742837336273609 -0.0014853335535400215 0.048499999597350761
v 0.004626660692051413 -0.0018957876185691379 0.048499999597350761
v 0.0044438260080255036 -0.0022918136448945724 0.048499999597350761
v 0.0042271712080548659 -0.0026703976466543322 0.048499999597350761
v 0.00397834495743695 -0.0030286580780387214 0.048499999597350761
v 0.0036992413704478471 -0.0033638687989623142 0.048499999597350761
v 0.0033919840661198989 -0.003673478388083636 0.048499999597350761
v 0.0067005125446699529 0.0074231595562191128 0.0094999899984056779
v 0.0066224577822415285 0.0074928781870877157 0.0095999898285324403
v 0.0084390364170296994 0.0084707061038460808 0.0094999899984056779
v 0.0083874263368283915 0.0085563589626022219 0.0095999898285324403
v 0.0084560576465121245 0.0085393376129557913 0.0095499908447916337
v 0.0085246890763598648 0.0085223160638833832 0.0095999898285324403
v 0.011518071805411688 0.0035544534468427706 0.0095999898285324403
v 0.011432419146081523 0.0035028434868054677 0.0094999899984056779
v 0.011501050575929263 0.0034858219377330597 0.0095499908447916337
v 0.011484029226282833 0.0034171906280493257 0.0095999898285324403
v 0.0097190606716959695 0.0023537098525348191 0.0095999898285324403
v 0.0096938952737217754 0.0024552969391785002 0.0094999899984056779
v 0.0096091947914069224 0.0027682996868928613 0.0094999899984056779
v 0.0080828781786988178 0.0058878883707163387 0.0094999899984056779
v 0.0075389582487207724 0.0065699524372719179 0.0094999899984056779
v 0.0069376622206870804 0.0072020149814584359 0.0094999899984056779
v 0.0093313564097183537 0.0035952617194923158 0.0094999899984056779
v 0.008982500611572259 0.0043948615651735832 0.0094999899984056779
v 0.008565282791028023 0.0051610140726434687 0.0094999899984056779
v -0.005161001995887227 0.0085652896965012389 0.051249988925522086
v -0.0042849781620894921 0.0087579450506899848 0.051499989432161566
v -0.0043948494810510915 0.0089825075214840042 0.051249988925522086
v -0.0035053680412554474 0.0090980789105910616 0.051499989432161566
v -0.003595249635369824 0.0093313633196300989 0.051249988925522086
v -0.0026990800593381633 0.0093689717949296814 0.051499989432161566
v -0.0027682876027703696 0.0096092017013186676 0.051249988925522086
v -0.0018722504593354349 0.009568560560400112 0.051499989432161566
v -0.0019202571045499398 0.0098139081277029139 0.051249988925522086
v -0.0010311719730574792 0.0096953271173280068 0.051499989432161566
v -0.0010576124555172451 0.0099439247754812953 0.051249988925522086
v -0.00018224531994096398 0.0097483059075734978 0.051499989432161566
v -0.00018691856324144131 0.009998262180331419 0.051249988925522086
v 0.0006680680695037906 0.0097270949938239107 0.051499989432161566
v 0.00068519797198581065 0.009976506955141122 0.051249988925522086
v 0.0015132973671792731 0.0096318543588177191 0.051499989432161566
v 0.0015520998025184737 0.0098788247603760673 0.051249988925522086
v 0.0023470092582631411 0.0094633097066917655 0.051499989432161566
v 0.0024071889093847019 0.0097059584013356043 0.051249988925522086
v 0.0031628591472411833 0.0092227441735216655 0.051499989432161566
v 0.0032439580384794071 0.0094592245703288315 0.051249988925522086
v 0.0039546381350927277 0.0089119880334340481 0.051499989432161566
v 0.0040560388026698625 0.0091404998813151856 0.051249988925522086
v 0.004716319362380289 0.0085334058479989237 0.051499989432161566
v 0.0048372507350449524 0.0087522107396248144 0.051249988925522086
v 0.0054421071544712915 0.0080898798674305331 0.051499989432161566
v 0.0055816482864373858 0.0082973121870955867 0.051249988925522086
v 0.0061264768397251215 0.0075847845498201337 0.051499989432161566
v 0.0062835661073741 0.0077792659853240442 0.051249988925522086
v 0.0067642204302954811 0.0070219648847149527 0.051499989432161566
v 0.0069376622206870804 0.0072020149814584359 0.051249988925522086
v 0.0073504838387681761 0.0064057035004283095 0.051499989432161566
v 0.0075389582487207724 0.0065699524372719179 0.051249988925522086
v 0.0078808062642204846 0.0057406913890946445 0.051499989432161566
v 0.0080828781786988178 0.0058878883707163387 0.051249988925522086
v 0.008351151142702606 0.0050319891725502178 0.051499989432161566
v 0.0085652827910280196 0.0051610140726434748 0.051249988925522086
v 0.0087579381407782396 0.0042849902462119838 0.051499989432161566
v 0.008982500611572259 0.0043948615651735832 0.051249988925522086
v 0.0090980720006793164 0.0035053801253779391 0.051499989432161566
v 0.0093313564097183537 0.0035952617194923158 0.051249988925522086
v 0.0093689648850179361 0.0026990921434606558 0.051499989432161566
v 0.0096091947914069224 0.0027682996868928613 0.051249988925522086
v 0.0095685536504883668 0.0018722625434579266 0.051499989432161566
v 0.0098139012177911669 0.001920269188672431 0.051249988925522086
v 0.0096953203275802688 0.0010311838577539943 0.051499989432161566
v 0.0099439179857335556 0.0010576243402137609 0.051249988925522086
v 0.0097482991178257598 0.00018225720463747901 0.051499989432161566
v 0.0099982553905836793 0.00018693044793795558 0.051249988925522086
v 0.0097270882040761727 -0.00066805618480727592 0.051499989432161566
v 0.0099765001653933823 -0.00068518608728929586 0.051249988925522086
v 0.009631847569069981 -0.0015132854824827585 0.051499989432161566
v 0.0098788179706283293 -0.001552087917821959 0.051249988925522086
v 0.0094633029169440257 -0.002346997373566626 0.051499989432161566
v 0.0097059516115878645 -0.0024071770246881863 0.051249988925522086
v 0.0092227373837739258 -0.0031628472625446677 0.051499989432161566
v 0.0094592177805810935 -0.003243946153782892 0.051249988925522086
v 0.0089119812436863101 -0.0039546262503962126 0.051499989432161566
v 0.0091404930915674476 -0.0040560269179733474 0.051249988925522086
v 0.0085333990582511839 -0.0047163074776837739 0.051499989432161566
v 0.0087522039498770746 -0.0048372388503484373 0.051249988925522086
v 0.0080898730776827934 -0.0054420952697747755 0.051499989432161566
v 0.0082973053973478469 -0.0055816364017408707 0.051249988925522086
v 0.0075847779594983723 -0.0061264648348646001 0.051499989432161566
v 0.0077792593950022828 -0.0062835541025135786 0.051249988925522086
v 0.0070219582943931913 -0.0067642084254349588 0.051499989432161566
v 0.0072020083911366745 -0.0069376502158265589 0.051249988925522086
v 0.0064056967106805715 -0.007350471954071661 0.051499989432161566
v 0.0065699456475241799 -0.0075389463640242564 0.051249988925522086
v 0.0057406845993469057 -0.0078807943795239695 0.051499989432161566
v 0.0058878815809685998 -0.0080828662940023045 0.051249988925522086
v 0.0050319824150969715 -0.0083511392385470645 0.051499989432161566
v 0.0051610073151902285 -0.0085652708868724781 0.051249988925522086
v 0.0042849834564642458 -0.0087579262560817245 0.051499989432161566
v 0.0043948548252823391 -0.008982488696834743 0.051249988925522086
v 0.0035053733356302016 -0.0090980601159828013 0.051499989432161566
v 0.0035952549297445778 -0.0093313445250218386 0.051249988925522086
v 0.002699085553138894 -0.0093689528801574155 0.051499989432161566
v 0.0027682930965710999 -0.0096091827865464018 0.051249988925522086
v 0.0018722559531361654 -0.0095685416456278462 0.051499989432161566
v 0.0019202625983506705 -0.0098138892129306463 0.051249988925522086
v 0.0010311770680062563 -0.0096953084428837537 0.051499989432161566
v 0.0010576175504660222 -0.0099439061010370422 0.051249988925522086
v 0.0001822504148897409 -0.0097482872331292447 0.051499989432161566
v 0.00018692365819021823 -0.0099982435058871642 0.051249988925522086
v -0.0006680629745550137 -0.0097270763193796576 0.051499989432161566
v -0.00068519287703703376 -0.0099764882806968689 0.051249988925522086
v -0.001513292272230496 -0.0096318356843734659 0.051499989432161566
v -0.0015520947075696966 -0.0098788060859318141 0.051249988925522086
v -0.002347004163314364 -0.0094632910322475124 0.051499989432161566
v -0.0024071838144359248 -0.0097059397268913494 0.051249988925522086
v -0.0031628540522924062 -0.0092227254990774124 0.051499989432161566
v -0.0032439525446786763 -0.0094592056555565657 0.051249988925522086
v -0.0039546330401439506 -0.008911969358989795 0.051499989432161566
v -0.0040560337077210854 -0.0091404812068709325 0.051249988925522086
v -0.0047163142674315119 -0.0085333871735546706 0.051499989432161566
v -0.0048372456400961753 -0.0087521920651805613 0.051249988925522086
v -0.0054421020595225144 -0.00808986119298628 0.051499989432161566
v -0.0055816431914886087 -0.0082972935126513336 0.051249988925522086
v -0.0061264717447763444 -0.0075847658753758805 0.051499989432161566
v -0.0062835610124253229 -0.0077792473108797902 0.051249988925522086
v -0.006764215335346704 -0.0070219462102706996 0.051499989432161566
v -0.0069376571257383033 -0.0072019963070141827 0.051249988925522086
v -0.0073504788639834054 -0.0064056846265580798 0.051499989432161566
v -0.0075389532739360016 -0.0065699335634016873 0.051249988925522086
v -0.0078808012894357148 -0.005740672515224414 0.051499989432161566
v -0.0080828732039140479 -0.0058878694968461081 0.051249988925522086
v -0.0083511461440202578 -0.0050319703383407653 0.051499989432161566
v -0.0085652777923456713 -0.0051609952384340223 0.051249988925522086
v -0.0087579331659934714 -0.004284971372341754 0.051499989432161566
v -0.0089824956367874909 -0.0043948426913033535 0.051249988925522086
v -0.0090980670258945483 -0.003505361251507709 0.051499989432161566
v -0.0093313514349335856 -0.0035952428456220852 0.051249988925522086
v -0.0093689597900691608 -0.0026990734690164023 0.051499989432161566
v -0.009609189696458147 -0.0027682810124486077 0.051249988925522086
v -0.0095685485555395914 -0.0018722438690136737 0.051499989432161566
v -0.0098138961228423915 -0.0019202505142281781 0.051249988925522086
v -0.0096953152326314934 -0.0010311651833097414 0.051499989432161566
v -0.0099439128907847802 -0.0010576056657695078 0.051249988925522086
v -0.0097482940228769844 -0.00018223853019322587 0.051499989432161566
v -0.0099982502956349039 -0.00018691177349370244 0.051249988925522086
v -0.0097270831091273973 0.00066807485925152903 0.051499989432161566
v -0.0099764950704446069 0.00068520476173354909 0.051249988925522086
v -0.0096318424741212057 0.0015133041569270114 0.051499989432161566
v -0.0098788124768275989 0.0015521068325942246 0.051249988925522086
v -0.0094632978219952504 0.0023470160480108791 0.051499989432161566
v -0.0097059465166390892 0.0024071956991324394 0.051249988925522086
v -0.0092227322888251504 0.0031628659369889213 0.051499989432161566
v -0.0094592126856323181 0.0032439648282271455 0.051249988925522086
v -0.0089119761487375347 0.0039546449248404657 0.051499989432161566
v -0.0091404879966186722 0.0040560455924176014 0.051249988925522086
v -0.0085333939633024086 0.004716326152128027 0.051499989432161566
v -0.0087521988549282993 0.0048372575247926904 0.051249988925522086
v -0.008089867982734018 0.0054421139442190295 0.051499989432161566
v -0.0082973003023990716 0.0055816550761851238 0.051249988925522086
v -0.0075847724656976419 0.0061264837496368659 0.051499989432161566
v -0.0077792539012015516 0.0062835730172858444 0.051249988925522086
v -0.0070219528005924601 0.0067642273402072246 0.051499989432161566
v -0.0072020028973359441 0.0069376691305988248 0.051249988925522086
v -0.0064056914163058178 0.0073504907486799205 0.051499989432161566
v -0.0065699403531494253 0.0075389651586325159 0.051249988925522086
v -0.005740679304972152 0.0078808131741322281 0.051499989432161566
v -0.0058878762367373522 0.0080828851186515657 0.051249988925522086
v -0.00503197709579397 0.0083511580481758253 0.051499989432161566
v 0.0051610073151902285 -0.0085652708868724781 0.00024998987919638491
v 0.0057406845993469057 -0.0078807943795239695 -8.764797946453351e-09
v 0.0058878815809685998 -0.0080828662940023045 0.00024998987919638491
v 0.0064056967106805715 -0.007350471954071661 -8.764797946453351e-09
v 0.0065699456475241799 -0.0075389463640242564 0.00024998987919638491
v 0.0070219582943931913 -0.0067642084254349588 -8.764797946453351e-09
v 0.0072020083911366745 -0.0069376502158265589 0.00024998987919638491
v 0.0075847779594983723 -0.0061264648348646001 -8.764797946453351e-09
v 0.0077792593950022828 -0.0062835541025135786 0.00024998987919638491
v 0.0080898730776827934 -0.0054420952697747755 -8.764797946453351e-09
v 0.0082973053973478469 -0.0055816364017408707 0.00024998987919638491
v 0.0085333990582511839 -0.0047163074776837739 -8.764797946453351e-09
v 0.0087522039498770746 -0.0048372388503484373 0.00024998987919638491
v 0.0089119812436863101 -0.0039546262503962126 -8.764797946453351e-09
v 0.0091404930915674476 -0.0040560269179733474 0.00024998987919638491
v 0.0092227373837739258 -0.0031628472625446677 -8.764797946453351e-09
v 0.0094592177805810935 -0.003243946153782892 0.00024998987919638491
v 0.0094633029169440257 -0.002346997373566626 -8.764797946453351e-09
v 0.0097059516115878645 -0.0024071770246881863 0.00024998987919638491
v 0.009631847569069981 -0.0015132854824827585 -8.764797946453351e-09
v 0.0098788179706283293 -0.001552087917821959 0.00024998987919638491
v 0.0097270882040761727 -0.00066805618480727592 -8.764797946453351e-09
v 0.0099765001653933823 -0.00068518608728929586 0.00024998987919638491
v 0.0097482991178257598 0.00018225720463747901 -8.764797946453351e-09
v 0.0099982553905836793 0.00018693044793795558 0.00024998987919638491
v 0.0096953203275802688 0.0010311838577539943 -8.764797946453351e-09
v 0.0099439179857335556 0.0010576243402137609 0.00024998987919638491
v 0.0095685536504883668 0.0018722625434579266 -8.764797946453351e-09
v 0.0098139012177911669 0.001920269188672431 0.00024998987919638491
v 0.0093689648850179361 0.0026990921434606558 -8.764797946453351e-09
v 0.0096091947914069224 0.0027682996868928613 0.00024998987919638491
v 0.0090980720006793164 0.0035053801253779391 -8.764797946453351e-09
v 0.0093313564097183537 0.0035952617194923158 0.00024998987919638491
v 0.0087579381407782396 0.0042849902462119838 -8.764797946453351e-09
v 0.008982500611572259 0.0043948615651735832 0.00024998987919638491
v 0.008351151142702613 0.0050319891725502056 -8.764797946453351e-09
v 0.0085652827910280265 0.0051610140726434627 0.00024998987919638491
v 0.0078808062642204846 0.0057406913890946445 -8.764797946453351e-09
v 0.0080828781786988178 0.0058878883707163387 0.00024998987919638491
v 0.0073504838387681761 0.0064057035004283095 -8.764797946453351e-09
v 0.0075389582487207724 0.0065699524372719179 0.00024998987919638491
v 0.0067642204302954811 0.0070219648847149527 -8.764797946453351e-09
v 0.0069376622206870804 0.0072020149814584359 0.00024998987919638491
v 0.0061264768397251215 0.0075847845498201337 -8.764797946453351e-09
v 0.0062835661073741 0.0077792659853240442 0.00024998987919638491
v 0.0054421071544712915 0.0080898798674305331 -8.764797946453351e-09
v 0.0055816482864373858 0.0082973121870955867 0.00024998987919638491
v 0.004716319362380289 0.0085334058479989237 -8.764797946453351e-09
v 0.0048372507350449524 0.0087522107396248144 0.00024998987919638491
v 0.0039546381350927277 0.0089119880334340481 -8.764797946453351e-09
v 0.0040560388026698625 0.0091404998813151856 0.00024998987919638491
v 0.0031628591472411833 0.0092227441735216655 -8.764797946453351e-09
v 0.0032439580384794071 0.0094592245703288315 0.00024998987919638491
v 0.0023470092582631411 0.0094633097066917655 -8.764797946453351e-09
v 0.0024071889093847019 0.0097059584013356043 0.00024998987919638491
v 0.0015132973671792731 0.0096318543588177191 -8.764797946453351e-09
v 0.0015520998025184737 0.0098788247603760673 0.00024998987919638491
v 0.0006680680695037906 0.0097270949938239107 -8.764797946453351e-09
v 0.00068519797198581065 0.009976506955141122 0.00024998987919638491
v -0.00018224531994096398 0.0097483059075734978 -8.764797946453351e-09
v -0.00018691856324144131 0.009998262180331419 0.00024998987919638491
v -0.0010311719730574792 0.0096953271173280068 -8.764797946453351e-09
v -0.0010576124555172451 0.0099439247754812953 0.00024998987919638491
v -0.0018722504593354349 0.009568560560400112 -8.764797946453351e-09
v -0.0019202571045499398 0.0098139081277029139 0.00024998987919638491
v -0.0026990800593381633 0.0093689717949296814 -8.764797946453351e-09
v -0.0027682876027703696 0.0096092017013186676 0.00024998987919638491
v -0.0035053680412554474 0.0090980789105910616 -8.764797946453351e-09
v -0.003595249635369824 0.0093313633196300989 0.00024998987919638491
v -0.0042849781620894921 0.0087579450506899848 -8.764797946453351e-09
v -0.0043948494810510915 0.0089825075214840042 0.00024998987919638491
v -0.00503197709579397 0.0083511580481758253 -8.764797946453351e-09
v -0.005161001995887227 0.0085652896965012389 0.00024998987919638491
v -0.005740679304972152 0.0078808131741322281 -8.764797946453351e-09
v -0.0058878762367373522 0.0080828851186515657 0.00024998987919638491
v -0.0064056914163058178 0.0073504907486799205 -8.764797946453351e-09
v -0.0065699403531494253 0.0075389651586325159 0.00024998987919638491
v -0.0070219528005924601 0.0067642273402072246 -8.764797946453351e-09
v -0.0072020028973359441 0.0069376691305988248 0.00024998987919638491
v -0.0075847724656976419 0.0061264837496368659 -8.764797946453351e-09
v -0.0077792539012015516 0.0062835730172858444 0.00024998987919638491
v -0.008089867982734018 0.0054421139442190295 -8.764797946453351e-09
v -0.0082973003023990716 0.0055816550761851238 0.00024998987919638491
v -0.0085333939633024086 0.004716326152128027 -8.764797946453351e-09
v -0.0087521988549282993 0.0048372575247926904 0.00024998987919638491
v -0.0089119761487375347 0.0039546449248404657 -8.764797946453351e-09
v -0.0091404879966186722 0.0040560455924176014 0.00024998987919638491
v -0.0092227322888251504 0.0031628659369889213 -8.764797946453351e-09
v -0.0094592126856323181 0.0032439648282271455 0.00024998987919638491
v -0.0094632978219952504 0.0023470160480108791 -8.764797946453351e-09
v -0.0097059465166390892 0.0024071956991324394 0.00024998987919638491
v -0.0096318424741212057 0.0015133041569270114 -8.764797946453351e-09
v -0.0098788124768275989 0.0015521068325942246 0.00024998987919638491
v -0.0097270831091273973 0.00066807485925152903 -8.764797946453351e-09
v -0.0099764950704446069 0.00068520476173354909 0.00024998987919638491
v -0.0097482940228769844 -0.00018223853019322587 -8.764797946453351e-09
v -0.0099982502956349039 -0.00018691177349370244 0.00024998987919638491
v -0.0096953152326314934 -0.0010311651833097414 -8.764797946453351e-09
v -0.0099439128907847802 -0.0010576056657695078 0.00024998987919638491
v -0.0095685485555395914 -0.0018722438690136737 -8.764797946453351e-09
v -0.0098138961228423915 -0.0019202505142281781 0.00024998987919638491
v -0.0093689597900691608 -0.0026990734690164023 -8.764797946453351e-09
v -0.009609189696458147 -0.0027682810124486077 0.00024998987919638491
v -0.0090980670258945483 -0.003505361251507709 -8.764797946453351e-09
v -0.0093313514349335856 -0.0035952428456220852 0.00024998987919638491
v -0.0087579331659934714 -0.004284971372341754 -8.764797946453351e-09
v -0.0089824956367874909 -0.0043948426913033535 0.00024998987919638491
v -0.0083511461440202977 -0.0050319703383407003 -8.764797946453351e-09
v -0.0085652777923457112 -0.0051609952384339573 0.00024998987919638491
v -0.0078808012894357148 -0.005740672515224414 -8.764797946453351e-09
v -0.0080828732039140479 -0.0058878694968461081 0.00024998987919638491
v -0.0073504788639834054 -0.0064056846265580798 -8.764797946453351e-09
v -0.0075389532739360016 -0.0065699335634016873 0.00024998987919638491
v -0.006764215335346704 -0.0070219462102706996 -8.764797946453351e-09
v -0.0069376571257383033 -0.0072019963070141827 0.00024998987919638491
v -0.0061264717447763444 -0.0075847658753758805 -8.764797946453351e-09
v -0.0062835610124253229 -0.0077792473108797902 0.00024998987919638491
v -0.0054421020595225144 -0.00808986119298628 -8.764797946453351e-09
v -0.0055816431914886087 -0.0082972935126513336 0.00024998987919638491
v -0.0047163142674315119 -0.0085333871735546706 -8.764797946453351e-09
v -0.0048372456400961753 -0.0087521920651805613 0.00024998987919638491
v -0.0039546330401439506 -0.008911969358989795 -8.764797946453351e-09
v -0.0040560337077210854 -0.0091404812068709325 0.00024998987919638491
v -0.0031628540522924062 -0.0092227254990774124 -8.764797946453351e-09
v -0.0032439525446786763 -0.0094592056555565657 0.00024998987919638491
v -0.002347004163314364 -0.0094632910322475124 -8.764797946453351e-09
v -0.0024071838144359248 -0.0097059397268913494 0.00024998987919638491
v -0.001513292272230496 -0.0096318356843734659 -8.764797946453351e-09
v -0.0015520947075696966 -0.0098788060859318141 0.00024998987919638491
v -0.0006680629745550137 -0.0097270763193796576 -8.764797946453351e-09
v -0.00068519287703703376 -0.0099764882806968689 0.00024998987919638491
v 0.0001822504148897409 -0.0097482872331292447 -8.764797946453351e-09
v 0.00018692365819021823 -0.0099982435058871642 0.00024998987919638491
v 0.0010311770680062563 -0.0096953084428837537 -8.764797946453351e-09
v 0.0010576175504660222 -0.0099439061010370422 0.00024998987919638491
v 0.0018722559531361654 -0.0095685416456278462 -8.764797946453351e-09
v 0.0019202625983506705 -0.0098138892129306463 0.00024998987919638491
v 0.002699085553138894 -0.0093689528801574155 -8.764797946453351e-09
v 0.0027682930965710999 -0.0096091827865464018 0.00024998987919638491
v 0.0035053733356302016 -0.0090980601159828013 -8.764797946453351e-09
v 0.0035952549297445778 -0.0093313445250218386 0.00024998987919638491
v 0.0042849834564642458 -0.0087579262560817245 -8.764797946453351e-09
v 0.0043948548252823391 -0.008982488696834743 0.00024998987919638491
v 0.0050319824150969715 -0.0083511392385470645 -8.764797946453351e-09
v -0.0032961365566913569 0.0067368831973752636 0.00024998987919638491
v -0.0034060079005812038 0.0069614456531487817 -8.764797946453351e-09
v -0.0026964364196382699 0.0069985246546431313 0.00024998987919638491
v -0.0027863178731376225 0.0072318086047482117 -8.764797946453351e-09
v -0.0020762148248811671 0.0072069032114425785 0.00024998987919638491
v -0.0021454221688873959 0.0074471332379955693 -8.764797946453351e-09
v -0.0014401919716668628 0.0073604332907387434 0.00024998987919638491
v -0.0014881986168813672 0.0076057808580415436 -8.764797946453351e-09
v -0.00079320850534336026 0.0074579460360805093 0.00024998987919638491
v -0.00081964878837714988 0.0077065438143978033 -8.764797946453351e-09
v -0.0001401879659725007 0.0074986988902921246 0.00024998987919638491
v -0.00014486100984700039 0.0077486552832140504 -8.764797946453351e-09
v 0.00051389911585795556 0.0074823825506613725 0.00024998987919638491
v 0.00053102917686391644 0.0077317951511585489 -8.764797946453351e-09
v 0.0011640754491264674 0.0074091207447925904 0.00024998987919638491
v 0.001202877884465668 0.0076560911463509386 -8.764797946453351e-09
v 0.0018053923981690939 0.007279471454897218 0.00024998987919638491
v 0.0018655720492906547 0.0075221201495410559 -8.764797946453351e-09
v 0.0024329691260971675 0.007094420602257164 0.00024998987919638491
v 0.0025140680173353913 0.0073309009990643308 -8.764797946453351e-09
v 0.0030420297388709942 0.0068553772452919215 0.00024998987919638491
v 0.0031434305649720704 0.0070838897323530258 -8.764797946453351e-09
v 0.0036279384887263344 0.0065641602688601359 0.00024998987919638491
v 0.0037488697412269905 0.0067829653599120023 -8.764797946453351e-09
v 0.0041862368516966363 0.0062229864746272219 0.00024998987919638491
v 0.0043257778634987242 0.006430418993718252 -8.764797946453351e-09
v 0.0047126749879321935 0.0058344517529910524 0.00024998987919638491
v 0.0048697642555811721 0.006028933188494962 -8.764797946453351e-09
v 0.0052032468134089495 0.0054015134796408289 0.00024998987919638491
v 0.0053766885437185451 0.0055815636760973 -8.764797946453351e-09
v 0.005654219093942198 0.0049274665919519572 0.00024998987919638491
v 0.005842693165124843 0.0050917151887545642 -8.764797946453351e-09
v 0.0060621594628084375 0.0044159187449709153 0.00024998987919638491
v 0.0062642313772867716 0.0045631157265926094 -8.764797946453351e-09
v 0.0064239627181063089 0.0038707629087587868 0.00024998987919638491
v 0.0066380947652836756 0.0039997880491800565 -8.764797946453351e-09
v 0.0067368762724430179 0.0032961486657420965 0.00024998987919638491
v 0.0069614387432370374 0.0034060199847036959 -8.764797946453351e-09
v 0.0069985177447313869 0.002696448503760762 0.00024998987919638491
v 0.0072318016948364674 0.0027863299572601142 -8.764797946453351e-09
v 0.0072068963015308341 0.0020762269090036593 0.00024998987919638491
v 0.0074471263881658286 0.0021454341532968998 -8.764797946453351e-09
v 0.0073604263808269982 0.0014402040557893545 0.00024998987919638491
v 0.0076057739481297992 0.0014882107010038591 -8.764797946453351e-09
v 0.0074579391261687649 0.0007932205894658524 0.00024998987919638491
v 0.0077065369044860589 0.00081966087249964181 -8.764797946453351e-09
v 0.0074986919803803802 0.00014020005009499227 0.00024998987919638491
v 0.0077486483733023061 0.00014487309396949224 -8.764797946453351e-09
v 0.0074823757609136345 -0.00051388723116144023 0.00024998987919638491
v 0.0077317883614108109 -0.00053101729216740133 -8.764797946453351e-09
v 0.0074091139550448524 -0.0011640635644299519 0.00024998987919638491
v 0.0076560843566031997 -0.0012028659997691525 -8.764797946453351e-09
v 0.00727946466514948 -0.0018053805134725794 0.00024998987919638491
v 0.0075221133597933179 -0.0018655601645941398 -8.764797946453351e-09
v 0.007094413812509426 -0.002432957241400652 0.00024998987919638491
v 0.0073308942093165928 -0.0025140561326388762 -8.764797946453351e-09
v 0.0068553704555441835 -0.0030420178541744791 0.00024998987919638491
v 0.0070838829426052878 -0.0031434186802755549 -8.764797946453351e-09
v 0.0065641536785383744 -0.0036279264838658125 0.00024998987919638491
v 0.0067829587695902409 -0.0037488577363664695 -8.764797946453351e-09
v 0.0062229798843054605 -0.0041862248468361148 0.00024998987919638491
v 0.0064304124033964906 -0.0043257658586382036 -8.764797946453351e-09
v 0.005834445162669291 -0.0047126629830716721 0.00024998987919638491
v 0.0060289265981732006 -0.0048697522507206506 -8.764797946453351e-09
v 0.0054015066898930901 -0.0052032349287124335 0.00024998987919638491
v 0.0055815569860625507 -0.0053766765989400264 -8.764797946453351e-09
v 0.0049274598022042192 -0.005654207209245682 0.00024998987919638491
v 0.0050917083990068262 -0.0058426812804283279 -8.764797946453351e-09
v 0.0044159119801514242 -0.0060621475630914219 0.00024998987919638491
v 0.0045631089368448714 -0.0062642194925902565 -8.764797946453351e-09
v 0.0038707561513055462 -0.006423950813950763 0.00024998987919638491
v 0.0039997812917268154 -0.0066380828611281298 -8.764797946453351e-09
v 0.003296141875994358 -0.0067368643877465028 0.00024998987919638491
v 0.0034060131949559575 -0.0069614268585405223 -8.764797946453351e-09
v 0.002696441714013024 -0.0069985058600348709 0.00024998987919638491
v 0.0027863231675123766 -0.0072317898101399523 -8.764797946453351e-09
v 0.0020762202189689096 -0.0072068843567523154 0.00024998987919638491
v 0.0021454275629751384 -0.0074471143833053062 -8.764797946453351e-09
v 0.0014401974654675933 -0.0073604143759664767 0.00024998987919638491
v 0.001488204110682098 -0.0076057619432692777 -8.764797946453351e-09
v 0.00079321399914409078 -0.0074579271213082434 0.00024998987919638491
v 0.0008196542821778803 -0.0077065248996255374 -8.764797946453351e-09
v 0.00014019345977323122 -0.0074986799755198579 0.00024998987919638491
v 0.0001448663042217541 -0.007748636488605791 -8.764797946453351e-09
v -0.00051389402090917867 -0.0074823638762171194 0.00024998987919638491
v -0.00053102408191513955 -0.0077317764767142957 -8.764797946453351e-09
v -0.0011640703541776903 -0.0074091020703483373 0.00024998987919638491
v -0.0012028727895168909 -0.0076560724719066855 -8.764797946453351e-09
v -0.0018053873032203168 -0.0072794527804529649 0.00024998987919638491
v -0.0018655669543418776 -0.0075221014750968028 -8.764797946453351e-09
v -0.0024329640311483904 -0.00709440192781291 0.00024998987919638491
v -0.0025140629223866142 -0.0073308823246200768 -8.764797946453351e-09
v -0.0030420246439222171 -0.0068553585708476684 0.00024998987919638491
v -0.0031434254700232933 -0.0070838710579087727 -8.764797946453351e-09
v -0.0036279333937775573 -0.0065641415944158827 0.00024998987919638491
v -0.0037488646462782134 -0.0067829466854677492 -8.764797946453351e-09
v -0.0041862317567478591 -0.0062229678001829679 0.00024998987919638491
v -0.0043257727685499471 -0.0064304003192739989 -8.764797946453351e-09
v -0.0047126698929834164 -0.0058344330785467993 0.00024998987919638491
v -0.004869759160632395 -0.0060289145140507089 -8.764797946453351e-09
v -0.0052032418386241779 -0.0054014946057705984 0.00024998987919638491
v -0.005376683448769768 -0.0055815450016530469 -8.764797946453351e-09
v -0.0056542141191574273 -0.0049274477180817275 0.00024998987919638491
v -0.0058426881903400722 -0.0050916963148843345 -8.764797946453351e-09
v -0.0060621544880236668 -0.0044158998711006847 0.00024998987919638491
v -0.0062642260036500468 -0.004563096612394367 -8.764797946453351e-09
v -0.0064239577194239632 -0.0038707440745493283 0.00024998987919638491
v -0.0066380897666013265 -0.0039997692149706041 -8.764797946453351e-09
v -0.0067368712976582472 -0.0032961297918718659 0.00024998987919638491
v -0.0069614333696003134 -0.0034060008705054531 -8.764797946453351e-09
v -0.0069985127699466161 -0.0026964296298905318 0.00024998987919638491
v -0.0072317967200516966 -0.0027863110833898841 -8.764797946453351e-09
v -0.0072068913267460634 -0.0020762080351334291 0.00024998987919638491
v -0.0074471212932170515 -0.0021454154788526462 -8.764797946453351e-09
v -0.0073604212858782211 -0.0014401853813451014 0.00024998987919638491
v -0.0076057688531810221 -0.0014881920265596062 -8.764797946453351e-09
v -0.0074579340312199878 -0.00079320191502159918 0.00024998987919638491
v -0.0077065318095372809 -0.00081964219805538859 -8.764797946453351e-09
v -0.0074986868854316031 -0.00014018137565073913 0.00024998987919638491
v -0.0077486432783535298 -0.0001448544195252391 -8.764797946453351e-09
v -0.0074823706659648574 0.00051390590560569335 0.00024998987919638491
v -0.0077317832664620346 0.00053103596661165445 -8.764797946453351e-09
v -0.0074091088600960753 0.0011640822388742048 0.00024998987919638491
v -0.0076560792616544226 0.0012028846742134056 -8.764797946453351e-09
v -0.0072794595702007029 0.0018053991879168323 0.00024998987919638491
v -0.0075221082648445408 0.0018655788390383929 -8.764797946453351e-09
v -0.0070944087175606489 0.0024329759158449055 0.00024998987919638491
v -0.0073308891143678157 0.0025140748070831298 -8.764797946453351e-09
v -0.0068553653605954064 0.0030420365286187327 0.00024998987919638491
v -0.0070838778476565107 0.003143437354719808 -8.764797946453351e-09
v -0.0065641481847376441 0.0036279453986380783 0.00024998987919638491
v -0.0067829534752154872 0.0037488765309747294 -8.764797946453351e-09
v -0.0062229743905047302 0.0041862437616083806 0.00024998987919638491
v -0.0064304069095957603 0.0043257847734104694 -8.764797946453351e-09
v -0.0058344396688685607 0.0047126818978439388 0.00024998987919638491
v -0.0060289211043724703 0.0048697711654929164 -8.764797946453351e-09
v -0.0054015012958053485 0.0052032537834026966 0.00024998987919638491
v -0.0055815515919748083 0.0053766954536302895 -8.764797946453351e-09
v -0.0049274545078294655 0.0056542260038539424 0.00024998987919638491
v -0.0050917031046320725 0.0058427000750365873 -8.764797946453351e-09
v -0.0044159066608484236 0.0060621663727201828 0.00024998987919638491
v -0.0045631036424701177 0.0062642382871985159 -8.764797946453351e-09
v -0.003870750832002545 0.0064239696235795238 0.00024998987919638491
v -0.0039997759724238148 0.0066381016707568906 -8.764797946453351e-09
v 0.0044159119801514242 -0.0060621475630914219 0.051249988925522086
v 0.0045631089368448714 -0.0062642194925902565 0.051499989432161566
v 0.0049274598022042192 -0.005654207209245682 0.051249988925522086
v 0.0050917083990068262 -0.0058426812804283279 0.051499989432161566
v 0.0054015066898930901 -0.0052032349287124335 0.051249988925522086
v 0.0055815569860625507 -0.0053766765989400264 0.051499989432161566
v 0.005834445162669291 -0.0047126629830716721 0.051249988925522086
v 0.0060289265981732006 -0.0048697522507206506 0.051499989432161566
v 0.0062229798843054605 -0.0041862248468361148 0.051249988925522086
v 0.0064304124033964906 -0.0043257658586382036 0.051499989432161566
v 0.0065641536785383744 -0.0036279264838658125 0.051249988925522086
v 0.0067829587695902409 -0.0037488577363664695 0.051499989432161566
v 0.0068553704555441835 -0.0030420178541744791 0.051249988925522086
v 0.0070838829426052878 -0.0031434186802755549 0.051499989432161566
v 0.007094413812509426 -0.002432957241400652 0.051249988925522086
v 0.0073308942093165928 -0.0025140561326388762 0.051499989432161566
v 0.00727946466514948 -0.0018053805134725794 0.051249988925522086
v 0.0075221133597933179 -0.0018655601645941398 0.051499989432161566
v 0.0074091139550448524 -0.0011640635644299519 0.051249988925522086
v 0.0076560843566031997 -0.0012028659997691525 0.051499989432161566
v 0.0074823757609136345 -0.00051388723116144023 0.051249988925522086
v 0.0077317883614108109 -0.00053101729216740133 0.051499989432161566
v 0.0074986919803803802 0.00014020005009499227 0.051249988925522086
v 0.0077486483733023061 0.00014487309396949224 0.051499989432161566
v 0.0074579391261687649 0.0007932205894658524 0.051249988925522086
v 0.0077065369044860589 0.00081966087249964181 0.051499989432161566
v 0.0073604263808269982 0.0014402040557893545 0.051249988925522086
v 0.0076057739481297992 0.0014882107010038591 0.051499989432161566
v 0.0072068963015308341 0.0020762269090036593 0.051249988925522086
v 0.0074471263881658286 0.0021454341532968998 0.051499989432161566
v 0.0069985177447313869 0.002696448503760762 0.051249988925522086
v 0.0072318016948364674 0.0027863299572601142 0.051499989432161566
v 0.0067368762724430179 0.0032961486657420965 0.051249988925522086
v 0.0069614387432370374 0.0034060199847036959 0.051499989432161566
v 0.0064239627181063123 0.0038707629087587807 0.051249988925522086
v 0.0066380947652836791 0.0039997880491800504 0.051499989432161566
v 0.0060621594628084375 0.0044159187449709153 0.051249988925522086
v 0.0062642313772867716 0.0045631157265926094 0.051499989432161566
v 0.005654219093942198 0.0049274665919519572 0.051249988925522086
v 0.005842693165124843 0.0050917151887545642 0.051499989432161566
v 0.0052032468134089495 0.0054015134796408289 0.051249988925522086
v 0.0053766885437185451 0.0055815636760973 0.051499989432161566
v 0.0047126749879321935 0.0058344517529910524 0.051249988925522086
v 0.0048697642555811721 0.006028933188494962 0.051499989432161566
v 0.0041862368516966363 0.0062229864746272219 0.051249988925522086
v 0.0043257778634987242 0.006430418993718252 0.051499989432161566
v 0.0036279384887263344 0.0065641602688601359 0.051249988925522086
v 0.0037488697412269905 0.0067829653599120023 0.051499989432161566
v 0.0030420297388709942 0.0068553772452919215 0.051249988925522086
v 0.0031434305649720704 0.0070838897323530258 0.051499989432161566
v 0.0024329691260971675 0.007094420602257164 0.051249988925522086
v 0.0025140680173353913 0.0073309009990643308 0.051499989432161566
v 0.0018053923981690939 0.007279471454897218 0.051249988925522086
v 0.0018655720492906547 0.0075221201495410559 0.051499989432161566
v 0.0011640754491264674 0.0074091207447925904 0.051249988925522086
v 0.001202877884465668 0.0076560911463509386 0.051499989432161566
v 0.00051389911585795556 0.0074823825506613725 0.051249988925522086
v 0.00053102917686391644 0.0077317951511585489 0.051499989432161566
v -0.0001401879659725007 0.0074986988902921246 0.051249988925522086
v -0.00014486100984700039 0.0077486552832140504 0.051499989432161566
v -0.00079320850534336026 0.0074579460360805093 0.051249988925522086
v -0.00081964878837714988 0.0077065438143978033 0.051499989432161566
v -0.0014401919716668628 0.0073604332907387434 0.051249988925522086
v -0.0014881986168813672 0.0076057808580415436 0.051499989432161566
v -0.0020762148248811671 0.0072069032114425785 0.051249988925522086
v -0.0021454221688873959 0.0074471332379955693 0.051499989432161566
v -0.0026964364196382699 0.0069985246546431313 0.051249988925522086
v -0.0027863178731376225 0.0072318086047482117 0.051499989432161566
v -0.0032961365566913569 0.0067368831973752636 0.051249988925522086
v -0.0034060079005812038 0.0069614456531487817 0.051499989432161566
v -0.003870750832002545 0.0064239696235795238 0.051249988925522086
v -0.0039997759724238148 0.0066381016707568906 0.051499989432161566
v -0.0044159066608484236 0.0060621663727201828 0.051249988925522086
v -0.0045631036424701177 0.0062642382871985159 0.051499989432161566
v -0.0049274545078294655 0.0056542260038539424 0.051249988925522086
v -0.0050917031046320725 0.0058427000750365873 0.051499989432161566
v -0.0054015012958053485 0.0052032537834026966 0.051249988925522086
v -0.0055815515919748083 0.0053766954536302895 0.051499989432161566
v -0.0058344396688685607 0.0047126818978439388 0.051249988925522086
v -0.0060289211043724703 0.0048697711654929164 0.051499989432161566
v -0.0062229743905047302 0.0041862437616083806 0.051249988925522086
v -0.0064304069095957603 0.0043257847734104694 0.051499989432161566
v -0.0065641481847376441 0.0036279453986380783 0.051249988925522086
v -0.0067829534752154872 0.0037488765309747294 0.051499989432161566
v -0.0068553653605954064 0.0030420365286187327 0.051249988925522086
v -0.0070838778476565107 0.003143437354719808 0.051499989432161566
v -0.0070944087175606489 0.0024329759158449055 0.051249988925522086
v -0.0073308891143678157 0.0025140748070831298 0.051499989432161566
v -0.0072794595702007029 0.0018053991879168323 0.051249988925522086
v -0.0075221082648445408 0.0018655788390383929 0.051499989432161566
v -0.0074091088600960753 0.0011640822388742048 0.051249988925522086
v -0.0076560792616544226 0.0012028846742134056 0.051499989432161566
v -0.0074823706659648574 0.00051390590560569335 0.051249988925522086
v -0.0077317832664620346 0.00053103596661165445 0.051499989432161566
v -0.0074986868854316031 -0.00014018137565073913 0.051249988925522086
v -0.0077486432783535298 -0.0001448544195252391 0.051499989432161566
v -0.0074579340312199878 -0.00079320191502159918 0.051249988925522086
v -0.0077065318095372809 -0.00081964219805538859 0.051499989432161566
v -0.0073604212858782211 -0.0014401853813451014 0.051249988925522086
v -0.0076057688531810221 -0.0014881920265596062 0.051499989432161566
v -0.0072068913267460634 -0.0020762080351334291 0.051249988925522086
v -0.0074471212932170515 -0.0021454154788526462 0.051499989432161566
v -0.0069985127699466161 -0.0026964296298905318 0.051249988925522086
v -0.0072317967200516966 -0.0027863110833898841 0.051499989432161566
v -0.0067368712976582472 -0.0032961297918718659 0.051249988925522086
v -0.0069614333696003134 -0.0034060008705054531 0.051499989432161566
v -0.0064239577194239918 -0.0038707440745492806 0.051249988925522086
v -0.0066380897666013586 -0.0039997692149705503 0.051499989432161566
v -0.0060621544880236668 -0.0044158998711006847 0.051249988925522086
v -0.0062642260036500468 -0.004563096612394367 0.051499989432161566
v -0.0056542141191574273 -0.0049274477180817275 0.051249988925522086
v -0.0058426881903400722 -0.0050916963148843345 0.051499989432161566
v -0.0052032418386241779 -0.0054014946057705984 0.051249988925522086
v -0.005376683448769768 -0.0055815450016530469 0.051499989432161566
v -0.0047126698929834164 -0.0058344330785467993 0.051249988925522086
v -0.004869759160632395 -0.0060289145140507089 0.051499989432161566
v -0.0041862317567478591 -0.0062229678001829679 0.051249988925522086
v -0.0043257727685499471 -0.0064304003192739989 0.051499989432161566
v -0.0036279333937775573 -0.0065641415944158827 0.051249988925522086
v -0.0037488646462782134 -0.0067829466854677492 0.051499989432161566
v -0.0030420246439222171 -0.0068553585708476684 0.051249988925522086
v -0.0031434254700232933 -0.0070838710579087727 0.051499989432161566
v -0.0024329640311483904 -0.00709440192781291 0.051249988925522086
v -0.0025140629223866142 -0.0073308823246200768 0.051499989432161566
v -0.0018053873032203168 -0.0072794527804529649 0.051249988925522086
v -0.0018655669543418776 -0.0075221014750968028 0.051499989432161566
v -0.0011640703541776903 -0.0074091020703483373 0.051249988925522086
v -0.0012028727895168909 -0.0076560724719066855 0.051499989432161566
v -0.00051389402090917867 -0.0074823638762171194 0.051249988925522086
v -0.00053102408191513955 -0.0077317764767142957 0.051499989432161566
v 0.00014019345977323122 -0.0074986799755198579 0.051249988925522086
v 0.0001448663042217541 -0.007748636488605791 0.051499989432161566
v 0.00079321399914409078 -0.0074579271213082434 0.051249988925522086
v 0.0008196542821778803 -0.0077065248996255374 0.051499989432161566
v 0.0014401974654675933 -0.0073604143759664767 0.051249988925522086
v 0.001488204110682098 -0.0076057619432692777 0.051499989432161566
v 0.0020762202189689096 -0.0072068843567523154 0.051249988925522086
v 0.0021454275629751384 -0.0074471143833053062 0.051499989432161566
v 0.002696441714013024 -0.0069985058600348709 0.051249988925522086
v 0.0027863231675123766 -0.0072317898101399523 0.051499989432161566
v 0.003296141875994358 -0.0067368643877465028 0.051249988925522086
v 0.0034060131949559575 -0.0069614268585405223 0.051499989432161566
v 0.0038707561513055462 -0.006423950813950763 0.051249988925522086
v 0.0039997812917268154 -0.0066380828611281298 0.051499989432161566
v 0.0066224577822415285 0.0074928781870877157 0.041399989825552215
v 0.0083874263368283915 0.0085563589626022219 0.041399989825552215
v 0.0067005125446699529 0.0074231595562191128 0.041499991518324127
v 0.0069376622206870804 0.0072020149814584359 0.041499991518324127
v 0.0075389582487207724 0.0065699524372719179 0.041499991518324127
v 0.0080828781786988178 0.0058878883707163387 0.041499991518324127
v 0.008565282791028023 0.0051610140726434687 0.041499991518324127
v 0.008982500611572259 0.0043948615651735832 0.041499991518324127
v 0.0093313564097183537 0.0035952617194923158 0.041499991518324127
v 0.0096091947914069224 0.0027682996868928613 0.041499991518324127
v 0.0097190606716959695 0.0023537098525348191 0.041399989825552215
v 0.0096938952737217754 0.0024552969391785002 0.041499991518324127
v 0.011484029226282833 0.0034171906280493257 0.041399989825552215
v 0.0085246890763598648 0.0085223160638833832 0.041399989825552215
v 0.011518071805411688 0.0035544534468427706 0.041399989825552215
v 0.0084390364170296994 0.0084707061038460808 0.041499991518324127
v 0.011432419146081523 0.0035028434868054677 0.041499991518324127
f 1 2 3
f 2 4 3
f 3 4 5
f 4 6 5
f 5 6 7
f 6 8 7
f 7 8 9
f 8 10 9
f 9 10 11
f 10 12 11
f 11 12 13
f 12 14 13
f 13 14 15
f 14 16 15
f 15 16 17
f 16 18 17
f 17 18 19
f 18 20 19
f 19 20 21
f 20 22 21
f 21 22 23
f 22 24 23
f 23 24 25
f 24 26 25
f 25 26 27
f 26 28 27
f 27 28 29
f 28 30 29
f 29 30 31
f 30 32 31
f 31 32 33
f 32 34 33
f 33 34 35
f 34 36 35
f 35 36 37
f 36 38 37
f 37 38 39
f 38 40 39
f 39 40 41
f 40 42 41
f 41 42 43
f 42 44 43
f 43 44 45
f 44 46 45
f 45 46 47
f 46 48 47
f 47 48 49
f 48 50 49
f 49 50 51
f 50 52 51
f 51 52 53
f 52 54 53
f 53 54 55
f 54 56 55
f 55 56 57
f 56 58 57
f 57 58 59
f 58 60 59
f 59 60 61
f 60 62 61
f 61 62 63
f 62 64 63
f 63 64 65
f 64 66 65
f 65 66 67
f 66 68 67
f 67 68 69
f 68 70 69
f 69 70 71
f 70 72 71
f 71 72 73
f 72 74 73
f 73 74 75
f 74 76 75
f 75 76 77
f 76 78 77
f 77 78 79
f 78 80 79
f 79 80 81
f 80 82 81
f 81 82 83
f 82 84 83
f 83 84 85
f 84 86 85
f 85 86 87
f 86 88 87
f 87 88 89
f 88 90 89
f 89 90 91
f 90 92 91
f 91 92 93
f 92 94 93
f 93 94 95
f 94 96 95
f 95 96 97
f 96 98 97
f 97 98 99
f 98 100 99
f 99 100 101
f 100 102 101
f 101 102 103
f 102 104 103
f 103 104 105
f 104 106 105
f 105 106 107
f 106 108 107
f 107 108 109
f 108 110 109
f 109 110 111
f 110 112 111
f 111 112 113
f 112 114 113
f 113 114 115
f 114 116 115
f 115 116 117
f 116 118 117
f 117 118 119
f 118 120 119
f 119 120 121
f 120 122 121
f 121 122 123
f 122 124 123
f 123 124 125
f 124 126 125
f 125 126 127
f 126 128 127
f 127 128 129
f 128 130 129
f 129 130 131
f 130 132 131
f 131 132 133
f 132 134 133
f 133 134 135
f 134 136 135
f 135 136 137
f 136 138 137
f 137 138 139
f 138 140 139
f 139 140 141
f 140 142 141
f 141 142 143
f 142 144 143
f 143 144 1
f 144 2 1
f 144 145 2
f 145 146 2
f 2 146 4
f 146 147 4
f 4 147 6
f 147 148 6
f 6 148 8
f 148 149 8
f 8 149 10
f 149 150 10
f 10 150 12
f 150 151 12
f 12 151 14
f 151 152 14
f 14 152 16
f 152 153 16
f 16 153 18
f 153 154 18
f 18 154 20
f 154 155 20
f 20 155 22
f 155 156 22
f 22 156 24
f 156 157 24
f 24 157 26
f 157 158 26
f 26 158 28
f 158 159 28
f 28 159 30
f 159 160 30
f 30 160 32
f 160 161 32
f 32 161 34
f 161 162 34
f 34 162 36
f 162 163 36
f 36 163 38
f 163 164 38
f 38 164 40
f 164 165 40
f 40 165 42
f 165 166 42
f 42 166 44
f 166 167 44
f 44 167 46
f 167 168 46
f 46 168 48
f 168 169 48
f 48 169 50
f 169 170 50
f 50 170 52
f 170 171 52
f 52 171 54
f 171 172 54
f 54 172 56
f 172 173 56
f 56 173 58
f 173 174 58
f 58 174 60
f 174 175 60
f 60 175 62
f 175 176 62
f 62 176 64
f 176 177 64
f 64 177 66
f 177 178 66
f 66 178 68
f 178 179 68
f 68 179 70
f 179 180 70
f 70 180 72
f 180 181 72
f 72 181 74
f 181 182 74
f 74 182 76
f 182 183 76
f 76 183 78
f 183 184 78
f 78 184 80
f 184 185 80
f 80 185 82
f 185 186 82
f 82 186 84
f 186 187 84
f 84 187 86
f 187 188 86
f 86 188 88
f 188 189 88
f 88 189 90
f 189 190 90
f 90 190 92
f 190 191 92
f 92 191 94
f 191 192 94
f 94 192 96
f 192 193 96
f 96 193 98
f 193 194 98
f 98 194 100
f 194 195 100
f 100 195 102
f 195 196 102
f 102 196 104
f 196 197 104
f 104 197 106
f 197 198 106
f 106 198 108
f 198 199 108
f 108 199 110
f 199 200 110
f 110 200 112
f 200 201 112
f 112 201 114
f 201 202 114
f 114 202 116
f 202 203 116
f 116 203 118
f 203 204 118
f 118 204 120
f 204 205 120
f 120 205 122
f 205 206 122
f 122 206 124
f 206 207 124
f 124 207 126
f 207 208 126
f 126 208 128
f 208 209 128
f 128 209 130
f 209 210 130
f 130 210 132
f 210 211 132
f 132 211 134
f 211 212 134
f 134 212 136
f 212 213 136
f 136 213 138
f 213 214 138
f 138 214 140
f 214 215 140
f 140 215 142
f 215 216 142
f 142 216 144
f 216 145 144
f 216 217 145
f 217 218 145
f 145 218 146
f 218 219 146
f 146 219 147
f 219 220 147
f 147 220 148
f 220 221 148
f 148 221 149
f 221 222 149
f 149 222 150
f 222 223 150
f 150 223 151
f 223 224 151
f 151 224 152
f 224 225 152
f 152 225 153
f 225 226 153
f 153 226 154
f 226 227 154
f 154 227 155
f 227 228 155
f 155 228 156
f 228 229 156
f 156 229 157
f 229 230 157
f 157 230 158
f 230 231 158
f 158 231 159
f 231 232 159
f 159 232 160
f 232 233 160
f 160 233 161
f 233 234 161
f 161 234 162
f 234 235 162
f 162 235 163
f 235 236 163
f 163 236 164
f 236 237 164
f 164 237 165
f 237 238 165
f 165 238 166
f 238 239 166
f 166 239 167
f 239 240 167
f 167 240 168
f 240 241 168
f 168 241 169
f 241 242 169
f 169 242 170
f 242 243 170
f 170 243 171
f 243 244 171
f 171 244 172
f 244 245 172
f 172 245 173
f 245 246 173
f 173 246 174
f 246 247 174
f 174 247 175
f 247 248 175
f 175 248 176
f 248 249 176
f 176 249 177
f 249 250 177
f 177 250 178
f 250 251 178
f 178 251 179
f 251 252 179
f 179 252 180
f 252 253 180
f 180 253 181
f 253 254 181
f 181 254 182
f 254 255 182
f 182 255 183
f 255 256 183
f 183 256 184
f 256 257 184
f 184 257 185
f 257 258 185
f 185 258 186
f 258 259 186
f 186 259 187
f 259 260 187
f 187 260 188
f 260 261 188
f 188 261 189
f 261 262 189
f 189 262 190
f 262 263 190
f 190 263 191
f 263 264 191
f 191 264 192
f 264 265 192
f 192 265 193
f 265 266 193
f 193 266 194
f 266 267 194
f 194 267 195
f 267 268 195
f 195 268 196
f 268 269 196
f 196 269 197
f 269 270 197
f 197 270 198
f 270 271 198
f 198 271 199
f 271 272 199
f 199 272 200
f 272 273 200
f 200 273 201
f 273 274 201
f 201 274 202
f 274 275 202
f 202 275 203
f 275 276 203
f 203 276 204
f 276 277 204
f 204 277 205
f 277 278 205
f 205 278 206
f 278 279 206
f 206 279 207
f 279 280 207
f 207 280 208
f 280 281 208
f 208 281 209
f 281 282 209
f 209 282 210
f 282 283 210
f 210 283 211
f 283 284 211
f 211 284 212
f 284 285 212
f 212 285 213
f 285 286 213
f 213 286 214
f 286 287 214
f 214 287 215
f 287 288 215
f 215 288 216
f 288 217 216
f 288 289 217
f 289 290 217
f 217 290 218
f 290 291 218
f 218 291 219
f 291 292 219
f 219 292 220
f 292 293 220
f 220 293 221
f 293 294 221
f 221 294 222
f 294 295 222
f 222 295 223
f 295 296 223
f 223 296 224
f 296 297 224
f 224 297 225
f 297 298 225
f 225 298 226
f 298 299 226
f 226 299 227
f 299 300 227
f 227 300 228
f 300 301 228
f 228 301 229
f 301 302 229
f 229 302 230
f 302 303 230
f 230 303 231
f 303 304 231
f 231 304 232
f 304 305 232
f 232 305 233
f 305 306 233
f 233 306 234
f 306 307 234
f 234 307 235
f 307 308 235
f 235 308 236
f 308 309 236
f 236 309 237
f 309 310 237
f 237 310 238
f 310 311 238
f 238 311 239
f 311 312 239
f 239 312 240
f 312 313 240
f 240 313 241
f 313 314 241
f 241 314 242
f 314 315 242
f 242 315 243
f 315 316 243
f 243 316 244
f 316 317 244
f 244 317 245
f 317 318 245
f 245 318 246
f 318 319 246
f 246 319 247
f 319 320 247
f 247 320 248
f 320 321 248
f 248 321 249
f 321 322 249
f 249 322 250
f 322 323 250
f 250 323 251
f 323 324 251
f 251 324 252
f 324 325 252
f 252 325 253
f 325 326 253
f 253 326 254
f 326 327 254
f 254 327 255
f 327 328 255
f 255 328 256
f 328 329 256
f 256 329 257
f 329 330 257
f 257 330 258
f 330 331 258
f 258 331 259
f 331 332 259
f 259 332 260
f 332 333 260
f 260 333 261
f 333 334 261
f 261 334 262
f 334 335 262
f 262 335 263
f 335 336 263
f 263 336 264
f 336 337 264
f 264 337 265
f 337 338 265
f 265 338 266
f 338 339 266
f 266 339 267
f 339 340 267
f 267 340 268
f 340 341 268
f 268 341 269
f 341 342 269
f 269 342 270
f 342 343 270
f 270 343 271
f 343 344 271
f 271 344 272
f 344 345 272
f 272 345 273
f 345 346 273
f 273 346 274
f 346 347 274
f 274 347 275
f 347 348 275
f 275 348 276
f 348 349 276
f 276 349 277
f 349 350 277
f 277 350 278
f 350 351 278
f 278 351 279
f 351 352 279
f 279 352 280
f 352 353 280
f 280 353 281
f 353 354 281
f 281 354 282
f 354 355 282
f 282 355 283
f 355 356 283
f 283 356 284
f 356 357 284
f 284 357 285
f 357 358 285
f 285 358 286
f 358 359 286
f 286 359 287
f 359 360 287
f 287 360 288
f 360 289 288
f 360 361 289
f 361 362 289
f 289 362 290
f 362 363 290
f 290 363 291
f 363 364 291
f 291 364 292
f 364 365 292
f 292 365 293
f 365 366 293
f 293 366 294
f 366 367 294
f 294 367 295
f 367 368 295
f 295 368 296
f 368 369 296
f 296 369 297
f 369 370 297
f 297 370 298
f 370 371 298
f 298 371 299
f 371 372 299
f 299 372 300
f 372 373 300
f 300 373 301
f 373 374 301
f 301 374 302
f 374 375 302
f 302 375 303
f 375 376 303
f 303 376 304
f 376 377 304
f 304 377 305
f 377 378 305
f 305 378 306
f 378 379 306
f 306 379 307
f 379 380 307
f 307 380 308
f 380 381 308
f 308 381 309
f 381 382 309
f 309 382 310
f 382 383 310
f 310 383 311
f 383 384 311
f 311 384 312
f 384 385 312
f 312 385 313
f 385 386 313
f 313 386 314
f 386 387 314
f 314 387 315
f 387 388 315
f 315 388 316
f 388 389 316
f 316 389 317
f 389 390 317
f 317 390 318
f 390 391 318
f 318 391 319
f 391 392 319
f 319 392 320
f 392 393 320
f 320 393 321
f 393 394 321
f 321 394 322
f 394 395 322
f 322 395 323
f 395 396 323
f 323 396 324
f 396 397 324
f 324 397 325
f 397 398 325
f 325 398 326
f 398 399 326
f 326 399 327
f 399 400 327
f 327 400 328
f 400 401 328
f 328 401 329
f 401 402 329
f 329 402 330
f 402 403 330
f 330 403 331
f 403 404 331
f 331 404 332
f 404 405 332
f 332 405 333
f 405 406 333
f 333 406 334
f 406 407 334
f 334 407 335
f 407 408 335
f 335 408 336
f 408 409 336
f 336 409 337
f 409 410 337
f 337 410 338
f 410 411 338
f 338 411 339
f 411 412 339
f 339 412 340
f 412 413 340
f 340 413 341
f 413 414 341
f 341 414 342
f 414 415 342
f 342 415 343
f 415 416 343
f 343 416 344
f 416 417 344
f 344 417 345
f 417 418 345
f 345 418 346
f 418 419 346
f 346 419 347
f 419 420 347
f 347 420 348
f 420 421 348
f 348 421 349
f 421 422 349
f 349 422 350
f 422 423 350
f 350 423 351
f 423 424 351
f 351 424 352
f 424 425 352
f 352 425 353
f 425 426 353
f 353 426 354
f 426 427 354
f 354 427 355
f 427 428 355
f 355 428 356
f 428 429 356
f 356 429 357
f 429 430 357
f 357 430 358
f 430 431 358
f 358 431 359
f 431 432 359
f 359 432 360
f 432 361 360
f 432 433 361
f 433 434 361
f 361 434 362
f 434 435 362
f 362 435 363
f 435 436 363
f 363 436 364
f 436 437 364
f 364 437 365
f 437 438 365
f 365 438 366
f 438 439 366
f 366 439 367
f 439 440 367
f 367 440 368
f 440 441 368
f 368 441 369
f 441 442 369
f 369 442 370
f 442 443 370
f 370 443 371
f 443 444 371
f 371 444 372
f 444 445 372
f 372 445 373
f 445 446 373
f 373 446 374
f 446 447 374
f 374 447 375
f 447 448 375
f 375 448 376
f 448 449 376
f 376 449 377
f 449 450 377
f 377 450 378
f 450 451 378
f 378 451 379
f 451 452 379
f 379 452 380
f 452 453 380
f 380 453 381
f 453 454 381
f 381 454 382
f 454 455 382
f 382 455 383
f 455 456 383
f 383 456 384
f 456 457 384
f 384 457 385
f 457 458 385
f 385 458 386
f 458 459 386
f 386 459 387
f 459 460 387
f 387 460 388
f 460 461 388
f 388 461 389
f 461 462 389
f 389 462 390
f 462 463 390
f 390 463 391
f 463 464 391
f 391 464 392
f 464 465 392
f 392 465 393
f 465 466 393
f 393 466 394
f 466 467 394
f 394 467 395
f 467 468 395
f 395 468 396
f 468 469 396
f 396 469 397
f 469 470 397
f 397 470 398
f 470 471 398
f 398 471 399
f 471 472 399
f 399 472 400
f 472 473 400
f 400 473 401
f 473 474 401
f 401 474 402
f 474 475 402
f 402 475 403
f 475 476 403
f 403 476 404
f 476 477 404
f 404 477 405
f 477 478 405
f 405 478 406
f 478 479 406
f 406 479 407
f 479 480 407
f 407 480 408
f 480 481 408
f 408 481 409
f 481 482 409
f 409 482 410
f 482 483 410
f 410 483 411
f 483 484 411
f 411 484 412
f 484 485 412
f 412 485 413
f 485 486 413
f 413 486 414
f 486 487 414
f 414 487 415
f 487 488 415
f 415 488 416
f 488 489 416
f 416 489 417
f 489 490 417
f 417 490 418
f 490 491 418
f 418 491 419
f 491 492 419
f 419 492 420
f 492 493 420
f 420 493 421
f 493 494 421
f 421 494 422
f 494 495 422
f 422 495 423
f 495 496 423
f 423 496 424
f 496 497 424
f 424 497 425
f 497 498 425
f 425 498 426
f 498 499 426
f 426 499 427
f 499 500 427
f 427 500 428
f 500 501 428
f 428 501 429
f 501 502 429
f 429 502 430
f 502 503 430
f 430 503 431
f 503 504 431
f 431 504 432
f 504 433 432
f 504 505 433
f 505 506 433
f 433 506 434
f 506 507 434
f 434 507 435
f 507 508 435
f 435 508 436
f 508 509 436
f 436 509 437
f 509 510 437
f 437 510 438
f 510 511 438
f 438 511 439
f 511 512 439
f 439 512 440
f 512 513 440
f 440 513 441
f 513 514 441
f 441 514 442
f 514 515 442
f 442 515 443
f 515 516 443
f 443 516 444
f 516 517 444
f 444 517 445
f 517 518 445
f 445 518 446
f 518 519 446
f 446 519 447
f 519 520 447
f 447 520 448
f 520 521 448
f 448 521 449
f 521 522 449
f 449 522 450
f 522 523 450
f 450 523 451
f 523 524 451
f 451 524 452
f 524 525 452
f 452 525 453
f 525 526 453
f 453 526 454
f 526 527 454
f 454 527 455
f 527 528 455
f 455 528 456
f 528 529 456
f 456 529 457
f 529 530 457
f 457 530 458
f 530 531 458
f 458 531 459
f 531 532 459
f 459 532 460
f 532 533 460
f 460 533 461
f 533 534 461
f 461 534 462
f 534 535 462
f 462 535 463
f 535 536 463
f 463 536 464
f 536 537 464
f 464 537 465
f 537 538 465
f 465 538 466
f 538 539 466
f 466 539 467
f 539 540 467
f 467 540 468
f 540 541 468
f 468 541 469
f 541 542 469
f 469 542 470
f 542 543 470
f 470 543 471
f 543 544 471
f 471 544 472
f 544 545 472
f 472 545 473
f 545 546 473
f 473 546 474
f 546 547 474
f 474 547 475
f 547 548 475
f 475 548 476
f 548 549 476
f 476 549 477
f 549 550 477
f 477 550 478
f 550 551 478
f 478 551 479
f 551 552 479
f 479 552 480
f 552 553 480
f 480 553 481
f 553 554 481
f 481 554 482
f 554 555 482
f 482 555 483
f 555 556 483
f 483 556 484
f 556 557 484
f 484 557 485
f 557 558 485
f 485 558 486
f 558 559 486
f 486 559 487
f 559 560 487
f 487 560 488
f 560 561 488
f 488 561 489
f 561 562 489
f 489 562 490
f 562 563 490
f 490 563 491
f 563 564 491
f 491 564 492
f 564 565 492
f 492 565 493
f 565 566 493
f 493 566 494
f 566 567 494
f 494 567 495
f 567 568 495
f 495 568 496
f 568 569 496
f 496 569 497
f 569 570 497
f 497 570 498
f 570 571 498
f 498 571 499
f 571 572 499
f 499 572 500
f 572 573 500
f 500 573 501
f 573 574 501
f 501 574 502
f 574 575 502
f 502 575 503
f 575 576 503
f 503 576 504
f 576 505 504
f 576 577 505
f 577 578 505
f 505 578 506
f 578 579 506
f 506 579 507
f 579 580 507
f 507 580 508
f 580 581 508
f 508 581 509
f 581 582 509
f 509 582 510
f 582 583 510
f 510 583 511
f 583 584 511
f 511 584 512
f 584 585 512
f 512 585 513
f 585 586 513
f 513 586 514
f 586 587 514
f 514 587 515
f 587 588 515
f 515 588 516
f 588 589 516
f 516 589 517
f 589 590 517
f 517 590 518
f 590 591 518
f 518 591 519
f 591 592 519
f 519 592 520
f 592 593 520
f 520 593 521
f 593 594 521
f 521 594 522
f 594 595 522
f 522 595 523
f 595 596 523
f 523 596 524
f 596 597 524
f 524 597 525
f 597 598 525
f 525 598 526
f 598 599 526
f 526 599 527
f 599 600 527
f 527 600 528
f 600 601 528
f 528 601 529
f 601 602 529
f 529 602 530
f 602 603 530
f 530 603 531
f 603 604 531
f 531 604 532
f 604 605 532
f 532 605 533
f 605 606 533
f 533 606 534
f 606 607 534
f 534 607 535
f 607 608 535
f 535 608 536
f 608 609 536
f 536 609 537
f 609 610 537
f 537 610 538
f 610 611 538
f 538 611 539
f 611 612 539
f 539 612 540
f 612 613 540
f 540 613 541
f 613 614 541
f 541 614 542
f 614 615 542
f 542 615 543
f 615 616 543
f 543 616 544
f 616 617 544
f 544 617 545
f 617 618 545
f 545 618 546
f 618 619 546
f 546 619 547
f 619 620 547
f 547 620 548
f 620 621 548
f 548 621 549
f 621 622 549
f 549 622 550
f 622 623 550
f 550 623 551
f 623 624 551
f 551 624 552
f 624 625 552
f 552 625 553
f 625 626 553
f 553 626 554
f 626 627 554
f 554 627 555
f 627 628 555
f 555 628 556
f 628 629 556
f 556 629 557
f 629 630 557
f 557 630 558
f 630 631 558
f 558 631 559
f 631 632 559
f 559 632 560
f 632 633 560
f 560 633 561
f 633 634 561
f 561 634 562
f 634 635 562
f 562 635 563
f 635 636 563
f 563 636 564
f 636 637 564
f 564 637 565
f 637 638 565
f 565 638 566
f 638 639 566
f 566 639 567
f 639 640 567
f 567 640 568
f 640 641 568
f 568 641 569
f 641 642 569
f 569 642 570
f 642 643 570
f 570 643 571
f 643 644 571
f 571 644 572
f 644 645 572
f 572 645 573
f 645 646 573
f 573 646 574
f 646 647 574
f 574 647 575
f 647 648 575
f 575 648 576
f 648 577 576
f 648 649 577
f 649 650 577
f 577 650 578
f 650 651 578
f 578 651 579
f 651 652 579
f 579 652 580
f 652 653 580
f 580 653 581
f 653 654 581
f 581 654 582
f 654 655 582
f 582 655 583
f 655 656 583
f 583 656 584
f 656 657 584
f 584 657 585
f 657 658 585
f 585 658 586
f 658 659 586
f 586 659 587
f 659 660 587
f 587 660 588
f 660 661 588
f 588 661 589
f 661 662 589
f 589 662 590
f 662 663 590
f 590 663 591
f 663 664 591
f 591 664 592
f 664 665 592
f 592 665 593
f 665 666 593
f 593 666 594
f 666 667 594
f 594 667 595
f 667 668 595
f 595 668 596
f 668 669 596
f 596 669 597
f 669 670 597
f 597 670 598
f 670 671 598
f 598 671 599
f 671 672 599
f 599 672 600
f 672 673 600
f 600 673 601
f 673 674 601
f 601 674 602
f 674 675 602
f 602 675 603
f 675 676 603
f 603 676 604
f 676 677 604
f 604 677 605
f 677 678 605
f 605 678 606
f 678 679 606
f 606 679 607
f 679 680 607
f 607 680 608
f 680 681 608
f 608 681 609
f 681 682 609
f 609 682 610
f 682 683 610
f 610 683 611
f 683 684 611
f 611 684 612
f 684 685 612
f 612 685 613
f 685 686 613
f 613 686 614
f 686 687 614
f 614 687 615
f 687 688 615
f 615 688 616
f 688 689 616
f 616 689 617
f 689 690 617
f 617 690 618
f 690 691 618
f 618 691 619
f 691 692 619
f 619 692 620
f 692 693 620
f 620 693 621
f 693 694 621
f 621 694 622
f 694 695 622
f 622 695 623
f 695 696 623
f 623 696 624
f 696 697 624
f 624 697 625
f 697 698 625
f 625 698 626
f 698 699 626
f 626 699 627
f 699 700 627
f 627 700 628
f 700 701 628
f 628 701 629
f 701 702 629
f 629 702 630
f 702 703 630
f 630 703 631
f 703 704 631
f 631 704 632
f 704 705 632
f 632 705 633
f 705 706 633
f 633 706 634
f 706 707 634
f 634 707 635
f 707 708 635
f 635 708 636
f 708 709 636
f 636 709 637
f 709 710 637
f 637 710 638
f 710 711 638
f 638 711 639
f 711 712 639
f 639 712 640
f 712 713 640
f 640 713 641
f 713 714 641
f 641 714 642
f 714 715 642
f 642 715 643
f 715 716 643
f 643 716 644
f 716 717 644
f 644 717 645
f 717 718 645
f 645 718 646
f 718 719 646
f 646 719 647
f 719 720 647
f 647 720 648
f 720 649 648
f 720 721 649
f 721 722 649
f 649 722 650
f 722 723 650
f 650 723 651
f 723 724 651
f 651 724 652
f 724 725 652
f 652 725 653
f 725 726 653
f 653 726 654
f 726 727 654
f 654 727 655
f 727 728 655
f 655 728 656
f 728 729 656
f 656 729 657
f 729 730 657
f 657 730 658
f 730 731 658
f 658 731 659
f 731 732 659
f 659 732 660
f 732 733 660
f 660 733 661
f 733 734 661
f 661 734 662
f 734 735 662
f 662 735 663
f 735 736 663
f 663 736 664
f 736 737 664
f 664 737 665
f 737 738 665
f 665 738 666
f 738 739 666
f 666 739 667
f 739 740 667
f 667 740 668
f 740 741 668
f 668 741 669
f 741 742 669
f 669 742 670
f 742 743 670
f 670 743 671
f 743 744 671
f 671 744 672
f 744 745 672
f 672 745 673
f 745 746 673
f 673 746 674
f 746 747 674
f 674 747 675
f 747 748 675
f 675 748 676
f 748 749 676
f 676 749 677
f 749 750 677
f 677 750 678
f 750 751 678
f 678 751 679
f 751 752 679
f 679 752 680
f 752 753 680
f 680 753 681
f 753 754 681
f 681 754 682
f 754 755 682
f 682 755 683
f 755 756 683
f 683 756 684
f 756 757 684
f 684 757 685
f 757 758 685
f 685 758 686
f 758 759 686
f 686 759 687
f 759 760 687
f 687 760 688
f 760 761 688
f 688 761 689
f 761 762 689
f 689 762 690
f 762 763 690
f 690 763 691
f 763 764 691
f 691 764 692
f 764 765 692
f 692 765 693
f 765 766 693
f 693 766 694
f 766 767 694
f 694 767 695
f 767 768 695
f 695 768 696
f 768 769 696
f 696 769 697
f 769 770 697
f 697 770 698
f 770 771 698
f 698 771 699
f 771 772 699
f 699 772 700
f 772 773 700
f 700 773 701
f 773 774 701
f 701 774 702
f 774 775 702
f 702 775 703
f 775 776 703
f 703 776 704
f 776 777 704
f 704 777 705
f 777 778 705
f 705 778 706
f 778 779 706
f 706 779 707
f 779 780 707
f 707 780 708
f 780 781 708
f 708 781 709
f 781 782 709
f 709 782 710
f 782 783 710
f 710 783 711
f 783 784 711
f 711 784 712
f 784 785 712
f 712 785 713
f 785 786 713
f 713 786 714
f 786 787 714
f 714 787 715
f 787 788 715
f 715 788 716
f 788 789 716
f 716 789 717
f 789 790 717
f 717 790 718
f 790 791 718
f 718 791 719
f 791 792 719
f 719 792 720
f 792 721 720
f 792 793 721
f 793 794 721
f 721 794 722
f 794 795 722
f 722 795 723
f 795 796 723
f 723 796 724
f 796 797 724
f 724 797 725
f 797 798 725
f 725 798 726
f 798 799 726
f 726 799 727
f 799 800 727
f 727 800 728
f 800 801 728
f 728 801 729
f 801 802 729
f 729 802 730
f 802 803 730
f 730 803 731
f 803 804 731
f 731 804 732
f 804 805 732
f 732 805 733
f 805 806 733
f 733 806 734
f 806 807 734
f 734 807 735
f 807 808 735
f 735 808 736
f 808 809 736
f 736 809 737
f 809 810 737
f 737 810 738
f 810 811 738
f 738 811 739
f 811 812 739
f 739 812 740
f 812 813 740
f 740 813 741
f 813 814 741
f 741 814 742
f 814 815 742
f 742 815 743
f 815 816 743
f 743 816 744
f 816 817 744
f 744 817 745
f 817 818 745
f 745 818 746
f 818 819 746
f 746 819 747
f 819 820 747
f 747 820 748
f 820 821 748
f 748 821 749
f 821 822 749
f 749 822 750
f 822 823 750
f 750 823 751
f 823 824 751
f 751 824 752
f 824 825 752
f 752 825 753
f 825 826 753
f 753 826 754
f 826 827 754
f 754 827 755
f 827 828 755
f 755 828 756
f 828 829 756
f 756 829 757
f 829 830 757
f 757 830 758
f 830 831 758
f 758 831 759
f 831 832 759
f 759 832 760
f 832 833 760
f 760 833 761
f 833 834 761
f 761 834 762
f 834 835 762
f 762 835 763
f 835 836 763
f 763 836 764
f 836 837 764
f 764 837 765
f 837 838 765
f 765 838 766
f 838 839 766
f 766 839 767
f 839 840 767
f 767 840 768
f 840 841 768
f 768 841 769
f 841 842 769
f 769 842 770
f 842 843 770
f 770 843 771
f 843 844 771
f 771 844 772
f 844 845 772
f 772 845 773
f 845 846 773
f 773 846 774
f 846 847 774
f 774 847 775
f 847 848 775
f 775 848 776
f 848 849 776
f 776 849 777
f 849 850 777
f 777 850 778
f 850 851 778
f 778 851 779
f 851 852 779
f 779 852 780
f 852 853 780
f 780 853 781
f 853 854 781
f 781 854 782
f 854 855 782
f 782 855 783
f 855 856 783
f 783 856 784
f 856 857 784
f 784 857 785
f 857 858 785
f 785 858 786
f 858 859 786
f 786 859 787
f 859 860 787
f 787 860 788
f 860 861 788
f 788 861 789
f 861 862 789
f 789 862 790
f 862 863 790
f 790 863 791
f 863 864 791
f 791 864 792
f 864 793 792
f 864 865 793
f 865 866 793
f 793 866 794
f 866 867 794
f 794 867 795
f 867 868 795
f 795 868 796
f 868 869 796
f 796 869 797
f 869 870 797
f 797 870 798
f 870 871 798
f 798 871 799
f 871 872 799
f 799 872 800
f 872 873 800
f 800 873 801
f 873 874 801
f 801 874 802
f 874 875 802
f 802 875 803
f 875 876 803
f 803 876 804
f 876 877 804
f 804 877 805
f 877 878 805
f 805 878 806
f 878 879 806
f 806 879 807
f 879 880 807
f 807 880 808
f 880 881 808
f 808 881 809
f 881 882 809
f 809 882 810
f 882 883 810
f 810 883 811
f 883 884 811
f 811 884 812
f 884 885 812
f 812 885 813
f 885 886 813
f 813 886 814
f 886 887 814
f 814 887 815
f 887 888 815
f 815 888 816
f 888 889 816
f 816 889 817
f 889 890 817
f 817 890 818
f 890 891 818
f 818 891 819
f 891 892 819
f 819 892 820
f 892 893 820
f 820 893 821
f 893 894 821
f 821 894 822
f 894 895 822
f 822 895 823
f 895 896 823
f 823 896 824
f 896 897 824
f 824 897 825
f 897 898 825
f 825 898 826
f 898 899 826
f 826 899 827
f 899 900 827
f 827 900 828
f 900 901 828
f 828 901 829
f 901 902 829
f 829 902 830
f 902 903 830
f 830 903 831
f 903 904 831
f 831 904 832
f 904 905 832
f 832 905 833
f 905 906 833
f 833 906 834
f 906 907 834
f 834 907 835
f 907 908 835
f 835 908 836
f 908 909 836
f 836 909 837
f 909 910 837
f 837 910 838
f 910 911 838
f 838 911 839
f 911 912 839
f 839 912 840
f 912 913 840
f 840 913 841
f 913 914 841
f 841 914 842
f 914 915 842
f 842 915 843
f 915 916 843
f 843 916 844
f 916 917 844
f 844 917 845
f 917 918 845
f 845 918 846
f 918 919 846
f 846 919 847
f 919 920 847
f 847 920 848
f 920 921 848
f 848 921 849
f 921 922 849
f 849 922 850
f 922 923 850
f 850 923 851
f 923 924 851
f 851 924 852
f 924 925 852
f 852 925 853
f 925 926 853
f 853 926 854
f 926 927 854
f 854 927 855
f 927 928 855
f 855 928 856
f 928 929 856
f 856 929 857
f 929 930 857
f 857 930 858
f 930 931 858
f 858 931 859
f 931 932 859
f 859 932 860
f 932 933 860
f 860 933 861
f 933 934 861
f 861 934 862
f 934 935 862
f 862 935 863
f 935 936 863
f 863 936 864
f 936 865 864
f 936 937 865
f 937 938 865
f 865 938 866
f 938 939 866
f 866 939 867
f 939 940 867
f 867 940 868
f 940 941 868
f 868 941 869
f 941 942 869
f 869 942 870
f 942 943 870
f 870 943 871
f 943 944 871
f 871 944 872
f 944 945 872
f 872 945 873
f 945 946 873
f 873 946 874
f 946 947 874
f 874 947 875
f 947 948 875
f 875 948 876
f 948 949 876
f 876 949 877
f 949 950 877
f 877 950 878
f 950 951 878
f 878 951 879
f 951 952 879
f 879 952 880
f 952 953 880
f 880 953 881
f 953 954 881
f 881 954 882
f 954 955 882
f 882 955 883
f 955 956 883
f 883 956 884
f 956 957 884
f 884 957 885
f 957 958 885
f 885 958 886
f 958 959 886
f 886 959 887
f 959 960 887
f 887 960 888
f 960 961 888
f 888 961 889
f 961 962 889
f 889 962 890
f 962 963 890
f 890 963 891
f 963 964 891
f 891 964 892
f 964 965 892
f 892 965 893
f 965 966 893
f 893 966 894
f 966 967 894
f 894 967 895
f 967 968 895
f 895 968 896
f 968 969 896
f 896 969 897
f 969 970 897
f 897 970 898
f 970 971 898
f 898 971 899
f 971 972 899
f 899 972 900
f 972 973 900
f 900 973 901
f 973 974 901
f 901 974 902
f 974 975 902
f 902 975 903
f 975 976 903
f 903 976 904
f 976 977 904
f 904 977 905
f 977 978 905
f 905 978 906
f 978 979 906
f 906 979 907
f 979 980 907
f 907 980 908
f 980 981 908
f 908 981 909
f 981 982 909
f 909 982 910
f 982 983 910
f 910 983 911
f 983 984 911
f 911 984 912
f 984 985 912
f 912 985 913
f 985 986 913
f 913 986 914
f 986 987 914
f 914 987 915
f 987 988 915
f 915 988 916
f 988 989 916
f 916 989 917
f 989 990 917
f 917 990 918
f 990 991 918
f 918 991 919
f 991 992 919
f 919 992 920
f 992 993 920
f 920 993 921
f 993 994 921
f 921 994 922
f 994 995 922
f 922 995 923
f 995 996 923
f 923 996 924
f 996 997 924
f 924 997 925
f 997 998 925
f 925 998 926
f 998 999 926
f 926 999 927
f 999 1000 927
f 927 1000 928
f 1000 1001 928
f 928 1001 929
f 1001 1002 929
f 929 1002 930
f 1002 1003 930
f 930 1003 931
f 1003 1004 931
f 931 1004 932
f 1004 1005 932
f 932 1005 933
f 1005 1006 933
f 933 1006 934
f 1006 1007 934
f 934 1007 935
f 1007 1008 935
f 935 1008 936
f 1008 937 936
f 1008 1009 937
f 1009 1010 937
f 937 1010 938
f 1010 1011 938
f 938 1011 939
f 1011 1012 939
f 939 1012 940
f 1012 1013 940
f 940 1013 941
f 1013 1014 941
f 941 1014 942
f 1014 1015 942
f 942 1015 943
f 1015 1016 943
f 943 1016 944
f 1016 1017 944
f 944 1017 945
f 1017 1018 945
f 945 1018 946
f 1018 1019 946
f 946 1019 947
f 1019 1020 947
f 947 1020 948
f 1020 1021 948
f 948 1021 949
f 1021 1022 949
f 949 1022 950
f 1022 1023 950
f 950 1023 951
f 1023 1024 951
f 951 1024 952
f 1024 1025 952
f 952 1025 953
f 1025 1026 953
f 953 1026 954
f 1026 1027 954
f 954 1027 955
f 1027 1028 955
f 955 1028 956
f 1028 1029 956
f 956 1029 957
f 1029 1030 957
f 957 1030 958
f 1030 1031 958
f 958 1031 959
f 1031 1032 959
f 959 1032 960
f 1032 1033 960
f 960 1033 961
f 1033 1034 961
f 961 1034 962
f 1034 1035 962
f 962 1035 963
f 1035 1036 963
f 963 1036 964
f 1036 1037 964
f 964 1037 965
f 1037 1038 965
f 965 1038 966
f 1038 1039 966
f 966 1039 967
f 1039 1040 967
f 967 1040 968
f 1040 1041 968
f 968 1041 969
f 1041 1042 969
f 969 1042 970
f 1042 1043 970
f 970 1043 971
f 1043 1044 971
f 971 1044 972
f 1044 1045 972
f 972 1045 973
f 1045 1046 973
f 973 1046 974
f 1046 1047 974
f 974 1047 975
f 1047 1048 975
f 975 1048 976
f 1048 1049 976
f 976 1049 977
f 1049 1050 977
f 977 1050 978
f 1050 1051 978
f 978 1051 979
f 1051 1052 979
f 979 1052 980
f 1052 1053 980
f 980 1053 981
f 1053 1054 981
f 981 1054 982
f 1054 1055 982
f 982 1055 983
f 1055 1056 983
f 983 1056 984
f 1056 1057 984
f 984 1057 985
f 1057 1058 985
f 985 1058 986
f 1058 1059 986
f 986 1059 987
f 1059 1060 987
f 987 1060 988
f 1060 1061 988
f 988 1061 989
f 1061 1062 989
f 989 1062 990
f 1062 1063 990
f 990 1063 991
f 1063 1064 991
f 991 1064 992
f 1064 1065 992
f 992 1065 993
f 1065 1066 993
f 993 1066 994
f 1066 1067 994
f 994 1067 995
f 1067 1068 995
f 995 1068 996
f 1068 1069 996
f 996 1069 997
f 1069 1070 997
f 997 1070 998
f 1070 1071 998
f 998 1071 999
f 1071 1072 999
f 999 1072 1000
f 1072 1073 1000
f 1000 1073 1001
f 1073 1074 1001
f 1001 1074 1002
f 1074 1075 1002
f 1002 1075 1003
f 1075 1076 1003
f 1003 1076 1004
f 1076 1077 1004
f 1004 1077 1005
f 1077 1078 1005
f 1005 1078 1006
f 1078 1079 1006
f 1006 1079 1007
f 1079 1080 1007
f 1007 1080 1008
f 1080 1009 1008
f 1080 1081 1009
f 1081 1082 1009
f 1009 1082 1010
f 1082 1083 1010
f 1010 1083 1011
f 1083 1084 1011
f 1011 1084 1012
f 1084 1085 1012
f 1012 1085 1013
f 1085 1086 1013
f 1013 1086 1014
f 1086 1087 1014
f 1014 1087 1015
f 1087 1088 1015
f 1015 1088 1016
f 1088 1089 1016
f 1016 1089 1017
f 1089 1090 1017
f 1017 1090 1018
f 1090 1091 1018
f 1018 1091 1019
f 1091 1092 1019
f 1019 1092 1020
f 1092 1093 1020
f 1020 1093 1021
f 1093 1094 1021
f 1021 1094 1022
f 1094 1095 1022
f 1022 1095 1023
f 1095 1096 1023
f 1023 1096 1024
f 1096 1097 1024
f 1024 1097 1025
f 1097 1098 1025
f 1025 1098 1026
f 1098 1099 1026
f 1026 1099 1027
f 1099 1100 1027
f 1027 1100 1028
f 1100 1101 1028
f 1028 1101 1029
f 1101 1102 1029
f 1029 1102 1030
f 1102 1103 1030
f 1030 1103 1031
f 1103 1104 1031
f 1031 1104 1032
f 1104 1105 1032
f 1032 1105 1033
f 1105 1106 1033
f 1033 1106 1034
f 1106 1107 1034
f 1034 1107 1035
f 1107 1108 1035
f 1035 1108 1036
f 1108 1109 1036
f 1036 1109 1037
f 1109 1110 1037
f 1037 1110 1038
f 1110 1111 1038
f 1038 1111 1039
f 1111 1112 1039
f 1039 1112 1040
f 1112 1113 1040
f 1040 1113 1041
f 1113 1114 1041
f 1041 1114 1042
f 1114 1115 1042
f 1042 1115 1043
f 1115 1116 1043
f 1043 1116 1044
f 1116 1117 1044
f 1044 1117 1045
f 1117 1118 1045
f 1045 1118 1046
f 1118 1119 1046
f 1046 1119 1047
f 1119 1120 1047
f 1047 1120 1048
f 1120 1121 1048
f 1048 1121 1049
f 1121 1122 1049
f 1049 1122 1050
f 1122 1123 1050
f 1050 1123 1051
f 1123 1124 1051
f 1051 1124 1052
f 1124 1125 1052
f 1052 1125 1053
f 1125 1126 1053
f 1053 1126 1054
f 1126 1127 1054
f 1054 1127 1055
f 1127 1128 1055
f 1055 1128 1056
f 1128 1129 1056
f 1056 1129 1057
f 1129 1130 1057
f 1057 1130 1058
f 1130 1131 1058
f 1058 1131 1059
f 1131 1132 1059
f 1059 1132 1060
f 1132 1133 1060
f 1060 1133 1061
f 1133 1134 1061
f 1061 1134 1062
f 1134 1135 1062
f 1062 1135 1063
f 1135 1136 1063
f 1063 1136 1064
f 1136 1137 1064
f 1064 1137 1065
f 1137 1138 1065
f 1065 1138 1066
f 1138 1139 1066
f 1066 1139 1067
f 1139 1140 1067
f 1067 1140 1068
f 1140 1141 1068
f 1068 1141 1069
f 1141 1142 1069
f 1069 1142 1070
f 1142 1143 1070
f 1070 1143 1071
f 1143 1144 1071
f 1071 1144 1072
f 1144 1145 1072
f 1072 1145 1073
f 1145 1146 1073
f 1073 1146 1074
f 1146 1147 1074
f 1074 1147 1075
f 1147 1148 1075
f 1075 1148 1076
f 1148 1149 1076
f 1076 1149 1077
f 1149 1150 1077
f 1077 1150 1078
f 1150 1151 1078
f 1078 1151 1079
f 1151 1152 1079
f 1079 1152 1080
f 1152 1081 1080
f 1152 1153 1081
f 1153 1154 1081
f 1081 1154 1082
f 1154 1155 1082
f 1082 1155 1083
f 1155 1156 1083
f 1083 1156 1084
f 1156 1157 1084
f 1084 1157 1085
f 1157 1158 1085
f 1085 1158 1086
f 1158 1159 1086
f 1086 1159 1087
f 1159 1160 1087
f 1087 1160 1088
f 1160 1161 1088
f 1088 1161 1089
f 1161 1162 1089
f 1089 1162 1090
f 1162 1163 1090
f 1090 1163 1091
f 1163 1164 1091
f 1091 1164 1092
f 1164 1165 1092
f 1092 1165 1093
f 1165 1166 1093
f 1093 1166 1094
f 1166 1167 1094
f 1094 1167 1095
f 1167 1168 1095
f 1095 1168 1096
f 1168 1169 1096
f 1096 1169 1097
f 1169 1170 1097
f 1097 1170 1098
f 1170 1171 1098
f 1098 1171 1099
f 1171 1172 1099
f 1099 1172 1100
f 1172 1173 1100
f 1100 1173 1101
f 1173 1174 1101
f 1101 1174 1102
f 1174 1175 1102
f 1102 1175 1103
f 1175 1176 1103
f 1103 1176 1104
f 1176 1177 1104
f 1104 1177 1105
f 1177 1178 1105
f 1105 1178 1106
f 1178 1179 1106
f 1106 1179 1107
f 1179 1180 1107
f 1107 1180 1108
f 1180 1181 1108
f 1108 1181 1109
f 1181 1182 1109
f 1109 1182 1110
f 1182 1183 1110
f 1110 1183 1111
f 1183 1184 1111
f 1111 1184 1112
f 1184 1185 1112
f 1112 1185 1113
f 1185 1186 1113
f 1113 1186 1114
f 1186 1187 1114
f 1114 1187 1115
f 1187 1188 1115
f 1115 1188 1116
f 1188 1189 1116
f 1116 1189 1117
f 1189 1190 1117
f 1117 1190 1118
f 1190 1191 1118
f 1118 1191 1119
f 1191 1192 1119
f 1119 1192 1120
f 1192 1193 1120
f 1120 1193 1121
f 1193 1194 1121
f 1121 1194 1122
f 1194 1195 1122
f 1122 1195 1123
f 1195 1196 1123
f 1123 1196 1124
f 1196 1197 1124
f 1124 1197 1125
f 1197 1198 1125
f 1125 1198 1126
f 1198 1199 1126
f 1126 1199 1127
f 1199 1200 1127
f 1127 1200 1128
f 1200 1201 1128
f 1128 1201 1129
f 1201 1202 1129
f 1129 1202 1130
f 1202 1203 1130
f 1130 1203 1131
f 1203 1204 1131
f 1131 1204 1132
f 1204 1205 1132
f 1132 1205 1133
f 1205 1206 1133
f 1133 1206 1134
f 1206 1207 1134
f 1134 1207 1135
f 1207 1208 1135
f 1135 1208 1136
f 1208 1209 1136
f 1136 1209 1137
f 1209 1210 1137
f 1137 1210 1138
f 1210 1211 1138
f 1138 1211 1139
f 1211 1212 1139
f 1139 1212 1140
f 1212 1213 1140
f 1140 1213 1141
f 1213 1214 1141
f 1141 1214 1142
f 1214 1215 1142
f 1142 1215 1143
f 1215 1216 1143
f 1143 1216 1144
f 1216 1217 1144
f 1144 1217 1145
f 1217 1218 1145
f 1145 1218 1146
f 1218 1219 1146
f 1146 1219 1147
f 1219 1220 1147
f 1147 1220 1148
f 1220 1221 1148
f 1148 1221 1149
f 1221 1222 1149
f 1149 1222 1150
f 1222 1223 1150
f 1150 1223 1151
f 1223 1224 1151
f 1151 1224 1152
f 1224 1153 1152
f 1224 1225 1153
f 1225 1226 1153
f 1153 1226 1154
f 1226 1227 1154
f 1154 1227 1155
f 1227 1228 1155
f 1155 1228 1156
f 1228 1229 1156
f 1156 1229 1157
f 1229 1230 1157
f 1157 1230 1158
f 1230 1231 1158
f 1158 1231 1159
f 1231 1232 1159
f 1159 1232 1160
f 1232 1233 1160
f 1160 1233 1161
f 1233 1234 1161
f 1161 1234 1162
f 1234 1235 1162
f 1162 1235 1163
f 1235 1236 1163
f 1163 1236 1164
f 1236 1237 1164
f 1164 1237 1165
f 1237 1238 1165
f 1165 1238 1166
f 1238 1239 1166
f 1166 1239 1167
f 1239 1240 1167
f 1167 1240 1168
f 1240 1241 1168
f 1168 1241 1169
f 1241 1242 1169
f 1169 1242 1170
f 1242 1243 1170
f 1170 1243 1171
f 1243 1244 1171
f 1171 1244 1172
f 1244 1245 1172
f 1172 1245 1173
f 1245 1246 1173
f 1173 1246 1174
f 1246 1247 1174
f 1174 1247 1175
f 1247 1248 1175
f 1175 1248 1176
f 1248 1249 1176
f 1176 1249 1177
f 1249 1250 1177
f 1177 1250 1178
f 1250 1251 1178
f 1178 1251 1179
f 1251 1252 1179
f 1179 1252 1180
f 1252 1253 1180
f 1180 1253 1181
f 1253 1254 1181
f 1181 1254 1182
f 1254 1255 1182
f 1182 1255 1183
f 1255 1256 1183
f 1183 1256 1184
f 1256 1257 1184
f 1184 1257 1185
f 1257 1258 1185
f 1185 1258 1186
f 1258 1259 1186
f 1186 1259 1187
f 1259 1260 1187
f 1187 1260 1188
f 1260 1261 1188
f 1188 1261 1189
f 1261 1262 1189
f 1189 1262 1190
f 1262 1263 1190
f 1190 1263 1191
f 1263 1264 1191
f 1191 1264 1192
f 1264 1265 1192
f 1192 1265 1193
f 1265 1266 1193
f 1193 1266 1194
f 1266 1267 1194
f 1194 1267 1195
f 1267 1268 1195
f 1195 1268 1196
f 1268 1269 1196
f 1196 1269 1197
f 1269 1270 1197
f 1197 1270 1198
f 1270 1271 1198
f 1198 1271 1199
f 1271 1272 1199
f 1199 1272 1200
f 1272 1273 1200
f 1200 1273 1201
f 1273 1274 1201
f 1201 1274 1202
f 1274 1275 1202
f 1202 1275 1203
f 1275 1276 1203
f 1203 1276 1204
f 1276 1277 1204
f 1204 1277 1205
f 1277 1278 1205
f 1205 1278 1206
f 1278 1279 1206
f 1206 1279 1207
f 1279 1280 1207
f 1207 1280 1208
f 1280 1281 1208
f 1208 1281 1209
f 1281 1282 1209
f 1209 1282 1210
f 1282 1283 1210
f 1210 1283 1211
f 1283 1284 1211
f 1211 1284 1212
f 1284 1285 1212
f 1212 1285 1213
f 1285 1286 1213
f 1213 1286 1214
f 1286 1287 1214
f 1214 1287 1215
f 1287 1288 1215
f 1215 1288 1216
f 1288 1289 1216
f 1216 1289 1217
f 1289 1290 1217
f 1217 1290 1218
f 1290 1291 1218
f 1218 1291 1219
f 1291 1292 1219
f 1219 1292 1220
f 1292 1293 1220
f 1220 1293 1221
f 1293 1294 1221
f 1221 1294 1222
f 1294 1295 1222
f 1222 1295 1223
f 1295 1296 1223
f 1223 1296 1224
f 1296 1225 1224
f 1296 1297 1225
f 1297 1298 1225
f 1225 1298 1226
f 1298 1299 1226
f 1226 1299 1227
f 1299 1300 1227
f 1227 1300 1228
f 1300 1301 1228
f 1228 1301 1229
f 1301 1302 1229
f 1229 1302 1230
f 1302 1303 1230
f 1230 1303 1231
f 1303 1304 1231
f 1231 1304 1232
f 1304 1305 1232
f 1232 1305 1233
f 1305 1306 1233
f 1233 1306 1234
f 1306 1307 1234
f 1234 1307 1235
f 1307 1308 1235
f 1235 1308 1236
f 1308 1309 1236
f 1236 1309 1237
f 1309 1310 1237
f 1237 1310 1238
f 1310 1311 1238
f 1238 1311 1239
f 1311 1312 1239
f 1239 1312 1240
f 1312 1313 1240
f 1240 1313 1241
f 1313 1314 1241
f 1241 1314 1242
f 1314 1315 1242
f 1242 1315 1243
f 1315 1316 1243
f 1243 1316 1244
f 1316 1317 1244
f 1244 1317 1245
f 1317 1318 1245
f 1245 1318 1246
f 1318 1319 1246
f 1246 1319 1247
f 1319 1320 1247
f 1247 1320 1248
f 1320 1321 1248
f 1248 1321 1249
f 1321 1322 1249
f 1249 1322 1250
f 1322 1323 1250
f 1250 1323 1251
f 1323 1324 1251
f 1251 1324 1252
f 1324 1325 1252
f 1252 1325 1253
f 1325 1326 1253
f 1253 1326 1254
f 1326 1327 1254
f 1254 1327 1255
f 1327 1328 1255
f 1255 1328 1256
f 1328 1329 1256
f 1256 1329 1257
f 1329 1330 1257
f 1257 1330 1258
f 1330 1331 1258
f 1258 1331 1259
f 1331 1332 1259
f 1259 1332 1260
f 1332 1333 1260
f 1260 1333 1261
f 1333 1334 1261
f 1261 1334 1262
f 1334 1335 1262
f 1262 1335 1263
f 1335 1336 1263
f 1263 1336 1264
f 1336 1337 1264
f 1264 1337 1265
f 1337 1338 1265
f 1265 1338 1266
f 1338 1339 1266
f 1266 1339 1267
f 1339 1340 1267
f 1267 1340 1268
f 1340 1341 1268
f 1268 1341 1269
f 1341 1342 1269
f 1269 1342 1270
f 1342 1343 1270
f 1270 1343 1271
f 1343 1344 1271
f 1271 1344 1272
f 1344 1345 1272
f 1272 1345 1273
f 1345 1346 1273
f 1273 1346 1274
f 1346 1347 1274
f 1274 1347 1275
f 1347 1348 1275
f 1275 1348 1276
f 1348 1349 1276
f 1276 1349 1277
f 1349 1350 1277
f 1277 1350 1278
f 1350 1351 1278
f 1278 1351 1279
f 1351 1352 1279
f 1279 1352 1280
f 1352 1353 1280
f 1280 1353 1281
f 1353 1354 1281
f 1281 1354 1282
f 1354 1355 1282
f 1282 1355 1283
f 1355 1356 1283
f 1283 1356 1284
f 1356 1357 1284
f 1284 1357 1285
f 1357 1358 1285
f 1285 1358 1286
f 1358 1359 1286
f 1286 1359 1287
f 1359 1360 1287
f 1287 1360 1288
f 1360 1361 1288
f 1288 1361 1289
f 1361 1362 1289
f 1289 1362 1290
f 1362 1363 1290
f 1290 1363 1291
f 1363 1364 1291
f 1291 1364 1292
f 1364 1365 1292
f 1292 1365 1293
f 1365 1366 1293
f 1293 1366 1294
f 1366 1367 1294
f 1294 1367 1295
f 1367 1368 1295
f 1295 1368 1296
f 1368 1297 1296
f 1369 1370 1371
f 1370 1372 1371
f 1371 1372 1373
f 1372 1374 1373
f 1373 1374 1375
f 1374 1376 1375
f 1375 1376 1377
f 1376 1378 1377
f 1377 1378 1379
f 1378 1380 1379
f 1379 1380 1381
f 1380 1382 1381
f 1381 1382 1383
f 1382 1384 1383
f 1383 1384 1385
f 1384 1386 1385
f 1385 1386 1387
f 1386 1388 1387
f 1387 1388 1389
f 1388 1390 1389
f 1389 1390 1391
f 1390 1392 1391
f 1391 1392 1393
f 1392 1394 1393
f 1393 1394 1395
f 1394 1396 1395
f 1395 1396 1397
f 1396 1398 1397
f 1397 1398 1399
f 1398 1400 1399
f 1399 1400 1401
f 1400 1402 1401
f 1401 1402 1403
f 1402 1404 1403
f 1403 1404 1405
f 1404 1406 1405
f 1405 1406 1407
f 1406 1408 1407
f 1407 1408 1409
f 1408 1410 1409
f 1409 1410 1411
f 1410 1412 1411
f 1411 1412 1413
f 1412 1414 1413
f 1413 1414 1415
f 1414 1416 1415
f 1415 1416 1417
f 1416 1418 1417
f 1417 1418 1419
f 1418 1420 1419
f 1419 1420 1421
f 1420 1422 1421
f 1421 1422 1423
f 1422 1424 1423
f 1423 1424 1425
f 1424 1426 1425
f 1425 1426 1427
f 1426 1428 1427
f 1427 1428 1429
f 1428 1430 1429
f 1429 1430 1431
f 1430 1432 1431
f 1431 1432 1433
f 1432 1434 1433
f 1433 1434 1435
f 1434 1436 1435
f 1435 1436 1437
f 1436 1438 1437
f 1437 1438 1439
f 1438 1440 1439
f 1439 1440 1441
f 1440 1442 1441
f 1441 1442 1443
f 1442 1444 1443
f 1443 1444 1445
f 1444 1446 1445
f 1445 1446 1447
f 1446 1448 1447
f 1447 1448 1449
f 1448 1450 1449
f 1449 1450 1451
f 1450 1452 1451
f 1451 1452 1453
f 1452 1454 1453
f 1453 1454 1455
f 1454 1456 1455
f 1455 1456 1457
f 1456 1458 1457
f 1457 1458 1459
f 1458 1460 1459
f 1459 1460 1461
f 1460 1462 1461
f 1461 1462 1463
f 1462 1464 1463
f 1463 1464 1465
f 1464 1466 1465
f 1465 1466 1467
f 1466 1468 1467
f 1467 1468 1469
f 1468 1470 1469
f 1469 1470 1471
f 1470 1472 1471
f 1471 1472 1473
f 1472 1474 1473
f 1473 1474 1475
f 1474 1476 1475
f 1475 1476 1477
f 1476 1478 1477
f 1477 1478 1479
f 1478 1480 1479
f 1479 1480 1481
f 1480 1482 1481
f 1481 1482 1483
f 1482 1484 1483
f 1483 1484 1485
f 1484 1486 1485
f 1485 1486 1487
f 1486 1488 1487
f 1487 1488 1489
f 1488 1490 1489
f 1489 1490 1491
f 1490 1492 1491
f 1491 1492 1493
f 1492 1494 1493
f 1493 1494 1495
f 1494 1496 1495
f 1495 1496 1497
f 1496 1498 1497
f 1497 1498 1499
f 1498 1500 1499
f 1499 1500 1501
f 1500 1502 1501
f 1501 1502 1503
f 1502 1504 1503
f 1503 1504 1505
f 1504 1506 1505
f 1505 1506 1507
f 1506 1508 1507
f 1507 1508 1509
f 1508 1510 1509
f 1509 1510 1511
f 1510 1512 1511
f 1511 1512 1369
f 1512 1370 1369
f 1512 1513 1370
f 1513 1514 1370
f 1370 1514 1372
f 1514 1515 1372
f 1372 1515 1374
f 1515 1516 1374
f 1374 1516 1376
f 1516 1517 1376
f 1376 1517 1378
f 1517 1518 1378
f 1378 1518 1380
f 1518 1519 1380
f 1380 1519 1382
f 1519 1520 1382
f 1382 1520 1384
f 1520 1521 1384
f 1384 1521 1386
f 1521 1522 1386
f 1386 1522 1388
f 1522 1523 1388
f 1388 1523 1390
f 1523 1524 1390
f 1390 1524 1392
f 1524 1525 1392
f 1392 1525 1394
f 1525 1526 1394
f 1394 1526 1396
f 1526 1527 1396
f 1396 1527 1398
f 1527 1528 1398
f 1398 1528 1400
f 1528 1529 1400
f 1400 1529 1402
f 1529 1530 1402
f 1402 1530 1404
f 1530 1531 1404
f 1404 1531 1406
f 1531 1532 1406
f 1406 1532 1408
f 1532 1533 1408
f 1408 1533 1410
f 1533 1534 1410
f 1410 1534 1412
f 1534 1535 1412
f 1412 1535 1414
f 1535 1536 1414
f 1414 1536 1416
f 1536 1537 1416
f 1416 1537 1418
f 1537 1538 1418
f 1418 1538 1420
f 1538 1539 1420
f 1420 1539 1422
f 1539 1540 1422
f 1422 1540 1424
f 1540 1541 1424
f 1424 1541 1426
f 1541 1542 1426
f 1426 1542 1428
f 1542 1543 1428
f 1428 1543 1430
f 1543 1544 1430
f 1430 1544 1432
f 1544 1545 1432
f 1432 1545 1434
f 1545 1546 1434
f 1434 1546 1436
f 1546 1547 1436
f 1436 1547 1438
f 1547 1548 1438
f 1438 1548 1440
f 1548 1549 1440
f 1440 1549 1442
f 1549 1550 1442
f 1442 1550 1444
f 1550 1551 1444
f 1444 1551 1446
f 1551 1552 1446
f 1446 1552 1448
f 1552 1553 1448
f 1448 1553 1450
f 1553 1554 1450
f 1450 1554 1452
f 1554 1555 1452
f 1452 1555 1454
f 1555 1556 1454
f 1454 1556 1456
f 1556 1557 1456
f 1456 1557 1458
f 1557 1558 1458
f 1458 1558 1460
f 1558 1559 1460
f 1460 1559 1462
f 1559 1560 1462
f 1462 1560 1464
f 1560 1561 1464
f 1464 1561 1466
f 1561 1562 1466
f 1466 1562 1468
f 1562 1563 1468
f 1468 1563 1470
f 1563 1564 1470
f 1470 1564 1472
f 1564 1565 1472
f 1472 1565 1474
f 1565 1566 1474
f 1474 1566 1476
f 1566 1567 1476
f 1476 1567 1478
f 1567 1568 1478
f 1478 1568 1480
f 1568 1569 1480
f 1480 1569 1482
f 1569 1570 1482
f 1482 1570 1484
f 1570 1571 1484
f 1484 1571 1486
f 1571 1572 1486
f 1486 1572 1488
f 1572 1573 1488
f 1488 1573 1490
f 1573 1574 1490
f 1490 1574 1492
f 1574 1575 1492
f 1492 1575 1494
f 1575 1576 1494
f 1494 1576 1496
f 1576 1577 1496
f 1496 1577 1498
f 1577 1578 1498
f 1498 1578 1500
f 1578 1579 1500
f 1500 1579 1502
f 1579 1580 1502
f 1502 1580 1504
f 1580 1581 1504
f 1504 1581 1506
f 1581 1582 1506
f 1506 1582 1508
f 1582 1583 1508
f 1508 1583 1510
f 1583 1584 1510
f 1510 1584 1512
f 1584 1513 1512
f 1584 1585 1513
f 1585 1586 1513
f 1513 1586 1514
f 1586 1587 1514
f 1514 1587 1515
f 1587 1588 1515
f 1515 1588 1516
f 1588 1589 1516
f 1516 1589 1517
f 1589 1590 1517
f 1517 1590 1518
f 1590 1591 1518
f 1518 1591 1519
f 1591 1592 1519
f 1519 1592 1520
f 1592 1593 1520
f 1520 1593 1521
f 1593 1594 1521
f 1521 1594 1522
f 1594 1595 1522
f 1522 1595 1523
f 1595 1596 1523
f 1523 1596 1524
f 1596 1597 1524
f 1524 1597 1525
f 1597 1598 1525
f 1525 1598 1526
f 1598 1599 1526
f 1526 1599 1527
f 1599 1600 1527
f 1527 1600 1528
f 1600 1601 1528
f 1528 1601 1529
f 1601 1602 1529
f 1529 1602 1530
f 1602 1603 1530
f 1530 1603 1531
f 1603 1604 1531
f 1531 1604 1532
f 1604 1605 1532
f 1532 1605 1533
f 1605 1606 1533
f 1533 1606 1534
f 1606 1607 1534
f 1534 1607 1535
f 1607 1608 1535
f 1535 1608 1536
f 1608 1609 1536
f 1536 1609 1537
f 1609 1610 1537
f 1537 1610 1538
f 1610 1611 1538
f 1538 1611 1539
f 1611 1612 1539
f 1539 1612 1540
f 1612 1613 1540
f 1540 1613 1541
f 1613 1614 1541
f 1541 1614 1542
f 1614 1615 1542
f 1542 1615 1543
f 1615 1616 1543
f 1543 1616 1544
f 1616 1617 1544
f 1544 1617 1545
f 1617 1618 1545
f 1545 1618 1546
f 1618 1619 1546
f 1546 1619 1547
f 1619 1620 1547
f 1547 1620 1548
f 1620 1621 1548
f 1548 1621 1549
f 1621 1622 1549
f 1549 1622 1550
f 1622 1623 1550
f 1550 1623 1551
f 1623 1624 1551
f 1551 1624 1552
f 1624 1625 1552
f 1552 1625 1553
f 1625 1626 1553
f 1553 1626 1554
f 1626 1627 1554
f 1554 1627 1555
f 1627 1628 1555
f 1555 1628 1556
f 1628 1629 1556
f 1556 1629 1557
f 1629 1630 1557
f 1557 1630 1558
f 1630 1631 1558
f 1558 1631 1559
f 1631 1632 1559
f 1559 1632 1560
f 1632 1633 1560
f 1560 1633 1561
f 1633 1634 1561
f 1561 1634 1562
f 1634 1635 1562
f 1562 1635 1563
f 1635 1636 1563
f 1563 1636 1564
f 1636 1637 1564
f 1564 1637 1565
f 1637 1638 1565
f 1565 1638 1566
f 1638 1639 1566
f 1566 1639 1567
f 1639 1640 1567
f 1567 1640 1568
f 1640 1641 1568
f 1568 1641 1569
f 1641 1642 1569
f 1569 1642 1570
f 1642 1643 1570
f 1570 1643 1571
f 1643 1644 1571
f 1571 1644 1572
f 1644 1645 1572
f 1572 1645 1573
f 1645 1646 1573
f 1573 1646 1574
f 1646 1647 1574
f 1574 1647 1575
f 1647 1648 1575
f 1575 1648 1576
f 1648 1649 1576
f 1576 1649 1577
f 1649 1650 1577
f 1577 1650 1578
f 1650 1651 1578
f 1578 1651 1579
f 1651 1652 1579
f 1579 1652 1580
f 1652 1653 1580
f 1580 1653 1581
f 1653 1654 1581
f 1581 1654 1582
f 1654 1655 1582
f 1582 1655 1583
f 1655 1656 1583
f 1583 1656 1584
f 1656 1585 1584
f 1656 1657 1585
f 1657 1658 1585
f 1585 1658 1586
f 1658 1659 1586
f 1586 1659 1587
f 1659 1660 1587
f 1587 1660 1588
f 1660 1661 1588
f 1588 1661 1589
f 1661 1662 1589
f 1589 1662 1590
f 1662 1663 1590
f 1590 1663 1591
f 1663 1664 1591
f 1591 1664 1592
f 1664 1665 1592
f 1592 1665 1593
f 1665 1666 1593
f 1593 1666 1594
f 1666 1667 1594
f 1594 1667 1595
f 1667 1668 1595
f 1595 1668 1596
f 1668 1669 1596
f 1596 1669 1597
f 1669 1670 1597
f 1597 1670 1598
f 1670 1671 1598
f 1598 1671 1599
f 1671 1672 1599
f 1599 1672 1600
f 1672 1673 1600
f 1600 1673 1601
f 1673 1674 1601
f 1601 1674 1602
f 1674 1675 1602
f 1602 1675 1603
f 1675 1676 1603
f 1603 1676 1604
f 1676 1677 1604
f 1604 1677 1605
f 1677 1678 1605
f 1605 1678 1606
f 1678 1679 1606
f 1606 1679 1607
f 1679 1680 1607
f 1607 1680 1608
f 1680 1681 1608
f 1608 1681 1609
f 1681 1682 1609
f 1609 1682 1610
f 1682 1683 1610
f 1610 1683 1611
f 1683 1684 1611
f 1611 1684 1612
f 1684 1685 1612
f 1612 1685 1613
f 1685 1686 1613
f 1613 1686 1614
f 1686 1687 1614
f 1614 1687 1615
f 1687 1688 1615
f 1615 1688 1616
f 1688 1689 1616
f 1616 1689 1617
f 1689 1690 1617
f 1617 1690 1618
f 1690 1691 1618
f 1618 1691 1619
f 1691 1692 1619
f 1619 1692 1620
f 1692 1693 1620
f 1620 1693 1621
f 1693 1694 1621
f 1621 1694 1622
f 1694 1695 1622
f 1622 1695 1623
f 1695 1696 1623
f 1623 1696 1624
f 1696 1697 1624
f 1624 1697 1625
f 1697 1698 1625
f 1625 1698 1626
f 1698 1699 1626
f 1626 1699 1627
f 1699 1700 1627
f 1627 1700 1628
f 1700 1701 1628
f 1628 1701 1629
f 1701 1702 1629
f 1629 1702 1630
f 1702 1703 1630
f 1630 1703 1631
f 1703 1704 1631
f 1631 1704 1632
f 1704 1705 1632
f 1632 1705 1633
f 1705 1706 1633
f 1633 1706 1634
f 1706 1707 1634
f 1634 1707 1635
f 1707 1708 1635
f 1635 1708 1636
f 1708 1709 1636
f 1636 1709 1637
f 1709 1710 1637
f 1637 1710 1638
f 1710 1711 1638
f 1638 1711 1639
f 1711 1712 1639
f 1639 1712 1640
f 1712 1713 1640
f 1640 1713 1641
f 1713 1714 1641
f 1641 1714 1642
f 1714 1715 1642
f 1642 1715 1643
f 1715 1716 1643
f 1643 1716 1644
f 1716 1717 1644
f 1644 1717 1645
f 1717 1718 1645
f 1645 1718 1646
f 1718 1719 1646
f 1646 1719 1647
f 1719 1720 1647
f 1647 1720 1648
f 1720 1721 1648
f 1648 1721 1649
f 1721 1722 1649
f 1649 1722 1650
f 1722 1723 1650
f 1650 1723 1651
f 1723 1724 1651
f 1651 1724 1652
f 1724 1725 1652
f 1652 1725 1653
f 1725 1726 1653
f 1653 1726 1654
f 1726 1727 1654
f 1654 1727 1655
f 1727 1728 1655
f 1655 1728 1656
f 1728 1657 1656
f 1728 1729 1657
f 1729 1730 1657
f 1657 1730 1658
f 1730 1731 1658
f 1658 1731 1659
f 1731 1732 1659
f 1659 1732 1660
f 1732 1733 1660
f 1660 1733 1661
f 1733 1734 1661
f 1661 1734 1662
f 1734 1735 1662
f 1662 1735 1663
f 1735 1736 1663
f 1663 1736 1664
f 1736 1737 1664
f 1664 1737 1665
f 1737 1738 1665
f 1665 1738 1666
f 1738 1739 1666
f 1666 1739 1667
f 1739 1740 1667
f 1667 1740 1668
f 1740 1741 1668
f 1668 1741 1669
f 1741 1742 1669
f 1669 1742 1670
f 1742 1743 1670
f 1670 1743 1671
f 1743 1744 1671
f 1671 1744 1672
f 1744 1745 1672
f 1672 1745 1673
f 1745 1746 1673
f 1673 1746 1674
f 1746 1747 1674
f 1674 1747 1675
f 1747 1748 1675
f 1675 1748 1676
f 1748 1749 1676
f 1676 1749 1677
f 1749 1750 1677
f 1677 1750 1678
f 1750 1751 1678
f 1678 1751 1679
f 1751 1752 1679
f 1679 1752 1680
f 1752 1753 1680
f 1680 1753 1681
f 1753 1754 1681
f 1681 1754 1682
f 1754 1755 1682
f 1682 1755 1683
f 1755 1756 1683
f 1683 1756 1684
f 1756 1757 1684
f 1684 1757 1685
f 1757 1758 1685
f 1685 1758 1686
f 1758 1759 1686
f 1686 1759 1687
f 1759 1760 1687
f 1687 1760 1688
f 1760 1761 1688
f 1688 1761 1689
f 1761 1762 1689
f 1689 1762 1690
f 1762 1763 1690
f 1690 1763 1691
f 1763 1764 1691
f 1691 1764 1692
f 1764 1765 1692
f 1692 1765 1693
f 1765 1766 1693
f 1693 1766 1694
f 1766 1767 1694
f 1694 1767 1695
f 1767 1768 1695
f 1695 1768 1696
f 1768 1769 1696
f 1696 1769 1697
f 1769 1770 1697
f 1697 1770 1698
f 1770 1771 1698
f 1698 1771 1699
f 1771 1772 1699
f 1699 1772 1700
f 1772 1773 1700
f 1700 1773 1701
f 1773 1774 1701
f 1701 1774 1702
f 1774 1775 1702
f 1702 1775 1703
f 1775 1776 1703
f 1703 1776 1704
f 1776 1777 1704
f 1704 1777 1705
f 1777 1778 1705
f 1705 1778 1706
f 1778 1779 1706
f 1706 1779 1707
f 1779 1780 1707
f 1707 1780 1708
f 1780 1781 1708
f 1708 1781 1709
f 1781 1782 1709
f 1709 1782 1710
f 1782 1783 1710
f 1710 1783 1711
f 1783 1784 1711
f 1711 1784 1712
f 1784 1785 1712
f 1712 1785 1713
f 1785 1786 1713
f 1713 1786 1714
f 1786 1787 1714
f 1714 1787 1715
f 1787 1788 1715
f 1715 1788 1716
f 1788 1789 1716
f 1716 1789 1717
f 1789 1790 1717
f 1717 1790 1718
f 1790 1791 1718
f 1718 1791 1719
f 1791 1792 1719
f 1719 1792 1720
f 1792 1793 1720
f 1720 1793 1721
f 1793 1794 1721
f 1721 1794 1722
f 1794 1795 1722
f 1722 1795 1723
f 1795 1796 1723
f 1723 1796 1724
f 1796 1797 1724
f 1724 1797 1725
f 1797 1798 1725
f 1725 1798 1726
f 1798 1799 1726
f 1726 1799 1727
f 1799 1800 1727
f 1727 1800 1728
f 1800 1729 1728
f 1800 1801 1729
f 1801 1802 1729
f 1729 1802 1730
f 1802 1803 1730
f 1730 1803 1731
f 1803 1804 1731
f 1731 1804 1732
f 1804 1805 1732
f 1732 1805 1733
f 1805 1806 1733
f 1733 1806 1734
f 1806 1807 1734
f 1734 1807 1735
f 1807 1808 1735
f 1735 1808 1736
f 1808 1809 1736
f 1736 1809 1737
f 1809 1810 1737
f 1737 1810 1738
f 1810 1811 1738
f 1738 1811 1739
f 1811 1812 1739
f 1739 1812 1740
f 1812 1813 1740
f 1740 1813 1741
f 1813 1814 1741
f 1741 1814 1742
f 1814 1815 1742
f 1742 1815 1743
f 1815 1816 1743
f 1743 1816 1744
f 1816 1817 1744
f 1744 1817 1745
f 1817 1818 1745
f 1745 1818 1746
f 1818 1819 1746
f 1746 1819 1747
f 1819 1820 1747
f 1747 1820 1748
f 1820 1821 1748
f 1748 1821 1749
f 1821 1822 1749
f 1749 1822 1750
f 1822 1823 1750
f 1750 1823 1751
f 1823 1824 1751
f 1751 1824 1752
f 1824 1825 1752
f 1752 1825 1753
f 1825 1826 1753
f 1753 1826 1754
f 1826 1827 1754
f 1754 1827 1755
f 1827 1828 1755
f 1755 1828 1756
f 1828 1829 1756
f 1756 1829 1757
f 1829 1830 1757
f 1757 1830 1758
f 1830 1831 1758
f 1758 1831 1759
f 1831 1832 1759
f 1759 1832 1760
f 1832 1833 1760
f 1760 1833 1761
f 1833 1834 1761
f 1761 1834 1762
f 1834 1835 1762
f 1762 1835 1763
f 1835 1836 1763
f 1763 1836 1764
f 1836 1837 1764
f 1764 1837 1765
f 1837 1838 1765
f 1765 1838 1766
f 1838 1839 1766
f 1766 1839 1767
f 1839 1840 1767
f 1767 1840 1768
f 1840 1841 1768
f 1768 1841 1769
f 1841 1842 1769
f 1769 1842 1770
f 1842 1843 1770
f 1770 1843 1771
f 1843 1844 1771
f 1771 1844 1772
f 1844 1845 1772
f 1772 1845 1773
f 1845 1846 1773
f 1773 1846 1774
f 1846 1847 1774
f 1774 1847 1775
f 1847 1848 1775
f 1775 1848 1776
f 1848 1849 1776
f 1776 1849 1777
f 1849 1850 1777
f 1777 1850 1778
f 1850 1851 1778
f 1778 1851 1779
f 1851 1852 1779
f 1779 1852 1780
f 1852 1853 1780
f 1780 1853 1781
f 1853 1854 1781
f 1781 1854 1782
f 1854 1855 1782
f 1782 1855 1783
f 1855 1856 1783
f 1783 1856 1784
f 1856 1857 1784
f 1784 1857 1785
f 1857 1858 1785
f 1785 1858 1786
f 1858 1859 1786
f 1786 1859 1787
f 1859 1860 1787
f 1787 1860 1788
f 1860 1861 1788
f 1788 1861 1789
f 1861 1862 1789
f 1789 1862 1790
f 1862 1863 1790
f 1790 1863 1791
f 1863 1864 1791
f 1791 1864 1792
f 1864 1865 1792
f 1792 1865 1793
f 1865 1866 1793
f 1793 1866 1794
f 1866 1867 1794
f 1794 1867 1795
f 1867 1868 1795
f 1795 1868 1796
f 1868 1869 1796
f 1796 1869 1797
f 1869 1870 1797
f 1797 1870 1798
f 1870 1871 1798
f 1798 1871 1799
f 1871 1872 1799
f 1799 1872 1800
f 1872 1801 1800
f 1872 1873 1801
f 1873 1874 1801
f 1801 1874 1802
f 1874 1875 1802
f 1802 1875 1803
f 1875 1876 1803
f 1803 1876 1804
f 1876 1877 1804
f 1804 1877 1805
f 1877 1878 1805
f 1805 1878 1806
f 1878 1879 1806
f 1806 1879 1807
f 1879 1880 1807
f 1807 1880 1808
f 1880 1881 1808
f 1808 1881 1809
f 1881 1882 1809
f 1809 1882 1810
f 1882 1883 1810
f 1810 1883 1811
f 1883 1884 1811
f 1811 1884 1812
f 1884 1885 1812
f 1812 1885 1813
f 1885 1886 1813
f 1813 1886 1814
f 1886 1887 1814
f 1814 1887 1815
f 1887 1888 1815
f 1815 1888 1816
f 1888 1889 1816
f 1816 1889 1817
f 1889 1890 1817
f 1817 1890 1818
f 1890 1891 1818
f 1818 1891 1819
f 1891 1892 1819
f 1819 1892 1820
f 1892 1893 1820
f 1820 1893 1821
f 1893 1894 1821
f 1821 1894 1822
f 1894 1895 1822
f 1822 1895 1823
f 1895 1896 1823
f 1823 1896 1824
f 1896 1897 1824
f 1824 1897 1825
f 1897 1898 1825
f 1825 1898 1826
f 1898 1899 1826
f 1826 1899 1827
f 1899 1900 1827
f 1827 1900 1828
f 1900 1901 1828
f 1828 1901 1829
f 1901 1902 1829
f 1829 1902 1830
f 1902 1903 1830
f 1830 1903 1831
f 1903 1904 1831
f 1831 1904 1832
f 1904 1905 1832
f 1832 1905 1833
f 1905 1906 1833
f 1833 1906 1834
f 1906 1907 1834
f 1834 1907 1835
f 1907 1908 1835
f 1835 1908 1836
f 1908 1909 1836
f 1836 1909 1837
f 1909 1910 1837
f 1837 1910 1838
f 1910 1911 1838
f 1838 1911 1839
f 1911 1912 1839
f 1839 1912 1840
f 1912 1913 1840
f 1840 1913 1841
f 1913 1914 1841
f 1841 1914 1842
f 1914 1915 1842
f 1842 1915 1843
f 1915 1916 1843
f 1843 1916 1844
f 1916 1917 1844
f 1844 1917 1845
f 1917 1918 1845
f 1845 1918 1846
f 1918 1919 1846
f 1846 1919 1847
f 1919 1920 1847
f 1847 1920 1848
f 1920 1921 1848
f 1848 1921 1849
f 1921 1922 1849
f 1849 1922 1850
f 1922 1923 1850
f 1850 1923 1851
f 1923 1924 1851
f 1851 1924 1852
f 1924 1925 1852
f 1852 1925 1853
f 1925 1926 1853
f 1853 1926 1854
f 1926 1927 1854
f 1854 1927 1855
f 1927 1928 1855
f 1855 1928 1856
f 1928 1929 1856
f 1856 1929 1857
f 1929 1930 1857
f 1857 1930 1858
f 1930 1931 1858
f 1858 1931 1859
f 1931 1932 1859
f 1859 1932 1860
f 1932 1933 1860
f 1860 1933 1861
f 1933 1934 1861
f 1861 1934 1862
f 1934 1935 1862
f 1862 1935 1863
f 1935 1936 1863
f 1863 1936 1864
f 1936 1937 1864
f 1864 1937 1865
f 1937 1938 1865
f 1865 1938 1866
f 1938 1939 1866
f 1866 1939 1867
f 1939 1940 1867
f 1867 1940 1868
f 1940 1941 1868
f 1868 1941 1869
f 1941 1942 1869
f 1869 1942 1870
f 1942 1943 1870
f 1870 1943 1871
f 1943 1944 1871
f 1871 1944 1872
f 1944 1873 1872
f 1944 1945 1873
f 1945 1946 1873
f 1873 1946 1874
f 1946 1947 1874
f 1874 1947 1875
f 1947 1948 1875
f 1875 1948 1876
f 1948 1949 1876
f 1876 1949 1877
f 1949 1950 1877
f 1877 1950 1878
f 1950 1951 1878
f 1878 1951 1879
f 1951 1952 1879
f 1879 1952 1880
f 1952 1953 1880
f 1880 1953 1881
f 1953 1954 1881
f 1881 1954 1882
f 1954 1955 1882
f 1882 1955 1883
f 1955 1956 1883
f 1883 1956 1884
f 1956 1957 1884
f 1884 1957 1885
f 1957 1958 1885
f 1885 1958 1886
f 1958 1959 1886
f 1886 1959 1887
f 1959 1960 1887
f 1887 1960 1888
f 1960 1961 1888
f 1888 1961 1889
f 1961 1962 1889
f 1889 1962 1890
f 1962 1963 1890
f 1890 1963 1891
f 1963 1964 1891
f 1891 1964 1892
f 1964 1965 1892
f 1892 1965 1893
f 1965 1966 1893
f 1893 1966 1894
f 1966 1967 1894
f 1894 1967 1895
f 1967 1968 1895
f 1895 1968 1896
f 1968 1969 1896
f 1896 1969 1897
f 1969 1970 1897
f 1897 1970 1898
f 1970 1971 1898
f 1898 1971 1899
f 1971 1972 1899
f 1899 1972 1900
f 1972 1973 1900
f 1900 1973 1901
f 1973 1974 1901
f 1901 1974 1902
f 1974 1975 1902
f 1902 1975 1903
f 1975 1976 1903
f 1903 1976 1904
f 1976 1977 1904
f 1904 1977 1905
f 1977 1978 1905
f 1905 1978 1906
f 1978 1979 1906
f 1906 1979 1907
f 1979 1980 1907
f 1907 1980 1908
f 1980 1981 1908
f 1908 1981 1909
f 1981 1982 1909
f 1909 1982 1910
f 1982 1983 1910
f 1910 1983 1911
f 1983 1984 1911
f 1911 1984 1912
f 1984 1985 1912
f 1912 1985 1913
f 1985 1986 1913
f 1913 1986 1914
f 1986 1987 1914
f 1914 1987 1915
f 1987 1988 1915
f 1915 1988 1916
f 1988 1989 1916
f 1916 1989 1917
f 1989 1990 1917
f 1917 1990 1918
f 1990 1991 1918
f 1918 1991 1919
f 1991 1992 1919
f 1919 1992 1920
f 1992 1993 1920
f 1920 1993 1921
f 1993 1994 1921
f 1921 1994 1922
f 1994 1995 1922
f 1922 1995 1923
f 1995 1996 1923
f 1923 1996 1924
f 1996 1997 1924
f 1924 1997 1925
f 1997 1998 1925
f 1925 1998 1926
f 1998 1999 1926
f 1926 1999 1927
f 1999 2000 1927
f 1927 2000 1928
f 2000 2001 1928
f 1928 2001 1929
f 2001 2002 1929
f 1929 2002 1930
f 2002 2003 1930
f 1930 2003 1931
f 2003 2004 1931
f 1931 2004 1932
f 2004 2005 1932
f 1932 2005 1933
f 2005 2006 1933
f 1933 2006 1934
f 2006 2007 1934
f 1934 2007 1935
f 2007 2008 1935
f 1935 2008 1936
f 2008 2009 1936
f 1936 2009 1937
f 2009 2010 1937
f 1937 2010 1938
f 2010 2011 1938
f 1938 2011 1939
f 2011 2012 1939
f 1939 2012 1940
f 2012 2013 1940
f 1940 2013 1941
f 2013 2014 1941
f 1941 2014 1942
f 2014 2015 1942
f 1942 2015 1943
f 2015 2016 1943
f 1943 2016 1944
f 2016 1945 1944
f 2016 2017 1945
f 2017 2018 1945
f 1945 2018 1946
f 2018 2019 1946
f 1946 2019 1947
f 2019 2020 1947
f 1947 2020 1948
f 2020 2021 1948
f 1948 2021 1949
f 2021 2022 1949
f 1949 2022 1950
f 2022 2023 1950
f 1950 2023 1951
f 2023 2024 1951
f 1951 2024 1952
f 2024 2025 1952
f 1952 2025 1953
f 2025 2026 1953
f 1953 2026 1954
f 2026 2027 1954
f 1954 2027 1955
f 2027 2028 1955
f 1955 2028 1956
f 2028 2029 1956
f 1956 2029 1957
f 2029 2030 1957
f 1957 2030 1958
f 2030 2031 1958
f 1958 2031 1959
f 2031 2032 1959
f 1959 2032 1960
f 2032 2033 1960
f 1960 2033 1961
f 2033 2034 1961
f 1961 2034 1962
f 2034 2035 1962
f 1962 2035 1963
f 2035 2036 1963
f 1963 2036 1964
f 2036 2037 1964
f 1964 2037 1965
f 2037 2038 1965
f 1965 2038 1966
f 2038 2039 1966
f 1966 2039 1967
f 2039 2040 1967
f 1967 2040 1968
f 2040 2041 1968
f 1968 2041 1969
f 2041 2042 1969
f 1969 2042 1970
f 2042 2043 1970
f 1970 2043 1971
f 2043 2044 1971
f 1971 2044 1972
f 2044 2045 1972
f 1972 2045 1973
f 2045 2046 1973
f 1973 2046 1974
f 2046 2047 1974
f 1974 2047 1975
f 2047 2048 1975
f 1975 2048 1976
f 2048 2049 1976
f 1976 2049 1977
f 2049 2050 1977
f 1977 2050 1978
f 2050 2051 1978
f 1978 2051 1979
f 2051 2052 1979
f 1979 2052 1980
f 2052 2053 1980
f 1980 2053 1981
f 2053 2054 1981
f 1981 2054 1982
f 2054 2055 1982
f 1982 2055 1983
f 2055 2056 1983
f 1983 2056 1984
f 2056 2057 1984
f 1984 2057 1985
f 2057 2058 1985
f 1985 2058 1986
f 2058 2059 1986
f 1986 2059 1987
f 2059 2060 1987
f 1987 2060 1988
f 2060 2061 1988
f 1988 2061 1989
f 2061 2062 1989
f 1989 2062 1990
f 2062 2063 1990
f 1990 2063 1991
f 2063 2064 1991
f 1991 2064 1992
f 2064 2065 1992
f 1992 2065 1993
f 2065 2066 1993
f 1993 2066 1994
f 2066 2067 1994
f 1994 2067 1995
f 2067 2068 1995
f 1995 2068 1996
f 2068 2069 1996
f 1996 2069 1997
f 2069 2070 1997
f 1997 2070 1998
f 2070 2071 1998
f 1998 2071 1999
f 2071 2072 1999
f 1999 2072 2000
f 2072 2073 2000
f 2000 2073 2001
f 2073 2074 2001
f 2001 2074 2002
f 2074 2075 2002
f 2002 2075 2003
f 2075 2076 2003
f 2003 2076 2004
f 2076 2077 2004
f 2004 2077 2005
f 2077 2078 2005
f 2005 2078 2006
f 2078 2079 2006
f 2006 2079 2007
f 2079 2080 2007
f 2007 2080 2008
f 2080 2081 2008
f 2008 2081 2009
f 2081 2082 2009
f 2009 2082 2010
f 2082 2083 2010
f 2010 2083 2011
f 2083 2084 2011
f 2011 2084 2012
f 2084 2085 2012
f 2012 2085 2013
f 2085 2086 2013
f 2013 2086 2014
f 2086 2087 2014
f 2014 2087 2015
f 2087 2088 2015
f 2015 2088 2016
f 2088 2017 2016
f 2088 2089 2017
f 2089 2090 2017
f 2017 2090 2018
f 2090 2091 2018
f 2018 2091 2019
f 2091 2092 2019
f 2019 2092 2020
f 2092 2093 2020
f 2020 2093 2021
f 2093 2094 2021
f 2021 2094 2022
f 2094 2095 2022
f 2022 2095 2023
f 2095 2096 2023
f 2023 2096 2024
f 2096 2097 2024
f 2024 2097 2025
f 2097 2098 2025
f 2025 2098 2026
f 2098 2099 2026
f 2026 2099 2027
f 2099 2100 2027
f 2027 2100 2028
f 2100 2101 2028
f 2028 2101 2029
f 2101 2102 2029
f 2029 2102 2030
f 2102 2103 2030
f 2030 2103 2031
f 2103 2104 2031
f 2031 2104 2032
f 2104 2105 2032
f 2032 2105 2033
f 2105 2106 2033
f 2033 2106 2034
f 2106 2107 2034
f 2034 2107 2035
f 2107 2108 2035
f 2035 2108 2036
f 2108 2109 2036
f 2036 2109 2037
f 2109 2110 2037
f 2037 2110 2038
f 2110 2111 2038
f 2038 2111 2039
f 2111 2112 2039
f 2039 2112 2040
f 2112 2113 2040
f 2040 2113 2041
f 2113 2114 2041
f 2041 2114 2042
f 2114 2115 2042
f 2042 2115 2043
f 2115 2116 2043
f 2043 2116 2044
f 2116 2117 2044
f 2044 2117 2045
f 2117 2118 2045
f 2045 2118 2046
f 2118 2119 2046
f 2046 2119 2047
f 2119 2120 2047
f 2047 2120 2048
f 2120 2121 2048
f 2048 2121 2049
f 2121 2122 2049
f 2049 2122 2050
f 2122 2123 2050
f 2050 2123 2051
f 2123 2124 2051
f 2051 2124 2052
f 2124 2125 2052
f 2052 2125 2053
f 2125 2126 2053
f 2053 2126 2054
f 2126 2127 2054
f 2054 2127 2055
f 2127 2128 2055
f 2055 2128 2056
f 2128 2129 2056
f 2056 2129 2057
f 2129 2130 2057
f 2057 2130 2058
f 2130 2131 2058
f 2058 2131 2059
f 2131 2132 2059
f 2059 2132 2060
f 2132 2133 2060
f 2060 2133 2061
f 2133 2134 2061
f 2061 2134 2062
f 2134 2135 2062
f 2062 2135 2063
f 2135 2136 2063
f 2063 2136 2064
f 2136 2137 2064
f 2064 2137 2065
f 2137 2138 2065
f 2065 2138 2066
f 2138 2139 2066
f 2066 2139 2067
f 2139 2140 2067
f 2067 2140 2068
f 2140 2141 2068
f 2068 2141 2069
f 2141 2142 2069
f 2069 2142 2070
f 2142 2143 2070
f 2070 2143 2071
f 2143 2144 2071
f 2071 2144 2072
f 2144 2145 2072
f 2072 2145 2073
f 2145 2146 2073
f 2073 2146 2074
f 2146 2147 2074
f 2074 2147 2075
f 2147 2148 2075
f 2075 2148 2076
f 2148 2149 2076
f 2076 2149 2077
f 2149 2150 2077
f 2077 2150 2078
f 2150 2151 2078
f 2078 2151 2079
f 2151 2152 2079
f 2079 2152 2080
f 2152 2153 2080
f 2080 2153 2081
f 2153 2154 2081
f 2081 2154 2082
f 2154 2155 2082
f 2082 2155 2083
f 2155 2156 2083
f 2083 2156 2084
f 2156 2157 2084
f 2084 2157 2085
f 2157 2158 2085
f 2085 2158 2086
f 2158 2159 2086
f 2086 2159 2087
f 2159 2160 2087
f 2087 2160 2088
f 2160 2089 2088
f 2160 2161 2089
f 2161 2162 2089
f 2089 2162 2090
f 2162 2163 2090
f 2090 2163 2091
f 2163 2164 2091
f 2091 2164 2092
f 2164 2165 2092
f 2092 2165 2093
f 2165 2166 2093
f 2093 2166 2094
f 2166 2167 2094
f 2094 2167 2095
f 2167 2168 2095
f 2095 2168 2096
f 2168 2169 2096
f 2096 2169 2097
f 2169 2170 2097
f 2097 2170 2098
f 2170 2171 2098
f 2098 2171 2099
f 2171 2172 2099
f 2099 2172 2100
f 2172 2173 2100
f 2100 2173 2101
f 2173 2174 2101
f 2101 2174 2102
f 2174 2175 2102
f 2102 2175 2103
f 2175 2176 2103
f 2103 2176 2104
f 2176 2177 2104
f 2104 2177 2105
f 2177 2178 2105
f 2105 2178 2106
f 2178 2179 2106
f 2106 2179 2107
f 2179 2180 2107
f 2107 2180 2108
f 2180 2181 2108
f 2108 2181 2109
f 2181 2182 2109
f 2109 2182 2110
f 2182 2183 2110
f 2110 2183 2111
f 2183 2184 2111
f 2111 2184 2112
f 2184 2185 2112
f 2112 2185 2113
f 2185 2186 2113
f 2113 2186 2114
f 2186 2187 2114
f 2114 2187 2115
f 2187 2188 2115
f 2115 2188 2116
f 2188 2189 2116
f 2116 2189 2117
f 2189 2190 2117
f 2117 2190 2118
f 2190 2191 2118
f 2118 2191 2119
f 2191 2192 2119
f 2119 2192 2120
f 2192 2193 2120
f 2120 2193 2121
f 2193 2194 2121
f 2121 2194 2122
f 2194 2195 2122
f 2122 2195 2123
f 2195 2196 2123
f 2123 2196 2124
f 2196 2197 2124
f 2124 2197 2125
f 2197 2198 2125
f 2125 2198 2126
f 2198 2199 2126
f 2126 2199 2127
f 2199 2200 2127
f 2127 2200 2128
f 2200 2201 2128
f 2128 2201 2129
f 2201 2202 2129
f 2129 2202 2130
f 2202 2203 2130
f 2130 2203 2131
f 2203 2204 2131
f 2131 2204 2132
f 2204 2205 2132
f 2132 2205 2133
f 2205 2206 2133
f 2133 2206 2134
f 2206 2207 2134
f 2134 2207 2135
f 2207 2208 2135
f 2135 2208 2136
f 2208 2209 2136
f 2136 2209 2137
f 2209 2210 2137
f 2137 2210 2138
f 2210 2211 2138
f 2138 2211 2139
f 2211 2212 2139
f 2139 2212 2140
f 2212 2213 2140
f 2140 2213 2141
f 2213 2214 2141
f 2141 2214 2142
f 2214 2215 2142
f 2142 2215 2143
f 2215 2216 2143
f 2143 2216 2144
f 2216 2217 2144
f 2144 2217 2145
f 2217 2218 2145
f 2145 2218 2146
f 2218 2219 2146
f 2146 2219 2147
f 2219 2220 2147
f 2147 2220 2148
f 2220 2221 2148
f 2148 2221 2149
f 2221 2222 2149
f 2149 2222 2150
f 2222 2223 2150
f 2150 2223 2151
f 2223 2224 2151
f 2151 2224 2152
f 2224 2225 2152
f 2152 2225 2153
f 2225 2226 2153
f 2153 2226 2154
f 2226 2227 2154
f 2154 2227 2155
f 2227 2228 2155
f 2155 2228 2156
f 2228 2229 2156
f 2156 2229 2157
f 2229 2230 2157
f 2157 2230 2158
f 2230 2231 2158
f 2158 2231 2159
f 2231 2232 2159
f 2159 2232 2160
f 2232 2161 2160
f 2232 2233 2161
f 2233 2234 2161
f 2161 2234 2162
f 2234 2235 2162
f 2162 2235 2163
f 2235 2236 2163
f 2163 2236 2164
f 2236 2237 2164
f 2164 2237 2165
f 2237 2238 2165
f 2165 2238 2166
f 2238 2239 2166
f 2166 2239 2167
f 2239 2240 2167
f 2167 2240 2168
f 2240 2241 2168
f 2168 2241 2169
f 2241 2242 2169
f 2169 2242 2170
f 2242 2243 2170
f 2170 2243 2171
f 2243 2244 2171
f 2171 2244 2172
f 2244 2245 2172
f 2172 2245 2173
f 2245 2246 2173
f 2173 2246 2174
f 2246 2247 2174
f 2174 2247 2175
f 2247 2248 2175
f 2175 2248 2176
f 2248 2249 2176
f 2176 2249 2177
f 2249 2250 2177
f 2177 2250 2178
f 2250 2251 2178
f 2178 2251 2179
f 2251 2252 2179
f 2179 2252 2180
f 2252 2253 2180
f 2180 2253 2181
f 2253 2254 2181
f 2181 2254 2182
f 2254 2255 2182
f 2182 2255 2183
f 2255 2256 2183
f 2183 2256 2184
f 2256 2257 2184
f 2184 2257 2185
f 2257 2258 2185
f 2185 2258 2186
f 2258 2259 2186
f 2186 2259 2187
f 2259 2260 2187
f 2187 2260 2188
f 2260 2261 2188
f 2188 2261 2189
f 2261 2262 2189
f 2189 2262 2190
f 2262 2263 2190
f 2190 2263 2191
f 2263 2264 2191
f 2191 2264 2192
f 2264 2265 2192
f 2192 2265 2193
f 2265 2266 2193
f 2193 2266 2194
f 2266 2267 2194
f 2194 2267 2195
f 2267 2268 2195
f 2195 2268 2196
f 2268 2269 2196
f 2196 2269 2197
f 2269 2270 2197
f 2197 2270 2198
f 2270 2271 2198
f 2198 2271 2199
f 2271 2272 2199
f 2199 2272 2200
f 2272 2273 2200
f 2200 2273 2201
f 2273 2274 2201
f 2201 2274 2202
f 2274 2275 2202
f 2202 2275 2203
f 2275 2276 2203
f 2203 2276 2204
f 2276 2277 2204
f 2204 2277 2205
f 2277 2278 2205
f 2205 2278 2206
f 2278 2279 2206
f 2206 2279 2207
f 2279 2280 2207
f 2207 2280 2208
f 2280 2281 2208
f 2208 2281 2209
f 2281 2282 2209
f 2209 2282 2210
f 2282 2283 2210
f 2210 2283 2211
f 2283 2284 2211
f 2211 2284 2212
f 2284 2285 2212
f 2212 2285 2213
f 2285 2286 2213
f 2213 2286 2214
f 2286 2287 2214
f 2214 2287 2215
f 2287 2288 2215
f 2215 2288 2216
f 2288 2289 2216
f 2216 2289 2217
f 2289 2290 2217
f 2217 2290 2218
f 2290 2291 2218
f 2218 2291 2219
f 2291 2292 2219
f 2219 2292 2220
f 2292 2293 2220
f 2220 2293 2221
f 2293 2294 2221
f 2221 2294 2222
f 2294 2295 2222
f 2222 2295 2223
f 2295 2296 2223
f 2223 2296 2224
f 2296 2297 2224
f 2224 2297 2225
f 2297 2298 2225
f 2225 2298 2226
f 2298 2299 2226
f 2226 2299 2227
f 2299 2300 2227
f 2227 2300 2228
f 2300 2301 2228
f 2228 2301 2229
f 2301 2302 2229
f 2229 2302 2230
f 2302 2303 2230
f 2230 2303 2231
f 2303 2304 2231
f 2231 2304 2232
f 2304 2233 2232
f 2304 2305 2233
f 2305 2306 2233
f 2233 2306 2234
f 2306 2307 2234
f 2234 2307 2235
f 2307 2308 2235
f 2235 2308 2236
f 2308 2309 2236
f 2236 2309 2237
f 2309 2310 2237
f 2237 2310 2238
f 2310 2311 2238
f 2238 2311 2239
f 2311 2312 2239
f 2239 2312 2240
f 2312 2313 2240
f 2240 2313 2241
f 2313 2314 2241
f 2241 2314 2242
f 2314 2315 2242
f 2242 2315 2243
f 2315 2316 2243
f 2243 2316 2244
f 2316 2317 2244
f 2244 2317 2245
f 2317 2318 2245
f 2245 2318 2246
f 2318 2319 2246
f 2246 2319 2247
f 2319 2320 2247
f 2247 2320 2248
f 2320 2321 2248
f 2248 2321 2249
f 2321 2322 2249
f 2249 2322 2250
f 2322 2323 2250
f 2250 2323 2251
f 2323 2324 2251
f 2251 2324 2252
f 2324 2325 2252
f 2252 2325 2253
f 2325 2326 2253
f 2253 2326 2254
f 2326 2327 2254
f 2254 2327 2255
f 2327 2328 2255
f 2255 2328 2256
f 2328 2329 2256
f 2256 2329 2257
f 2329 2330 2257
f 2257 2330 2258
f 2330 2331 2258
f 2258 2331 2259
f 2331 2332 2259
f 2259 2332 2260
f 2332 2333 2260
f 2260 2333 2261
f 2333 2334 2261
f 2261 2334 2262
f 2334 2335 2262
f 2262 2335 2263
f 2335 2336 2263
f 2263 2336 2264
f 2336 2337 2264
f 2264 2337 2265
f 2337 2338 2265
f 2265 2338 2266
f 2338 2339 2266
f 2266 2339 2267
f 2339 2340 2267
f 2267 2340 2268
f 2340 2341 2268
f 2268 2341 2269
f 2341 2342 2269
f 2269 2342 2270
f 2342 2343 2270
f 2270 2343 2271
f 2343 2344 2271
f 2271 2344 2272
f 2344 2345 2272
f 2272 2345 2273
f 2345 2346 2273
f 2273 2346 2274
f 2346 2347 2274
f 2274 2347 2275
f 2347 2348 2275
f 2275 2348 2276
f 2348 2349 2276
f 2276 2349 2277
f 2349 2350 2277
f 2277 2350 2278
f 2350 2351 2278
f 2278 2351 2279
f 2351 2352 2279
f 2279 2352 2280
f 2352 2353 2280
f 2280 2353 2281
f 2353 2354 2281
f 2281 2354 2282
f 2354 2355 2282
f 2282 2355 2283
f 2355 2356 2283
f 2283 2356 2284
f 2356 2357 2284
f 2284 2357 2285
f 2357 2358 2285
f 2285 2358 2286
f 2358 2359 2286
f 2286 2359 2287
f 2359 2360 2287
f 2287 2360 2288
f 2360 2361 2288
f 2288 2361 2289
f 2361 2362 2289
f 2289 2362 2290
f 2362 2363 2290
f 2290 2363 2291
f 2363 2364 2291
f 2291 2364 2292
f 2364 2365 2292
f 2292 2365 2293
f 2365 2366 2293
f 2293 2366 2294
f 2366 2367 2294
f 2294 2367 2295
f 2367 2368 2295
f 2295 2368 2296
f 2368 2369 2296
f 2296 2369 2297
f 2369 2370 2297
f 2297 2370 2298
f 2370 2371 2298
f 2298 2371 2299
f 2371 2372 2299
f 2299 2372 2300
f 2372 2373 2300
f 2300 2373 2301
f 2373 2374 2301
f 2301 2374 2302
f 2374 2375 2302
f 2302 2375 2303
f 2375 2376 2303
f 2303 2376 2304
f 2376 2305 2304
f 2376 2377 2305
f 2377 2378 2305
f 2305 2378 2306
f 2378 2379 2306
f 2306 2379 2307
f 2379 2380 2307
f 2307 2380 2308
f 2380 2381 2308
f 2308 2381 2309
f 2381 2382 2309
f 2309 2382 2310
f 2382 2383 2310
f 2310 2383 2311
f 2383 2384 2311
f 2311 2384 2312
f 2384 2385 2312
f 2312 2385 2313
f 2385 2386 2313
f 2313 2386 2314
f 2386 2387 2314
f 2314 2387 2315
f 2387 2388 2315
f 2315 2388 2316
f 2388 2389 2316
f 2316 2389 2317
f 2389 2390 2317
f 2317 2390 2318
f 2390 2391 2318
f 2318 2391 2319
f 2391 2392 2319
f 2319 2392 2320
f 2392 2393 2320
f 2320 2393 2321
f 2393 2394 2321
f 2321 2394 2322
f 2394 2395 2322
f 2322 2395 2323
f 2395 2396 2323
f 2323 2396 2324
f 2396 2397 2324
f 2324 2397 2325
f 2397 2398 2325
f 2325 2398 2326
f 2398 2399 2326
f 2326 2399 2327
f 2399 2400 2327
f 2327 2400 2328
f 2400 2401 2328
f 2328 2401 2329
f 2401 2402 2329
f 2329 2402 2330
f 2402 2403 2330
f 2330 2403 2331
f 2403 2404 2331
f 2331 2404 2332
f 2404 2405 2332
f 2332 2405 2333
f 2405 2406 2333
f 2333 2406 2334
f 2406 2407 2334
f 2334 2407 2335
f 2407 2408 2335
f 2335 2408 2336
f 2408 2409 2336
f 2336 2409 2337
f 2409 2410 2337
f 2337 2410 2338
f 2410 2411 2338
f 2338 2411 2339
f 2411 2412 2339
f 2339 2412 2340
f 2412 2413 2340
f 2340 2413 2341
f 2413 2414 2341
f 2341 2414 2342
f 2414 2415 2342
f 2342 2415 2343
f 2415 2416 2343
f 2343 2416 2344
f 2416 2417 2344
f 2344 2417 2345
f 2417 2418 2345
f 2345 2418 2346
f 2418 2419 2346
f 2346 2419 2347
f 2419 2420 2347
f 2347 2420 2348
f 2420 2421 2348
f 2348 2421 2349
f 2421 2422 2349
f 2349 2422 2350
f 2422 2423 2350
f 2350 2423 2351
f 2423 2424 2351
f 2351 2424 2352
f 2424 2425 2352
f 2352 2425 2353
f 2425 2426 2353
f 2353 2426 2354
f 2426 2427 2354
f 2354 2427 2355
f 2427 2428 2355
f 2355 2428 2356
f 2428 2429 2356
f 2356 2429 2357
f 2429 2430 2357
f 2357 2430 2358
f 2430 2431 2358
f 2358 2431 2359
f 2431 2432 2359
f 2359 2432 2360
f 2432 2433 2360
f 2360 2433 2361
f 2433 2434 2361
f 2361 2434 2362
f 2434 2435 2362
f 2362 2435 2363
f 2435 2436 2363
f 2363 2436 2364
f 2436 2437 2364
f 2364 2437 2365
f 2437 2438 2365
f 2365 2438 2366
f 2438 2439 2366
f 2366 2439 2367
f 2439 2440 2367
f 2367 2440 2368
f 2440 2441 2368
f 2368 2441 2369
f 2441 2442 2369
f 2369 2442 2370
f 2442 2443 2370
f 2370 2443 2371
f 2443 2444 2371
f 2371 2444 2372
f 2444 2445 2372
f 2372 2445 2373
f 2445 2446 2373
f 2373 2446 2374
f 2446 2447 2374
f 2374 2447 2375
f 2447 2448 2375
f 2375 2448 2376
f 2448 2377 2376
f 2448 2449 2377
f 2449 2450 2377
f 2377 2450 2378
f 2450 2451 2378
f 2378 2451 2379
f 2451 2452 2379
f 2379 2452 2380
f 2452 2453 2380
f 2380 2453 2381
f 2453 2454 2381
f 2381 2454 2382
f 2454 2455 2382
f 2382 2455 2383
f 2455 2456 2383
f 2383 2456 2384
f 2456 2457 2384
f 2384 2457 2385
f 2457 2458 2385
f 2385 2458 2386
f 2458 2459 2386
f 2386 2459 2387
f 2459 2460 2387
f 2387 2460 2388
f 2460 2461 2388
f 2388 2461 2389
f 2461 2462 2389
f 2389 2462 2390
f 2462 2463 2390
f 2390 2463 2391
f 2463 2464 2391
f 2391 2464 2392
f 2464 2465 2392
f 2392 2465 2393
f 2465 2466 2393
f 2393 2466 2394
f 2466 2467 2394
f 2394 2467 2395
f 2467 2468 2395
f 2395 2468 2396
f 2468 2469 2396
f 2396 2469 2397
f 2469 2470 2397
f 2397 2470 2398
f 2470 2471 2398
f 2398 2471 2399
f 2471 2472 2399
f 2399 2472 2400
f 2472 2473 2400
f 2400 2473 2401
f 2473 2474 2401
f 2401 2474 2402
f 2474 2475 2402
f 2402 2475 2403
f 2475 2476 2403
f 2403 2476 2404
f 2476 2477 2404
f 2404 2477 2405
f 2477 2478 2405
f 2405 2478 2406
f 2478 2479 2406
f 2406 2479 2407
f 2479 2480 2407
f 2407 2480 2408
f 2480 2481 2408
f 2408 2481 2409
f 2481 2482 2409
f 2409 2482 2410
f 2482 2483 2410
f 2410 2483 2411
f 2483 2484 2411
f 2411 2484 2412
f 2484 2485 2412
f 2412 2485 2413
f 2485 2486 2413
f 2413 2486 2414
f 2486 2487 2414
f 2414 2487 2415
f 2487 2488 2415
f 2415 2488 2416
f 2488 2489 2416
f 2416 2489 2417
f 2489 2490 2417
f 2417 2490 2418
f 2490 2491 2418
f 2418 2491 2419
f 2491 2492 2419
f 2419 2492 2420
f 2492 2493 2420
f 2420 2493 2421
f 2493 2494 2421
f 2421 2494 2422
f 2494 2495 2422
f 2422 2495 2423
f 2495 2496 2423
f 2423 2496 2424
f 2496 2497 2424
f 2424 2497 2425
f 2497 2498 2425
f 2425 2498 2426
f 2498 2499 2426
f 2426 2499 2427
f 2499 2500 2427
f 2427 2500 2428
f 2500 2501 2428
f 2428 2501 2429
f 2501 2502 2429
f 2429 2502 2430
f 2502 2503 2430
f 2430 2503 2431
f 2503 2504 2431
f 2431 2504 2432
f 2504 2505 2432
f 2432 2505 2433
f 2505 2506 2433
f 2433 2506 2434
f 2506 2507 2434
f 2434 2507 2435
f 2507 2508 2435
f 2435 2508 2436
f 2508 2509 2436
f 2436 2509 2437
f 2509 2510 2437
f 2437 2510 2438
f 2510 2511 2438
f 2438 2511 2439
f 2511 2512 2439
f 2439 2512 2440
f 2512 2513 2440
f 2440 2513 2441
f 2513 2514 2441
f 2441 2514 2442
f 2514 2515 2442
f 2442 2515 2443
f 2515 2516 2443
f 2443 2516 2444
f 2516 2517 2444
f 2444 2517 2445
f 2517 2518 2445
f 2445 2518 2446
f 2518 2519 2446
f 2446 2519 2447
f 2519 2520 2447
f 2447 2520 2448
f 2520 2449 2448
f 2520 2521 2449
f 2521 2522 2449
f 2449 2522 2450
f 2522 2523 2450
f 2450 2523 2451
f 2523 2524 2451
f 2451 2524 2452
f 2524 2525 2452
f 2452 2525 2453
f 2525 2526 2453
f 2453 2526 2454
f 2526 2527 2454
f 2454 2527 2455
f 2527 2528 2455
f 2455 2528 2456
f 2528 2529 2456
f 2456 2529 2457
f 2529 2530 2457
f 2457 2530 2458
f 2530 2531 2458
f 2458 2531 2459
f 2531 2532 2459
f 2459 2532 2460
f 2532 2533 2460
f 2460 2533 2461
f 2533 2534 2461
f 2461 2534 2462
f 2534 2535 2462
f 2462 2535 2463
f 2535 2536 2463
f 2463 2536 2464
f 2536 2537 2464
f 2464 2537 2465
f 2537 2538 2465
f 2465 2538 2466
f 2538 2539 2466
f 2466 2539 2467
f 2539 2540 2467
f 2467 2540 2468
f 2540 2541 2468
f 2468 2541 2469
f 2541 2542 2469
f 2469 2542 2470
f 2542 2543 2470
f 2470 2543 2471
f 2543 2544 2471
f 2471 2544 2472
f 2544 2545 2472
f 2472 2545 2473
f 2545 2546 2473
f 2473 2546 2474
f 2546 2547 2474
f 2474 2547 2475
f 2547 2548 2475
f 2475 2548 2476
f 2548 2549 2476
f 2476 2549 2477
f 2549 2550 2477
f 2477 2550 2478
f 2550 2551 2478
f 2478 2551 2479
f 2551 2552 2479
f 2479 2552 2480
f 2552 2553 2480
f 2480 2553 2481
f 2553 2554 2481
f 2481 2554 2482
f 2554 2555 2482
f 2482 2555 2483
f 2555 2556 2483
f 2483 2556 2484
f 2556 2557 2484
f 2484 2557 2485
f 2557 2558 2485
f 2485 2558 2486
f 2558 2559 2486
f 2486 2559 2487
f 2559 2560 2487
f 2487 2560 2488
f 2560 2561 2488
f 2488 2561 2489
f 2561 2562 2489
f 2489 2562 2490
f 2562 2563 2490
f 2490 2563 2491
f 2563 2564 2491
f 2491 2564 2492
f 2564 2565 2492
f 2492 2565 2493
f 2565 2566 2493
f 2493 2566 2494
f 2566 2567 2494
f 2494 2567 2495
f 2567 2568 2495
f 2495 2568 2496
f 2568 2569 2496
f 2496 2569 2497
f 2569 2570 2497
f 2497 2570 2498
f 2570 2571 2498
f 2498 2571 2499
f 2571 2572 2499
f 2499 2572 2500
f 2572 2573 2500
f 2500 2573 2501
f 2573 2574 2501
f 2501 2574 2502
f 2574 2575 2502
f 2502 2575 2503
f 2575 2576 2503
f 2503 2576 2504
f 2576 2577 2504
f 2504 2577 2505
f 2577 2578 2505
f 2505 2578 2506
f 2578 2579 2506
f 2506 2579 2507
f 2579 2580 2507
f 2507 2580 2508
f 2580 2581 2508
f 2508 2581 2509
f 2581 2582 2509
f 2509 2582 2510
f 2582 2583 2510
f 2510 2583 2511
f 2583 2584 2511
f 2511 2584 2512
f 2584 2585 2512
f 2512 2585 2513
f 2585 2586 2513
f 2513 2586 2514
f 2586 2587 2514
f 2514 2587 2515
f 2587 2588 2515
f 2515 2588 2516
f 2588 2589 2516
f 2516 2589 2517
f 2589 2590 2517
f 2517 2590 2518
f 2590 2591 2518
f 2518 2591 2519
f 2591 2592 2519
f 2519 2592 2520
f 2592 2521 2520
f 2592 2593 2521
f 2593 2594 2521
f 2521 2594 2522
f 2594 2595 2522
f 2522 2595 2523
f 2595 2596 2523
f 2523 2596 2524
f 2596 2597 2524
f 2524 2597 2525
f 2597 2598 2525
f 2525 2598 2526
f 2598 2599 2526
f 2526 2599 2527
f 2599 2600 2527
f 2527 2600 2528
f 2600 2601 2528
f 2528 2601 2529
f 2601 2602 2529
f 2529 2602 2530
f 2602 2603 2530
f 2530 2603 2531
f 2603 2604 2531
f 2531 2604 2532
f 2604 2605 2532
f 2532 2605 2533
f 2605 2606 2533
f 2533 2606 2534
f 2606 2607 2534
f 2534 2607 2535
f 2607 2608 2535
f 2535 2608 2536
f 2608 2609 2536
f 2536 2609 2537
f 2609 2610 2537
f 2537 2610 2538
f 2610 2611 2538
f 2538 2611 2539
f 2611 2612 2539
f 2539 2612 2540
f 2612 2613 2540
f 2540 2613 2541
f 2613 2614 2541
f 2541 2614 2542
f 2614 2615 2542
f 2542 2615 2543
f 2615 2616 2543
f 2543 2616 2544
f 2616 2617 2544
f 2544 2617 2545
f 2617 2618 2545
f 2545 2618 2546
f 2618 2619 2546
f 2546 2619 2547
f 2619 2620 2547
f 2547 2620 2548
f 2620 2621 2548
f 2548 2621 2549
f 2621 2622 2549
f 2549 2622 2550
f 2622 2623 2550
f 2550 2623 2551
f 2623 2624 2551
f 2551 2624 2552
f 2624 2625 2552
f 2552 2625 2553
f 2625 2626 2553
f 2553 2626 2554
f 2626 2627 2554
f 2554 2627 2555
f 2627 2628 2555
f 2555 2628 2556
f 2628 2629 2556
f 2556 2629 2557
f 2629 2630 2557
f 2557 2630 2558
f 2630 2631 2558
f 2558 2631 2559
f 2631 2632 2559
f 2559 2632 2560
f 2632 2633 2560
f 2560 2633 2561
f 2633 2634 2561
f 2561 2634 2562
f 2634 2635 2562
f 2562 2635 2563
f 2635 2636 2563
f 2563 2636 2564
f 2636 2637 2564
f 2564 2637 2565
f 2637 2638 2565
f 2565 2638 2566
f 2638 2639 2566
f 2566 2639 2567
f 2639 2640 2567
f 2567 2640 2568
f 2640 2641 2568
f 2568 2641 2569
f 2641 2642 2569
f 2569 2642 2570
f 2642 2643 2570
f 2570 2643 2571
f 2643 2644 2571
f 2571 2644 2572
f 2644 2645 2572
f 2572 2645 2573
f 2645 2646 2573
f 2573 2646 2574
f 2646 2647 2574
f 2574 2647 2575
f 2647 2648 2575
f 2575 2648 2576
f 2648 2649 2576
f 2576 2649 2577
f 2649 2650 2577
f 2577 2650 2578
f 2650 2651 2578
f 2578 2651 2579
f 2651 2652 2579
f 2579 2652 2580
f 2652 2653 2580
f 2580 2653 2581
f 2653 2654 2581
f 2581 2654 2582
f 2654 2655 2582
f 2582 2655 2583
f 2655 2656 2583
f 2583 2656 2584
f 2656 2657 2584
f 2584 2657 2585
f 2657 2658 2585
f 2585 2658 2586
f 2658 2659 2586
f 2586 2659 2587
f 2659 2660 2587
f 2587 2660 2588
f 2660 2661 2588
f 2588 2661 2589
f 2661 2662 2589
f 2589 2662 2590
f 2662 2663 2590
f 2590 2663 2591
f 2663 2664 2591
f 2591 2664 2592
f 2664 2593 2592
f 2664 2665 2593
f 2665 2666 2593
f 2593 2666 2594
f 2666 2667 2594
f 2594 2667 2595
f 2667 2668 2595
f 2595 2668 2596
f 2668 2669 2596
f 2596 2669 2597
f 2669 2670 2597
f 2597 2670 2598
f 2670 2671 2598
f 2598 2671 2599
f 2671 2672 2599
f 2599 2672 2600
f 2672 2673 2600
f 2600 2673 2601
f 2673 2674 2601
f 2601 2674 2602
f 2674 2675 2602
f 2602 2675 2603
f 2675 2676 2603
f 2603 2676 2604
f 2676 2677 2604
f 2604 2677 2605
f 2677 2678 2605
f 2605 2678 2606
f 2678 2679 2606
f 2606 2679 2607
f 2679 2680 2607
f 2607 2680 2608
f 2680 2681 2608
f 2608 2681 2609
f 2681 2682 2609
f 2609 2682 2610
f 2682 2683 2610
f 2610 2683 2611
f 2683 2684 2611
f 2611 2684 2612
f 2684 2685 2612
f 2612 2685 2613
f 2685 2686 2613
f 2613 2686 2614
f 2686 2687 2614
f 2614 2687 2615
f 2687 2688 2615
f 2615 2688 2616
f 2688 2689 2616
f 2616 2689 2617
f 2689 2690 2617
f 2617 2690 2618
f 2690 2691 2618
f 2618 2691 2619
f 2691 2692 2619
f 2619 2692 2620
f 2692 2693 2620
f 2620 2693 2621
f 2693 2694 2621
f 2621 2694 2622
f 2694 2695 2622
f 2622 2695 2623
f 2695 2696 2623
f 2623 2696 2624
f 2696 2697 2624
f 2624 2697 2625
f 2697 2698 2625
f 2625 2698 2626
f 2698 2699 2626
f 2626 2699 2627
f 2699 2700 2627
f 2627 2700 2628
f 2700 2701 2628
f 2628 2701 2629
f 2701 2702 2629
f 2629 2702 2630
f 2702 2703 2630
f 2630 2703 2631
f 2703 2704 2631
f 2631 2704 2632
f 2704 2705 2632
f 2632 2705 2633
f 2705 2706 2633
f 2633 2706 2634
f 2706 2707 2634
f 2634 2707 2635
f 2707 2708 2635
f 2635 2708 2636
f 2708 2709 2636
f 2636 2709 2637
f 2709 2710 2637
f 2637 2710 2638
f 2710 2711 2638
f 2638 2711 2639
f 2711 2712 2639
f 2639 2712 2640
f 2712 2713 2640
f 2640 2713 2641
f 2713 2714 2641
f 2641 2714 2642
f 2714 2715 2642
f 2642 2715 2643
f 2715 2716 2643
f 2643 2716 2644
f 2716 2717 2644
f 2644 2717 2645
f 2717 2718 2645
f 2645 2718 2646
f 2718 2719 2646
f 2646 2719 2647
f 2719 2720 2647
f 2647 2720 2648
f 2720 2721 2648
f 2648 2721 2649
f 2721 2722 2649
f 2649 2722 2650
f 2722 2723 2650
f 2650 2723 2651
f 2723 2724 2651
f 2651 2724 2652
f 2724 2725 2652
f 2652 2725 2653
f 2725 2726 2653
f 2653 2726 2654
f 2726 2727 2654
f 2654 2727 2655
f 2727 2728 2655
f 2655 2728 2656
f 2728 2729 2656
f 2656 2729 2657
f 2729 2730 2657
f 2657 2730 2658
f 2730 2731 2658
f 2658 2731 2659
f 2731 2732 2659
f 2659 2732 2660
f 2732 2733 2660
f 2660 2733 2661
f 2733 2734 2661
f 2661 2734 2662
f 2734 2735 2662
f 2662 2735 2663
f 2735 2736 2663
f 2663 2736 2664
f 2736 2665 2664
f 2737 2738 2739
f 2738 2740 2739
f 2738 2741 2740
f 2741 2742 2740
f 2741 2743 2742
f 2743 2744 2742
f 2737 2739 2745
f 2739 2746 2745
f 2745 2746 2747
f 2746 2748 2747
f 2747 2748 2749
f 2748 2750 2749
f 2749 2750 2751
f 2750 2752 2751
f 2751 2752 2753
f 2752 2754 2753
f 2753 2754 2755
f 2754 2756 2755
f 2755 2756 2757
f 2756 2758 2757
f 2757 2758 2759
f 2758 2760 2759
f 2759 2760 2761
f 2760 2762 2761
f 2761 2762 2763
f 2762 2764 2763
f 2763 2764 2765
f 2764 2766 2765
f 2765 2766 2767
f 2766 2768 2767
f 2767 2768 2769
f 2768 2770 2769
f 2769 2770 2771
f 2770 2772 2771
f 2771 2772 2773
f 2772 2774 2773
f 2773 2774 2775
f 2774 2776 2775
f 2775 2776 2777
f 2776 2778 2777
f 2777 2778 2779
f 2778 2780 2779
f 2779 2780 2781
f 2780 2782 2781
f 2781 2782 2783
f 2782 2784 2783
f 2783 2784 2785
f 2784 2786 2785
f 2785 2786 2787
f 2786 2788 2787
f 2787 2788 2789
f 2788 2790 2789
f 2789 2790 2791
f 2790 2792 2791
f 2791 2792 2793
f 2792 2794 2793
f 2793 2794 2795
f 2794 2796 2795
f 2795 2796 2797
f 2796 2798 2797
f 2797 2798 2799
f 2798 2800 2799
f 2799 2800 2801
f 2800 2802 2801
f 2801 2802 2803
f 2802 2804 2803
f 2803 2804 2805
f 2804 2806 2805
f 2805 2806 2807
f 2806 2808 2807
f 2807 2808 2809
f 2808 2810 2809
f 2809 2810 2811
f 2810 2812 2811
f 2811 2812 2813
f 2812 2814 2813
f 2813 2814 2815
f 2814 2816 2815
f 2815 2816 2817
f 2816 2818 2817
f 2817 2818 2819
f 2818 2820 2819
f 2819 2820 2821
f 2820 2822 2821
f 2821 2822 2823
f 2822 2824 2823
f 2823 2824 2825
f 2824 2826 2825
f 2825 2826 2827
f 2826 2828 2827
f 2827 2828 2829
f 2828 2830 2829
f 2829 2830 2831
f 2830 2832 2831
f 2831 2832 2833
f 2832 2834 2833
f 2833 2834 2835
f 2834 2836 2835
f 2835 2836 2837
f 2836 2838 2837
f 2837 2838 2839
f 2838 2840 2839
f 2839 2840 2841
f 2840 2842 2841
f 2841 2842 2843
f 2842 2844 2843
f 2843 2844 2845
f 2844 2846 2845
f 2845 2846 2847
f 2846 2848 2847
f 2847 2848 2849
f 2848 2850 2849
f 2849 2850 2851
f 2850 2852 2851
f 2851 2852 2853
f 2852 2854 2853
f 2853 2854 2855
f 2854 2856 2855
f 2855 2856 2857
f 2856 2858 2857
f 2857 2858 2859
f 2858 2860 2859
f 2859 2860 2861
f 2860 2862 2861
f 2861 2862 2863
f 2862 2864 2863
f 2863 2864 2865
f 2864 2866 2865
f 2865 2866 2867
f 2866 2868 2867
f 2867 2868 2869
f 2868 2870 2869
f 2869 2870 2871
f 2870 2872 2871
f 2871 2872 2873
f 2872 2874 2873
f 2873 2874 2875
f 2874 2876 2875
f 2875 2876 2743
f 2876 2744 2743
f 73 2699 71
f 2699 2698 71
f 71 2698 69
f 2698 2697 69
f 69 2697 67
f 2697 2696 67
f 67 2696 65
f 2696 2695 65
f 65 2695 63
f 2695 2694 63
f 63 2694 61
f 2694 2693 61
f 61 2693 59
f 2693 2692 59
f 59 2692 57
f 2692 2691 57
f 57 2691 55
f 2691 2690 55
f 55 2690 53
f 2690 2689 53
f 53 2689 51
f 2689 2688 51
f 51 2688 49
f 2688 2687 49
f 49 2687 47
f 2687 2686 47
f 47 2686 45
f 2686 2685 45
f 45 2685 43
f 2685 2684 43
f 43 2684 41
f 2684 2683 41
f 41 2683 39
f 2683 2682 39
f 39 2682 37
f 2682 2681 37
f 37 2681 35
f 2681 2680 35
f 35 2680 33
f 2680 2679 33
f 33 2679 31
f 2679 2678 31
f 31 2678 29
f 2678 2677 29
f 29 2677 27
f 2677 2676 27
f 27 2676 25
f 2676 2675 25
f 25 2675 23
f 2675 2674 23
f 23 2674 21
f 2674 2673 21
f 21 2673 19
f 2673 2672 19
f 19 2672 17
f 2672 2671 17
f 17 2671 15
f 2671 2670 15
f 15 2670 13
f 2670 2669 13
f 13 2669 11
f 2669 2668 11
f 11 2668 9
f 2668 2667 9
f 9 2667 7
f 2667 2666 7
f 7 2666 5
f 2666 2665 5
f 5 2665 3
f 2665 2736 3
f 3 2736 1
f 2736 2735 1
f 1 2735 143
f 2735 2734 143
f 143 2734 141
f 2734 2733 141
f 141 2733 139
f 2733 2732 139
f 139 2732 137
f 2732 2731 137
f 137 2731 135
f 2731 2730 135
f 135 2730 133
f 2730 2729 133
f 133 2729 131
f 2729 2728 131
f 131 2728 129
f 2728 2727 129
f 129 2727 127
f 2727 2726 127
f 127 2726 125
f 2726 2725 125
f 125 2725 123
f 2725 2724 123
f 123 2724 121
f 2724 2723 121
f 121 2723 119
f 2723 2722 119
f 119 2722 117
f 2722 2721 117
f 117 2721 115
f 2721 2720 115
f 115 2720 113
f 2720 2719 113
f 113 2719 111
f 2719 2718 111
f 111 2718 109
f 2718 2717 109
f 109 2717 107
f 2717 2716 107
f 107 2716 105
f 2716 2715 105
f 105 2715 103
f 2715 2714 103
f 103 2714 101
f 2714 2713 101
f 101 2713 99
f 2713 2712 99
f 99 2712 97
f 2712 2711 97
f 97 2711 95
f 2711 2710 95
f 95 2710 93
f 2710 2709 93
f 93 2709 91
f 2709 2708 91
f 91 2708 89
f 2708 2707 89
f 89 2707 87
f 2707 2706 87
f 87 2706 85
f 2706 2705 85
f 85 2705 83
f 2705 2704 83
f 83 2704 81
f 2704 2703 81
f 81 2703 79
f 2703 2702 79
f 79 2702 77
f 2702 2701 77
f 77 2701 75
f 2701 2700 75
f 75 2700 73
f 2700 2699 73
f 1337 2742 1338
f 2742 1339 1338
f 2742 2744 1339
f 2744 2876 1339
f 1339 2876 2874
f 1337 1336 2742
f 1336 1335 2742
f 2742 1335 1334
f 1331 2740 1332
f 2740 2742 1332
f 1332 2742 1333
f 2742 1334 1333
f 1331 1330 2740
f 1330 1329 2740
f 2740 1329 1328
f 1328 1327 2740
f 1327 1326 2740
f 2740 1326 1325
f 2739 2740 2746
f 2740 1325 2746
f 2746 1325 2748
f 1325 2750 2748
f 2874 2872 1339
f 2872 2870 1339
f 1339 2870 1340
f 2870 2868 1340
f 1340 2868 1341
f 2868 2866 1341
f 1341 2866 1342
f 2866 2864 1342
f 1342 2864 1343
f 2864 2862 1343
f 1343 2862 1344
f 2862 2860 1344
f 1344 2860 1345
f 2860 2858 1345
f 1345 2858 1346
f 2858 2856 1346
f 1346 2856 1347
f 2856 2854 1347
f 1347 2854 1348
f 2854 2852 1348
f 1348 2852 1349
f 2852 2850 1349
f 1349 2850 1350
f 2850 2848 1350
f 1350 2848 1351
f 2848 2846 1351
f 1351 2846 1352
f 2846 2844 1352
f 1352 2844 1353
f 2844 2842 1353
f 1353 2842 1354
f 2842 2840 1354
f 1354 2840 1355
f 2840 2838 1355
f 1355 2838 1356
f 2838 2836 1356
f 1356 2836 1357
f 2836 2834 1357
f 1357 2834 1358
f 2834 2832 1358
f 1358 2832 1359
f 2832 2830 1359
f 1359 2830 1360
f 2830 2828 1360
f 1360 2828 1361
f 2828 2826 1361
f 1361 2826 1362
f 2826 2824 1362
f 1362 2824 1363
f 2824 2822 1363
f 1363 2822 1364
f 2822 2820 1364
f 1364 2820 1365
f 2820 2818 1365
f 1365 2818 1366
f 2818 2816 1366
f 1366 2816 1367
f 2816 2814 1367
f 1367 2814 1368
f 2814 2812 1368
f 2812 2810 1368
f 1368 2810 1297
f 2810 2808 1297
f 1297 2808 1298
f 2808 2806 1298
f 1298 2806 1299
f 2806 2804 1299
f 1299 2804 1300
f 2804 2802 1300
f 1300 2802 1301
f 2802 2800 1301
f 1301 2800 1302
f 2800 2798 1302
f 1302 2798 1303
f 2798 2796 1303
f 1303 2796 1304
f 2796 2794 1304
f 1304 2794 1305
f 2794 2792 1305
f 1305 2792 1306
f 2792 2790 1306
f 1306 2790 1307
f 2790 2788 1307
f 1307 2788 1308
f 2788 2786 1308
f 1308 2786 1309
f 2786 2784 1309
f 1309 2784 1310
f 2784 2782 1310
f 1310 2782 1311
f 2782 2780 1311
f 1311 2780 1312
f 2780 2778 1312
f 1312 2778 1313
f 2778 2776 1313
f 1313 2776 1314
f 2776 2774 1314
f 1314 2774 1315
f 2774 2772 1315
f 1315 2772 1316
f 2772 2770 1316
f 1316 2770 1317
f 2770 2768 1317
f 1317 2768 1318
f 2768 2766 1318
f 1318 2766 1319
f 2766 2764 1319
f 1319 2764 1320
f 2764 2762 1320
f 1320 2762 1321
f 2762 2760 1321
f 1321 2760 1322
f 2760 2758 1322
f 1322 2758 1323
f 2758 2756 1323
f 1323 2756 1324
f 2756 2754 1324
f 1324 2754 1325
f 2754 2752 1325
f 1325 2752 2750
f 1453 1455 2741
f 1445 1447 2741
f 2737 2745 1427
f 2745 2747 1427
f 2737 1427 2738
f 1427 1429 2738
f 2738 1429 1431
f 1431 1433 2738
f 1433 1435 2738
f 2738 1435 1437
f 1447 1449 2741
f 1449 1451 2741
f 2741 1451 1453
f 2743 2741 2875
f 2741 1455 2875
f 2875 1455 2873
f 1455 2871 2873
f 1437 1439 2738
f 1439 1441 2738
f 2738 1441 2741
f 1441 1443 2741
f 2741 1443 1445
f 2747 2749 1427
f 2749 2751 1427
f 1427 2751 1425
f 2751 2753 1425
f 1425 2753 1423
f 2753 2755 1423
f 1423 2755 1421
f 2755 2757 1421
f 1421 2757 1419
f 2757 2759 1419
f 1419 2759 1417
f 2759 2761 1417
f 1417 2761 1415
f 2761 2763 1415
f 1415 2763 1413
f 2763 2765 1413
f 1413 2765 1411
f 2765 2767 1411
f 1411 2767 1409
f 2767 2769 1409
f 1409 2769 1407
f 2769 2771 1407
f 1407 2771 1405
f 2771 2773 1405
f 1405 2773 1403
f 2773 2775 1403
f 1403 2775 1401
f 2775 2777 1401
f 1401 2777 1399
f 2777 2779 1399
f 1399 2779 1397
f 2779 2781 1397
f 1397 2781 1395
f 2781 2783 1395
f 1395 2783 1393
f 2783 2785 1393
f 1393 2785 1391
f 2785 2787 1391
f 1391 2787 1389
f 2787 2789 1389
f 1389 2789 1387
f 2789 2791 1387
f 1387 2791 1385
f 2791 2793 1385
f 1385 2793 1383
f 2793 2795 1383
f 1383 2795 1381
f 2795 2797 1381
f 1381 2797 1379
f 2797 2799 1379
f 1379 2799 1377
f 2799 2801 1377
f 1377 2801 1375
f 2801 2803 1375
f 1375 2803 1373
f 2803 2805 1373
f 1373 2805 1371
f 2805 2807 1371
f 1371 2807 1369
f 2807 2809 1369
f 2809 2811 1369
f 1369 2811 1511
f 2811 2813 1511
f 1511 2813 1509
f 2813 2815 1509
f 1509 2815 1507
f 2815 2817 1507
f 1507 2817 1505
f 2817 2819 1505
f 1505 2819 1503
f 2819 2821 1503
f 1503 2821 1501
f 2821 2823 1501
f 1501 2823 1499
f 2823 2825 1499
f 1499 2825 1497
f 2825 2827 1497
f 1497 2827 1495
f 2827 2829 1495
f 1495 2829 1493
f 2829 2831 1493
f 1493 2831 1491
f 2831 2833 1491
f 1491 2833 1489
f 2833 2835 1489
f 1489 2835 1487
f 2835 2837 1487
f 1487 2837 1485
f 2837 2839 1485
f 1485 2839 1483
f 2839 2841 1483
f 1483 2841 1481
f 2841 2843 1481
f 1481 2843 1479
f 2843 2845 1479
f 1479 2845 1477
f 2845 2847 1477
f 1477 2847 1475
f 2847 2849 1475
f 1475 2849 1473
f 2849 2851 1473
f 1473 2851 1471
f 2851 2853 1471
f 1471 2853 1469
f 2853 2855 1469
f 1469 2855 1467
f 2855 2857 1467
f 1467 2857 1465
f 2857 2859 1465
f 1465 2859 1463
f 2859 2861 1463
f 1463 2861 1461
f 2861 2863 1461
f 1461 2863 1459
f 2863 2865 1459
f 1459 2865 1457
f 2865 2867 1457
f 1457 2867 1455
f 2867 2869 1455
f 1455 2869 2871
f 2877 2878 2879
f 2878 2880 2879
f 2879 2880 2881
f 2882 2883 2884
f 2882 2884 2885
f 2884 2886 2885
f 2885 2886 2887
f 2886 2888 2887
f 2887 2888 2889
f 2888 2890 2889
f 2889 2890 2891
f 2890 2892 2891
f 2891 2892 2893
f 2892 2894 2893
f 2893 2894 2895
f 2894 2896 2895
f 2895 2896 2897
f 2896 2898 2897
f 2897 2898 2899
f 2898 2900 2899
f 2899 2900 2901
f 2900 2902 2901
f 2901 2902 2903
f 2902 2904 2903
f 2903 2904 2905
f 2904 2906 2905
f 2905 2906 2907
f 2906 2908 2907
f 2907 2908 2909
f 2908 2910 2909
f 2909 2910 2911
f 2910 2912 2911
f 2911 2912 2913
f 2912 2914 2913
f 2913 2914 2915
f 2914 2916 2915
f 2915 2916 2917
f 2916 2918 2917
f 2917 2918 2919
f 2918 2920 2919
f 2919 2920 2921
f 2920 2922 2921
f 2921 2922 2923
f 2922 2924 2923
f 2923 2924 2925
f 2924 2926 2925
f 2925 2926 2927
f 2926 2928 2927
f 2927 2928 2929
f 2928 2930 2929
f 2929 2930 2931
f 2930 2932 2931
f 2931 2932 2933
f 2932 2934 2933
f 2933 2934 2935
f 2934 2936 2935
f 2935 2936 2937
f 2936 2938 2937
f 2937 2938 2939
f 2938 2940 2939
f 2939 2940 2941
f 2940 2942 2941
f 2941 2942 2943
f 2942 2944 2943
f 2943 2944 2945
f 2944 2946 2945
f 2945 2946 2947
f 2946 2948 2947
f 2947 2948 2949
f 2948 2950 2949
f 2949 2950 2951
f 2950 2952 2951
f 2951 2952 2953
f 2952 2877 2953
f 2953 2877 2879
f 2954 2955 2956
f 2955 2957 2956
f 2956 2957 2958
f 2957 2959 2958
f 2958 2959 2960
f 2959 2961 2960
f 2960 2961 2962
f 2961 2963 2962
f 2962 2963 2964
f 2963 2965 2964
f 2964 2965 2966
f 2965 2967 2966
f 2966 2967 2968
f 2967 2969 2968
f 2968 2969 2970
f 2969 2971 2970
f 2970 2971 2972
f 2971 2973 2972
f 2972 2973 2974
f 2973 2975 2974
f 2974 2975 2976
f 2975 2977 2976
f 2976 2977 2978
f 2977 2979 2978
f 2978 2979 2980
f 2979 2981 2980
f 2980 2981 2982
f 2981 2983 2982
f 2982 2983 2984
f 2983 2985 2984
f 2984 2985 2986
f 2985 2987 2986
f 2986 2987 2988
f 2987 2989 2988
f 2988 2989 2990
f 2989 2991 2990
f 2990 2991 2992
f 2991 2993 2992
f 2992 2993 2994
f 2993 2995 2994
f 2994 2995 2996
f 2995 2997 2996
f 2996 2997 2998
f 2997 2999 2998
f 2998 2999 3000
f 2999 3001 3000
f 3000 3001 3002
f 3001 3003 3002
f 3002 3003 3004
f 3003 3005 3004
f 3004 3005 3006
f 3005 3007 3006
f 3006 3007 3008
f 3007 3009 3008
f 3008 3009 3010
f 3009 3011 3010
f 3010 3011 3012
f 3011 3013 3012
f 3012 3013 2878
f 3013 3014 2878
f 2878 3014 2880
f 3014 2881 2880
f 3015 2883 3016
f 2883 2882 3016
f 3016 2882 3017
f 2958 3018 2956
f 3018 3019 2956
f 2956 3019 2954
f 3017 3020 3016
f 3020 3021 3016
f 3016 3021 3015
f 3021 3022 3015
f 3015 3022 3023
f 3022 3024 3023
f 3023 3024 3025
f 3024 3026 3025
f 3025 3026 3027
f 3026 3028 3027
f 3027 3028 3029
f 3028 3030 3029
f 3029 3030 3031
f 3030 3032 3031
f 3031 3032 3033
f 3032 3034 3033
f 3033 3034 3035
f 3034 3036 3035
f 3035 3036 3037
f 3036 3038 3037
f 3037 3038 3039
f 3038 3040 3039
f 3039 3040 3041
f 3040 3042 3041
f 3041 3042 3043
f 3042 3044 3043
f 3043 3044 3045
f 3044 3046 3045
f 3045 3046 3047
f 3046 3048 3047
f 3047 3048 3049
f 3048 3050 3049
f 3049 3050 3051
f 3050 3052 3051
f 3051 3052 3053
f 3052 3054 3053
f 3053 3054 3055
f 3054 3056 3055
f 3055 3056 3057
f 3056 3058 3057
f 3057 3058 3059
f 3058 3060 3059
f 3059 3060 3061
f 3060 3062 3061
f 3061 3062 3063
f 3062 3064 3063
f 3063 3064 3065
f 3064 3066 3065
f 3065 3066 3067
f 3066 3068 3067
f 3067 3068 3069
f 3068 3070 3069
f 3069 3070 3071
f 3070 3072 3071
f 3071 3072 3073
f 3072 3074 3073
f 3073 3074 3075
f 3074 3076 3075
f 3075 3076 3077
f 3076 3078 3077
f 3077 3078 3079
f 3078 3080 3079
f 3081 3082 3083
f 3084 3085 3086
f 3087 3088 3089
f 3088 3090 3089
f 3089 3090 3091
f 3090 3086 3091
f 3085 3092 3086
f 3092 3093 3086
f 3086 3093 3091
f 3094 3087 3095
f 3087 3096 3095
f 3082 3097 3083
f 3097 3098 3083
f 3083 3098 3099
f 3081 3083 3086
f 3083 3100 3086
f 3086 3100 3084
f 3101 3102 3087
f 3102 3103 3087
f 3087 3103 3096
f 3104 3105 3106
f 3107 3108 3106
f 3108 3109 3106
f 3109 3110 3106
f 3110 3111 3106
f 3106 3111 3112
f 3113 3087 3114
f 3087 3115 3114
f 3113 3116 3087
f 3116 3117 3087
f 3087 3117 3101
f 3094 3118 3087
f 3118 3119 3087
f 3087 3119 3120
f 3121 3122 3123
f 3122 3124 3123
f 3123 3124 3125
f 3126 3127 3090
f 3128 3129 3123
f 3129 3130 3123
f 3123 3130 3121
f 3128 3131 3129
f 3131 3132 3129
f 3129 3132 3133
f 3133 3134 3129
f 3134 3135 3129
f 3129 3135 3136
f 3120 3137 3087
f 3137 3138 3087
f 3087 3138 3139
f 3125 3140 3123
f 3140 3141 3123
f 3123 3141 3142
f 3112 3143 3106
f 3143 3144 3106
f 3106 3144 3145
f 3146 3147 3123
f 3147 3148 3123
f 3123 3148 3149
f 3123 3150 3151
f 3136 3152 3129
f 3152 3153 3129
f 3129 3153 3154
f 3155 3156 3087
f 3156 3157 3087
f 3087 3157 3158
f 3139 3159 3087
f 3159 3160 3087
f 3087 3160 3161
f 3142 3162 3123
f 3162 3163 3123
f 3123 3163 3164
f 3164 3165 3123
f 3165 3166 3123
f 3123 3166 3106
f 3166 3167 3106
f 3106 3167 3168
f 3169 3170 3106
f 3170 3171 3106
f 3106 3171 3107
f 3172 3173 3086
f 3173 3174 3086
f 3149 3175 3123
f 3175 3176 3123
f 3123 3176 3150
f 3151 3177 3123
f 3177 3178 3123
f 3123 3178 3128
f 3158 3179 3087
f 3179 3180 3087
f 3087 3180 3115
f 3161 3181 3087
f 3181 3182 3087
f 3087 3182 3088
f 3168 3183 3106
f 3183 3184 3106
f 3106 3184 3185
f 3185 3186 3106
f 3186 3187 3106
f 3106 3187 3104
f 3105 3188 3106
f 3188 3189 3106
f 3106 3189 3169
f 3154 3190 3129
f 3190 3191 3129
f 3129 3191 3192
f 3191 3193 3192
f 3192 3193 3194
f 3193 3195 3194
f 3194 3195 3196
f 3195 3197 3196
f 3196 3197 3198
f 3197 3199 3198
f 3198 3199 3200
f 3199 3201 3200
f 3200 3201 3202
f 3201 3203 3202
f 3202 3203 3204
f 3203 3205 3204
f 3204 3205 3206
f 3205 3207 3206
f 3206 3207 3208
f 3207 3209 3208
f 3208 3209 3210
f 3209 3211 3210
f 3210 3211 3212
f 3211 3213 3212
f 3212 3213 3214
f 3213 3215 3214
f 3214 3215 3216
f 3215 3217 3216
f 3216 3217 3218
f 3217 3219 3218
f 3218 3219 3090
f 3219 3220 3090
f 3090 3220 3126
f 3174 3221 3086
f 3221 3222 3086
f 3086 3222 3223
f 3146 3123 3224
f 3123 3225 3224
f 3224 3225 3226
f 3225 3227 3226
f 3226 3227 3228
f 3227 3229 3228
f 3228 3229 3230
f 3229 3231 3230
f 3230 3231 3232
f 3231 3233 3232
f 3232 3233 3234
f 3233 3235 3234
f 3234 3235 3236
f 3235 3237 3236
f 3236 3237 3238
f 3237 3239 3238
f 3238 3239 3240
f 3239 3241 3240
f 3240 3241 3242
f 3241 3243 3242
f 3242 3243 3244
f 3243 3245 3244
f 3244 3245 3246
f 3245 3247 3246
f 3246 3247 3248
f 3247 3249 3248
f 3248 3249 3250
f 3249 3251 3250
f 3250 3251 3252
f 3251 3086 3252
f 3252 3086 3253
f 3254 3255 3256
f 3255 3257 3256
f 3254 3258 3255
f 3258 3259 3255
f 3255 3259 3087
f 3259 3260 3087
f 3087 3260 3155
f 3145 3261 3106
f 3261 3262 3106
f 3106 3262 3263
f 3127 3264 3090
f 3264 3265 3090
f 3090 3265 3266
f 3223 3267 3086
f 3267 3268 3086
f 3086 3268 3253
f 3269 3270 3271
f 3270 3272 3271
f 3271 3272 3273
f 3269 3274 3270
f 3274 3275 3270
f 3270 3275 3276
f 3263 3277 3106
f 3277 3270 3106
f 3106 3270 3278
f 3270 3276 3278
f 3266 3279 3090
f 3279 3280 3090
f 3090 3280 3281
f 3281 3282 3090
f 3282 3283 3090
f 3090 3283 3086
f 3283 3284 3086
f 3086 3284 3172
f 3285 3286 2985
f 2921 2923 2882
f 2882 2879 3017
f 2879 2881 3017
f 3017 2881 2985
f 3052 3050 3076
f 3050 3048 3076
f 3076 3048 3078
f 3048 3287 3288
f 3007 3005 2987
f 3289 3290 3017
f 3290 3291 3017
f 3017 3291 3292
f 3293 3294 2954
f 3294 3295 2954
f 2954 3295 3296
f 2913 2915 2882
f 2947 2949 2882
f 3297 3298 3299
f 3298 3300 3299
f 3299 3300 3301
f 3302 3303 3299
f 3303 3304 3299
f 3066 3064 3054
f 3286 3305 2985
f 3305 3306 2985
f 2985 3306 3307
f 3307 3308 2985
f 3308 3309 2985
f 2985 3309 3310
f 3310 3311 2985
f 3311 3312 2985
f 2985 3312 3017
f 3312 3313 3017
f 3017 3313 3289
f 3288 3314 3048
f 3314 3315 3048
f 3048 3315 3316
f 3316 3317 3048
f 3317 3318 3048
f 3048 3318 3319
f 3296 3320 2954
f 3320 3321 2954
f 2954 3321 3322
f 2915 2917 2882
f 2917 2919 2882
f 2882 2919 2921
f 3007 2987 3009
f 3323 3324 3299
f 3324 3325 3299
f 3325 3326 3299
f 3326 3327 3299
f 3299 3327 3328
f 3052 3076 3054
f 3076 3074 3054
f 3054 3074 3072
f 3292 3329 3017
f 3329 3330 3017
f 3017 3330 3331
f 3319 3332 3048
f 3332 3333 3048
f 3048 3333 2954
f 3333 3334 2954
f 2954 3334 3293
f 2907 2882 2905
f 2882 2903 2905
f 2923 2925 2882
f 2925 2927 2882
f 2882 2927 2929
f 2929 2931 2882
f 2931 2933 2882
f 2882 2933 2935
f 2935 2937 2882
f 2937 2939 2882
f 2882 2939 2941
f 2949 2951 2882
f 2951 2953 2882
f 2882 2953 2879
f 2881 3014 2985
f 3014 3013 2985
f 2985 3013 2987
f 3013 3011 2987
f 2987 3011 3009
f 3005 3003 2987
f 3003 3001 2987
f 2987 3001 2999
f 3078 3048 3080
f 3048 2954 3080
f 3080 2954 3335
f 2954 3019 3335
f 3335 3019 3299
f 3019 3336 3299
f 3299 3336 3323
f 3328 3337 3299
f 3337 3338 3299
f 3299 3338 3339
f 3301 3340 3299
f 3340 3341 3299
f 3299 3341 3302
f 3072 3070 3054
f 3070 3068 3054
f 3054 3068 3066
f 3064 3062 3054
f 3062 3060 3054
f 3054 3060 3056
f 3060 3058 3056
f 3322 3342 2954
f 3342 3343 2954
f 2954 3343 2955
f 3343 3344 2955
f 2955 3344 2957
f 3344 3345 2957
f 2957 3345 2959
f 3345 3346 2959
f 2959 3346 2961
f 3346 3347 2961
f 2961 3347 2963
f 3347 3348 2963
f 2963 3348 2965
f 3348 3349 2965
f 2965 3349 2967
f 3349 3350 2967
f 2967 3350 2969
f 3350 3351 2969
f 2969 3351 2971
f 3351 3352 2971
f 2971 3352 2973
f 3352 3353 2973
f 2973 3353 2975
f 3353 3354 2975
f 2975 3354 2977
f 3354 3355 2977
f 2977 3355 2979
f 3355 3356 2979
f 2979 3356 2981
f 3356 3357 2981
f 2981 3357 2983
f 3357 3358 2983
f 2983 3358 2985
f 3358 3359 2985
f 2985 3359 3285
f 2891 2893 2882
f 2893 2895 2882
f 2882 2895 2897
f 2897 2899 2882
f 2899 2901 2882
f 2882 2901 2903
f 2907 2909 2882
f 2909 2911 2882
f 2882 2911 2913
f 2941 2943 2882
f 2943 2945 2882
f 2882 2945 2947
f 2999 2997 2987
f 2997 2995 2987
f 2987 2995 2989
f 2995 2993 2989
f 2989 2993 2991
f 3339 3360 3299
f 3360 3361 3299
f 3299 3361 3297
f 3331 3362 3017
f 3362 3363 3017
f 3017 3363 3020
f 3363 3364 3020
f 3020 3364 3021
f 3364 3365 3021
f 3021 3365 3022
f 3365 3366 3022
f 3022 3366 3024
f 3366 3367 3024
f 3024 3367 3026
f 3367 3368 3026
f 3026 3368 3028
f 3368 3369 3028
f 3028 3369 3030
f 3369 3370 3030
f 3030 3370 3032
f 3370 3371 3032
f 3032 3371 3034
f 3371 3372 3034
f 3034 3372 3036
f 3372 3373 3036
f 3036 3373 3038
f 3373 3374 3038
f 3038 3374 3040
f 3374 3375 3040
f 3040 3375 3042
f 3375 3376 3042
f 3042 3376 3044
f 3376 3377 3044
f 3044 3377 3046
f 3377 3378 3046
f 3046 3378 3048
f 3378 3379 3048
f 3048 3379 3287
f 2891 2882 2889
f 2882 2885 2889
f 2889 2885 2887
f 3304 3380 3299
f 3380 3381 3299
f 3299 3381 3382
f 3381 3383 3382
f 3382 3383 3384
f 3384 3385 3382
f 3385 3386 3382
f 3382 3386 3387
f 3387 3388 3382
f 3388 3389 3382
f 3382 3389 3390
f 3389 3391 3390
f 3390 3391 3392
f 3123 2958 2960
f 3123 2960 3225
f 2960 2962 3225
f 3225 2962 3227
f 2962 2964 3227
f 3227 2964 3229
f 2964 2966 3229
f 3229 2966 3231
f 2966 2968 3231
f 3231 2968 3233
f 2968 2970 3233
f 3233 2970 3235
f 2970 2972 3235
f 3235 2972 3237
f 2972 2974 3237
f 3237 2974 3239
f 2974 2976 3239
f 3239 2976 3241
f 2976 2978 3241
f 3241 2978 3243
f 2978 2980 3243
f 3243 2980 3245
f 2980 2982 3245
f 3245 2982 3247
f 2982 2984 3247
f 3247 2984 3249
f 2984 2986 3249
f 3249 2986 3251
f 2986 2988 3251
f 3251 2988 3086
f 2988 2990 3086
f 3086 2990 3081
f 2990 2992 3081
f 3081 2992 3082
f 2992 2994 3082
f 3082 2994 3097
f 2994 2996 3097
f 3097 2996 3098
f 2996 2998 3098
f 3098 2998 3099
f 2998 3000 3099
f 3099 3000 3083
f 3000 3002 3083
f 3083 3002 3100
f 3002 3004 3100
f 3100 3004 3084
f 3004 3006 3084
f 3084 3006 3085
f 3006 3008 3085
f 3085 3008 3092
f 3008 3010 3092
f 3092 3010 3093
f 3010 3012 3093
f 3093 3012 3091
f 3012 2878 3091
f 3091 2878 3089
f 2877 3087 2878
f 3087 3089 2878
f 3087 2877 2952
f 3087 2952 3255
f 2952 2950 3255
f 3255 2950 3257
f 2950 2948 3257
f 3257 2948 3256
f 2948 2946 3256
f 3256 2946 3254
f 2946 2944 3254
f 3254 2944 3258
f 2944 2942 3258
f 3258 2942 3259
f 2942 2940 3259
f 3259 2940 3260
f 2940 2938 3260
f 3260 2938 3155
f 2938 2936 3155
f 3155 2936 3156
f 2936 2934 3156
f 3156 2934 3157
f 2934 2932 3157
f 3157 2932 3158
f 2932 2930 3158
f 3158 2930 3179
f 2930 2928 3179
f 3179 2928 3180
f 2928 2926 3180
f 3180 2926 3115
f 2926 2924 3115
f 3115 2924 3114
f 2924 2922 3114
f 3114 2922 3113
f 2922 2920 3113
f 3113 2920 3116
f 2920 2918 3116
f 3116 2918 3117
f 2918 2916 3117
f 3117 2916 3101
f 2916 2914 3101
f 3101 2914 3102
f 2914 2912 3102
f 3102 2912 3103
f 2912 2910 3103
f 3103 2910 3096
f 2910 2908 3096
f 3096 2908 3095
f 2908 2906 3095
f 3095 2906 3094
f 2906 2904 3094
f 3094 2904 3118
f 2904 2902 3118
f 3118 2902 3119
f 2902 2900 3119
f 3119 2900 3120
f 2900 2898 3120
f 3120 2898 3137
f 2898 2896 3137
f 3137 2896 3138
f 2896 2894 3138
f 3138 2894 3139
f 2894 2892 3139
f 3139 2892 3159
f 2892 2890 3159
f 3159 2890 3160
f 2890 2888 3160
f 3160 2888 3161
f 2888 2886 3161
f 3161 2886 3181
f 2886 2884 3181
f 3181 2884 3182
f 2884 2883 3182
f 3182 2883 3088
f 3015 3090 2883
f 3090 3088 2883
f 3090 3015 3023
f 3090 3023 3218
f 3023 3025 3218
f 3218 3025 3216
f 3025 3027 3216
f 3216 3027 3214
f 3027 3029 3214
f 3214 3029 3212
f 3029 3031 3212
f 3212 3031 3210
f 3031 3033 3210
f 3210 3033 3208
f 3033 3035 3208
f 3208 3035 3206
f 3035 3037 3206
f 3206 3037 3204
f 3037 3039 3204
f 3204 3039 3202
f 3039 3041 3202
f 3202 3041 3200
f 3041 3043 3200
f 3200 3043 3198
f 3043 3045 3198
f 3198 3045 3196
f 3045 3047 3196
f 3196 3047 3194
f 3047 3049 3194
f 3194 3049 3192
f 3049 3051 3192
f 3192 3051 3129
f 3051 3053 3129
f 3129 3053 3130
f 3053 3055 3130
f 3130 3055 3121
f 3055 3057 3121
f 3121 3057 3122
f 3057 3059 3122
f 3122 3059 3124
f 3059 3061 3124
f 3124 3061 3125
f 3061 3063 3125
f 3125 3063 3140
f 3063 3065 3140
f 3140 3065 3141
f 3065 3067 3141
f 3141 3067 3142
f 3067 3069 3142
f 3142 3069 3162
f 3069 3071 3162
f 3162 3071 3163
f 3071 3073 3163
f 3163 3073 3164
f 3073 3075 3164
f 3164 3075 3165
f 3075 3077 3165
f 3165 3077 3166
f 3393 3167 3077
f 3167 3166 3077
f 3167 3393 3394
f 3167 3394 3168
f 3394 3395 3168
f 3168 3395 3183
f 3395 3396 3183
f 3183 3396 3184
f 3396 3397 3184
f 3184 3397 3185
f 3397 3398 3185
f 3185 3398 3186
f 3398 3399 3186
f 3186 3399 3187
f 3399 3400 3187
f 3187 3400 3104
f 3400 3401 3104
f 3104 3401 3105
f 3401 3402 3105
f 3105 3402 3188
f 3402 3403 3188
f 3188 3403 3189
f 3403 3404 3189
f 3189 3404 3169
f 3404 3405 3169
f 3169 3405 3170
f 3405 3406 3170
f 3170 3406 3171
f 3406 3407 3171
f 3171 3407 3107
f 3407 3408 3107
f 3107 3408 3108
f 3408 3409 3108
f 3108 3409 3109
f 3409 3410 3109
f 3109 3410 3110
f 3410 3411 3110
f 3110 3411 3111
f 3411 3412 3111
f 3111 3412 3112
f 3412 3413 3112
f 3112 3413 3143
f 3413 3414 3143
f 3143 3414 3144
f 3414 3415 3144
f 3144 3415 3145
f 3415 3416 3145
f 3145 3416 3261
f 3416 3417 3261
f 3261 3417 3262
f 3417 3418 3262
f 3262 3418 3263
f 3418 3419 3263
f 3263 3419 3277
f 3419 3420 3277
f 3277 3420 3270
f 3420 3421 3270
f 3270 3421 3272
f 3421 3422 3272
f 3272 3422 3273
f 3422 3423 3273
f 3273 3423 3271
f 3423 3424 3271
f 3271 3424 3269
f 3424 3425 3269
f 3269 3425 3274
f 3425 3426 3274
f 3274 3426 3275
f 3426 3427 3275
f 3275 3427 3276
f 3427 3428 3276
f 3276 3428 3278
f 3428 3018 3278
f 3278 3018 3106
f 2958 3123 3018
f 3123 3106 3018
f 3250 3359 3248
f 3359 3358 3248
f 3248 3358 3246
f 3358 3357 3246
f 3246 3357 3244
f 3357 3356 3244
f 3244 3356 3242
f 3356 3355 3242
f 3242 3355 3240
f 3355 3354 3240
f 3240 3354 3238
f 3354 3353 3238
f 3238 3353 3236
f 3353 3352 3236
f 3236 3352 3234
f 3352 3351 3234
f 3234 3351 3232
f 3351 3350 3232
f 3232 3350 3230
f 3350 3349 3230
f 3230 3349 3228
f 3349 3348 3228
f 3228 3348 3226
f 3348 3347 3226
f 3226 3347 3224
f 3347 3346 3224
f 3224 3346 3146
f 3346 3345 3146
f 3146 3345 3147
f 3345 3344 3147
f 3147 3344 3148
f 3344 3343 3148
f 3148 3343 3149
f 3343 3342 3149
f 3149 3342 3175
f 3342 3322 3175
f 3175 3322 3176
f 3322 3321 3176
f 3176 3321 3150
f 3321 3320 3150
f 3150 3320 3151
f 3320 3296 3151
f 3151 3296 3177
f 3296 3295 3177
f 3177 3295 3178
f 3295 3294 3178
f 3178 3294 3128
f 3294 3293 3128
f 3128 3293 3131
f 3293 3334 3131
f 3131 3334 3132
f 3334 3333 3132
f 3132 3333 3133
f 3333 3332 3133
f 3133 3332 3134
f 3332 3319 3134
f 3134 3319 3135
f 3319 3318 3135
f 3135 3318 3136
f 3318 3317 3136
f 3136 3317 3152
f 3317 3316 3152
f 3152 3316 3153
f 3316 3315 3153
f 3153 3315 3154
f 3315 3314 3154
f 3154 3314 3190
f 3314 3288 3190
f 3190 3288 3191
f 3288 3287 3191
f 3191 3287 3193
f 3287 3379 3193
f 3193 3379 3195
f 3379 3378 3195
f 3195 3378 3197
f 3378 3377 3197
f 3197 3377 3199
f 3377 3376 3199
f 3199 3376 3201
f 3376 3375 3201
f 3201 3375 3203
f 3375 3374 3203
f 3203 3374 3205
f 3374 3373 3205
f 3205 3373 3207
f 3373 3372 3207
f 3207 3372 3209
f 3372 3371 3209
f 3209 3371 3211
f 3371 3370 3211
f 3211 3370 3213
f 3370 3369 3213
f 3213 3369 3215
f 3369 3368 3215
f 3215 3368 3217
f 3368 3367 3217
f 3217 3367 3219
f 3367 3366 3219
f 3219 3366 3220
f 3366 3365 3220
f 3220 3365 3126
f 3365 3364 3126
f 3126 3364 3127
f 3364 3363 3127
f 3127 3363 3264
f 3363 3362 3264
f 3264 3362 3265
f 3362 3331 3265
f 3265 3331 3266
f 3331 3330 3266
f 3266 3330 3279
f 3330 3329 3279
f 3279 3329 3280
f 3329 3292 3280
f 3280 3292 3281
f 3292 3291 3281
f 3281 3291 3282
f 3291 3290 3282
f 3282 3290 3283
f 3290 3289 3283
f 3283 3289 3284
f 3289 3313 3284
f 3284 3313 3172
f 3313 3312 3172
f 3172 3312 3173
f 3312 3311 3173
f 3173 3311 3174
f 3311 3310 3174
f 3174 3310 3221
f 3310 3309 3221
f 3221 3309 3222
f 3309 3308 3222
f 3222 3308 3223
f 3308 3307 3223
f 3223 3307 3267
f 3307 3306 3267
f 3267 3306 3268
f 3306 3305 3268
f 3268 3305 3253
f 3305 3286 3253
f 3253 3286 3252
f 3286 3285 3252
f 3252 3285 3250
f 3285 3359 3250
f 3393 3077 3335
f 3077 3079 3335
f 3335 3079 3080
f 3019 3018 3428
f 3019 3428 3336
f 3428 3427 3336
f 3336 3427 3323
f 3427 3426 3323
f 3323 3426 3324
f 3426 3425 3324
f 3324 3425 3325
f 3425 3424 3325
f 3325 3424 3326
f 3424 3423 3326
f 3326 3423 3327
f 3423 3422 3327
f 3327 3422 3328
f 3422 3421 3328
f 3328 3421 3337
f 3421 3420 3337
f 3337 3420 3338
f 3420 3419 3338
f 3338 3419 3339
f 3419 3418 3339
f 3339 3418 3360
f 3418 3417 3360
f 3360 3417 3361
f 3417 3416 3361
f 3361 3416 3297
f 3416 3415 3297
f 3297 3415 3298
f 3415 3414 3298
f 3298 3414 3300
f 3414 3413 3300
f 3300 3413 3301
f 3413 3412 3301
f 3301 3412 3340
f 3412 3411 3340
f 3340 3411 3341
f 3411 3410 3341
f 3341 3410 3302
f 3410 3409 3302
f 3302 3409 3303
f 3409 3408 3303
f 3303 3408 3304
f 3408 3407 3304
f 3304 3407 3380
f 3407 3406 3380
f 3380 3406 3381
f 3406 3405 3381
f 3381 3405 3383
f 3405 3404 3383
f 3383 3404 3384
f 3404 3403 3384
f 3384 3403 3385
f 3403 3402 3385
f 3385 3402 3386
f 3402 3401 3386
f 3386 3401 3387
f 3401 3400 3387
f 3387 3400 3388
f 3400 3399 3388
f 3388 3399 3389
f 3399 3398 3389
f 3389 3398 3391
f 3398 3397 3391
f 3391 3397 3392
f 3397 3396 3392
f 3392 3396 3390
f 3396 3395 3390
f 3390 3395 3382
f 3395 3394 3382
f 3382 3394 3299
f 3394 3393 3299
f 3299 3393 3335
f 3429 3430 3431
f 3430 3432 3431
f 3431 3432 3433
f 3432 3434 3433
f 3433 3434 3435
f 3434 3436 3435
f 3435 3436 3437
f 3436 3438 3437
f 3437 3438 3439
f 3438 3440 3439
f 3439 3440 3441
f 3440 3442 3441
f 3441 3442 3443
f 3442 3444 3443
f 3443 3444 3445
f 3444 3446 3445
f 3445 3446 3447
f 3446 3448 3447
f 3447 3448 3449
f 3448 3450 3449
f 3449 3450 3451
f 3450 3452 3451
f 3451 3452 3453
f 3452 3454 3453
f 3453 3454 3455
f 3454 3456 3455
f 3455 3456 3457
f 3456 3458 3457
f 3457 3458 3459
f 3458 3460 3459
f 3459 3460 3461
f 3460 3462 3461
f 3461 3462 3463
f 3462 3464 3463
f 3463 3464 3465
f 3464 3466 3465
f 3465 3466 3467
f 3466 3468 3467
f 3467 3468 3469
f 3468 3470 3469
f 3469 3470 3471
f 3470 3472 3471
f 3471 3472 3473
f 3472 3474 3473
f 3473 3474 3475
f 3474 3476 3475
f 3475 3476 3477
f 3476 3478 3477
f 3477 3478 3479
f 3478 3480 3479
f 3479 3480 3481
f 3480 3482 3481
f 3481 3482 3483
f 3482 3484 3483
f 3483 3484 3485
f 3484 3486 3485
f 3485 3486 3487
f 3486 3488 3487
f 3487 3488 3489
f 3488 3490 3489
f 3489 3490 3491
f 3490 3492 3491
f 3491 3492 3493
f 3492 3494 3493
f 3493 3494 3495
f 3494 3496 3495
f 3495 3496 3497
f 3496 3498 3497
f 3497 3498 3499
f 3498 3500 3499
f 3499 3500 3501
f 3500 3502 3501
f 3501 3502 3503
f 3502 3504 3503
f 3503 3504 3505
f 3504 3506 3505
f 3505 3506 3507
f 3506 3508 3507
f 3507 3508 3509
f 3508 3510 3509
f 3509 3510 3511
f 3510 3512 3511
f 3511 3512 3513
f 3512 3514 3513
f 3513 3514 3515
f 3514 3516 3515
f 3515 3516 3517
f 3516 3518 3517
f 3517 3518 3519
f 3518 3520 3519
f 3519 3520 3521
f 3520 3522 3521
f 3521 3522 3523
f 3522 3524 3523
f 3523 3524 3525
f 3524 3526 3525
f 3525 3526 3527
f 3526 3528 3527
f 3527 3528 3529
f 3528 3530 3529
f 3529 3530 3531
f 3530 3532 3531
f 3531 3532 3533
f 3532 3534 3533
f 3533 3534 3535
f 3534 3536 3535
f 3535 3536 3537
f 3536 3538 3537
f 3537 3538 3539
f 3538 3540 3539
f 3539 3540 3541
f 3540 3542 3541
f 3541 3542 3543
f 3542 3544 3543
f 3543 3544 3545
f 3544 3546 3545
f 3545 3546 3547
f 3546 3548 3547
f 3547 3548 3549
f 3548 3550 3549
f 3549 3550 3551
f 3550 3552 3551
f 3551 3552 3553
f 3552 3554 3553
f 3553 3554 3555
f 3554 3556 3555
f 3555 3556 3557
f 3556 3558 3557
f 3557 3558 3559
f 3558 3560 3559
f 3559 3560 3561
f 3560 3562 3561
f 3561 3562 3563
f 3562 3564 3563
f 3563 3564 3565
f 3564 3566 3565
f 3565 3566 3567
f 3566 3568 3567
f 3567 3568 3569
f 3568 3570 3569
f 3569 3570 3571
f 3570 3572 3571
f 3571 3572 3429
f 3572 3430 3429
f 3573 3574 3575
f 3574 3576 3575
f 3575 3576 3577
f 3576 3578 3577
f 3577 3578 3579
f 3578 3580 3579
f 3579 3580 3581
f 3580 3582 3581
f 3581 3582 3583
f 3582 3584 3583
f 3583 3584 3585
f 3584 3586 3585
f 3585 3586 3587
f 3586 3588 3587
f 3587 3588 3589
f 3588 3590 3589
f 3589 3590 3591
f 3590 3592 3591
f 3591 3592 3593
f 3592 3594 3593
f 3593 3594 3595
f 3594 3596 3595
f 3595 3596 3597
f 3596 3598 3597
f 3597 3598 3599
f 3598 3600 3599
f 3599 3600 3601
f 3600 3602 3601
f 3601 3602 3603
f 3602 3604 3603
f 3603 3604 3605
f 3604 3606 3605
f 3605 3606 3607
f 3606 3608 3607
f 3607 3608 3609
f 3608 3610 3609
f 3609 3610 3611
f 3610 3612 3611
f 3611 3612 3613
f 3612 3614 3613
f 3613 3614 3615
f 3614 3616 3615
f 3615 3616 3617
f 3616 3618 3617
f 3617 3618 3619
f 3618 3620 3619
f 3619 3620 3621
f 3620 3622 3621
f 3621 3622 3623
f 3622 3624 3623
f 3623 3624 3625
f 3624 3626 3625
f 3625 3626 3627
f 3626 3628 3627
f 3627 3628 3629
f 3628 3630 3629
f 3629 3630 3631
f 3630 3632 3631
f 3631 3632 3633
f 3632 3634 3633
f 3633 3634 3635
f 3634 3636 3635
f 3635 3636 3637
f 3636 3638 3637
f 3637 3638 3639
f 3638 3640 3639
f 3639 3640 3641
f 3640 3642 3641
f 3641 3642 3643
f 3642 3644 3643
f 3643 3644 3645
f 3644 3646 3645
f 3645 3646 3647
f 3646 3648 3647
f 3647 3648 3649
f 3648 3650 3649
f 3649 3650 3651
f 3650 3652 3651
f 3651 3652 3653
f 3652 3654 3653
f 3653 3654 3655
f 3654 3656 3655
f 3655 3656 3657
f 3656 3658 3657
f 3657 3658 3659
f 3658 3660 3659
f 3659 3660 3661
f 3660 3662 3661
f 3661 3662 3663
f 3662 3664 3663
f 3663 3664 3665
f 3664 3666 3665
f 3665 3666 3667
f 3666 3668 3667
f 3667 3668 3669
f 3668 3670 3669
f 3669 3670 3671
f 3670 3672 3671
f 3671 3672 3673
f 3672 3674 3673
f 3673 3674 3675
f 3674 3676 3675
f 3675 3676 3677
f 3676 3678 3677
f 3677 3678 3679
f 3678 3680 3679
f 3679 3680 3681
f 3680 3682 3681
f 3681 3682 3683
f 3682 3684 3683
f 3683 3684 3685
f 3684 3686 3685
f 3685 3686 3687
f 3686 3688 3687
f 3687 3688 3689
f 3688 3690 3689
f 3689 3690 3691
f 3690 3692 3691
f 3691 3692 3693
f 3692 3694 3693
f 3693 3694 3695
f 3694 3696 3695
f 3695 3696 3697
f 3696 3698 3697
f 3697 3698 3699
f 3698 3700 3699
f 3699 3700 3701
f 3700 3702 3701
f 3701 3702 3703
f 3702 3704 3703
f 3703 3704 3705
f 3704 3706 3705
f 3705 3706 3707
f 3706 3708 3707
f 3707 3708 3709
f 3708 3710 3709
f 3709 3710 3711
f 3710 3712 3711
f 3711 3712 3713
f 3712 3714 3713
f 3713 3714 3715
f 3714 3716 3715
f 3715 3716 3573
f 3716 3574 3573
f 3717 3718 3719
f 3718 3720 3719
f 3719 3720 3721
f 3720 3722 3721
f 3721 3722 3723
f 3722 3724 3723
f 3723 3724 3725
f 3724 3726 3725
f 3725 3726 3727
f 3726 3728 3727
f 3727 3728 3729
f 3728 3730 3729
f 3729 3730 3731
f 3730 3732 3731
f 3731 3732 3733
f 3732 3734 3733
f 3733 3734 3735
f 3734 3736 3735
f 3735 3736 3737
f 3736 3738 3737
f 3737 3738 3739
f 3738 3740 3739
f 3739 3740 3741
f 3740 3742 3741
f 3741 3742 3743
f 3742 3744 3743
f 3743 3744 3745
f 3744 3746 3745
f 3745 3746 3747
f 3746 3748 3747
f 3747 3748 3749
f 3748 3750 3749
f 3749 3750 3751
f 3750 3752 3751
f 3751 3752 3753
f 3752 3754 3753
f 3753 3754 3755
f 3754 3756 3755
f 3755 3756 3757
f 3756 3758 3757
f 3757 3758 3759
f 3758 3760 3759
f 3759 3760 3761
f 3760 3762 3761
f 3761 3762 3763
f 3762 3764 3763
f 3763 3764 3765
f 3764 3766 3765
f 3765 3766 3767
f 3766 3768 3767
f 3767 3768 3769
f 3768 3770 3769
f 3769 3770 3771
f 3770 3772 3771
f 3771 3772 3773
f 3772 3774 3773
f 3773 3774 3775
f 3774 3776 3775
f 3775 3776 3777
f 3776 3778 3777
f 3777 3778 3779
f 3778 3780 3779
f 3779 3780 3781
f 3780 3782 3781
f 3781 3782 3783
f 3782 3784 3783
f 3783 3784 3785
f 3784 3786 3785
f 3785 3786 3787
f 3786 3788 3787
f 3787 3788 3789
f 3788 3790 3789
f 3789 3790 3791
f 3790 3792 3791
f 3791 3792 3793
f 3792 3794 3793
f 3793 3794 3795
f 3794 3796 3795
f 3795 3796 3797
f 3796 3798 3797
f 3797 3798 3799
f 3798 3800 3799
f 3799 3800 3801
f 3800 3802 3801
f 3801 3802 3803
f 3802 3804 3803
f 3803 3804 3805
f 3804 3806 3805
f 3805 3806 3807
f 3806 3808 3807
f 3807 3808 3809
f 3808 3810 3809
f 3809 3810 3811
f 3810 3812 3811
f 3811 3812 3813
f 3812 3814 3813
f 3813 3814 3815
f 3814 3816 3815
f 3815 3816 3817
f 3816 3818 3817
f 3817 3818 3819
f 3818 3820 3819
f 3819 3820 3821
f 3820 3822 3821
f 3821 3822 3823
f 3822 3824 3823
f 3823 3824 3825
f 3824 3826 3825
f 3825 3826 3827
f 3826 3828 3827
f 3827 3828 3829
f 3828 3830 3829
f 3829 3830 3831
f 3830 3832 3831
f 3831 3832 3833
f 3832 3834 3833
f 3833 3834 3835
f 3834 3836 3835
f 3835 3836 3837
f 3836 3838 3837
f 3837 3838 3839
f 3838 3840 3839
f 3839 3840 3841
f 3840 3842 3841
f 3841 3842 3843
f 3842 3844 3843
f 3843 3844 3845
f 3844 3846 3845
f 3845 3846 3847
f 3846 3848 3847
f 3847 3848 3849
f 3848 3850 3849
f 3849 3850 3851
f 3850 3852 3851
f 3851 3852 3853
f 3852 3854 3853
f 3853 3854 3855
f 3854 3856 3855
f 3855 3856 3857
f 3856 3858 3857
f 3857 3858 3859
f 3858 3860 3859
f 3859 3860 3717
f 3860 3718 3717
f 3861 3862 3863
f 3862 3864 3863
f 3863 3864 3865
f 3864 3866 3865
f 3865 3866 3867
f 3866 3868 3867
f 3867 3868 3869
f 3868 3870 3869
f 3869 3870 3871
f 3870 3872 3871
f 3871 3872 3873
f 3872 3874 3873
f 3873 3874 3875
f 3874 3876 3875
f 3875 3876 3877
f 3876 3878 3877
f 3877 3878 3879
f 3878 3880 3879
f 3879 3880 3881
f 3880 3882 3881
f 3881 3882 3883
f 3882 3884 3883
f 3883 3884 3885
f 3884 3886 3885
f 3885 3886 3887
f 3886 3888 3887
f 3887 3888 3889
f 3888 3890 3889
f 3889 3890 3891
f 3890 3892 3891
f 3891 3892 3893
f 3892 3894 3893
f 3893 3894 3895
f 3894 3896 3895
f 3895 3896 3897
f 3896 3898 3897
f 3897 3898 3899
f 3898 3900 3899
f 3899 3900 3901
f 3900 3902 3901
f 3901 3902 3903
f 3902 3904 3903
f 3903 3904 3905
f 3904 3906 3905
f 3905 3906 3907
f 3906 3908 3907
f 3907 3908 3909
f 3908 3910 3909
f 3909 3910 3911
f 3910 3912 3911
f 3911 3912 3913
f 3912 3914 3913
f 3913 3914 3915
f 3914 3916 3915
f 3915 3916 3917
f 3916 3918 3917
f 3917 3918 3919
f 3918 3920 3919
f 3919 3920 3921
f 3920 3922 3921
f 3921 3922 3923
f 3922 3924 3923
f 3923 3924 3925
f 3924 3926 3925
f 3925 3926 3927
f 3926 3928 3927
f 3927 3928 3929
f 3928 3930 3929
f 3929 3930 3931
f 3930 3932 3931
f 3931 3932 3933
f 3932 3934 3933
f 3933 3934 3935
f 3934 3936 3935
f 3935 3936 3937
f 3936 3938 3937
f 3937 3938 3939
f 3938 3940 3939
f 3939 3940 3941
f 3940 3942 3941
f 3941 3942 3943
f 3942 3944 3943
f 3943 3944 3945
f 3944 3946 3945
f 3945 3946 3947
f 3946 3948 3947
f 3947 3948 3949
f 3948 3950 3949
f 3949 3950 3951
f 3950 3952 3951
f 3951 3952 3953
f 3952 3954 3953
f 3953 3954 3955
f 3954 3956 3955
f 3955 3956 3957
f 3956 3958 3957
f 3957 3958 3959
f 3958 3960 3959
f 3959 3960 3961
f 3960 3962 3961
f 3961 3962 3963
f 3962 3964 3963
f 3963 3964 3965
f 3964 3966 3965
f 3965 3966 3967
f 3966 3968 3967
f 3967 3968 3969
f 3968 3970 3969
f 3969 3970 3971
f 3970 3972 3971
f 3971 3972 3973
f 3972 3974 3973
f 3973 3974 3975
f 3974 3976 3975
f 3975 3976 3977
f 3976 3978 3977
f 3977 3978 3979
f 3978 3980 3979
f 3979 3980 3981
f 3980 3982 3981
f 3981 3982 3983
f 3982 3984 3983
f 3983 3984 3985
f 3984 3986 3985
f 3985 3986 3987
f 3986 3988 3987
f 3987 3988 3989
f 3988 3990 3989
f 3989 3990 3991
f 3990 3992 3991
f 3991 3992 3993
f 3992 3994 3993
f 3993 3994 3995
f 3994 3996 3995
f 3995 3996 3997
f 3996 3998 3997
f 3997 3998 3999
f 3998 4000 3999
f 3999 4000 4001
f 4000 4002 4001
f 4001 4002 4003
f 4002 4004 4003
f 4003 4004 3861
f 4004 3862 3861
f 4005 4003 4006
f 4003 3861 4006
f 4006 3861 4007
f 3861 3863 4007
f 4007 3863 4008
f 3863 3865 4008
f 4008 3865 4009
f 3865 3867 4009
f 4009 3867 4010
f 3867 3869 4010
f 4010 3869 4011
f 3869 3871 4011
f 4011 3871 4012
f 3871 3873 4012
f 4012 3873 4013
f 3873 3875 4013
f 4013 3875 4014
f 3875 3877 4014
f 4014 3877 4015
f 3877 3879 4015
f 4015 3879 4016
f 3879 3881 4016
f 4016 3881 4017
f 3881 3883 4017
f 4017 3883 4018
f 3883 3885 4018
f 4018 3885 4019
f 3885 3887 4019
f 4019 3887 4020
f 3887 3889 4020
f 4020 3889 4021
f 3889 3891 4021
f 4021 3891 4022
f 3891 3893 4022
f 4022 3893 4023
f 3893 3895 4023
f 4023 3895 4024
f 3895 3897 4024
f 4024 3897 4025
f 3897 3899 4025
f 4025 3899 4026
f 3899 3901 4026
f 4026 3901 4027
f 3901 3903 4027
f 4027 3903 4028
f 3903 3905 4028
f 4028 3905 4029
f 3905 3907 4029
f 4029 3907 4030
f 3907 3909 4030
f 4030 3909 4031
f 3909 3911 4031
f 4031 3911 4032
f 3911 3913 4032
f 4032 3913 4033
f 3913 3915 4033
f 4033 3915 4034
f 3915 3917 4034
f 4034 3917 4035
f 3917 3919 4035
f 4035 3919 4036
f 3919 3921 4036
f 4036 3921 4037
f 3921 3923 4037
f 4037 3923 4038
f 3923 3925 4038
f 4038 3925 4039
f 3925 3927 4039
f 4039 3927 4040
f 3927 3929 4040
f 4040 3929 4041
f 3929 3931 4041
f 4041 3931 4042
f 3931 3933 4042
f 4042 3933 4043
f 3933 3935 4043
f 4043 3935 4044
f 3935 3937 4044
f 4044 3937 4045
f 3937 3939 4045
f 4045 3939 4046
f 3939 3941 4046
f 4046 3941 4047
f 3941 3943 4047
f 4047 3943 4048
f 3943 3945 4048
f 4048 3945 4049
f 3945 3947 4049
f 4049 3947 4050
f 3947 3949 4050
f 4050 3949 4051
f 3949 3951 4051
f 4051 3951 4052
f 3951 3953 4052
f 4052 3953 4053
f 3953 3955 4053
f 4053 3955 4054
f 3955 3957 4054
f 4054 3957 4055
f 3957 3959 4055
f 4055 3959 4056
f 3959 3961 4056
f 4056 3961 4057
f 3961 3963 4057
f 4057 3963 4058
f 3963 3965 4058
f 4058 3965 4059
f 3965 3967 4059
f 4059 3967 4060
f 3967 3969 4060
f 4060 3969 4061
f 3969 3971 4061
f 4061 3971 4062
f 3971 3973 4062
f 4062 3973 4063
f 3973 3975 4063
f 4063 3975 4064
f 3975 3977 4064
f 4064 3977 4065
f 3977 3979 4065
f 4065 3979 4066
f 3979 3981 4066
f 4066 3981 4067
f 3981 3983 4067
f 4067 3983 4068
f 3983 3985 4068
f 4068 3985 4069
f 3985 3987 4069
f 4069 3987 4070
f 3987 3989 4070
f 4070 3989 4071
f 3989 3991 4071
f 4071 3991 4072
f 3991 3993 4072
f 4072 3993 4073
f 3993 3995 4073
f 4073 3995 4074
f 3995 3997 4074
f 4074 3997 4075
f 3997 3999 4075
f 4075 3999 4076
f 3999 4001 4076
f 4076 4001 4005
f 4001 4003 4005
f 4077 3719 4078
f 3719 3721 4078
f 4078 3721 4079
f 3721 3723 4079
f 4079 3723 4080
f 3723 3725 4080
f 4080 3725 4081
f 3725 3727 4081
f 4081 3727 4082
f 3727 3729 4082
f 4082 3729 4083
f 3729 3731 4083
f 4083 3731 4084
f 3731 3733 4084
f 4084 3733 4085
f 3733 3735 4085
f 4085 3735 4086
f 3735 3737 4086
f 4086 3737 4087
f 3737 3739 4087
f 4087 3739 4088
f 3739 3741 4088
f 4088 3741 4089
f 3741 3743 4089
f 4089 3743 4090
f 3743 3745 4090
f 4090 3745 4091
f 3745 3747 4091
f 4091 3747 4092
f 3747 3749 4092
f 4092 3749 4093
f 3749 3751 4093
f 4093 3751 4094
f 3751 3753 4094
f 4094 3753 4095
f 3753 3755 4095
f 4095 3755 4096
f 3755 3757 4096
f 4096 3757 4097
f 3757 3759 4097
f 4097 3759 4098
f 3759 3761 4098
f 4098 3761 4099
f 3761 3763 4099
f 4099 3763 4100
f 3763 3765 4100
f 4100 3765 4101
f 3765 3767 4101
f 4101 3767 4102
f 3767 3769 4102
f 4102 3769 4103
f 3769 3771 4103
f 4103 3771 4104
f 3771 3773 4104
f 4104 3773 4105
f 3773 3775 4105
f 4105 3775 4106
f 3775 3777 4106
f 4106 3777 4107
f 3777 3779 4107
f 4107 3779 4108
f 3779 3781 4108
f 4108 3781 4109
f 3781 3783 4109
f 4109 3783 4110
f 3783 3785 4110
f 4110 3785 4111
f 3785 3787 4111
f 4111 3787 4112
f 3787 3789 4112
f 4112 3789 4113
f 3789 3791 4113
f 4113 3791 4114
f 3791 3793 4114
f 4114 3793 4115
f 3793 3795 4115
f 4115 3795 4116
f 3795 3797 4116
f 4116 3797 4117
f 3797 3799 4117
f 4117 3799 4118
f 3799 3801 4118
f 4118 3801 4119
f 3801 3803 4119
f 4119 3803 4120
f 3803 3805 4120
f 4120 3805 4121
f 3805 3807 4121
f 4121 3807 4122
f 3807 3809 4122
f 4122 3809 4123
f 3809 3811 4123
f 4123 3811 4124
f 3811 3813 4124
f 4124 3813 4125
f 3813 3815 4125
f 4125 3815 4126
f 3815 3817 4126
f 4126 3817 4127
f 3817 3819 4127
f 4127 3819 4128
f 3819 3821 4128
f 4128 3821 4129
f 3821 3823 4129
f 4129 3823 4130
f 3823 3825 4130
f 4130 3825 4131
f 3825 3827 4131
f 4131 3827 4132
f 3827 3829 4132
f 4132 3829 4133
f 3829 3831 4133
f 4133 3831 4134
f 3831 3833 4134
f 4134 3833 4135
f 3833 3835 4135
f 4135 3835 4136
f 3835 3837 4136
f 4136 3837 4137
f 3837 3839 4137
f 4137 3839 4138
f 3839 3841 4138
f 4138 3841 4139
f 3841 3843 4139
f 4139 3843 4140
f 3843 3845 4140
f 4140 3845 4141
f 3845 3847 4141
f 4141 3847 4142
f 3847 3849 4142
f 4142 3849 4143
f 3849 3851 4143
f 4143 3851 4144
f 3851 3853 4144
f 4144 3853 4145
f 3853 3855 4145
f 4145 3855 4146
f 3855 3857 4146
f 4146 3857 4147
f 3857 3859 4147
f 4147 3859 4148
f 3859 3717 4148
f 4148 3717 4077
f 3717 3719 4077
f 4027 3760 4026
f 3760 3758 4026
f 4026 3758 4025
f 3758 3756 4025
f 4025 3756 4024
f 3756 3754 4024
f 4024 3754 4023
f 3754 3752 4023
f 4023 3752 4022
f 3752 3750 4022
f 4022 3750 4021
f 3750 3748 4021
f 4021 3748 4020
f 3748 3746 4020
f 4020 3746 4019
f 3746 3744 4019
f 4019 3744 4018
f 3744 3742 4018
f 4018 3742 4017
f 3742 3740 4017
f 4017 3740 4016
f 3740 3738 4016
f 4016 3738 4015
f 3738 3736 4015
f 4015 3736 4014
f 3736 3734 4014
f 4014 3734 4013
f 3734 3732 4013
f 4013 3732 4012
f 3732 3730 4012
f 4012 3730 4011
f 3730 3728 4011
f 4011 3728 4010
f 3728 3726 4010
f 4010 3726 4009
f 3726 3724 4009
f 4009 3724 4008
f 3724 3722 4008
f 4008 3722 4007
f 3722 3720 4007
f 4007 3720 4006
f 3720 3718 4006
f 4006 3718 4005
f 3718 3860 4005
f 4005 3860 4076
f 3860 3858 4076
f 4076 3858 4075
f 3858 3856 4075
f 4075 3856 4074
f 3856 3854 4074
f 4074 3854 4073
f 3854 3852 4073
f 4073 3852 4072
f 3852 3850 4072
f 4072 3850 4071
f 3850 3848 4071
f 4071 3848 4070
f 3848 3846 4070
f 4070 3846 4069
f 3846 3844 4069
f 4069 3844 4068
f 3844 3842 4068
f 4068 3842 4067
f 3842 3840 4067
f 4067 3840 4066
f 3840 3838 4066
f 4066 3838 4065
f 3838 3836 4065
f 4065 3836 4064
f 3836 3834 4064
f 4064 3834 4063
f 3834 3832 4063
f 4063 3832 4062
f 3832 3830 4062
f 4062 3830 4061
f 3830 3828 4061
f 4061 3828 4060
f 3828 3826 4060
f 4060 3826 4059
f 3826 3824 4059
f 4059 3824 4058
f 3824 3822 4058
f 4058 3822 4057
f 3822 3820 4057
f 4057 3820 4056
f 3820 3818 4056
f 4056 3818 4055
f 3818 3816 4055
f 4055 3816 4054
f 3816 3814 4054
f 4054 3814 4053
f 3814 3812 4053
f 4053 3812 4052
f 3812 3810 4052
f 4052 3810 4051
f 3810 3808 4051
f 4051 3808 4050
f 3808 3806 4050
f 4050 3806 4049
f 3806 3804 4049
f 4049 3804 4048
f 3804 3802 4048
f 4048 3802 4047
f 3802 3800 4047
f 4047 3800 4046
f 3800 3798 4046
f 4046 3798 4045
f 3798 3796 4045
f 4045 3796 4044
f 3796 3794 4044
f 4044 3794 4043
f 3794 3792 4043
f 4043 3792 4042
f 3792 3790 4042
f 4042 3790 4041
f 3790 3788 4041
f 4041 3788 4040
f 3788 3786 4040
f 4040 3786 4039
f 3786 3784 4039
f 4039 3784 4038
f 3784 3782 4038
f 4038 3782 4037
f 3782 3780 4037
f 4037 3780 4036
f 3780 3778 4036
f 4036 3778 4035
f 3778 3776 4035
f 4035 3776 4034
f 3776 3774 4034
f 4034 3774 4033
f 3774 3772 4033
f 4033 3772 4032
f 3772 3770 4032
f 4032 3770 4031
f 3770 3768 4031
f 4031 3768 4030
f 3768 3766 4030
f 4030 3766 4029
f 3766 3764 4029
f 4029 3764 4028
f 3764 3762 4028
f 4028 3762 4027
f 3762 3760 4027
f 3645 3431 3643
f 3431 3433 3643
f 3643 3433 3641
f 3433 3435 3641
f 3641 3435 3639
f 3435 3437 3639
f 3639 3437 3637
f 3437 3439 3637
f 3637 3439 3635
f 3439 3441 3635
f 3635 3441 3633
f 3441 3443 3633
f 3633 3443 3631
f 3443 3445 3631
f 3631 3445 3629
f 3445 3447 3629
f 3629 3447 3627
f 3447 3449 3627
f 3627 3449 3625
f 3449 3451 3625
f 3625 3451 3623
f 3451 3453 3623
f 3623 3453 3621
f 3453 3455 3621
f 3621 3455 3619
f 3455 3457 3619
f 3619 3457 3617
f 3457 3459 3617
f 3617 3459 3615
f 3459 3461 3615
f 3615 3461 3613
f 3461 3463 3613
f 3613 3463 3611
f 3463 3465 3611
f 3611 3465 3609
f 3465 3467 3609
f 3609 3467 3607
f 3467 3469 3607
f 3607 3469 3605
f 3469 3471 3605
f 3605 3471 3603
f 3471 3473 3603
f 3603 3473 3601
f 3473 3475 3601
f 3601 3475 3599
f 3475 3477 3599
f 3599 3477 3597
f 3477 3479 3597
f 3597 3479 3595
f 3479 3481 3595
f 3595 3481 3593
f 3481 3483 3593
f 3593 3483 3591
f 3483 3485 3591
f 3591 3485 3589
f 3485 3487 3589
f 3589 3487 3587
f 3487 3489 3587
f 3587 3489 3585
f 3489 3491 3585
f 3585 3491 3583
f 3491 3493 3583
f 3583 3493 3581
f 3493 3495 3581
f 3581 3495 3579
f 3495 3497 3579
f 3579 3497 3577
f 3497 3499 3577
f 3577 3499 3575
f 3499 3501 3575
f 3575 3501 3573
f 3501 3503 3573
f 3573 3503 3715
f 3503 3505 3715
f 3715 3505 3713
f 3505 3507 3713
f 3713 3507 3711
f 3507 3509 3711
f 3711 3509 3709
f 3509 3511 3709
f 3709 3511 3707
f 3511 3513 3707
f 3707 3513 3705
f 3513 3515 3705
f 3705 3515 3703
f 3515 3517 3703
f 3703 3517 3701
f 3517 3519 3701
f 3701 3519 3699
f 3519 3521 3699
f 3699 3521 3697
f 3521 3523 3697
f 3697 3523 3695
f 3523 3525 3695
f 3695 3525 3693
f 3525 3527 3693
f 3693 3527 3691
f 3527 3529 3691
f 3691 3529 3689
f 3529 3531 3689
f 3689 3531 3687
f 3531 3533 3687
f 3687 3533 3685
f 3533 3535 3685
f 3685 3535 3683
f 3535 3537 3683
f 3683 3537 3681
f 3537 3539 3681
f 3681 3539 3679
f 3539 3541 3679
f 3679 3541 3677
f 3541 3543 3677
f 3677 3543 3675
f 3543 3545 3675
f 3675 3545 3673
f 3545 3547 3673
f 3673 3547 3671
f 3547 3549 3671
f 3671 3549 3669
f 3549 3551 3669
f 3669 3551 3667
f 3551 3553 3667
f 3667 3553 3665
f 3553 3555 3665
f 3665 3555 3663
f 3555 3557 3663
f 3663 3557 3661
f 3557 3559 3661
f 3661 3559 3659
f 3559 3561 3659
f 3659 3561 3657
f 3561 3563 3657
f 3657 3563 3655
f 3563 3565 3655
f 3655 3565 3653
f 3565 3567 3653
f 3653 3567 3651
f 3567 3569 3651
f 3651 3569 3649
f 3569 3571 3649
f 3649 3571 3647
f 3571 3429 3647
f 3647 3429 3645
f 3429 3431 3645
f 3902 3602 3904
f 3602 3600 3904
f 3904 3600 3906
f 3600 3598 3906
f 3906 3598 3908
f 3598 3596 3908
f 3908 3596 3910
f 3596 3594 3910
f 3910 3594 3912
f 3594 3592 3912
f 3912 3592 3914
f 3592 3590 3914
f 3914 3590 3916
f 3590 3588 3916
f 3916 3588 3918
f 3588 3586 3918
f 3918 3586 3920
f 3586 3584 3920
f 3920 3584 3922
f 3584 3582 3922
f 3922 3582 3924
f 3582 3580 3924
f 3924 3580 3926
f 3580 3578 3926
f 3926 3578 3928
f 3578 3576 3928
f 3928 3576 3930
f 3576 3574 3930
f 3930 3574 3932
f 3574 3716 3932
f 3932 3716 3934
f 3716 3714 3934
f 3934 3714 3936
f 3714 3712 3936
f 3936 3712 3938
f 3712 3710 3938
f 3938 3710 3940
f 3710 3708 3940
f 3940 3708 3942
f 3708 3706 3942
f 3942 3706 3944
f 3706 3704 3944
f 3944 3704 3946
f 3704 3702 3946
f 3946 3702 3948
f 3702 3700 3948
f 3948 3700 3950
f 3700 3698 3950
f 3950 3698 3952
f 3698 3696 3952
f 3952 3696 3954
f 3696 3694 3954
f 3954 3694 3956
f 3694 3692 3956
f 3956 3692 3958
f 3692 3690 3958
f 3958 3690 3960
f 3690 3688 3960
f 3960 3688 3962
f 3688 3686 3962
f 3962 3686 3964
f 3686 3684 3964
f 3964 3684 3966
f 3684 3682 3966
f 3966 3682 3968
f 3682 3680 3968
f 3968 3680 3970
f 3680 3678 3970
f 3970 3678 3972
f 3678 3676 3972
f 3972 3676 3974
f 3676 3674 3974
f 3974 3674 3976
f 3674 3672 3976
f 3976 3672 3978
f 3672 3670 3978
f 3978 3670 3980
f 3670 3668 3980
f 3980 3668 3982
f 3668 3666 3982
f 3982 3666 3984
f 3666 3664 3984
f 3984 3664 3986
f 3664 3662 3986
f 3986 3662 3988
f 3662 3660 3988
f 3988 3660 3990
f 3660 3658 3990
f 3990 3658 3992
f 3658 3656 3992
f 3992 3656 3994
f 3656 3654 3994
f 3994 3654 3996
f 3654 3652 3996
f 3996 3652 3998
f 3652 3650 3998
f 3998 3650 4000
f 3650 3648 4000
f 4000 3648 4002
f 3648 3646 4002
f 4002 3646 4004
f 3646 3644 4004
f 4004 3644 3862
f 3644 3642 3862
f 3862 3642 3864
f 3642 3640 3864
f 3864 3640 3866
f 3640 3638 3866
f 3866 3638 3868
f 3638 3636 3868
f 3868 3636 3870
f 3636 3634 3870
f 3870 3634 3872
f 3634 3632 3872
f 3872 3632 3874
f 3632 3630 3874
f 3874 3630 3876
f 3630 3628 3876
f 3876 3628 3878
f 3628 3626 3878
f 3878 3626 3880
f 3626 3624 3880
f 3880 3624 3882
f 3624 3622 3882
f 3882 3622 3884
f 3622 3620 3884
f 3884 3620 3886
f 3620 3618 3886
f 3886 3618 3888
f 3618 3616 3888
f 3888 3616 3890
f 3616 3614 3890
f 3890 3614 3892
f 3614 3612 3892
f 3892 3612 3894
f 3612 3610 3894
f 3894 3610 3896
f 3610 3608 3896
f 3896 3608 3898
f 3608 3606 3898
f 3898 3606 3900
f 3606 3604 3900
f 3900 3604 3902
f 3604 3602 3902
f 4093 3460 4092
f 3460 3458 4092
f 4092 3458 4091
f 3458 3456 4091
f 4091 3456 4090
f 3456 3454 4090
f 4090 3454 4089
f 3454 3452 4089
f 4089 3452 4088
f 3452 3450 4088
f 4088 3450 4087
f 3450 3448 4087
f 4087 3448 4086
f 3448 3446 4086
f 4086 3446 4085
f 3446 3444 4085
f 4085 3444 4084
f 3444 3442 4084
f 4084 3442 4083
f 3442 3440 4083
f 4083 3440 4082
f 3440 3438 4082
f 4082 3438 4081
f 3438 3436 4081
f 4081 3436 4080
f 3436 3434 4080
f 4080 3434 4079
f 3434 3432 4079
f 4079 3432 4078
f 3432 3430 4078
f 4078 3430 4077
f 3430 3572 4077
f 4077 3572 4148
f 3572 3570 4148
f 4148 3570 4147
f 3570 3568 4147
f 4147 3568 4146
f 3568 3566 4146
f 4146 3566 4145
f 3566 3564 4145
f 4145 3564 4144
f 3564 3562 4144
f 4144 3562 4143
f 3562 3560 4143
f 4143 3560 4142
f 3560 3558 4142
f 4142 3558 4141
f 3558 3556 4141
f 4141 3556 4140
f 3556 3554 4140
f 4140 3554 4139
f 3554 3552 4139
f 4139 3552 4138
f 3552 3550 4138
f 4138 3550 4137
f 3550 3548 4137
f 4137 3548 4136
f 3548 3546 4136
f 4136 3546 4135
f 3546 3544 4135
f 4135 3544 4134
f 3544 3542 4134
f 4134 3542 4133
f 3542 3540 4133
f 4133 3540 4132
f 3540 3538 4132
f 4132 3538 4131
f 3538 3536 4131
f 4131 3536 4130
f 3536 3534 4130
f 4130 3534 4129
f 3534 3532 4129
f 4129 3532 4128
f 3532 3530 4128
f 4128 3530 4127
f 3530 3528 4127
f 4127 3528 4126
f 3528 3526 4126
f 4126 3526 4125
f 3526 3524 4125
f 4125 3524 4124
f 3524 3522 4124
f 4124 3522 4123
f 3522 3520 4123
f 4123 3520 4122
f 3520 3518 4122
f 4122 3518 4121
f 3518 3516 4121
f 4121 3516 4120
f 3516 3514 4120
f 4120 3514 4119
f 3514 3512 4119
f 4119 3512 4118
f 3512 3510 4118
f 4118 3510 4117
f 3510 3508 4117
f 4117 3508 4116
f 3508 3506 4116
f 4116 3506 4115
f 3506 3504 4115
f 4115 3504 4114
f 3504 3502 4114
f 4114 3502 4113
f 3502 3500 4113
f 4113 3500 4112
f 3500 3498 4112
f 4112 3498 4111
f 3498 3496 4111
f 4111 3496 4110
f 3496 3494 4110
f 4110 3494 4109
f 3494 3492 4109
f 4109 3492 4108
f 3492 3490 4108
f 4108 3490 4107
f 3490 3488 4107
f 4107 3488 4106
f 3488 3486 4106
f 4106 3486 4105
f 3486 3484 4105
f 4105 3484 4104
f 3484 3482 4104
f 4104 3482 4103
f 3482 3480 4103
f 4103 3480 4102
f 3480 3478 4102
f 4102 3478 4101
f 3478 3476 4101
f 4101 3476 4100
f 3476 3474 4100
f 4100 3474 4099
f 3474 3472 4099
f 4099 3472 4098
f 3472 3470 4098
f 4098 3470 4097
f 3470 3468 4097
f 4097 3468 4096
f 3468 3466 4096
f 4096 3466 4095
f 3466 3464 4095
f 4095 3464 4094
f 3464 3462 4094
f 4094 3462 4093
f 3462 3460 4093
f 4149 4150 4151
f 4150 4152 4151
f 4151 4152 4153
f 4152 4154 4153
f 4153 4154 4155
f 4154 4156 4155
f 4155 4156 4157
f 4156 4158 4157
f 4157 4158 4159
f 4158 4160 4159
f 4159 4160 4161
f 4160 4162 4161
f 4161 4162 4163
f 4162 4164 4163
f 4163 4164 4165
f 4164 4166 4165
f 4165 4166 4167
f 4166 4168 4167
f 4167 4168 4169
f 4168 4170 4169
f 4169 4170 4171
f 4170 4172 4171
f 4171 4172 4173
f 4172 4174 4173
f 4173 4174 4175
f 4174 4176 4175
f 4175 4176 4177
f 4176 4178 4177
f 4177 4178 4179
f 4178 4180 4179
f 4179 4180 4181
f 4180 4182 4181
f 4181 4182 4183
f 4182 4184 4183
f 4183 4184 4185
f 4184 4186 4185
f 4185 4186 4187
f 4186 4188 4187
f 4187 4188 4189
f 4188 4190 4189
f 4189 4190 4191
f 4190 4192 4191
f 4191 4192 4193
f 4192 4194 4193
f 4193 4194 4195
f 4194 4196 4195
f 4195 4196 4197
f 4196 4198 4197
f 4197 4198 4199
f 4198 4200 4199
f 4199 4200 4201
f 4200 4202 4201
f 4201 4202 4203
f 4202 4204 4203
f 4203 4204 4205
f 4204 4206 4205
f 4205 4206 4207
f 4206 4208 4207
f 4207 4208 4209
f 4208 4210 4209
f 4209 4210 4211
f 4210 4212 4211
f 4211 4212 4213
f 4212 4214 4213
f 4213 4214 4215
f 4214 4216 4215
f 4215 4216 4217
f 4216 4218 4217
f 4217 4218 4219
f 4218 4220 4219
f 4219 4220 4221
f 4220 4222 4221
f 4221 4222 4223
f 4222 4224 4223
f 4223 4224 4225
f 4224 4226 4225
f 4225 4226 4227
f 4226 4228 4227
f 4227 4228 4229
f 4228 4230 4229
f 4229 4230 4231
f 4230 4232 4231
f 4231 4232 4233
f 4232 4234 4233
f 4233 4234 4235
f 4234 4236 4235
f 4235 4236 4237
f 4236 4238 4237
f 4237 4238 4239
f 4238 4240 4239
f 4239 4240 4241
f 4240 4242 4241
f 4241 4242 4243
f 4242 4244 4243
f 4243 4244 4245
f 4244 4246 4245
f 4245 4246 4247
f 4246 4248 4247
f 4247 4248 4249
f 4248 4250 4249
f 4249 4250 4251
f 4250 4252 4251
f 4251 4252 4253
f 4252 4254 4253
f 4253 4254 4255
f 4254 4256 4255
f 4255 4256 4257
f 4256 4258 4257
f 4257 4258 4259
f 4258 4260 4259
f 4259 4260 4261
f 4260 4262 4261
f 4261 4262 4263
f 4262 4264 4263
f 4263 4264 4265
f 4264 4266 4265
f 4265 4266 4267
f 4266 4268 4267
f 4267 4268 4269
f 4268 4270 4269
f 4269 4270 4271
f 4270 4272 4271
f 4271 4272 4273
f 4272 4274 4273
f 4273 4274 4275
f 4274 4276 4275
f 4275 4276 4277
f 4276 4278 4277
f 4277 4278 4279
f 4278 4280 4279
f 4279 4280 4281
f 4280 4282 4281
f 4281 4282 4283
f 4282 4284 4283
f 4283 4284 4285
f 4284 4286 4285
f 4285 4286 4287
f 4286 4288 4287
f 4287 4288 4289
f 4288 4290 4289
f 4289 4290 4291
f 4290 4292 4291
f 4291 4292 4149
f 4292 4150 4149
f 4293 4294 4295
f 4294 4296 4295
f 4294 4293 4297
f 4293 4298 4297
f 4297 4298 4299
f 4298 4300 4299
f 4299 4300 4301
f 4300 4302 4301
f 4301 4302 4303
f 4302 4304 4303
f 4303 4304 4305
f 4304 4306 4305
f 4305 4306 4307
f 4306 4308 4307
f 4307 4308 4309
f 4308 4310 4309
f 4309 4310 4311
f 4310 4312 4311
f 4311 4312 4313
f 4312 4314 4313
f 4313 4314 4315
f 4314 4316 4315
f 4315 4316 4317
f 4316 4318 4317
f 4317 4318 4319
f 4318 4320 4319
f 4319 4320 4321
f 4320 4322 4321
f 4321 4322 4323
f 4322 4324 4323
f 4323 4324 4325
f 4324 4326 4325
f 4325 4326 4327
f 4326 4328 4327
f 4327 4328 4329
f 4328 4330 4329
f 4329 4330 4331
f 4330 4332 4331
f 4331 4332 4333
f 4332 4334 4333
f 4333 4334 4335
f 4334 4336 4335
f 4335 4336 4337
f 4336 4338 4337
f 4337 4338 4339
f 4338 4340 4339
f 4339 4340 4341
f 4340 4342 4341
f 4341 4342 4343
f 4342 4344 4343
f 4343 4344 4345
f 4344 4346 4345
f 4345 4346 4347
f 4346 4348 4347
f 4347 4348 4349
f 4348 4350 4349
f 4349 4350 4351
f 4350 4352 4351
f 4351 4352 4353
f 4352 4354 4353
f 4353 4354 4355
f 4354 4356 4355
f 4355 4356 4357
f 4356 4358 4357
f 4357 4358 4359
f 4358 4360 4359
f 4359 4360 4361
f 4360 4362 4361
f 4361 4362 4363
f 4362 4364 4363
f 4363 4364 4365
f 4364 4366 4365
f 4365 4366 4367
f 4366 4368 4367
f 4369 4370 4371
f 4370 4372 4371
f 4371 4372 4373
f 4372 4374 4373
f 4373 4374 4375
f 4374 4376 4375
f 4375 4376 4377
f 4376 4378 4377
f 4377 4378 4379
f 4378 4380 4379
f 4379 4380 4381
f 4380 4382 4381
f 4381 4382 4383
f 4382 4384 4383
f 4383 4384 4385
f 4384 4386 4385
f 4385 4386 4387
f 4386 4388 4387
f 4387 4388 4389
f 4388 4390 4389
f 4389 4390 4391
f 4390 4392 4391
f 4391 4392 4393
f 4392 4394 4393
f 4393 4394 4395
f 4394 4396 4395
f 4395 4396 4397
f 4396 4398 4397
f 4397 4398 4399
f 4398 4400 4399
f 4399 4400 4401
f 4400 4402 4401
f 4401 4402 4403
f 4402 4404 4403
f 4403 4404 4405
f 4404 4406 4405
f 4405 4406 4407
f 4406 4408 4407
f 4407 4408 4409
f 4408 4410 4409
f 4409 4410 4411
f 4410 4412 4411
f 4411 4412 4413
f 4412 4414 4413
f 4413 4414 4415
f 4414 4416 4415
f 4415 4416 4417
f 4416 4418 4417
f 4417 4418 4419
f 4418 4420 4419
f 4419 4420 4421
f 4420 4422 4421
f 4421 4422 4423
f 4422 4424 4423
f 4423 4424 4296
f 4424 4295 4296
f 4367 4368 4425
f 4368 4426 4425
f 4370 4369 4427
f 4369 4428 4427
f 4425 4426 4429
f 4426 4430 4429
f 4429 4430 4431
f 4430 4432 4431
f 4431 4432 4433
f 4432 4434 4433
f 4433 4434 4435
f 4434 4436 4435
f 4435 4436 4437
f 4436 4438 4437
f 4437 4438 4439
f 4438 4440 4439
f 4439 4440 4441
f 4440 4442 4441
f 4441 4442 4443
f 4442 4444 4443
f 4443 4444 4445
f 4444 4446 4445
f 4445 4446 4447
f 4446 4448 4447
f 4447 4448 4449
f 4448 4450 4449
f 4449 4450 4451
f 4450 4452 4451
f 4451 4452 4453
f 4452 4454 4453
f 4453 4454 4455
f 4454 4456 4455
f 4455 4456 4457
f 4456 4458 4457
f 4457 4458 4459
f 4458 4460 4459
f 4459 4460 4461
f 4460 4462 4461
f 4461 4462 4463
f 4462 4464 4463
f 4463 4464 4465
f 4464 4466 4465
f 4465 4466 4467
f 4466 4468 4467
f 4467 4468 4469
f 4468 4470 4469
f 4469 4470 4471
f 4470 4472 4471
f 4471 4472 4473
f 4472 4474 4473
f 4473 4474 4475
f 4474 4476 4475
f 4475 4476 4477
f 4476 4478 4477
f 4477 4478 4479
f 4478 4480 4479
f 4479 4480 4481
f 4480 4482 4481
f 4481 4482 4483
f 4482 4484 4483
f 4485 4486 4487
f 4486 4488 4487
f 4487 4488 4489
f 4488 4490 4489
f 4489 4490 4491
f 4490 4492 4491
f 4491 4492 4493
f 4492 4494 4493
f 4493 4494 4495
f 4494 4496 4495
f 4495 4496 4497
f 4496 4498 4497
f 4497 4498 4499
f 4498 4500 4499
f 4499 4500 4501
f 4500 4502 4501
f 4501 4502 4503
f 4502 4504 4503
f 4503 4504 4505
f 4504 4506 4505
f 4505 4506 4507
f 4506 4508 4507
f 4507 4508 4509
f 4508 4510 4509
f 4509 4510 4511
f 4510 4512 4511
f 4511 4512 4513
f 4512 4514 4513
f 4513 4514 4515
f 4514 4516 4515
f 4515 4516 4517
f 4516 4518 4517
f 4517 4518 4519
f 4518 4520 4519
f 4519 4520 4521
f 4520 4522 4521
f 4521 4522 4523
f 4522 4524 4523
f 4523 4524 4525
f 4524 4526 4525
f 4525 4526 4527
f 4526 4528 4527
f 4527 4528 4529
f 4528 4530 4529
f 4529 4530 4531
f 4530 4532 4531
f 4531 4532 4533
f 4532 4534 4533
f 4533 4534 4535
f 4534 4536 4535
f 4535 4536 4537
f 4536 4538 4537
f 4537 4538 4539
f 4538 4540 4539
f 4539 4540 4541
f 4540 4542 4541
f 4541 4542 4543
f 4542 4544 4543
f 4543 4544 4545
f 4544 4546 4545
f 4545 4546 4547
f 4546 4548 4547
f 4547 4548 4549
f 4548 4550 4549
f 4549 4550 4551
f 4550 4552 4551
f 4551 4552 4553
f 4552 4554 4553
f 4553 4554 4555
f 4554 4556 4555
f 4555 4556 4428
f 4556 4427 4428
f 4486 4485 4484
f 4485 4483 4484
f 4557 4558 4559
f 4558 4560 4559
f 4559 4560 4561
f 4560 4562 4561
f 4561 4562 4563
f 4562 4564 4563
f 4563 4564 4565
f 4564 4566 4565
f 4565 4566 4567
f 4566 4568 4567
f 4567 4568 4569
f 4568 4570 4569
f 4569 4570 4571
f 4570 4572 4571
f 4571 4572 4573
f 4572 4574 4573
f 4573 4574 4575
f 4574 4576 4575
f 4575 4576 4577
f 4576 4578 4577
f 4577 4578 4579
f 4578 4580 4579
f 4579 4580 4581
f 4580 4582 4581
f 4581 4582 4583
f 4582 4584 4583
f 4583 4584 4585
f 4584 4586 4585
f 4585 4586 4587
f 4586 4588 4587
f 4587 4588 4589
f 4588 4590 4589
f 4589 4590 4591
f 4590 4592 4591
f 4591 4592 4593
f 4592 4594 4593
f 4593 4594 4595
f 4594 4596 4595
f 4595 4596 4597
f 4596 4598 4597
f 4597 4598 4599
f 4598 4600 4599
f 4599 4600 4601
f 4600 4602 4601
f 4601 4602 4603
f 4602 4604 4603
f 4603 4604 4605
f 4604 4606 4605
f 4605 4606 4607
f 4606 4608 4607
f 4607 4608 4609
f 4608 4610 4609
f 4609 4610 4611
f 4610 4612 4611
f 4611 4612 4613
f 4612 4614 4613
f 4613 4614 4615
f 4614 4616 4615
f 4615 4616 4617
f 4616 4618 4617
f 4617 4618 4619
f 4618 4620 4619
f 4619 4620 4621
f 4620 4622 4621
f 4621 4622 4623
f 4622 4624 4623
f 4623 4624 4625
f 4624 4626 4625
f 4625 4626 4627
f 4626 4628 4627
f 4627 4628 4629
f 4628 4630 4629
f 4629 4630 4631
f 4630 4632 4631
f 4631 4632 4633
f 4632 4634 4633
f 4633 4634 4635
f 4634 4636 4635
f 4635 4636 4637
f 4636 4638 4637
f 4637 4638 4639
f 4638 4640 4639
f 4639 4640 4641
f 4640 4642 4641
f 4641 4642 4643
f 4642 4644 4643
f 4643 4644 4645
f 4644 4646 4645
f 4645 4646 4647
f 4646 4648 4647
f 4647 4648 4649
f 4648 4650 4649
f 4649 4650 4651
f 4650 4652 4651
f 4651 4652 4653
f 4652 4654 4653
f 4653 4654 4655
f 4654 4656 4655
f 4655 4656 4657
f 4656 4658 4657
f 4657 4658 4659
f 4658 4660 4659
f 4659 4660 4661
f 4660 4662 4661
f 4661 4662 4663
f 4662 4664 4663
f 4663 4664 4665
f 4664 4666 4665
f 4665 4666 4667
f 4666 4668 4667
f 4667 4668 4669
f 4668 4670 4669
f 4669 4670 4671
f 4670 4672 4671
f 4671 4672 4673
f 4672 4674 4673
f 4673 4674 4675
f 4674 4676 4675
f 4675 4676 4677
f 4676 4678 4677
f 4677 4678 4679
f 4678 4680 4679
f 4679 4680 4681
f 4680 4682 4681
f 4681 4682 4683
f 4682 4684 4683
f 4683 4684 4685
f 4684 4686 4685
f 4685 4686 4687
f 4686 4688 4687
f 4687 4688 4689
f 4688 4690 4689
f 4689 4690 4691
f 4690 4692 4691
f 4691 4692 4693
f 4692 4694 4693
f 4693 4694 4695
f 4694 4696 4695
f 4695 4696 4697
f 4696 4698 4697
f 4697 4698 4699
f 4698 4700 4699
f 4699 4700 4557
f 4700 4558 4557
f 4701 4702 4703
f 4702 4704 4703
f 4703 4704 4705
f 4704 4706 4705
f 4705 4706 4707
f 4706 4708 4707
f 4707 4708 4709
f 4708 4710 4709
f 4709 4710 4711
f 4710 4712 4711
f 4711 4712 4713
f 4712 4714 4713
f 4713 4714 4715
f 4714 4716 4715
f 4715 4716 4717
f 4716 4718 4717
f 4717 4718 4719
f 4718 4720 4719
f 4719 4720 4721
f 4720 4722 4721
f 4721 4722 4723
f 4722 4724 4723
f 4723 4724 4725
f 4724 4726 4725
f 4725 4726 4727
f 4726 4728 4727
f 4727 4728 4729
f 4728 4730 4729
f 4729 4730 4731
f 4730 4732 4731
f 4731 4732 4733
f 4732 4734 4733
f 4733 4734 4735
f 4734 4736 4735
f 4735 4736 4737
f 4736 4738 4737
f 4737 4738 4739
f 4738 4740 4739
f 4739 4740 4741
f 4740 4742 4741
f 4741 4742 4743
f 4742 4744 4743
f 4743 4744 4745
f 4744 4746 4745
f 4745 4746 4747
f 4746 4748 4747
f 4747 4748 4749
f 4748 4750 4749
f 4749 4750 4751
f 4750 4752 4751
f 4751 4752 4753
f 4752 4754 4753
f 4753 4754 4755
f 4754 4756 4755
f 4755 4756 4757
f 4756 4758 4757
f 4757 4758 4759
f 4758 4760 4759
f 4759 4760 4761
f 4760 4762 4761
f 4761 4762 4763
f 4762 4764 4763
f 4763 4764 4765
f 4764 4766 4765
f 4765 4766 4767
f 4766 4768 4767
f 4767 4768 4769
f 4768 4770 4769
f 4769 4770 4771
f 4770 4772 4771
f 4771 4772 4773
f 4772 4774 4773
f 4773 4774 4775
f 4774 4776 4775
f 4775 4776 4777
f 4776 4778 4777
f 4777 4778 4779
f 4778 4780 4779
f 4779 4780 4781
f 4780 4782 4781
f 4781 4782 4783
f 4782 4784 4783
f 4783 4784 4785
f 4784 4786 4785
f 4785 4786 4787
f 4786 4788 4787
f 4787 4788 4789
f 4788 4790 4789
f 4789 4790 4791
f 4790 4792 4791
f 4791 4792 4793
f 4792 4794 4793
f 4793 4794 4795
f 4794 4796 4795
f 4795 4796 4797
f 4796 4798 4797
f 4797 4798 4799
f 4798 4800 4799
f 4799 4800 4801
f 4800 4802 4801
f 4801 4802 4803
f 4802 4804 4803
f 4803 4804 4805
f 4804 4806 4805
f 4805 4806 4807
f 4806 4808 4807
f 4807 4808 4809
f 4808 4810 4809
f 4809 4810 4811
f 4810 4812 4811
f 4811 4812 4813
f 4812 4814 4813
f 4813 4814 4815
f 4814 4816 4815
f 4815 4816 4817
f 4816 4818 4817
f 4817 4818 4819
f 4818 4820 4819
f 4819 4820 4821
f 4820 4822 4821
f 4821 4822 4823
f 4822 4824 4823
f 4823 4824 4825
f 4824 4826 4825
f 4825 4826 4827
f 4826 4828 4827
f 4827 4828 4829
f 4828 4830 4829
f 4829 4830 4831
f 4830 4832 4831
f 4831 4832 4833
f 4832 4834 4833
f 4833 4834 4835
f 4834 4836 4835
f 4835 4836 4837
f 4836 4838 4837
f 4837 4838 4839
f 4838 4840 4839
f 4839 4840 4841
f 4840 4842 4841
f 4841 4842 4843
f 4842 4844 4843
f 4843 4844 4701
f 4844 4702 4701
f 4845 4846 4847
f 4846 4848 4847
f 4847 4848 4849
f 4848 4850 4849
f 4849 4850 4851
f 4850 4852 4851
f 4851 4852 4853
f 4852 4854 4853
f 4853 4854 4855
f 4854 4856 4855
f 4855 4856 4857
f 4856 4858 4857
f 4857 4858 4859
f 4858 4860 4859
f 4859 4860 4861
f 4860 4862 4861
f 4861 4862 4863
f 4862 4864 4863
f 4863 4864 4865
f 4864 4866 4865
f 4865 4866 4867
f 4866 4868 4867
f 4867 4868 4869
f 4868 4870 4869
f 4869 4870 4871
f 4870 4872 4871
f 4871 4872 4873
f 4872 4874 4873
f 4873 4874 4875
f 4874 4876 4875
f 4875 4876 4877
f 4876 4878 4877
f 4877 4878 4879
f 4878 4880 4879
f 4879 4880 4881
f 4880 4882 4881
f 4881 4882 4883
f 4882 4884 4883
f 4883 4884 4885
f 4884 4886 4885
f 4885 4886 4887
f 4886 4888 4887
f 4887 4888 4889
f 4888 4890 4889
f 4889 4890 4891
f 4890 4892 4891
f 4891 4892 4893
f 4892 4894 4893
f 4893 4894 4895
f 4894 4896 4895
f 4895 4896 4897
f 4896 4898 4897
f 4897 4898 4899
f 4898 4900 4899
f 4899 4900 4901
f 4900 4902 4901
f 4901 4902 4903
f 4902 4904 4903
f 4903 4904 4905
f 4904 4906 4905
f 4905 4906 4907
f 4906 4908 4907
f 4907 4908 4909
f 4908 4910 4909
f 4909 4910 4911
f 4910 4912 4911
f 4911 4912 4913
f 4912 4914 4913
f 4913 4914 4915
f 4914 4916 4915
f 4915 4916 4917
f 4916 4918 4917
f 4917 4918 4919
f 4918 4920 4919
f 4919 4920 4921
f 4920 4922 4921
f 4921 4922 4923
f 4922 4924 4923
f 4923 4924 4925
f 4924 4926 4925
f 4925 4926 4927
f 4926 4928 4927
f 4927 4928 4929
f 4928 4930 4929
f 4929 4930 4931
f 4930 4932 4931
f 4931 4932 4933
f 4932 4934 4933
f 4933 4934 4935
f 4934 4936 4935
f 4935 4936 4937
f 4936 4938 4937
f 4937 4938 4939
f 4938 4940 4939
f 4939 4940 4941
f 4940 4942 4941
f 4941 4942 4943
f 4942 4944 4943
f 4943 4944 4945
f 4944 4946 4945
f 4945 4946 4947
f 4946 4948 4947
f 4947 4948 4949
f 4948 4950 4949
f 4949 4950 4951
f 4950 4952 4951
f 4951 4952 4953
f 4952 4954 4953
f 4953 4954 4955
f 4954 4956 4955
f 4955 4956 4957
f 4956 4958 4957
f 4957 4958 4959
f 4958 4960 4959
f 4959 4960 4961
f 4960 4962 4961
f 4961 4962 4963
f 4962 4964 4963
f 4963 4964 4965
f 4964 4966 4965
f 4965 4966 4967
f 4966 4968 4967
f 4967 4968 4969
f 4968 4970 4969
f 4969 4970 4971
f 4970 4972 4971
f 4971 4972 4973
f 4972 4974 4973
f 4973 4974 4975
f 4974 4976 4975
f 4975 4976 4977
f 4976 4978 4977
f 4977 4978 4979
f 4978 4980 4979
f 4979 4980 4981
f 4980 4982 4981
f 4981 4982 4983
f 4982 4984 4983
f 4983 4984 4985
f 4984 4986 4985
f 4985 4986 4987
f 4986 4988 4987
f 4987 4988 4845
f 4988 4846 4845
f 4989 4990 4991
f 4990 4992 4991
f 4991 4992 4993
f 4992 4994 4993
f 4993 4994 4995
f 4994 4996 4995
f 4995 4996 4997
f 4996 4998 4997
f 4997 4998 4999
f 4998 5000 4999
f 4999 5000 5001
f 5000 5002 5001
f 5001 5002 5003
f 5002 5004 5003
f 5003 5004 5005
f 5004 5006 5005
f 5005 5006 5007
f 5006 5008 5007
f 5007 5008 5009
f 5008 5010 5009
f 5009 5010 5011
f 5010 5012 5011
f 5011 5012 5013
f 5012 5014 5013
f 5013 5014 5015
f 5014 5016 5015
f 5015 5016 5017
f 5016 5018 5017
f 5017 5018 5019
f 5018 5020 5019
f 5019 5020 5021
f 5020 5022 5021
f 5021 5022 5023
f 5022 5024 5023
f 5023 5024 5025
f 5024 5026 5025
f 5025 5026 5027
f 5026 5028 5027
f 5027 5028 5029
f 5028 5030 5029
f 5029 5030 5031
f 5030 5032 5031
f 5031 5032 5033
f 5032 5034 5033
f 5033 5034 5035
f 5034 5036 5035
f 5035 5036 5037
f 5036 5038 5037
f 5037 5038 5039
f 5038 5040 5039
f 5039 5040 5041
f 5040 5042 5041
f 5041 5042 5043
f 5042 5044 5043
f 5043 5044 5045
f 5044 5046 5045
f 5045 5046 5047
f 5046 5048 5047
f 5047 5048 5049
f 5048 5050 5049
f 5049 5050 5051
f 5050 5052 5051
f 5051 5052 5053
f 5052 5054 5053
f 5053 5054 5055
f 5054 5056 5055
f 5055 5056 5057
f 5056 5058 5057
f 5057 5058 5059
f 5058 5060 5059
f 5059 5060 5061
f 5060 5062 5061
f 5061 5062 5063
f 5062 5064 5063
f 5063 5064 5065
f 5064 5066 5065
f 5065 5066 5067
f 5066 5068 5067
f 5067 5068 5069
f 5068 5070 5069
f 5069 5070 5071
f 5070 5072 5071
f 5071 5072 5073
f 5072 5074 5073
f 5073 5074 5075
f 5074 5076 5075
f 5075 5076 5077
f 5076 5078 5077
f 5077 5078 5079
f 5078 5080 5079
f 5079 5080 5081
f 5080 5082 5081
f 5081 5082 5083
f 5082 5084 5083
f 5083 5084 5085
f 5084 5086 5085
f 5085 5086 5087
f 5086 5088 5087
f 5087 5088 5089
f 5088 5090 5089
f 5089 5090 5091
f 5090 5092 5091
f 5091 5092 5093
f 5092 5094 5093
f 5093 5094 5095
f 5094 5096 5095
f 5095 5096 5097
f 5096 5098 5097
f 5097 5098 5099
f 5098 5100 5099
f 5099 5100 5101
f 5100 5102 5101
f 5101 5102 5103
f 5102 5104 5103
f 5103 5104 5105
f 5104 5106 5105
f 5105 5106 5107
f 5106 5108 5107
f 5107 5108 5109
f 5108 5110 5109
f 5109 5110 5111
f 5110 5112 5111
f 5111 5112 5113
f 5112 5114 5113
f 5113 5114 5115
f 5114 5116 5115
f 5115 5116 5117
f 5116 5118 5117
f 5117 5118 5119
f 5118 5120 5119
f 5119 5120 5121
f 5120 5122 5121
f 5121 5122 5123
f 5122 5124 5123
f 5123 5124 5125
f 5124 5126 5125
f 5125 5126 5127
f 5126 5128 5127
f 5127 5128 5129
f 5128 5130 5129
f 5129 5130 5131
f 5130 5132 5131
f 5131 5132 4989
f 5132 4990 4989
f 5133 5134 5135
f 5135 5134 5136
f 5137 5138 5139
f 5140 5141 5142
f 5141 5143 5142
f 5142 5143 5144
f 5144 5145 5142
f 5145 5146 5142
f 5142 5146 5147
f 5147 5148 5142
f 5148 5149 5142
f 5142 5149 5150
f 5150 5151 5142
f 5151 5152 5142
f 5142 5152 5153
f 5153 5154 5142
f 5154 5155 5142
f 5142 5155 5156
f 5155 5139 5156
f 5156 5139 5157
f 5139 5158 5157
f 5159 5160 5134
f 5160 5161 5134
f 5134 5161 5162
f 5019 5021 5134
f 5138 5163 5139
f 5163 5164 5139
f 5139 5164 5165
f 5021 5023 5134
f 5023 5025 5134
f 5134 5025 5027
f 5165 5166 5139
f 5166 5167 5139
f 5139 5167 5158
f 5162 5168 5134
f 5168 5169 5134
f 5134 5169 5170
f 5089 5091 5142
f 5091 5093 5142
f 5142 5093 5095
f 5171 5139 5172
f 5139 5173 5172
f 5171 5174 5139
f 5174 5175 5139
f 5139 5175 5176
f 5176 5177 5139
f 5177 5178 5139
f 5139 5178 5179
f 5180 5181 5139
f 5181 5182 5139
f 5139 5182 5183
f 5183 5184 5139
f 5184 5185 5139
f 5139 5185 5137
f 5170 5186 5134
f 5186 5187 5134
f 5134 5187 5188
f 5188 5189 5134
f 5189 5190 5134
f 5134 5190 5136
f 5191 5192 5193
f 5193 5194 5195
f 5196 5197 5193
f 5197 5198 5193
f 5095 5097 5142
f 5097 5099 5142
f 5142 5099 5101
f 5101 5103 5142
f 5103 5105 5142
f 5142 5105 5107
f 5119 5140 5117
f 5140 5115 5117
f 5125 5127 5140
f 5127 5129 5140
f 5173 5139 5199
f 5139 5200 5199
f 5199 5200 5201
f 5201 5202 5199
f 5202 5203 5199
f 5199 5203 5204
f 5205 5206 5139
f 5206 5207 5139
f 5139 5207 5180
f 5195 5208 5193
f 5208 5209 5193
f 5193 5209 5210
f 5210 5211 5193
f 5211 5212 5193
f 5193 5212 5213
f 5213 5214 5193
f 5214 5215 5193
f 5193 5215 5216
f 5135 5217 5133
f 5217 5193 5133
f 5133 5193 5218
f 5193 5198 5218
f 5107 5109 5142
f 5109 5111 5142
f 5142 5111 5140
f 5111 5113 5140
f 5140 5113 5115
f 5027 5029 5134
f 5029 5031 5134
f 5134 5031 5033
f 5045 5159 5043
f 5159 5041 5043
f 5179 5219 5139
f 5219 5220 5139
f 5139 5220 5205
f 5192 5221 5193
f 5221 5222 5193
f 5193 5222 5194
f 5216 5223 5193
f 5223 5224 5193
f 5193 5224 5225
f 5089 5142 5087
f 5142 5226 5087
f 5087 5226 5085
f 5226 5227 5085
f 5085 5227 5083
f 5227 5228 5083
f 5083 5228 5081
f 5228 5229 5081
f 5081 5229 5079
f 5229 5230 5079
f 5079 5230 5077
f 5230 5231 5077
f 5077 5231 5075
f 5231 5232 5075
f 5075 5232 5073
f 5232 5233 5073
f 5073 5233 5071
f 5233 5234 5071
f 5071 5234 5069
f 5234 5235 5069
f 5069 5235 5067
f 5235 5236 5067
f 5067 5236 5065
f 5236 5237 5065
f 5065 5237 5063
f 5237 5238 5063
f 5063 5238 5061
f 5238 5239 5061
f 5061 5239 5059
f 5239 5159 5059
f 5059 5159 5057
f 5119 5121 5140
f 5121 5123 5140
f 5140 5123 5125
f 5045 5047 5159
f 5047 5049 5159
f 5159 5049 5051
f 5051 5053 5159
f 5053 5055 5159
f 5159 5055 5057
f 5225 5240 5193
f 5240 5241 5193
f 5193 5241 5242
f 5242 5243 5193
f 5243 5244 5193
f 5193 5244 5196
f 5129 5131 5140
f 5131 4989 5140
f 5140 4989 5245
f 4989 4991 5245
f 5245 4991 5246
f 4991 4993 5246
f 5246 4993 5247
f 4993 4995 5247
f 5247 4995 5248
f 4995 4997 5248
f 5248 4997 5249
f 4997 4999 5249
f 5249 4999 5250
f 4999 5001 5250
f 5250 5001 5251
f 5001 5003 5251
f 5251 5003 5252
f 5003 5005 5252
f 5252 5005 5253
f 5005 5007 5253
f 5253 5007 5254
f 5007 5009 5254
f 5254 5009 5255
f 5009 5011 5255
f 5255 5011 5256
f 5011 5013 5256
f 5256 5013 5257
f 5013 5015 5257
f 5257 5015 5134
f 5015 5017 5134
f 5134 5017 5019
f 5258 5259 5260
f 5259 5261 5260
f 5258 5262 5259
f 5262 5263 5259
f 5259 5263 5193
f 5263 5264 5193
f 5193 5264 5191
f 5033 5035 5134
f 5035 5037 5134
f 5134 5037 5159
f 5037 5039 5159
f 5159 5039 5041
f 4369 5134 4428
f 5134 5133 4428
f 5134 4369 5257
f 4369 4371 5257
f 5257 4371 5256
f 4371 4373 5256
f 5256 4373 5255
f 4373 4375 5255
f 5255 4375 5254
f 4375 4377 5254
f 5254 4377 5253
f 4377 4379 5253
f 5253 4379 5252
f 4379 4381 5252
f 5252 4381 5251
f 4381 4383 5251
f 5251 4383 5250
f 4383 4385 5250
f 5250 4385 5249
f 4385 4387 5249
f 5249 4387 5248
f 4387 4389 5248
f 5248 4389 5247
f 4389 4391 5247
f 5247 4391 5246
f 4391 4393 5246
f 5246 4393 5245
f 4393 4395 5245
f 5245 4395 5140
f 4395 4397 5140
f 5140 4397 5141
f 4397 4399 5141
f 5141 4399 5143
f 4399 4401 5143
f 5143 4401 5144
f 4401 4403 5144
f 5144 4403 5145
f 4403 4405 5145
f 5145 4405 5146
f 4405 4407 5146
f 5146 4407 5147
f 4407 4409 5147
f 5147 4409 5148
f 4409 4411 5148
f 5148 4411 5149
f 4411 4413 5149
f 5149 4413 5150
f 4413 4415 5150
f 5150 4415 5151
f 4415 4417 5151
f 5151 4417 5152
f 4417 4419 5152
f 5152 4419 5153
f 4419 4421 5153
f 5153 4421 5154
f 4421 4423 5154
f 5154 4423 5155
f 4423 4296 5155
f 5265 4180 5266
f 4180 4178 5266
f 5266 4178 5267
f 4178 4176 5267
f 5267 4176 5268
f 4176 4174 5268
f 5268 4174 5269
f 4174 4172 5269
f 5269 4172 5270
f 4172 4170 5270
f 5270 4170 5271
f 4170 4168 5271
f 5271 4168 5272
f 4168 4166 5272
f 5272 4166 5273
f 4166 4164 5273
f 5273 4164 5274
f 4164 4162 5274
f 5274 4162 5275
f 4162 4160 5275
f 5275 4160 5276
f 4160 4158 5276
f 5276 4158 5277
f 4158 4156 5277
f 5277 4156 5278
f 4156 4154 5278
f 5278 4154 5279
f 4154 4152 5279
f 5279 4152 5280
f 4152 4150 5280
f 5280 4150 5281
f 4150 4292 5281
f 5281 4292 5282
f 4292 4290 5282
f 5282 4290 5283
f 4290 4288 5283
f 5283 4288 5284
f 4288 4286 5284
f 5284 4286 5285
f 4286 4284 5285
f 5285 4284 5286
f 4284 4282 5286
f 5286 4282 5287
f 4282 4280 5287
f 5287 4280 5288
f 4280 4278 5288
f 5288 4278 5289
f 4278 4276 5289
f 5289 4276 5290
f 4276 4274 5290
f 5290 4274 5291
f 4274 4272 5291
f 5291 4272 5292
f 4272 4270 5292
f 5292 4270 5293
f 4270 4268 5293
f 5293 4268 5294
f 4268 4266 5294
f 5294 4266 5295
f 4266 4264 5295
f 5295 4264 5296
f 4264 4262 5296
f 5296 4262 5297
f 4262 4260 5297
f 5297 4260 5298
f 4260 4258 5298
f 5298 4258 5299
f 4258 4256 5299
f 5299 4256 5300
f 4256 4254 5300
f 5300 4254 5301
f 4254 4252 5301
f 5301 4252 5302
f 4252 4250 5302
f 5302 4250 5303
f 4250 4248 5303
f 5303 4248 5304
f 4248 4246 5304
f 5304 4246 5305
f 4246 4244 5305
f 5305 4244 5306
f 4244 4242 5306
f 5306 4242 5307
f 4242 4240 5307
f 5307 4240 5308
f 4240 4238 5308
f 5308 4238 5309
f 4238 4236 5309
f 5309 4236 5310
f 4236 4234 5310
f 5310 4234 5311
f 4234 4232 5311
f 5311 4232 5312
f 4232 4230 5312
f 5312 4230 5313
f 4230 4228 5313
f 5313 4228 5314
f 4228 4226 5314
f 5314 4226 5315
f 4226 4224 5315
f 5315 4224 5316
f 4224 4222 5316
f 5316 4222 5317
f 4222 4220 5317
f 5317 4220 5318
f 4220 4218 5318
f 5318 4218 5319
f 4218 4216 5319
f 5319 4216 5320
f 4216 4214 5320
f 5320 4214 5321
f 4214 4212 5321
f 5321 4212 5322
f 4212 4210 5322
f 5322 4210 5323
f 4210 4208 5323
f 5323 4208 5324
f 4208 4206 5324
f 5324 4206 5325
f 4206 4204 5325
f 5325 4204 5326
f 4204 4202 5326
f 5326 4202 5327
f 4202 4200 5327
f 5327 4200 5328
f 4200 4198 5328
f 5328 4198 5329
f 4198 4196 5329
f 5329 4196 5330
f 4196 4194 5330
f 5330 4194 5331
f 4194 4192 5331
f 5331 4192 5332
f 4192 4190 5332
f 5332 4190 5333
f 4190 4188 5333
f 5333 4188 5334
f 4188 4186 5334
f 5334 4186 5335
f 4186 4184 5335
f 5335 4184 5336
f 4184 4182 5336
f 5336 4182 5265
f 4182 4180 5265
f 4332 4330 4664
f 4664 4330 4666
f 4660 4658 4344
f 4598 4596 4512
f 4344 4342 4660
f 4342 4340 4660
f 4660 4340 4662
f 4670 4668 4322
f 4522 4520 4592
f 4512 4510 4598
f 4510 4508 4598
f 4598 4508 4600
f 4644 4366 4646
f 4366 4364 4646
f 4646 4364 4648
f 4656 4654 4352
f 4340 4338 4662
f 4338 4336 4662
f 4662 4336 4664
f 4336 4334 4664
f 4664 4334 4332
f 4330 4328 4666
f 4328 4326 4666
f 4666 4326 4668
f 4326 4324 4668
f 4668 4324 4322
f 4592 4520 4594
f 4508 4506 4600
f 4506 4504 4600
f 4600 4504 4602
f 4644 4438 4436
f 4352 4350 4656
f 4350 4348 4656
f 4656 4348 4658
f 4348 4346 4658
f 4658 4346 4344
f 4322 4320 4670
f 4320 4318 4670
f 4670 4318 4672
f 4364 4362 4648
f 4362 4360 4648
f 4648 4360 4650
f 4360 4358 4650
f 4650 4358 4652
f 4358 4356 4652
f 4652 4356 4654
f 4356 4354 4654
f 4654 4354 4352
f 4318 4316 4672
f 4316 4314 4672
f 4672 4314 4674
f 4588 4586 4534
f 4590 4526 4592
f 4526 4524 4592
f 4592 4524 4522
f 4436 4434 4644
f 4434 4432 4644
f 4644 4432 4366
f 4432 4430 4366
f 4366 4430 4368
f 4430 4426 4368
f 4314 4312 4674
f 4312 4310 4674
f 4674 4310 4676
f 4310 4308 4676
f 4676 4308 4678
f 4308 4306 4678
f 4678 4306 4680
f 4534 4532 4588
f 4532 4530 4588
f 4588 4530 4590
f 4530 4528 4590
f 4590 4528 4526
f 4520 4518 4594
f 4518 4516 4594
f 4594 4516 4596
f 4516 4514 4596
f 4596 4514 4512
f 4504 4502 4602
f 4502 4500 4602
f 4602 4500 4604
f 4500 4498 4604
f 4604 4498 4606
f 4498 4496 4606
f 4606 4496 4608
f 4572 4556 4574
f 4556 4554 4574
f 4574 4554 4576
f 4584 4582 4542
f 4542 4540 4584
f 4540 4538 4584
f 4584 4538 4586
f 4538 4536 4586
f 4586 4536 4534
f 4380 4378 4572
f 4554 4552 4576
f 4552 4550 4576
f 4576 4550 4578
f 4550 4548 4578
f 4578 4548 4580
f 4548 4546 4580
f 4580 4546 4582
f 4546 4544 4582
f 4582 4544 4542
f 4482 4480 4612
f 4480 4478 4612
f 4612 4478 4476
f 4306 4304 4680
f 4304 4302 4680
f 4680 4302 4682
f 4302 4300 4682
f 4682 4300 4684
f 4300 4298 4684
f 4684 4298 4424
f 4298 4293 4424
f 4424 4293 4295
f 4424 4422 4684
f 4422 4420 4684
f 4684 4420 4418
f 4496 4494 4608
f 4494 4492 4608
f 4608 4492 4610
f 4492 4490 4610
f 4610 4490 4612
f 4490 4488 4612
f 4612 4488 4482
f 4488 4486 4482
f 4482 4486 4484
f 4378 4376 4572
f 4376 4374 4572
f 4572 4374 4556
f 4374 4372 4556
f 4556 4372 4427
f 4372 4370 4427
f 4418 4416 4684
f 4416 4414 4684
f 4684 4414 4686
f 4414 4412 4686
f 4686 4412 4688
f 4412 4410 4688
f 4688 4410 4690
f 4410 4408 4690
f 4690 4408 4692
f 4408 4406 4692
f 4692 4406 4694
f 4406 4404 4694
f 4694 4404 4696
f 4404 4402 4696
f 4696 4402 4698
f 4402 4400 4698
f 4698 4400 4700
f 4400 4398 4700
f 4700 4398 4558
f 4398 4396 4558
f 4558 4396 4560
f 4396 4394 4560
f 4560 4394 4562
f 4394 4392 4562
f 4562 4392 4564
f 4392 4390 4564
f 4564 4390 4566
f 4390 4388 4566
f 4566 4388 4568
f 4388 4386 4568
f 4568 4386 4570
f 4386 4384 4570
f 4570 4384 4572
f 4384 4382 4572
f 4572 4382 4380
f 4476 4474 4612
f 4474 4472 4612
f 4612 4472 4614
f 4472 4470 4614
f 4614 4470 4616
f 4470 4468 4616
f 4616 4468 4618
f 4468 4466 4618
f 4618 4466 4620
f 4466 4464 4620
f 4620 4464 4622
f 4464 4462 4622
f 4622 4462 4624
f 4462 4460 4624
f 4624 4460 4626
f 4460 4458 4626
f 4626 4458 4628
f 4458 4456 4628
f 4628 4456 4630
f 4456 4454 4630
f 4630 4454 4632
f 4454 4452 4632
f 4632 4452 4634
f 4452 4450 4634
f 4634 4450 4636
f 4450 4448 4636
f 4636 4448 4638
f 4448 4446 4638
f 4638 4446 4640
f 4446 4444 4640
f 4640 4444 4642
f 4444 4442 4642
f 4642 4442 4644
f 4442 4440 4644
f 4644 4440 4438
f 4629 4151 4627
f 4151 4153 4627
f 4627 4153 4625
f 4153 4155 4625
f 4625 4155 4623
f 4155 4157 4623
f 4623 4157 4621
f 4157 4159 4621
f 4621 4159 4619
f 4159 4161 4619
f 4619 4161 4617
f 4161 4163 4617
f 4617 4163 4615
f 4163 4165 4615
f 4615 4165 4613
f 4165 4167 4613
f 4613 4167 4611
f 4167 4169 4611
f 4611 4169 4609
f 4169 4171 4609
f 4609 4171 4607
f 4171 4173 4607
f 4607 4173 4605
f 4173 4175 4605
f 4605 4175 4603
f 4175 4177 4603
f 4603 4177 4601
f 4177 4179 4601
f 4601 4179 4599
f 4179 4181 4599
f 4599 4181 4597
f 4181 4183 4597
f 4597 4183 4595
f 4183 4185 4595
f 4595 4185 4593
f 4185 4187 4593
f 4593 4187 4591
f 4187 4189 4591
f 4591 4189 4589
f 4189 4191 4589
f 4589 4191 4587
f 4191 4193 4587
f 4587 4193 4585
f 4193 4195 4585
f 4585 4195 4583
f 4195 4197 4583
f 4583 4197 4581
f 4197 4199 4581
f 4581 4199 4579
f 4199 4201 4579
f 4579 4201 4577
f 4201 4203 4577
f 4577 4203 4575
f 4203 4205 4575
f 4575 4205 4573
f 4205 4207 4573
f 4573 4207 4571
f 4207 4209 4571
f 4571 4209 4569
f 4209 4211 4569
f 4569 4211 4567
f 4211 4213 4567
f 4567 4213 4565
f 4213 4215 4565
f 4565 4215 4563
f 4215 4217 4563
f 4563 4217 4561
f 4217 4219 4561
f 4561 4219 4559
f 4219 4221 4559
f 4559 4221 4557
f 4221 4223 4557
f 4557 4223 4699
f 4223 4225 4699
f 4699 4225 4697
f 4225 4227 4697
f 4697 4227 4695
f 4227 4229 4695
f 4695 4229 4693
f 4229 4231 4693
f 4693 4231 4691
f 4231 4233 4691
f 4691 4233 4689
f 4233 4235 4689
f 4689 4235 4687
f 4235 4237 4687
f 4687 4237 4685
f 4237 4239 4685
f 4685 4239 4683
f 4239 4241 4683
f 4683 4241 4681
f 4241 4243 4681
f 4681 4243 4679
f 4243 4245 4679
f 4679 4245 4677
f 4245 4247 4677
f 4677 4247 4675
f 4247 4249 4675
f 4675 4249 4673
f 4249 4251 4673
f 4673 4251 4671
f 4251 4253 4671
f 4671 4253 4669
f 4253 4255 4669
f 4669 4255 4667
f 4255 4257 4667
f 4667 4257 4665
f 4257 4259 4665
f 4665 4259 4663
f 4259 4261 4663
f 4663 4261 4661
f 4261 4263 4661
f 4661 4263 4659
f 4263 4265 4659
f 4659 4265 4657
f 4265 4267 4657
f 4657 4267 4655
f 4267 4269 4655
f 4655 4269 4653
f 4269 4271 4653
f 4653 4271 4651
f 4271 4273 4651
f 4651 4273 4649
f 4273 4275 4649
f 4649 4275 4647
f 4275 4277 4647
f 4647 4277 4645
f 4277 4279 4645
f 4645 4279 4643
f 4279 4281 4643
f 4643 4281 4641
f 4281 4283 4641
f 4641 4283 4639
f 4283 4285 4639
f 4639 4285 4637
f 4285 4287 4637
f 4637 4287 4635
f 4287 4289 4635
f 4635 4289 4633
f 4289 4291 4633
f 4633 4291 4631
f 4291 4149 4631
f 4631 4149 4629
f 4149 4151 4629
f 5337 4820 5338
f 4820 4818 5338
f 5338 4818 5339
f 4818 4816 5339
f 5339 4816 5340
f 4816 4814 5340
f 5340 4814 5341
f 4814 4812 5341
f 5341 4812 5342
f 4812 4810 5342
f 5342 4810 5343
f 4810 4808 5343
f 5343 4808 5344
f 4808 4806 5344
f 5344 4806 5345
f 4806 4804 5345
f 5345 4804 5346
f 4804 4802 5346
f 5346 4802 5347
f 4802 4800 5347
f 5347 4800 5348
f 4800 4798 5348
f 5348 4798 5349
f 4798 4796 5349
f 5349 4796 5350
f 4796 4794 5350
f 5350 4794 5351
f 4794 4792 5351
f 5351 4792 5352
f 4792 4790 5352
f 5352 4790 5353
f 4790 4788 5353
f 5353 4788 5354
f 4788 4786 5354
f 5354 4786 5355
f 4786 4784 5355
f 5355 4784 5356
f 4784 4782 5356
f 5356 4782 5357
f 4782 4780 5357
f 5357 4780 5358
f 4780 4778 5358
f 5358 4778 5359
f 4778 4776 5359
f 5359 4776 5360
f 4776 4774 5360
f 5360 4774 5361
f 4774 4772 5361
f 5361 4772 5362
f 4772 4770 5362
f 5362 4770 5363
f 4770 4768 5363
f 5363 4768 5364
f 4768 4766 5364
f 5364 4766 5365
f 4766 4764 5365
f 5365 4764 5366
f 4764 4762 5366
f 5366 4762 5367
f 4762 4760 5367
f 5367 4760 5368
f 4760 4758 5368
f 5368 4758 5369
f 4758 4756 5369
f 5369 4756 5370
f 4756 4754 5370
f 5370 4754 5371
f 4754 4752 5371
f 5371 4752 5372
f 4752 4750 5372
f 5372 4750 5373
f 4750 4748 5373
f 5373 4748 5374
f 4748 4746 5374
f 5374 4746 5375
f 4746 4744 5375
f 5375 4744 5376
f 4744 4742 5376
f 5376 4742 5377
f 4742 4740 5377
f 5377 4740 5378
f 4740 4738 5378
f 5378 4738 5379
f 4738 4736 5379
f 5379 4736 5380
f 4736 4734 5380
f 5380 4734 5381
f 4734 4732 5381
f 5381 4732 5382
f 4732 4730 5382
f 5382 4730 5383
f 4730 4728 5383
f 5383 4728 5384
f 4728 4726 5384
f 5384 4726 5385
f 4726 4724 5385
f 5385 4724 5386
f 4724 4722 5386
f 5386 4722 5387
f 4722 4720 5387
f 5387 4720 5388
f 4720 4718 5388
f 5388 4718 5389
f 4718 4716 5389
f 5389 4716 5390
f 4716 4714 5390
f 5390 4714 5391
f 4714 4712 5391
f 5391 4712 5392
f 4712 4710 5392
f 5392 4710 5393
f 4710 4708 5393
f 5393 4708 5394
f 4708 4706 5394
f 5394 4706 5395
f 4706 4704 5395
f 5395 4704 5396
f 4704 4702 5396
f 5396 4702 5397
f 4702 4844 5397
f 5397 4844 5398
f 4844 4842 5398
f 5398 4842 5399
f 4842 4840 5399
f 5399 4840 5400
f 4840 4838 5400
f 5400 4838 5401
f 4838 4836 5401
f 5401 4836 5402
f 4836 4834 5402
f 5402 4834 5403
f 4834 4832 5403
f 5403 4832 5404
f 4832 4830 5404
f 5404 4830 5405
f 4830 4828 5405
f 5405 4828 5406
f 4828 4826 5406
f 5406 4826 5407
f 4826 4824 5407
f 5407 4824 5408
f 4824 4822 5408
f 5408 4822 5337
f 4822 4820 5337
f 5281 4703 5280
f 4703 4705 5280
f 5280 4705 5279
f 4705 4707 5279
f 5279 4707 5278
f 4707 4709 5278
f 5278 4709 5277
f 4709 4711 5277
f 5277 4711 5276
f 4711 4713 5276
f 5276 4713 5275
f 4713 4715 5275
f 5275 4715 5274
f 4715 4717 5274
f 5274 4717 5273
f 4717 4719 5273
f 5273 4719 5272
f 4719 4721 5272
f 5272 4721 5271
f 4721 4723 5271
f 5271 4723 5270
f 4723 4725 5270
f 5270 4725 5269
f 4725 4727 5269
f 5269 4727 5268
f 4727 4729 5268
f 5268 4729 5267
f 4729 4731 5267
f 5267 4731 5266
f 4731 4733 5266
f 5266 4733 5265
f 4733 4735 5265
f 5265 4735 5336
f 4735 4737 5336
f 5336 4737 5335
f 4737 4739 5335
f 5335 4739 5334
f 4739 4741 5334
f 5334 4741 5333
f 4741 4743 5333
f 5333 4743 5332
f 4743 4745 5332
f 5332 4745 5331
f 4745 4747 5331
f 5331 4747 5330
f 4747 4749 5330
f 5330 4749 5329
f 4749 4751 5329
f 5329 4751 5328
f 4751 4753 5328
f 5328 4753 5327
f 4753 4755 5327
f 5327 4755 5326
f 4755 4757 5326
f 5326 4757 5325
f 4757 4759 5325
f 5325 4759 5324
f 4759 4761 5324
f 5324 4761 5323
f 4761 4763 5323
f 5323 4763 5322
f 4763 4765 5322
f 5322 4765 5321
f 4765 4767 5321
f 5321 4767 5320
f 4767 4769 5320
f 5320 4769 5319
f 4769 4771 5319
f 5319 4771 5318
f 4771 4773 5318
f 5318 4773 5317
f 4773 4775 5317
f 5317 4775 5316
f 4775 4777 5316
f 5316 4777 5315
f 4777 4779 5315
f 5315 4779 5314
f 4779 4781 5314
f 5314 4781 5313
f 4781 4783 5313
f 5313 4783 5312
f 4783 4785 5312
f 5312 4785 5311
f 4785 4787 5311
f 5311 4787 5310
f 4787 4789 5310
f 5310 4789 5309
f 4789 4791 5309
f 5309 4791 5308
f 4791 4793 5308
f 5308 4793 5307
f 4793 4795 5307
f 5307 4795 5306
f 4795 4797 5306
f 5306 4797 5305
f 4797 4799 5305
f 5305 4799 5304
f 4799 4801 5304
f 5304 4801 5303
f 4801 4803 5303
f 5303 4803 5302
f 4803 4805 5302
f 5302 4805 5301
f 4805 4807 5301
f 5301 4807 5300
f 4807 4809 5300
f 5300 4809 5299
f 4809 4811 5299
f 5299 4811 5298
f 4811 4813 5298
f 5298 4813 5297
f 4813 4815 5297
f 5297 4815 5296
f 4815 4817 5296
f 5296 4817 5295
f 4817 4819 5295
f 5295 4819 5294
f 4819 4821 5294
f 5294 4821 5293
f 4821 4823 5293
f 5293 4823 5292
f 4823 4825 5292
f 5292 4825 5291
f 4825 4827 5291
f 5291 4827 5290
f 4827 4829 5290
f 5290 4829 5289
f 4829 4831 5289
f 5289 4831 5288
f 4831 4833 5288
f 5288 4833 5287
f 4833 4835 5287
f 5287 4835 5286
f 4835 4837 5286
f 5286 4837 5285
f 4837 4839 5285
f 5285 4839 5284
f 4839 4841 5284
f 5284 4841 5283
f 4841 4843 5283
f 5283 4843 5282
f 4843 4701 5282
f 5282 4701 5281
f 4701 4703 5281
f 5058 4848 5060
f 4848 4846 5060
f 5060 4846 5062
f 4846 4988 5062
f 5062 4988 5064
f 4988 4986 5064
f 5064 4986 5066
f 4986 4984 5066
f 5066 4984 5068
f 4984 4982 5068
f 5068 4982 5070
f 4982 4980 5070
f 5070 4980 5072
f 4980 4978 5072
f 5072 4978 5074
f 4978 4976 5074
f 5074 4976 5076
f 4976 4974 5076
f 5076 4974 5078
f 4974 4972 5078
f 5078 4972 5080
f 4972 4970 5080
f 5080 4970 5082
f 4970 4968 5082
f 5082 4968 5084
f 4968 4966 5084
f 5084 4966 5086
f 4966 4964 5086
f 5086 4964 5088
f 4964 4962 5088
f 5088 4962 5090
f 4962 4960 5090
f 5090 4960 5092
f 4960 4958 5092
f 5092 4958 5094
f 4958 4956 5094
f 5094 4956 5096
f 4956 4954 5096
f 5096 4954 5098
f 4954 4952 5098
f 5098 4952 5100
f 4952 4950 5100
f 5100 4950 5102
f 4950 4948 5102
f 5102 4948 5104
f 4948 4946 5104
f 5104 4946 5106
f 4946 4944 5106
f 5106 4944 5108
f 4944 4942 5108
f 5108 4942 5110
f 4942 4940 5110
f 5110 4940 5112
f 4940 4938 5112
f 5112 4938 5114
f 4938 4936 5114
f 5114 4936 5116
f 4936 4934 5116
f 5116 4934 5118
f 4934 4932 5118
f 5118 4932 5120
f 4932 4930 5120
f 5120 4930 5122
f 4930 4928 5122
f 5122 4928 5124
f 4928 4926 5124
f 5124 4926 5126
f 4926 4924 5126
f 5126 4924 5128
f 4924 4922 5128
f 5128 4922 5130
f 4922 4920 5130
f 5130 4920 5132
f 4920 4918 5132
f 5132 4918 4990
f 4918 4916 4990
f 4990 4916 4992
f 4916 4914 4992
f 4992 4914 4994
f 4914 4912 4994
f 4994 4912 4996
f 4912 4910 4996
f 4996 4910 4998
f 4910 4908 4998
f 4998 4908 5000
f 4908 4906 5000
f 5000 4906 5002
f 4906 4904 5002
f 5002 4904 5004
f 4904 4902 5004
f 5004 4902 5006
f 4902 4900 5006
f 5006 4900 5008
f 4900 4898 5008
f 5008 4898 5010
f 4898 4896 5010
f 5010 4896 5012
f 4896 4894 5012
f 5012 4894 5014
f 4894 4892 5014
f 5014 4892 5016
f 4892 4890 5016
f 5016 4890 5018
f 4890 4888 5018
f 5018 4888 5020
f 4888 4886 5020
f 5020 4886 5022
f 4886 4884 5022
f 5022 4884 5024
f 4884 4882 5024
f 5024 4882 5026
f 4882 4880 5026
f 5026 4880 5028
f 4880 4878 5028
f 5028 4878 5030
f 4878 4876 5030
f 5030 4876 5032
f 4876 4874 5032
f 5032 4874 5034
f 4874 4872 5034
f 5034 4872 5036
f 4872 4870 5036
f 5036 4870 5038
f 4870 4868 5038
f 5038 4868 5040
f 4868 4866 5040
f 5040 4866 5042
f 4866 4864 5042
f 5042 4864 5044
f 4864 4862 5044
f 5044 4862 5046
f 4862 4860 5046
f 5046 4860 5048
f 4860 4858 5048
f 5048 4858 5050
f 4858 4856 5050
f 5050 4856 5052
f 4856 4854 5052
f 5052 4854 5054
f 4854 4852 5054
f 5054 4852 5056
f 4852 4850 5056
f 5056 4850 5058
f 4850 4848 5058
f 5397 4847 5396
f 4847 4849 5396
f 5396 4849 5395
f 4849 4851 5395
f 5395 4851 5394
f 4851 4853 5394
f 5394 4853 5393
f 4853 4855 5393
f 5393 4855 5392
f 4855 4857 5392
f 5392 4857 5391
f 4857 4859 5391
f 5391 4859 5390
f 4859 4861 5390
f 5390 4861 5389
f 4861 4863 5389
f 5389 4863 5388
f 4863 4865 5388
f 5388 4865 5387
f 4865 4867 5387
f 5387 4867 5386
f 4867 4869 5386
f 5386 4869 5385
f 4869 4871 5385
f 5385 4871 5384
f 4871 4873 5384
f 5384 4873 5383
f 4873 4875 5383
f 5383 4875 5382
f 4875 4877 5382
f 5382 4877 5381
f 4877 4879 5381
f 5381 4879 5380
f 4879 4881 5380
f 5380 4881 5379
f 4881 4883 5379
f 5379 4883 5378
f 4883 4885 5378
f 5378 4885 5377
f 4885 4887 5377
f 5377 4887 5376
f 4887 4889 5376
f 5376 4889 5375
f 4889 4891 5375
f 5375 4891 5374
f 4891 4893 5374
f 5374 4893 5373
f 4893 4895 5373
f 5373 4895 5372
f 4895 4897 5372
f 5372 4897 5371
f 4897 4899 5371
f 5371 4899 5370
f 4899 4901 5370
f 5370 4901 5369
f 4901 4903 5369
f 5369 4903 5368
f 4903 4905 5368
f 5368 4905 5367
f 4905 4907 5367
f 5367 4907 5366
f 4907 4909 5366
f 5366 4909 5365
f 4909 4911 5365
f 5365 4911 5364
f 4911 4913 5364
f 5364 4913 5363
f 4913 4915 5363
f 5363 4915 5362
f 4915 4917 5362
f 5362 4917 5361
f 4917 4919 5361
f 5361 4919 5360
f 4919 4921 5360
f 5360 4921 5359
f 4921 4923 5359
f 5359 4923 5358
f 4923 4925 5358
f 5358 4925 5357
f 4925 4927 5357
f 5357 4927 5356
f 4927 4929 5356
f 5356 4929 5355
f 4929 4931 5355
f 5355 4931 5354
f 4931 4933 5354
f 5354 4933 5353
f 4933 4935 5353
f 5353 4935 5352
f 4935 4937 5352
f 5352 4937 5351
f 4937 4939 5351
f 5351 4939 5350
f 4939 4941 5350
f 5350 4941 5349
f 4941 4943 5349
f 5349 4943 5348
f 4943 4945 5348
f 5348 4945 5347
f 4945 4947 5347
f 5347 4947 5346
f 4947 4949 5346
f 5346 4949 5345
f 4949 4951 5345
f 5345 4951 5344
f 4951 4953 5344
f 5344 4953 5343
f 4953 4955 5343
f 5343 4955 5342
f 4955 4957 5342
f 5342 4957 5341
f 4957 4959 5341
f 5341 4959 5340
f 4959 4961 5340
f 5340 4961 5339
f 4961 4963 5339
f 5339 4963 5338
f 4963 4965 5338
f 5338 4965 5337
f 4965 4967 5337
f 5337 4967 5408
f 4967 4969 5408
f 5408 4969 5407
f 4969 4971 5407
f 5407 4971 5406
f 4971 4973 5406
f 5406 4973 5405
f 4973 4975 5405
f 5405 4975 5404
f 4975 4977 5404
f 5404 4977 5403
f 4977 4979 5403
f 5403 4979 5402
f 4979 4981 5402
f 5402 4981 5401
f 4981 4983 5401
f 5401 4983 5400
f 4983 4985 5400
f 5400 4985 5399
f 4985 4987 5399
f 5399 4987 5398
f 4987 4845 5398
f 5398 4845 5397
f 4845 4847 5397
f 5217 4485 5193
f 4485 4487 5193
f 5193 4487 5259
f 4487 4489 5259
f 5259 4489 5261
f 4489 4491 5261
f 5261 4491 5260
f 4491 4493 5260
f 5260 4493 5258
f 4493 4495 5258
f 5258 4495 5262
f 4495 4497 5262
f 5262 4497 5263
f 4497 4499 5263
f 5263 4499 5264
f 4499 4501 5264
f 5264 4501 5191
f 4501 4503 5191
f 5191 4503 5192
f 4503 4505 5192
f 5192 4505 5221
f 4505 4507 5221
f 5221 4507 5222
f 4507 4509 5222
f 5222 4509 5194
f 4509 4511 5194
f 5194 4511 5195
f 4511 4513 5195
f 5195 4513 5208
f 4513 4515 5208
f 5208 4515 5209
f 4515 4517 5209
f 5209 4517 5210
f 4517 4519 5210
f 5210 4519 5211
f 4519 4521 5211
f 5211 4521 5212
f 4521 4523 5212
f 5212 4523 5213
f 4523 4525 5213
f 5213 4525 5214
f 4525 4527 5214
f 5214 4527 5215
f 4527 4529 5215
f 5215 4529 5216
f 4529 4531 5216
f 5216 4531 5223
f 4531 4533 5223
f 5223 4533 5224
f 4533 4535 5224
f 5224 4535 5225
f 4535 4537 5225
f 5225 4537 5240
f 4537 4539 5240
f 5240 4539 5241
f 4539 4541 5241
f 5241 4541 5242
f 4541 4543 5242
f 5242 4543 5243
f 4543 4545 5243
f 5243 4545 5244
f 4545 4547 5244
f 5244 4547 5196
f 4547 4549 5196
f 5196 4549 5197
f 4549 4551 5197
f 5197 4551 5198
f 4551 4553 5198
f 5198 4553 5218
f 4553 4555 5218
f 5218 4555 5133
f 4555 4428 5133
f 4485 5217 4483
f 5217 5135 4483
f 5142 4425 5226
f 4425 4429 5226
f 5226 4429 5227
f 4429 4431 5227
f 5227 4431 5228
f 4431 4433 5228
f 5228 4433 5229
f 4433 4435 5229
f 5229 4435 5230
f 4435 4437 5230
f 5230 4437 5231
f 4437 4439 5231
f 5231 4439 5232
f 4439 4441 5232
f 5232 4441 5233
f 4441 4443 5233
f 5233 4443 5234
f 4443 4445 5234
f 5234 4445 5235
f 4445 4447 5235
f 5235 4447 5236
f 4447 4449 5236
f 5236 4449 5237
f 4449 4451 5237
f 5237 4451 5238
f 4451 4453 5238
f 5238 4453 5239
f 4453 4455 5239
f 5239 4455 5159
f 4455 4457 5159
f 5159 4457 5160
f 4457 4459 5160
f 5160 4459 5161
f 4459 4461 5161
f 5161 4461 5162
f 4461 4463 5162
f 5162 4463 5168
f 4463 4465 5168
f 5168 4465 5169
f 4465 4467 5169
f 5169 4467 5170
f 4467 4469 5170
f 5170 4469 5186
f 4469 4471 5186
f 5186 4471 5187
f 4471 4473 5187
f 5187 4473 5188
f 4473 4475 5188
f 5188 4475 5189
f 4475 4477 5189
f 5189 4477 5190
f 4477 4479 5190
f 5190 4479 5136
f 4479 4481 5136
f 5136 4481 5135
f 4481 4483 5135
f 4425 5142 4367
f 5142 5156 4367
f 5139 4294 5200
f 4294 4297 5200
f 5200 4297 5201
f 4297 4299 5201
f 5201 4299 5202
f 4299 4301 5202
f 5202 4301 5203
f 4301 4303 5203
f 5203 4303 5204
f 4303 4305 5204
f 5204 4305 5199
f 4305 4307 5199
f 5199 4307 5173
f 4307 4309 5173
f 5173 4309 5172
f 4309 4311 5172
f 5172 4311 5171
f 4311 4313 5171
f 5171 4313 5174
f 4313 4315 5174
f 5174 4315 5175
f 4315 4317 5175
f 5175 4317 5176
f 4317 4319 5176
f 5176 4319 5177
f 4319 4321 5177
f 5177 4321 5178
f 4321 4323 5178
f 5178 4323 5179
f 4323 4325 5179
f 5179 4325 5219
f 4325 4327 5219
f 5219 4327 5220
f 4327 4329 5220
f 5220 4329 5205
f 4329 4331 5205
f 5205 4331 5206
f 4331 4333 5206
f 5206 4333 5207
f 4333 4335 5207
f 5207 4335 5180
f 4335 4337 5180
f 5180 4337 5181
f 4337 4339 5181
f 5181 4339 5182
f 4339 4341 5182
f 5182 4341 5183
f 4341 4343 5183
f 5183 4343 5184
f 4343 4345 5184
f 5184 4345 5185
f 4345 4347 5185
f 5185 4347 5137
f 4347 4349 5137
f 5137 4349 5138
f 4349 4351 5138
f 5138 4351 5163
f 4351 4353 5163
f 5163 4353 5164
f 4353 4355 5164
f 5164 4355 5165
f 4355 4357 5165
f 5165 4357 5166
f 4357 4359 5166
f 5166 4359 5167
f 4359 4361 5167
f 5167 4361 5158
f 4361 4363 5158
f 5158 4363 5157
f 4363 4365 5157
f 5157 4365 5156
f 4365 4367 5156
f 4294 5139 4296
f 5139 5155 4296
f 5409 5410 5411
f 5410 5412 5411
f 5411 5412 5413
f 5413 5414 5411
f 5414 5415 5411
f 5411 5415 5416
f 5415 5417 5416
f 5417 5418 5416
f 5418 5419 5416
f 5416 5419 5420
f 5416 5420 5421
f 5422 5423 5411
f 5423 5424 5411
f 5411 5424 5409
f 5421 5425 5416
f 5425 5426 5416
f 5416 5426 5411
f 5426 5427 5411
f 5411 5427 5422
f 5428 5429 5430
f 5429 5431 5430
f 5430 5431 5432
f 5431 5433 5432
f 5432 5433 5434
f 5433 5435 5434
f 5434 5435 5436
f 5435 5437 5436
f 5436 5437 5438
f 5437 5439 5438
f 5438 5439 5440
f 5439 5441 5440
f 5440 5441 5442
f 5441 5443 5442
f 5442 5443 5444
f 5443 5445 5444
f 5444 5445 5446
f 5445 5447 5446
f 5446 5447 5448
f 5447 5449 5448
f 5448 5449 5450
f 5449 5451 5450
f 5450 5451 5452
f 5451 5453 5452
f 5452 5453 5454
f 5453 5455 5454
f 5454 5455 5456
f 5455 5457 5456
f 5456 5457 5458
f 5457 5459 5458
f 5458 5459 5460
f 5459 5461 5460
f 5460 5461 5462
f 5461 5463 5462
f 5462 5463 5464
f 5463 5465 5464
f 5464 5465 5466
f 5465 5467 5466
f 5466 5467 5468
f 5467 5469 5468
f 5468 5469 5470
f 5469 5471 5470
f 5470 5471 5472
f 5471 5473 5472
f 5472 5473 5474
f 5473 5475 5474
f 5474 5475 5476
f 5475 5477 5476
f 5476 5477 5478
f 5477 5479 5478
f 5478 5479 5480
f 5479 5481 5480
f 5480 5481 5482
f 5481 5483 5482
f 5482 5483 5484
f 5483 5485 5484
f 5484 5485 5486
f 5485 5487 5486
f 5486 5487 5488
f 5487 5489 5488
f 5488 5489 5490
f 5489 5491 5490
f 5490 5491 5492
f 5491 5493 5492
f 5492 5493 5494
f 5493 5495 5494
f 5494 5495 5496
f 5495 5497 5496
f 5496 5497 5498
f 5497 5499 5498
f 5498 5499 5500
f 5499 5501 5500
f 5500 5501 5502
f 5501 5503 5502
f 5502 5503 5504
f 5503 5505 5504
f 5504 5505 5506
f 5505 5507 5506
f 5506 5507 5508
f 5507 5509 5508
f 5508 5509 5510
f 5509 5511 5510
f 5510 5511 5512
f 5511 5513 5512
f 5512 5513 5514
f 5513 5515 5514
f 5514 5515 5516
f 5515 5517 5516
f 5516 5517 5518
f 5517 5519 5518
f 5518 5519 5520
f 5519 5521 5520
f 5520 5521 5522
f 5521 5523 5522
f 5522 5523 5524
f 5523 5525 5524
f 5524 5525 5526
f 5525 5527 5526
f 5526 5527 5528
f 5527 5529 5528
f 5528 5529 5530
f 5529 5531 5530
f 5530 5531 5532
f 5531 5533 5532
f 5532 5533 5534
f 5533 5535 5534
f 5534 5535 5536
f 5535 5537 5536
f 5536 5537 5538
f 5537 5539 5538
f 5538 5539 5540
f 5539 5541 5540
f 5540 5541 5542
f 5541 5543 5542
f 5542 5543 5544
f 5543 5545 5544
f 5544 5545 5546
f 5545 5547 5546
f 5546 5547 5548
f 5547 5549 5548
f 5548 5549 5550
f 5549 5551 5550
f 5550 5551 5552
f 5551 5553 5552
f 5552 5553 5554
f 5553 5555 5554
f 5554 5555 5556
f 5555 5557 5556
f 5556 5557 5558
f 5557 5559 5558
f 5558 5559 5560
f 5559 5561 5560
f 5560 5561 5562
f 5561 5563 5562
f 5562 5563 5564
f 5563 5565 5564
f 5564 5565 5566
f 5565 5567 5566
f 5566 5567 5568
f 5567 5569 5568
f 5568 5569 5570
f 5569 5571 5570
f 5570 5571 5428
f 5571 5429 5428
f 5572 5573 5574
f 5573 5575 5574
f 5574 5575 5576
f 5575 5577 5576
f 5576 5577 5578
f 5577 5579 5578
f 5578 5579 5580
f 5579 5581 5580
f 5580 5581 5582
f 5581 5583 5582
f 5582 5583 5584
f 5583 5585 5584
f 5584 5585 5586
f 5585 5587 5586
f 5586 5587 5588
f 5587 5589 5588
f 5588 5589 5590
f 5589 5591 5590
f 5590 5591 5592
f 5591 5593 5592
f 5592 5593 5594
f 5593 5595 5594
f 5594 5595 5596
f 5595 5597 5596
f 5596 5597 5598
f 5597 5599 5598
f 5598 5599 5600
f 5599 5601 5600
f 5600 5601 5602
f 5601 5603 5602
f 5602 5603 5604
f 5603 5605 5604
f 5604 5605 5606
f 5605 5607 5606
f 5606 5607 5608
f 5607 5609 5608
f 5608 5609 5610
f 5609 5611 5610
f 5610 5611 5612
f 5611 5613 5612
f 5612 5613 5614
f 5613 5615 5614
f 5614 5615 5616
f 5615 5617 5616
f 5616 5617 5618
f 5617 5619 5618
f 5618 5619 5620
f 5619 5621 5620
f 5620 5621 5622
f 5621 5623 5622
f 5622 5623 5624
f 5623 5625 5624
f 5624 5625 5626
f 5625 5627 5626
f 5626 5627 5628
f 5627 5629 5628
f 5628 5629 5630
f 5629 5631 5630
f 5630 5631 5632
f 5631 5633 5632
f 5632 5633 5634
f 5633 5635 5634
f 5634 5635 5636
f 5635 5637 5636
f 5636 5637 5638
f 5637 5639 5638
f 5638 5639 5640
f 5639 5641 5640
f 5640 5641 5642
f 5641 5643 5642
f 5642 5643 5644
f 5643 5645 5644
f 5644 5645 5646
f 5645 5647 5646
f 5646 5647 5648
f 5647 5649 5648
f 5648 5649 5650
f 5649 5651 5650
f 5650 5651 5652
f 5651 5653 5652
f 5652 5653 5654
f 5653 5655 5654
f 5654 5655 5656
f 5655 5657 5656
f 5656 5657 5658
f 5657 5659 5658
f 5658 5659 5660
f 5659 5661 5660
f 5660 5661 5662
f 5661 5663 5662
f 5662 5663 5664
f 5663 5665 5664
f 5664 5665 5666
f 5665 5667 5666
f 5666 5667 5668
f 5667 5669 5668
f 5668 5669 5670
f 5669 5671 5670
f 5670 5671 5672
f 5671 5673 5672
f 5672 5673 5674
f 5673 5675 5674
f 5674 5675 5676
f 5675 5677 5676
f 5676 5677 5678
f 5677 5679 5678
f 5678 5679 5680
f 5679 5681 5680
f 5680 5681 5682
f 5681 5683 5682
f 5682 5683 5684
f 5683 5685 5684
f 5684 5685 5686
f 5685 5687 5686
f 5686 5687 5688
f 5687 5689 5688
f 5688 5689 5690
f 5689 5691 5690
f 5690 5691 5692
f 5691 5693 5692
f 5692 5693 5694
f 5693 5695 5694
f 5694 5695 5696
f 5695 5697 5696
f 5696 5697 5698
f 5697 5699 5698
f 5698 5699 5700
f 5699 5701 5700
f 5700 5701 5702
f 5701 5703 5702
f 5702 5703 5704
f 5703 5705 5704
f 5704 5705 5706
f 5705 5707 5706
f 5706 5707 5708
f 5707 5709 5708
f 5708 5709 5710
f 5709 5711 5710
f 5710 5711 5712
f 5711 5713 5712
f 5712 5713 5714
f 5713 5715 5714
f 5714 5715 5572
f 5715 5573 5572
f 5716 5717 5718
f 5717 5719 5718
f 5718 5719 5720
f 5719 5721 5720
f 5720 5721 5722
f 5721 5723 5722
f 5722 5723 5724
f 5723 5725 5724
f 5724 5725 5726
f 5725 5727 5726
f 5726 5727 5728
f 5727 5729 5728
f 5728 5729 5730
f 5729 5731 5730
f 5730 5731 5732
f 5731 5733 5732
f 5732 5733 5734
f 5733 5735 5734
f 5734 5735 5736
f 5735 5737 5736
f 5736 5737 5738
f 5737 5739 5738
f 5738 5739 5740
f 5739 5741 5740
f 5740 5741 5742
f 5741 5743 5742
f 5742 5743 5744
f 5743 5745 5744
f 5744 5745 5746
f 5745 5747 5746
f 5746 5747 5748
f 5747 5749 5748
f 5748 5749 5750
f 5749 5751 5750
f 5750 5751 5752
f 5751 5753 5752
f 5752 5753 5754
f 5753 5755 5754
f 5754 5755 5756
f 5755 5757 5756
f 5756 5757 5758
f 5757 5759 5758
f 5758 5759 5760
f 5759 5761 5760
f 5760 5761 5762
f 5761 5763 5762
f 5762 5763 5764
f 5763 5765 5764
f 5764 5765 5766
f 5765 5767 5766
f 5766 5767 5768
f 5767 5769 5768
f 5768 5769 5770
f 5769 5771 5770
f 5770 5771 5772
f 5771 5773 5772
f 5772 5773 5774
f 5773 5775 5774
f 5774 5775 5776
f 5775 5777 5776
f 5776 5777 5778
f 5777 5779 5778
f 5778 5779 5780
f 5779 5781 5780
f 5780 5781 5782
f 5781 5783 5782
f 5782 5783 5784
f 5783 5785 5784
f 5784 5785 5786
f 5785 5787 5786
f 5786 5787 5788
f 5787 5789 5788
f 5788 5789 5790
f 5789 5791 5790
f 5790 5791 5792
f 5791 5793 5792
f 5792 5793 5794
f 5793 5795 5794
f 5794 5795 5796
f 5795 5797 5796
f 5796 5797 5798
f 5797 5799 5798
f 5798 5799 5800
f 5799 5801 5800
f 5800 5801 5802
f 5801 5803 5802
f 5802 5803 5804
f 5803 5805 5804
f 5804 5805 5806
f 5805 5807 5806
f 5806 5807 5808
f 5807 5809 5808
f 5808 5809 5810
f 5809 5811 5810
f 5810 5811 5812
f 5811 5813 5812
f 5812 5813 5814
f 5813 5815 5814
f 5814 5815 5816
f 5815 5817 5816
f 5816 5817 5818
f 5817 5819 5818
f 5818 5819 5820
f 5819 5821 5820
f 5820 5821 5822
f 5821 5823 5822
f 5822 5823 5824
f 5823 5825 5824
f 5824 5825 5826
f 5825 5827 5826
f 5826 5827 5828
f 5827 5829 5828
f 5828 5829 5830
f 5829 5831 5830
f 5830 5831 5832
f 5831 5833 5832
f 5832 5833 5834
f 5833 5835 5834
f 5834 5835 5836
f 5835 5837 5836
f 5836 5837 5838
f 5837 5839 5838
f 5838 5839 5840
f 5839 5841 5840
f 5840 5841 5842
f 5841 5843 5842
f 5842 5843 5844
f 5843 5845 5844
f 5844 5845 5846
f 5845 5847 5846
f 5846 5847 5848
f 5847 5849 5848
f 5848 5849 5850
f 5849 5851 5850
f 5850 5851 5852
f 5851 5853 5852
f 5852 5853 5854
f 5853 5855 5854
f 5854 5855 5856
f 5855 5857 5856
f 5856 5857 5858
f 5857 5859 5858
f 5858 5859 5716
f 5859 5717 5716
f 5860 5861 5862
f 5861 5863 5862
f 5862 5863 5864
f 5863 5865 5864
f 5864 5865 5866
f 5865 5867 5866
f 5866 5867 5868
f 5867 5869 5868
f 5868 5869 5870
f 5869 5871 5870
f 5870 5871 5872
f 5871 5873 5872
f 5872 5873 5874
f 5873 5875 5874
f 5874 5875 5876
f 5875 5877 5876
f 5876 5877 5878
f 5877 5879 5878
f 5878 5879 5880
f 5879 5881 5880
f 5880 5881 5882
f 5881 5883 5882
f 5882 5883 5884
f 5883 5885 5884
f 5884 5885 5886
f 5885 5887 5886
f 5886 5887 5888
f 5887 5889 5888
f 5888 5889 5890
f 5889 5891 5890
f 5890 5891 5892
f 5891 5893 5892
f 5892 5893 5894
f 5893 5895 5894
f 5894 5895 5896
f 5895 5897 5896
f 5896 5897 5898
f 5897 5899 5898
f 5898 5899 5900
f 5899 5901 5900
f 5900 5901 5902
f 5901 5903 5902
f 5902 5903 5904
f 5903 5905 5904
f 5904 5905 5906
f 5905 5907 5906
f 5906 5907 5908
f 5907 5909 5908
f 5908 5909 5910
f 5909 5911 5910
f 5910 5911 5912
f 5911 5913 5912
f 5912 5913 5914
f 5913 5915 5914
f 5914 5915 5916
f 5915 5917 5916
f 5916 5917 5918
f 5917 5919 5918
f 5918 5919 5920
f 5919 5921 5920
f 5920 5921 5922
f 5921 5923 5922
f 5922 5923 5924
f 5923 5925 5924
f 5924 5925 5926
f 5925 5927 5926
f 5926 5927 5928
f 5927 5929 5928
f 5928 5929 5930
f 5929 5931 5930
f 5930 5931 5932
f 5931 5933 5932
f 5932 5933 5934
f 5933 5935 5934
f 5934 5935 5936
f 5935 5937 5936
f 5936 5937 5938
f 5937 5939 5938
f 5938 5939 5940
f 5939 5941 5940
f 5940 5941 5942
f 5941 5943 5942
f 5942 5943 5944
f 5943 5945 5944
f 5944 5945 5946
f 5945 5947 5946
f 5946 5947 5948
f 5947 5949 5948
f 5948 5949 5950
f 5949 5951 5950
f 5950 5951 5952
f 5951 5953 5952
f 5952 5953 5954
f 5953 5955 5954
f 5954 5955 5956
f 5955 5957 5956
f 5956 5957 5958
f 5957 5959 5958
f 5958 5959 5960
f 5959 5961 5960
f 5960 5961 5962
f 5961 5963 5962
f 5962 5963 5964
f 5963 5965 5964
f 5964 5965 5966
f 5965 5967 5966
f 5966 5967 5968
f 5967 5969 5968
f 5968 5969 5970
f 5969 5971 5970
f 5970 5971 5972
f 5971 5973 5972
f 5972 5973 5974
f 5973 5975 5974
f 5974 5975 5976
f 5975 5977 5976
f 5976 5977 5978
f 5977 5979 5978
f 5978 5979 5980
f 5979 5981 5980
f 5980 5981 5982
f 5981 5983 5982
f 5982 5983 5984
f 5983 5985 5984
f 5984 5985 5986
f 5985 5987 5986
f 5986 5987 5988
f 5987 5989 5988
f 5988 5989 5990
f 5989 5991 5990
f 5990 5991 5992
f 5991 5993 5992
f 5992 5993 5994
f 5993 5995 5994
f 5994 5995 5996
f 5995 5997 5996
f 5996 5997 5998
f 5997 5999 5998
f 5998 5999 6000
f 5999 6001 6000
f 6000 6001 6002
f 6001 6003 6002
f 6002 6003 5860
f 6003 5861 5860
f 5795 5707 5797
f 5707 5705 5797
f 5797 5705 5799
f 5705 5703 5799
f 5799 5703 5801
f 5703 5701 5801
f 5801 5701 5803
f 5701 5699 5803
f 5803 5699 5805
f 5699 5697 5805
f 5805 5697 5807
f 5697 5695 5807
f 5807 5695 5809
f 5695 5693 5809
f 5809 5693 5811
f 5693 5691 5811
f 5811 5691 5813
f 5691 5689 5813
f 5813 5689 5815
f 5689 5687 5815
f 5815 5687 5817
f 5687 5685 5817
f 5817 5685 5819
f 5685 5683 5819
f 5819 5683 5821
f 5683 5681 5821
f 5821 5681 5823
f 5681 5679 5823
f 5823 5679 5825
f 5679 5677 5825
f 5825 5677 5827
f 5677 5675 5827
f 5827 5675 5829
f 5675 5673 5829
f 5829 5673 5831
f 5673 5671 5831
f 5831 5671 5833
f 5671 5669 5833
f 5833 5669 5835
f 5669 5667 5835
f 5835 5667 5837
f 5667 5665 5837
f 5837 5665 5839
f 5665 5663 5839
f 5839 5663 5841
f 5663 5661 5841
f 5841 5661 5843
f 5661 5659 5843
f 5843 5659 5845
f 5659 5657 5845
f 5845 5657 5847
f 5657 5655 5847
f 5847 5655 5849
f 5655 5653 5849
f 5849 5653 5851
f 5653 5651 5851
f 5851 5651 5853
f 5651 5649 5853
f 5853 5649 5855
f 5649 5647 5855
f 5855 5647 5857
f 5647 5645 5857
f 5857 5645 5859
f 5645 5643 5859
f 5859 5643 5717
f 5643 5641 5717
f 5717 5641 5719
f 5641 5639 5719
f 5719 5639 5721
f 5639 5637 5721
f 5721 5637 5723
f 5637 5635 5723
f 5723 5635 5725
f 5635 5633 5725
f 5725 5633 5727
f 5633 5631 5727
f 5727 5631 5729
f 5631 5629 5729
f 5729 5629 5731
f 5629 5627 5731
f 5731 5627 5733
f 5627 5625 5733
f 5733 5625 5735
f 5625 5623 5735
f 5735 5623 5737
f 5623 5621 5737
f 5737 5621 5739
f 5621 5619 5739
f 5739 5619 5741
f 5619 5617 5741
f 5741 5617 5743
f 5617 5615 5743
f 5743 5615 5745
f 5615 5613 5745
f 5745 5613 5747
f 5613 5611 5747
f 5747 5611 5749
f 5611 5609 5749
f 5749 5609 5751
f 5609 5607 5751
f 5751 5607 5753
f 5607 5605 5753
f 5753 5605 5755
f 5605 5603 5755
f 5755 5603 5757
f 5603 5601 5757
f 5757 5601 5759
f 5601 5599 5759
f 5759 5599 5761
f 5599 5597 5761
f 5761 5597 5763
f 5597 5595 5763
f 5763 5595 5765
f 5595 5593 5765
f 5765 5593 5767
f 5593 5591 5767
f 5767 5591 5769
f 5591 5589 5769
f 5769 5589 5771
f 5589 5587 5771
f 5771 5587 5773
f 5587 5585 5773
f 5773 5585 5775
f 5585 5583 5775
f 5775 5583 5777
f 5583 5581 5777
f 5777 5581 5779
f 5581 5579 5779
f 5779 5579 5781
f 5579 5577 5781
f 5781 5577 5783
f 5577 5575 5783
f 5783 5575 5785
f 5575 5573 5785
f 5785 5573 5787
f 5573 5715 5787
f 5787 5715 5789
f 5715 5713 5789
f 5789 5713 5791
f 5713 5711 5791
f 5791 5711 5793
f 5711 5709 5793
f 5793 5709 5795
f 5709 5707 5795
f 5955 5547 5957
f 5547 5545 5957
f 5957 5545 5959
f 5545 5543 5959
f 5959 5543 5961
f 5543 5541 5961
f 5961 5541 5963
f 5541 5539 5963
f 5963 5539 5965
f 5539 5537 5965
f 5965 5537 5967
f 5537 5535 5967
f 5967 5535 5969
f 5535 5533 5969
f 5969 5533 5971
f 5533 5531 5971
f 5971 5531 5973
f 5531 5529 5973
f 5973 5529 5975
f 5529 5527 5975
f 5975 5527 5977
f 5527 5525 5977
f 5977 5525 5979
f 5525 5523 5979
f 5979 5523 5981
f 5523 5521 5981
f 5981 5521 5983
f 5521 5519 5983
f 5983 5519 5985
f 5519 5517 5985
f 5985 5517 5987
f 5517 5515 5987
f 5987 5515 5989
f 5515 5513 5989
f 5989 5513 5991
f 5513 5511 5991
f 5991 5511 5993
f 5511 5509 5993
f 5993 5509 5995
f 5509 5507 5995
f 5995 5507 5997
f 5507 5505 5997
f 5997 5505 5999
f 5505 5503 5999
f 5999 5503 6001
f 5503 5501 6001
f 6001 5501 6003
f 5501 5499 6003
f 6003 5499 5861
f 5499 5497 5861
f 5861 5497 5863
f 5497 5495 5863
f 5863 5495 5865
f 5495 5493 5865
f 5865 5493 5867
f 5493 5491 5867
f 5867 5491 5869
f 5491 5489 5869
f 5869 5489 5871
f 5489 5487 5871
f 5871 5487 5873
f 5487 5485 5873
f 5873 5485 5875
f 5485 5483 5875
f 5875 5483 5877
f 5483 5481 5877
f 5877 5481 5879
f 5481 5479 5879
f 5879 5479 5881
f 5479 5477 5881
f 5881 5477 5883
f 5477 5475 5883
f 5883 5475 5885
f 5475 5473 5885
f 5885 5473 5887
f 5473 5471 5887
f 5887 5471 5889
f 5471 5469 5889
f 5889 5469 5891
f 5469 5467 5891
f 5891 5467 5893
f 5467 5465 5893
f 5893 5465 5895
f 5465 5463 5895
f 5895 5463 5897
f 5463 5461 5897
f 5897 5461 5899
f 5461 5459 5899
f 5899 5459 5901
f 5459 5457 5901
f 5901 5457 5903
f 5457 5455 5903
f 5903 5455 5905
f 5455 5453 5905
f 5905 5453 5907
f 5453 5451 5907
f 5907 5451 5909
f 5451 5449 5909
f 5909 5449 5911
f 5449 5447 5911
f 5911 5447 5913
f 5447 5445 5913
f 5913 5445 5915
f 5445 5443 5915
f 5915 5443 5917
f 5443 5441 5917
f 5917 5441 5919
f 5441 5439 5919
f 5919 5439 5921
f 5439 5437 5921
f 5921 5437 5923
f 5437 5435 5923
f 5923 5435 5925
f 5435 5433 5925
f 5925 5433 5927
f 5433 5431 5927
f 5927 5431 5929
f 5431 5429 5929
f 5929 5429 5931
f 5429 5571 5931
f 5931 5571 5933
f 5571 5569 5933
f 5933 5569 5935
f 5569 5567 5935
f 5935 5567 5937
f 5567 5565 5937
f 5937 5565 5939
f 5565 5563 5939
f 5939 5563 5941
f 5563 5561 5941
f 5941 5561 5943
f 5561 5559 5943
f 5943 5559 5945
f 5559 5557 5945
f 5945 5557 5947
f 5557 5555 5947
f 5947 5555 5949
f 5555 5553 5949
f 5949 5553 5951
f 5553 5551 5951
f 5951 5551 5953
f 5551 5549 5953
f 5953 5549 5955
f 5549 5547 5955
f 5410 6004 5412
f 6004 6005 5412
f 6006 6004 5456
f 6006 5456 6007
f 5616 5410 5409
f 5616 5409 5614
f 5456 5458 6007
f 5458 5460 6007
f 6007 5460 6008
f 5460 5462 6008
f 6008 5462 6009
f 5462 5464 6009
f 6009 5464 6010
f 5464 5466 6010
f 6010 5466 6011
f 5466 5468 6011
f 6011 5468 6012
f 5468 5470 6012
f 6012 5470 6013
f 5421 5420 5600
f 5420 5419 5600
f 5600 5419 6014
f 6013 5470 6015
f 5470 5472 6015
f 6015 5472 6014
f 5409 5424 5614
f 5424 5423 5614
f 5614 5423 5612
f 5423 5422 5612
f 5612 5422 5610
f 5422 5427 5610
f 5610 5427 5608
f 5427 5426 5608
f 5608 5426 5606
f 5426 5425 5606
f 5606 5425 5604
f 5425 5421 5604
f 5604 5421 5602
f 5421 5600 5602
f 6014 5472 5600
f 5472 5474 5600
f 5600 5474 5598
f 5474 5476 5598
f 5598 5476 5596
f 5476 5478 5596
f 5596 5478 5594
f 5478 5480 5594
f 5594 5480 5592
f 5480 5482 5592
f 5592 5482 5590
f 5482 5484 5590
f 5590 5484 5588
f 5484 5486 5588
f 5588 5486 5586
f 5486 5488 5586
f 5586 5488 5584
f 5488 5490 5584
f 5584 5490 5582
f 5490 5492 5582
f 5582 5492 5580
f 5492 5494 5580
f 5580 5494 5578
f 5494 5496 5578
f 5578 5496 5576
f 5496 5498 5576
f 5576 5498 5574
f 5498 5500 5574
f 5574 5500 5572
f 5500 5502 5572
f 5572 5502 5714
f 5502 5504 5714
f 5714 5504 5712
f 5504 5506 5712
f 5712 5506 5710
f 5506 5508 5710
f 5710 5508 5708
f 5508 5510 5708
f 5708 5510 5706
f 5510 5512 5706
f 5706 5512 5704
f 5512 5514 5704
f 5704 5514 5702
f 5514 5516 5702
f 5702 5516 5700
f 5516 5518 5700
f 5700 5518 5698
f 5518 5520 5698
f 5698 5520 5696
f 5520 5522 5696
f 5696 5522 5694
f 5522 5524 5694
f 5694 5524 5692
f 5524 5526 5692
f 5692 5526 5690
f 5526 5528 5690
f 5690 5528 5688
f 5528 5530 5688
f 5688 5530 5686
f 5530 5532 5686
f 5686 5532 5684
f 5532 5534 5684
f 5684 5534 5682
f 5534 5536 5682
f 5682 5536 5680
f 5536 5538 5680
f 5680 5538 5678
f 5538 5540 5678
f 5678 5540 5676
f 5540 5542 5676
f 5676 5542 5674
f 5542 5544 5674
f 5674 5544 5672
f 5544 5546 5672
f 5672 5546 5670
f 5546 5548 5670
f 5670 5548 5668
f 5548 5550 5668
f 5668 5550 5666
f 5550 5552 5666
f 5666 5552 5664
f 5552 5554 5664
f 5664 5554 5662
f 5554 5556 5662
f 5662 5556 5660
f 5556 5558 5660
f 5660 5558 5658
f 5558 5560 5658
f 5658 5560 5656
f 5560 5562 5656
f 5656 5562 5654
f 5562 5564 5654
f 5654 5564 5652
f 5564 5566 5652
f 5652 5566 5650
f 5566 5568 5650
f 5650 5568 5648
f 5568 5570 5648
f 5648 5570 5646
f 5570 5428 5646
f 5646 5428 5644
f 5428 5430 5644
f 5644 5430 5642
f 5430 5432 5642
f 5642 5432 5640
f 5432 5434 5640
f 5640 5434 5638
f 5434 5436 5638
f 5638 5436 5636
f 5436 5438 5636
f 5636 5438 5634
f 5438 5440 5634
f 5634 5440 5632
f 5440 5442 5632
f 5632 5442 5630
f 5442 5444 5630
f 5630 5444 5628
f 5444 5446 5628
f 5628 5446 5626
f 5446 5448 5626
f 5626 5448 5624
f 5448 5450 5624
f 5624 5450 5622
f 5450 5452 5622
f 5622 5452 5620
f 5452 5454 5620
f 5620 5454 5618
f 5454 5456 5618
f 5618 5456 5616
f 5456 6004 5616
f 5616 6004 5410
f 5418 6016 5419
f 6016 6014 5419
f 5414 6017 5415
f 6017 6018 5415
f 6008 6019 6007
f 6019 6006 6007
f 6015 6020 6013
f 6020 6012 6013
f 6008 6009 6019
f 6009 6010 6019
f 6019 6010 6020
f 6010 6011 6020
f 6020 6011 6012
f 5786 6002 5784
f 6002 5860 5784
f 5784 5860 5782
f 5860 5862 5782
f 5782 5862 5780
f 5862 5864 5780
f 5780 5864 5778
f 5864 5866 5778
f 5778 5866 5776
f 5866 5868 5776
f 5776 5868 5774
f 5868 5870 5774
f 5774 5870 5772
f 5870 5872 5772
f 5772 5872 5770
f 5872 5874 5770
f 5770 5874 5768
f 5874 5876 5768
f 5768 5876 5766
f 5876 5878 5766
f 5766 5878 5764
f 5878 5880 5764
f 5764 5880 5762
f 5880 5882 5762
f 5762 5882 5760
f 5882 5884 5760
f 5760 5884 5758
f 5884 5886 5758
f 5758 5886 5756
f 5886 5888 5756
f 5756 5888 5754
f 5888 5890 5754
f 5754 5890 5752
f 5890 5892 5752
f 5752 5892 5750
f 5892 5894 5750
f 5750 5894 5748
f 5894 5896 5748
f 5748 5896 5746
f 5896 5898 5746
f 5746 5898 5744
f 5898 5900 5744
f 5744 5900 5742
f 5900 5902 5742
f 5742 5902 5740
f 5902 5904 5740
f 5740 5904 5738
f 5904 5906 5738
f 5738 5906 5736
f 5906 5908 5736
f 5736 5908 5734
f 5908 5910 5734
f 5734 5910 5732
f 5910 5912 5732
f 5732 5912 5730
f 5912 5914 5730
f 5730 5914 5728
f 5914 5916 5728
f 5728 5916 5726
f 5916 5918 5726
f 5726 5918 5724
f 5918 5920 5724
f 5724 5920 5722
f 5920 5922 5722
f 5722 5922 5720
f 5922 5924 5720
f 5720 5924 5718
f 5924 5926 5718
f 5718 5926 5716
f 5926 5928 5716
f 5716 5928 5858
f 5928 5930 5858
f 5858 5930 5856
f 5930 5932 5856
f 5856 5932 5854
f 5932 5934 5854
f 5854 5934 5852
f 5934 5936 5852
f 5852 5936 5850
f 5936 5938 5850
f 5850 5938 5848
f 5938 5940 5848
f 5848 5940 5846
f 5940 5942 5846
f 5846 5942 5844
f 5942 5944 5844
f 5844 5944 5842
f 5944 5946 5842
f 5842 5946 5840
f 5946 5948 5840
f 5840 5948 5838
f 5948 5950 5838
f 5838 5950 5836
f 5950 5952 5836
f 5836 5952 5834
f 5952 5954 5834
f 5834 5954 5832
f 5954 5956 5832
f 5832 5956 5830
f 5956 5958 5830
f 5830 5958 5828
f 5958 5960 5828
f 5828 5960 5826
f 5960 5962 5826
f 5826 5962 5824
f 5962 5964 5824
f 5824 5964 5822
f 5964 5966 5822
f 5822 5966 5820
f 5966 5968 5820
f 5820 5968 5818
f 5968 5970 5818
f 5818 5970 5816
f 5970 5972 5816
f 5816 5972 5814
f 5972 5974 5814
f 5814 5974 5812
f 5974 5976 5812
f 5812 5976 5810
f 5976 5978 5810
f 5810 5978 5808
f 5978 5980 5808
f 5808 5980 5806
f 5980 5982 5806
f 5806 5982 5804
f 5982 5984 5804
f 5804 5984 5802
f 5984 5986 5802
f 5802 5986 5800
f 5986 5988 5800
f 5800 5988 5798
f 5988 5990 5798
f 5798 5990 5796
f 5990 5992 5796
f 5796 5992 5794
f 5992 5994 5794
f 5794 5994 5792
f 5994 5996 5792
f 5792 5996 5790
f 5996 5998 5790
f 5790 5998 5788
f 5998 6000 5788
f 5788 6000 5786
f 6000 6002 5786
f 6018 6016 5415
f 6016 5418 5415
f 5415 5418 5417
f 6016 6020 6014
f 6020 6015 6014
f 6016 6018 6020
f 6017 6019 6018
f 6019 6020 6018
f 6019 6005 6006
f 6005 6004 6006
f 6019 6017 6005
f 5413 5412 5414
f 5412 6005 5414
f 5414 6005 6017
