v -0.014991067535089596 0.027871161215210001 0.040499999893860467
v -0.012534069312799424 0.029101560879304197 0.040587155854360707
v -0.0125356267805635 0.029105030463982461 0.040499999893860467
v -0.0099807418984196681 0.030116606927603897 0.040587155854360707
v -0.0099819921481487349 0.030120201133763673 0.040499999893860467
v -0.007348664162843653 0.030905254182707682 0.040587155854360707
v -0.0073495973398926247 0.030908944379220149 0.040499999893860467
v -0.0046578675520482201 0.031461500857017412 0.040587155854360707
v -0.0046584743166191338 0.031465255991870708 0.040499999893860467
v -0.0019288302543542151 0.03178111174154126 0.040587155854360707
v -0.0019291077451522817 0.03178490567854788 0.040499999893860467
v 0.00081767794854543539 0.031861653642587431 0.040587155854360707
v 0.00081773350094982824 0.031865458619294788 0.040499999893860467
v 0.0035607556562386195 0.031702516446135011 0.040587155854360707
v 0.0035611414212124966 0.031706303147883724 0.040499999893860467
v 0.0062795250823420232 0.031304910200408105 0.040587155854360707
v 0.0062802391373872396 0.031308647686273713 0.040499999893860467
v 0.0089532948904488315 0.030671860044059199 0.040587155854360707
v 0.0089543318705325118 0.030675519717512565 0.040499999893860467
v 0.011561716281897273 0.029808184565750902 0.040587155854360707
v 0.0115630690057169 0.029811741082793042 0.040499999893860467
v 0.014084937404159859 0.028720456158875543 0.040587155854360707
v 0.014086595437882763 0.028723882359237823 0.040499999893860467
v 0.016503755604841873 0.027416953773075094 0.040587155854360707
v 0.016505704353970412 0.027420222306484315 0.040499999893860467
v 0.018799762124368163 0.025907598643092059 0.040587155854360707
v 0.018801988620669768 0.025910683067409842 0.040499999893860467
v 0.020955481571753653 0.024203876437486019 0.040587155854360707
v 0.020957968042258801 0.024206755094366924 0.040499999893860467
v 0.022954508337848227 0.022318753430415582 0.040587155854360707
v 0.022957238635852473 0.022321405569648994 0.040499999893860467
v 0.024781629924402776 0.020266577900144331 0.040587155854360707
v 0.024784579808905423 0.020268981984944218 0.040499999893860467
v 0.026422940895553908 0.018062967757407879 0.040587155854360707
v 0.026426086957201372 0.018065104582104977 0.040499999893860467
v 0.027865945399336938 0.015724691899420936 0.040587155854360707
v 0.027869269485150554 0.015726548126999758 0.040499999893860467
v 0.029099669195360972 0.013269549822125812 0.040587155854360707
v 0.029103138780039239 0.013271107289889887 0.040499999893860467
v 0.030114715243660675 0.010716222407746057 0.040587155854360707
v 0.030118309449820448 0.010717472657475122 0.040499999893860467
v 0.030903362498764457 0.0080841446721700416 0.040587155854360707
v 0.030907052695276924 0.0080850778492190141 0.040499999893860467
v 0.031459609173074179 0.0053933480613746086 0.040587155854360707
v 0.031463364307927476 0.0053939548259455223 0.040499999893860467
v 0.031779220057598034 0.0026643107636806027 0.040587155854360707
v 0.031783013994604647 0.0026645882544786702 0.040499999893860467
v 0.03185976150457679 -8.219662608650966e-05 0.040587155854360707
v 0.031863566481284147 -8.2252178490903045e-05 0.040499999893860467
v 0.03170062430812437 -0.0028252743337796914 0.040587155854360707
v 0.031704411009873083 -0.0028256600987535711 0.040499999893860467
v 0.031303018062397464 -0.0055440437598830968 0.040587155854360707
v 0.031306755548263072 -0.0055447578149283132 0.040499999893860467
v 0.030669967906048565 -0.008217813567989906 0.040587155854360707
v 0.030673627579501931 -0.0082188505480735863 0.040499999893860467
v 0.029806292427740265 -0.010826234959438347 0.040587155854360707
v 0.029809848944782405 -0.010827587683257972 0.040499999893860467
v 0.028718564020864906 -0.013349456081700933 0.040587155854360707
v 0.028721990221227189 -0.013351114115423838 0.040499999893860467
v 0.027415061635064457 -0.015768274282382946 0.040587155854360707
v 0.027418330168473681 -0.015770223031511481 0.040499999893860467
v 0.025905707318213959 -0.018064280347841823 0.040587155854360707
v 0.025908791742531745 -0.018066506844143428 0.040499999893860467
v 0.024201985112607918 -0.020219999795227317 0.040587155854360707
v 0.024204863769488823 -0.020222486265732462 0.040499999893860467
v 0.022316862105537485 -0.022219026561321891 0.040587155854360707
v 0.022319514244770893 -0.022221756859326133 0.040499999893860467
v 0.020264686575266231 -0.024046148147876437 0.040587155854360707
v 0.020267090660066121 -0.024049098032379083 0.040499999893860467
v 0.018061076432529778 -0.025687459119027568 0.040587155854360707
v 0.01806321325722688 -0.025690605180675032 0.040499999893860467
v 0.015722800491959073 -0.027130463668926817 0.040587155854360707
v 0.015724656719537947 -0.027133787754740402 0.040499999893860467
v 0.01326765849724771 -0.028364187418834633 0.040587155854360707
v 0.013269215965011788 -0.028367657003512896 0.040499999893860467
v 0.010714331082867956 -0.029379233467134336 0.040587155854360707
v 0.010715581332597021 -0.029382827673294112 0.040499999893860467
v 0.008082253347291941 -0.030167880722238118 0.040587155854360707
v 0.0080831865243409136 -0.030171570918750588 0.040499999893860467
v 0.0053914567364965089 -0.030724127396547847 0.040587155854360707
v 0.0053920635010674227 -0.03072788253140114 0.040499999893860467
v 0.0026624194388025035 -0.031043738281071692 0.040587155854360707
v 0.0026626969296005701 -0.031047532218078312 0.040499999893860467
v -8.4088764097146787e-05 -0.031124280182117863 0.040587155854360707
v -8.4144316501539576e-05 -0.03112808515882522 0.040499999893860467
v -0.0028271664717903311 -0.030965142985665443 0.040587155854360707
v -0.0028275522367642086 -0.030968929687414156 0.040499999893860467
v -0.0055459358978937334 -0.03056753673993854 0.040587155854360707
v -0.0055466499529389498 -0.030571274225804145 0.040499999893860467
v -0.0082197057060005435 -0.029934486583589638 0.040587155854360707
v -0.0082207426860842255 -0.029938146257043004 0.040499999893860467
v -0.010828127097448985 -0.029070811105281341 0.040587155854360707
v -0.010829479821268612 -0.029074367622323478 0.040499999893860467
v -0.013351348219711571 -0.027983082698405978 0.040587155854360707
v -0.013353006253434475 -0.027986508898768261 0.040499999893860467
v -0.015770166420393583 -0.02667958031260553 0.040587155854360707
v -0.015772115169522118 -0.026682848846014753 0.040499999893860467
v -0.018066172031785049 -0.025170226808887572 0.040587155854360707
v -0.018068398528086654 -0.025173311233205355 0.040499999893860467
v -0.020221891479170539 -0.023466504603281532 0.040587155854360707
v -0.020224377949675684 -0.023469383260162433 0.040499999893860467
v -0.022220918245265113 -0.021581381596211095 0.040587155854360707
v -0.022223648543269359 -0.021584033735444503 0.040499999893860467
v -0.024048039831819662 -0.019529206065939844 0.040587155854360707
v -0.024050989716322309 -0.019531610150739731 0.040499999893860467
v -0.025689350802970794 -0.017325595923203391 0.040587155854360707
v -0.025692496864618258 -0.01732773274790049 0.040499999893860467
v -0.027132355398986268 -0.014987319900048901 0.040587155854360707
v -0.027135679484799884 -0.014989176127627723 0.040499999893860467
v -0.028366079102777858 -0.012532177987921323 0.040587155854360707
v -0.028369548687456125 -0.0125337354556854 0.040499999893860467
v -0.029381125151077561 -0.0099788505735415693 0.040587155854360707
v -0.029384719357237334 -0.0099801008232706344 0.040499999893860467
v -0.030169772406181343 -0.0073467728379655517 0.040587155854360707
v -0.03017346260269381 -0.0073477060150145242 0.040499999893860467
v -0.030726019080491069 -0.0046559762271701187 0.040587155854360707
v -0.030729774215344362 -0.0046565829917410324 0.040499999893860467
v -0.03104562996501492 -0.0019269389294761135 0.040587155854360707
v -0.031049423902021533 -0.0019272164202741814 0.040499999893860467
v -0.031126172320128501 0.00081957008655607387 0.040587155854360707
v -0.031129977296835858 0.00081962563896046726 0.040499999893860467
v -0.03096703512367608 0.0035626477942492553 0.040587155854360707
v -0.030970821825424794 0.003563033559223135 0.040499999893860467
v -0.030569428877949174 0.0062814172203526615 0.040587155854360707
v -0.030573166363814783 0.0062821312753978779 0.040499999893860467
v -0.029936378721600272 0.008955187028459469 0.040587155854360707
v -0.029940038395053641 0.0089562240085431493 0.040499999893860467
v -0.029072703243291975 0.01156360841990791 0.040587155854360707
v -0.029076259760334115 0.011564961143727535 0.040499999893860467
v -0.027984974836416616 0.014086829542170496 0.040587155854360707
v -0.027988401036778895 0.014088487575893401 0.040499999893860467
v -0.026681472450616167 0.016505647742852507 0.040587155854360707
v -0.026684740984025391 0.016507596491981046 0.040499999893860467
v -0.025172118133765669 0.018801653808311388 0.040587155854360707
v -0.025175202558083452 0.018803880304612993 0.040499999893860467
v -0.023468395928159629 0.020957373255696878 0.040587155854360707
v -0.023471274585040534 0.020959859726202026 0.040499999893860467
v -0.021583272921089192 0.022956400021791456 0.040587155854360707
v -0.021585925060322603 0.022959130319795695 0.040499999893860467
v -0.019531097390817941 0.024783521608346001 0.040587155854360707
v -0.019533501475617828 0.024786471492848648 0.040499999893860467
v -0.017327487248081488 0.026424832579497133 0.040587155854360707
v -0.017329624072778591 0.026427978641144597 0.040499999893860467
v -0.014989211307510774 0.027867837129396385 0.040587155854360707
v -0.012529405164444323 0.029091173116169395 0.040673647781865246
v -0.0099770016137269574 0.030105852599702831 0.040673647781865246
v -0.0073458751911935063 0.030894213964081027 0.040673647781865246
v -0.0046560508377605173 0.03145025905424513 0.040673647781865246
v -0.0019280005482525159 0.03176975398637643 0.040673647781865246
v 0.00081751574823030616 0.031850268935259565 0.040673647781865246
v 0.0035596019100802056 0.03169118818994815 0.040673647781865246
v 0.0062773866559741737 0.031293725431205593 0.040673647781865246
v 0.0089501904133700589 0.030660903833298191 0.040673647781865246
v 0.011557669452405887 0.02979754054862804 0.040673647781865246
v 0.014079976989353971 0.028710206534326974 0.040673647781865246
v 0.016497921417554007 0.027407176241250882 0.040673647781865246
v 0.018793097609970135 0.025898364399081965 0.040673647781865246
v 0.020948037588812411 0.024195258682654021 0.040673647781865246
v 0.022946342365937317 0.022310817329802574 0.040673647781865246
v 0.024772804020798986 0.020259384241564527 0.040673647781865246
v 0.026413520750073329 0.018056570823615201 0.040673647781865246
v 0.027856005667197595 0.015719141379380935 0.040673647781865246
v 0.02908928143222617 0.013264885673770712 0.040673647781865246
v 0.03010396091575961 0.010712482123053344 0.040673647781865246
v 0.030892322280137802 0.0080813557005198957 0.040673647781865246
v 0.031448367370301905 0.0053915313470869067 0.040673647781865246
v 0.031767862302433197 0.0026634810575789048 0.040673647781865246
v 0.031848376797248924 -8.2034425771380969e-05 0.040673647781865246
v 0.031689296051937509 -0.0028241205876212805 0.040673647781865246
v 0.031291833293194952 -0.0055419053335152473 0.040673647781865246
v 0.030659011695287553 -0.0082147090909111334 0.040673647781865246
v 0.029795648410617402 -0.010822188129946963 0.040673647781865246
v 0.028708314396316336 -0.013344495666895047 0.040673647781865246
v 0.027405284103240245 -0.01576244009509508 0.040673647781865246
v 0.025896473074203865 -0.018057615833443799 0.040673647781865246
v 0.024193367357775924 -0.020212555812286072 0.040673647781865246
v 0.022308926004924474 -0.022210860589410977 0.040673647781865246
v 0.02025749291668643 -0.024037322244272647 0.040673647781865246
v 0.018054679498737104 -0.025678038973546993 0.040673647781865246
v 0.015717249971919072 -0.027120523936787475 0.040673647781865246
v 0.013262994348892611 -0.028353799655699834 0.040673647781865246
v 0.010710590798175244 -0.02936847913923327 0.040673647781865246
v 0.0080794643756417952 -0.030156840503611462 0.040673647781865246
v 0.0053896400222088062 -0.030712885593775566 0.040673647781865246
v 0.0026615897327008043 -0.031032380525906861 0.040673647781865246
v -8.3926563782017554e-05 -0.031112895474789997 0.040673647781865246
v -0.0028260127256319171 -0.030953814729478588 0.040673647781865246
v -0.0055437974715258839 -0.030556351970736029 0.040673647781865246
v -0.0082166012289217726 -0.029923530372828626 0.040673647781865246
v -0.0108240802679576 -0.029060167088158478 0.040673647781865246
v -0.013346387804905683 -0.027972833073857409 0.040673647781865246
v -0.015764332233105714 -0.026669802780781317 0.040673647781865246
v -0.018059507517387021 -0.025160992564877475 0.040673647781865246
v -0.020214447496229297 -0.023457886848449534 0.040673647781865246
v -0.022212752273354203 -0.021573445495598087 0.040673647781865246
v -0.024039213928215872 -0.01952201240736004 0.040673647781865246
v -0.025679930657490215 -0.017319198989410714 0.040673647781865246
v -0.027122415666846925 -0.0149817693800089 0.040673647781865246
v -0.028355691339643056 -0.012527513839566223 0.040673647781865246
v -0.029370370823176496 -0.0099751102888488551 0.040673647781865246
v -0.030158732187554688 -0.0073439838663154067 0.040673647781865246
v -0.030714777277718791 -0.0046541595128824168 0.040673647781865246
v -0.031034272209850083 -0.001926109223374416 0.040673647781865246
v -0.031114787612800635 0.00081940788624094529 0.040673647781865246
v -0.030955706867489219 0.0035614940480908448 0.040673647781865246
v -0.030558244108746663 0.006279278793984812 0.040673647781865246
v -0.029925422510839263 0.0089520825513806964 0.040673647781865246
v -0.029062059226169112 0.011559561590416526 0.040673647781865246
v -0.027974725211868043 0.014081869127364611 0.040673647781865246
v -0.026671694918791952 0.016499813555564641 0.040673647781865246
v -0.025162883889755575 0.01879498929391336 0.040673647781865246
v -0.023459778173327631 0.020949929272755633 0.040673647781865246
v -0.021575336820476184 0.022948234049880539 0.040673647781865246
v -0.01952390373223814 0.024774695704742212 0.040673647781865246
v -0.017321090314288811 0.026415412434016555 0.040673647781865246
v -0.014983660787470774 0.027857897397257043 0.040673647781865246
v -0.012521669807922908 0.029073945501793954 0.040758819093958981
v -0.0099707983368845076 0.030088019051134857 0.040758819093958981
v -0.0073412492414284347 0.030875907084756193 0.040758819093958981
v -0.004653038206449335 0.03143161874970684 0.040758819093958981
v -0.0019266244332128341 0.031750923039547976 0.040758819093958981
v 0.00081724472617808854 0.031831388618745488 0.040758819093958981
v 0.0035576863302408568 0.031672402880766594 0.040758819093958981
v 0.0062738424877822043 0.031275178450123335 0.040758819093958981
v 0.0089450428557247569 0.03064273725482608 0.040758819093958981
v 0.011550957284340854 0.029779891230360598 0.040758819093958981
v 0.014071753288167371 0.02869320865134228 0.040758819093958981
v 0.016488247771878527 0.027390960187971186 0.040758819093958981
v 0.018782047562307707 0.025883054444878359 0.040758819093958981
v 0.020935694291138864 0.02418096952931172 0.040758819093958981
v 0.022932800470030327 0.022297658367188167 0.040758819093958981
v 0.02475816756087643 0.020247455698524999 0.040758819093958981
v 0.026397897809930657 0.018045961856705987 0.040758819093958981
v 0.027839518591865686 0.015709934708542334 0.040758819093958981
v 0.029072053817850729 0.013257150317249295 0.040758819093958981
v 0.030086127367191632 0.010706278846210896 0.040758819093958981
v 0.030874015400812967 0.0080767297507548241 0.040758819093958981
v 0.031429727065763607 0.0053885187157757253 0.040758819093958981
v 0.031749031355604751 0.0026621049425392222 0.040758819093958981
v 0.031829496480734847 -8.1763403719162047e-05 0.040758819093958981
v 0.031670510742755953 -0.00282220500778193 0.040758819093958981
v 0.031273286312112694 -0.0055383611653232797 0.040758819093958981
v 0.030640845116815443 -0.0082095615332658314 0.040758819093958981
v 0.02977799909234996 -0.010815475961881928 0.040758819093958981
v 0.028691316513331646 -0.013336271965708447 0.040758819093958981
v 0.027389068049960552 -0.0157527664494196 0.040758819093958981
v 0.025881163120000262 -0.018046565785781368 0.040758819093958981
v 0.024179078204433622 -0.020200212514612528 0.040758819093958981
v 0.02229576704231007 -0.022197318693503987 0.040758819093958981
v 0.020245564373646902 -0.024022685784350094 0.040758819093958981
v 0.01804407053182789 -0.025662416033404318 0.040758819093958981
v 0.015708043301080474 -0.027104036861455561 0.040758819093958981
v 0.013255258992371196 -0.028336572041324389 0.040758819093958981
v 0.010704387521332796 -0.029350645590665293 0.040758819093958981
v 0.0080748384258767236 -0.030138533624286628 0.040758819093958981
v 0.0053866273908976239 -0.030694245289237271 0.040758819093958981
v 0.0026602136176611226 -0.031013549579078408 0.040758819093958981
v -8.3655541729799824e-05 -0.031094015158275919 0.040758819093958981
v -0.0028240971457925684 -0.030935029420297026 0.040758819093958981
v -0.0055402533033339155 -0.03053780498965377 0.040758819093958981
v -0.0082114536712764689 -0.029905363794356519 0.040758819093958981
v -0.010817368099892567 -0.029042517769891037 0.040758819093958981
v -0.013338164103719085 -0.027955835190872715 0.040758819093958981
v -0.015754658587430238 -0.026653586727501625 0.040758819093958981
v -0.018048457469724593 -0.025145682610673872 0.040758819093958981
v -0.02020210419855575 -0.023443597695107232 0.040758819093958981
v -0.022199210377447213 -0.021560286532983679 0.040758819093958981
v -0.024024577468293316 -0.019510083864320512 0.040758819093958981
v -0.025664307717347543 -0.017308590022501499 0.040758819093958981
v -0.027105928591515015 -0.014972562709170301 0.040758819093958981
v -0.028338463725267615 -0.012519778483044808 0.040758819093958981
v -0.029352537274608518 -0.0099689070120064071 0.040758819093958981
v -0.030140425308229853 -0.0073393579165503351 0.040758819093958981
v -0.030696136973180497 -0.0046511468815712354 0.040758819093958981
v -0.031015441263021637 -0.001924733108334733 0.040758819093958981
v -0.03109590729628655 0.00081913686418872626 0.040758819093958981
v -0.030936921558307663 0.0035595784682514939 0.040758819093958981
v -0.030539697127664404 0.0062757346257928445 0.040758819093958981
v -0.029907255932367153 0.0089469349937353945 0.040758819093958981
v -0.029044409907901671 0.011552849422351491 0.040758819093958981
v -0.027957727328883356 0.01407364542617801 0.040758819093958981
v -0.026655478865512262 0.016490139909889165 0.040758819093958981
v -0.025147573935551969 0.018783939246250932 0.040758819093958981
v -0.023445489019985333 0.02093758597508209 0.040758819093958981
v -0.021562177857861776 0.022934692153973552 0.040758819093958981
v -0.019511975189198612 0.024760059244819659 0.040758819093958981
v -0.0173104813473796 0.026399789493873883 0.040758819093958981
v -0.014974454116632174 0.027841410321925129 0.040758819093958981
v -0.012510924916731782 0.029050014267293943 0.04084201972748483
v -0.0099621795381266472 0.030063241910832091 0.04084201972748483
v -0.007334823619626043 0.030850474849507946 0.04084201972748483
v -0.0046488536690648214 0.031405722272258421 0.04084201972748483
v -0.0019247116219207453 0.031724758547395357 0.04084201972748483
v 0.00081686908795862282 0.031805157978198162 0.04084201972748483
v 0.0035550256042853313 0.03164630637375701 0.04084201972748483
v 0.0062689177766654027 0.031249411331672174 0.04084201972748483
v 0.0089378909965465263 0.030617497166237389 0.04084201972748483
v 0.011541632855000334 0.02975537078602666 0.04084201972748483
v 0.014060328607362999 0.028669595438743613 0.04084201972748483
v 0.01647480730218254 0.027368431508872179 0.04084201972748483
v 0.018766693507091634 0.025861782574131638 0.04084201972748483
v 0.020918546784578104 0.02416111755419317 0.04084201972748483
v 0.022913988537643929 0.022279377272987903 0.04084201972748483
v 0.02473783210799442 0.02023088283728456 0.04084201972748483
v 0.026376196046421843 0.018031224484755359 0.04084201972748483
v 0.027816614274547211 0.015697144537690999 0.04084201972748483
v 0.029048122583350718 0.013246405426058169 0.04084201972748483
v 0.030061350226888869 0.010697660047453036 0.04084201972748483
v 0.030848583165564724 0.0080703041289524324 0.04084201972748483
v 0.031403830588315189 0.00538433417839121 0.04084201972748483
v 0.031722866863452132 0.0026601921312471351 0.04084201972748483
v 0.031803265840187521 -8.138776549969606e-05 0.04084201972748483
v 0.03164441423574637 -0.0028195442818264044 0.04084201972748483
v 0.031247519193661536 -0.0055334364542064755 0.04084201972748483
v 0.030615605028226755 -0.0082024096740876008 0.04084201972748483
v 0.029753478648016026 -0.01080615153254141 0.04084201972748483
v 0.028667703300732979 -0.013324847284904072 0.04084201972748483
v 0.027366539370861542 -0.015739325979723613 0.04084201972748483
v 0.025859891249253541 -0.018031211730565298 0.04084201972748483
v 0.024159226229315073 -0.020183065008051768 0.04084201972748483
v 0.022277485948109802 -0.02217850676111759 0.04084201972748483
v 0.020228991512406463 -0.024002350331468081 0.04084201972748483
v 0.018029333159877259 -0.025640714269895504 0.04084201972748483
v 0.015695253130229139 -0.02708113254413709 0.04084201972748483
v 0.01324451410118007 -0.028312640806824378 0.04084201972748483
v 0.010695768722574935 -0.02932586845036253 0.04084201972748483
v 0.0080684128040743319 -0.030113101389038385 0.04084201972748483
v 0.0053824428535131103 -0.030668348811788853 0.04084201972748483
v 0.0026583008063690338 -0.030987385086925796 0.04084201972748483
v -8.3279903510334163e-05 -0.031067784517728594 0.04084201972748483
v -0.0028214364198370428 -0.030908932913287442 0.04084201972748483
v -0.005535328592217113 -0.030512037871202609 0.04084201972748483
v -0.0082043018120982383 -0.029880123705767828 0.04084201972748483
v -0.010808043670552048 -0.029017997325557099 0.04084201972748483
v -0.013326739422914711 -0.027932221978274052 0.04084201972748483
v -0.015741218117734247 -0.026631058048402618 0.04084201972748483
v -0.01803310341450852 -0.025124410739927151 0.04084201972748483
v -0.02018495669199499 -0.023423745719988683 0.04084201972748483
v -0.022180398445060815 -0.021542005438783412 0.04084201972748483
v -0.024004242015411306 -0.019493511003080072 0.04084201972748483
v -0.025642605953838729 -0.017293852650550869 0.04084201972748483
v -0.027083024274196541 -0.014959772538318964 0.04084201972748483
v -0.028314532490767604 -0.012509033591853682 0.04084201972748483
v -0.029327760134305755 -0.0099602882132485467 0.04084201972748483
v -0.03011499307298161 -0.0073329322947479425 0.04084201972748483
v -0.030670240495732078 -0.0046469623441867201 0.04084201972748483
v -0.030989276770869018 -0.0019228202970426459 0.04084201972748483
v -0.031069676655739231 0.00081876122596926033 0.04084201972748483
v -0.03091082505129808 0.0035569177422959683 0.04084201972748483
v -0.030513930009213243 0.0062708099146760402 0.04084201972748483
v -0.029882015843778465 0.0089397831345571655 0.04084201972748483
v -0.029019889463567733 0.011543524993010973 0.04084201972748483
v -0.027934114116284686 0.014062220745373636 0.04084201972748483
v -0.026632950186413252 0.016476699440193174 0.04084201972748483
v -0.025126302064805248 0.018768585191034859 0.04084201972748483
v -0.02342563704486678 0.020920438468521329 0.04084201972748483
v -0.021543896763661512 0.022915880221587151 0.04084201972748483
v -0.019495402327958173 0.024739723791937646 0.04084201972748483
v -0.017295743975428969 0.026378087730365068 0.04084201972748483
v -0.014961663945780839 0.027818506004606659 0.04084201972748483
v -0.012497251506927137 0.029019560310531295 0.040922618245737202
v -0.0099512118004070251 0.030031710136353029 0.040922618245737202
v -0.0073266453251139164 0.030818106484816522 0.040922618245737202
v -0.0046435277722792377 0.031372763769063367 0.040922618245737202
v -0.001922278024662842 0.031691462830295482 0.040922618245737202
v 0.00081639219534740577 0.031771777295550037 0.040922618245737202
v 0.0035516408347884124 0.031613093923940086 0.040922618245737202
v 0.0062626502678584384 0.031216620090891083 0.040922618245737202
v 0.0089287901318647576 0.030585378716324298 0.040922618245737202
v 0.01152976685681769 0.029724165894971923 0.040922618245737202
v 0.014045787409513092 0.028639544198295359 0.040922618245737202
v 0.016457702211837573 0.027339762478806484 0.040922618245737202
v 0.018747155124429905 0.025834712687250221 0.040922618245737202
v 0.020896722922451514 0.024135852021321121 0.040922618245737202
v 0.022890045847843068 0.022256110491108493 0.040922618245737202
v 0.024711953472790392 0.020209791599472102 0.040922618245737202
v 0.026348579329880883 0.018012470216289662 0.040922618245737202
v 0.027787468351870299 0.015680868945387845 0.040922618245737202
v 0.02901766862658807 0.013232732016253523 0.040922618245737202
v 0.030029818452409804 0.010686692309733412 0.040922618245737202
v 0.030816214800873296 0.0080621258344403049 0.040922618245737202
v 0.031370872085120134 0.0053790082816056271 0.040922618245737202
v 0.031689571146352249 0.0026577585339892292 0.040922618245737202
v 0.031769885157539396 -8.0910872888478413e-05 0.040922618245737202
v 0.031611201785929445 -0.0028161595123294887 0.040922618245737202
v 0.031214727952880446 -0.0055271689453995111 0.040922618245737202
v 0.030583486578313664 -0.0081933088094058339 0.040922618245737202
v 0.029722273756961286 -0.010794285534358765 0.040922618245737202
v 0.028637652060284721 -0.013310306087054167 0.040922618245737202
v 0.02733787034079585 -0.015722220889378646 0.040922618245737202
v 0.025832821362372121 -0.018011673347903566 0.040922618245737202
v 0.024133960696443024 -0.020161241145925175 0.040922618245737202
v 0.022254219166230396 -0.022154564071316725 0.040922618245737202
v 0.020207900274594005 -0.023976471696264053 0.040922618245737202
v 0.018010578891411565 -0.025613097553354548 0.040922618245737202
v 0.015678977537925982 -0.027051986621460175 0.040922618245737202
v 0.013230840691375425 -0.02828218685006173 0.040922618245737202
v 0.010684800984855311 -0.029294336675883464 0.040922618245737202
v 0.0080602345095622044 -0.030080733024346957 0.040922618245737202
v 0.0053771169567275266 -0.030635390308593798 0.040922618245737202
v 0.0026558672091111304 -0.030954089369825914 0.040922618245737202
v -8.2803010899117112e-05 -0.031034403835080476 0.040922618245737202
v -0.002818051650340124 -0.030875720463470518 0.040922618245737202
v -0.0055290610834101495 -0.030479246630421522 0.040922618245737202
v -0.0081952009474164696 -0.029848005255854737 0.040922618245737202
v -0.010796177672369402 -0.028986792434502359 0.040922618245737202
v -0.013312198225064806 -0.027902170737825797 0.040922618245737202
v -0.01572411302738928 -0.026602389018336923 0.040922618245737202
v -0.018013565031846788 -0.025097340853045734 0.040922618245737202
v -0.0201631328298684 -0.023398480187116634 0.040922618245737202
v -0.022156455755259954 -0.021518738656904006 0.040922618245737202
v -0.023978363380207278 -0.019472419765267614 0.040922618245737202
v -0.025614989237297769 -0.017275098382085175 0.040922618245737202
v -0.027053878351519629 -0.01494349694601581 0.040922618245737202
v -0.028284078534004956 -0.012495360182049036 0.040922618245737202
v -0.02929622835982669 -0.0099493204755289246 0.040922618245737202
v -0.030082624708290182 -0.0073247540002358159 0.040922618245737202
v -0.030637281992537024 -0.0046416364474011372 0.040922618245737202
v -0.030955981053769135 -0.00192038669978474 0.040922618245737202
v -0.031036295973091106 0.00081828433335804263 0.040922618245737202
v -0.030877612601481155 0.0035535329727990526 0.040922618245737202
v -0.030481138768432156 0.0062645424058690759 0.040922618245737202
v -0.029849897393865371 0.0089306822698753969 0.040922618245737202
v -0.028988684572512996 0.011531658994828328 0.040922618245737202
v -0.027904062875836431 0.01404767954752373 0.040922618245737202
v -0.026604281156347557 0.01645959434984821 0.040922618245737202
v -0.025099232177923831 0.018749046808373131 0.040922618245737202
v -0.023400371511994731 0.020898614606394739 0.040922618245737202
v -0.021520629981782106 0.02289193753178629 0.040922618245737202
v -0.019474311090145711 0.024713845156733614 0.040922618245737202
v -0.017276989706963272 0.026350471013824109 0.040922618245737202
v -0.014945388353477683 0.027789360081929743 0.040922618245737202
v -0.012480750140407879 0.028982809082596955 0.040999999975816853
v -0.0099379773768638862 0.029993663669487202 0.040999999975816853
v -0.0073167774074133878 0.030779050522723138 0.040999999975816853
v -0.0046371013260285438 0.031332997790985556 0.040999999975816853
v -0.0019193426449131013 0.031651287682537513 0.040999999975816853
v 0.00081581422193024457 0.03173149840697833 0.040999999975816853
v 0.0035475555330606815 0.031573017599385633 0.040999999975816853
v 0.0062550877185314829 0.031177055401477409 0.040999999975816853
v 0.0089178077659231286 0.030546620138677264 0.040999999975816853
v 0.011515450131761359 0.029686515022679442 0.040999999975816853
v 0.014028241909924678 0.028603281863508516 0.040999999975816853
v 0.016437064463224158 0.027305167591178209 0.040999999975816853
v 0.01872358068124183 0.025802049181926662 0.040999999975816853
v 0.020870390982814759 0.024105368235813673 0.040999999975816853
v 0.02286115645509651 0.022228036535891615 0.040999999975816853
v 0.024680727552514947 0.020184343112082018 0.040999999975816853
v 0.026315253169461754 0.017989839145138166 0.040999999975816853
v 0.027752295490824863 0.015661227805429546 0.040999999975816853
v 0.028980919024918807 0.01321623155786909 0.040999999975816853
v 0.029991771985543977 0.010673457886190275 0.040999999975816853
v 0.030777158838779912 0.0080522579167397763 0.040999999975816853
v 0.031331106107042324 0.0053725818353549341 0.040999999975816853
v 0.03164939599859428 0.0026548231542394898 0.040999999975816853
v 0.031729606268967689 -8.0332899471318136e-05 0.040999999975816853
v 0.031571125461374992 -0.0028120742106017551 0.040999999975816853
v 0.031175163263466771 -0.0055196063960725556 0.040999999975816853
v 0.030544728000666627 -0.008182326443464203 0.040999999975816853
v 0.029684622884668804 -0.010779968809302432 0.040999999975816853
v 0.028601389725497882 -0.013292760587465754 0.040999999975816853
v 0.027303275453167575 -0.015701583140765234 0.040999999975816853
v 0.025800157857048561 -0.017988098904715491 0.040999999975816853
v 0.024103476910935576 -0.02013490920628842 0.040999999975816853
v 0.022226145211013515 -0.02212567467857017 0.040999999975816853
v 0.020182451787203921 -0.023945245775988611 0.040999999975816853
v 0.017987947820260069 -0.025579771392935415 0.040999999975816853
v 0.015659336397967683 -0.027016813760414739 0.040999999975816853
v 0.013214340232990989 -0.028245437248392468 0.040999999975816853
v 0.010671566561312174 -0.029256290209017641 0.040999999975816853
v 0.0080503665918616758 -0.030041677062253573 0.040999999975816853
v 0.0053706905104768327 -0.030595624330515988 0.040999999975816853
v 0.0026529318293613898 -0.030913914222067945 0.040999999975816853
v -8.2225037481955968e-05 -0.030994124946508762 0.040999999975816853
v -0.0028139663486123931 -0.030835644138916068 0.040999999975816853
v -0.005521498534083194 -0.030439681941007844 0.040999999975816853
v -0.0081842185814748423 -0.029809246678207699 0.040999999975816853
v -0.010781860947313071 -0.028949141562209877 0.040999999975816853
v -0.01329465272547639 -0.027865908403038955 0.040999999975816853
v -0.015703475278775868 -0.026567794130708648 0.040999999975816853
v -0.017989990588658716 -0.025064677347722174 0.040999999975816853
v -0.020136800890231645 -0.023367996401609185 0.040999999975816853
v -0.022127566362513396 -0.021490664701687128 0.040999999975816853
v -0.023947137459931832 -0.01944697127787753 0.040999999975816853
v -0.025581663076878636 -0.017252467310933679 0.040999999975816853
v -0.027018705490474193 -0.01492385580605751 0.040999999975816853
v -0.02824732893233569 -0.012478859723664602 0.040999999975816853
v -0.029258181892960863 -0.0099360860519857857 0.040999999975816853
v -0.030043568746196798 -0.0073148860825352872 0.040999999975816853
v -0.030597516014459213 -0.0046352100011504442 0.040999999975816853
v -0.030915805906011166 -0.001917451320035001 0.040999999975816853
v -0.030996017084519392 0.0008177063599408824 0.040999999975816853
v -0.030837536276926706 0.003549447671071319 0.040999999975816853
v -0.030441574079018482 0.0062569798565421204 0.040999999975816853
v -0.029811138816218337 0.0089196999039337661 0.040999999975816853
v -0.028951033700220515 0.011517342269771995 0.040999999975816853
v -0.027867800541049589 0.014030134047935317 0.040999999975816853
v -0.026569686268719282 0.016438956601234796 0.040999999975816853
v -0.025066568672600271 0.018725472365185056 0.040999999975816853
v -0.023369887726487282 0.020872282666757981 0.040999999975816853
v -0.021492556026565225 0.022863048139039732 0.040999999975816853
v -0.019448862602755631 0.024682619236458172 0.040999999975816853
v -0.017254357727676955 0.026317143227139902 0.040999999975816853
v -0.014925747213519384 0.02775418722088431 0.040999999975816853
v -0.012461551822533515 0.028940050102991791 0.041073576321856625
v -0.0099225778499165036 0.029949391392951843 0.041073576321856625
v -0.0073052952386979501 0.03073360621543722 0.041073576321856625
v -0.004629623925363857 0.031286725184329255 0.041073576321856625
v -0.0019159261430723978 0.031604539441122688 0.041073576321856625
v 0.00081514444509362132 0.031684629433583675 0.041073576321856625
v 0.0035428023142133809 0.031526385753086916 0.041073576321856625
v 0.0062462899040644114 0.031131015182591731 0.041073576321856625
v 0.0089050293562216078 0.030501523026884195 0.041073576321856625
v 0.011498788074409388 0.029642703161965274 0.041073576321856625
v 0.014007826099704938 0.028561088062166267 0.041073576321856625
v 0.016413047794522989 0.027264914033663653 0.041073576321856625
v 0.018696148467518568 0.025764042021937428 0.041073576321856625
v 0.020839751009006719 0.02406989630814528 0.041073576321856625
v 0.022827541512018878 0.022195370638307219 0.041073576321856625
v 0.024644392374335217 0.020154730028377789 0.041073576321856625
v 0.026276476096993913 0.017963506307376816 0.041073576321856625
v 0.027711372156473683 0.015638375500736063 0.041073576321856625
v 0.028938158419048565 0.013197032331859903 0.041073576321856625
v 0.029947499709008618 0.010658058359242892 0.041073576321856625
v 0.030731714531493995 0.0080407757480243404 0.041073576321856625
v 0.031284833500386029 0.0053651044346902464 0.041073576321856625
v 0.031602647757179463 0.0026514066523987863 0.041073576321856625
v 0.031682737295573034 -7.9663122634695421e-05 0.041073576321856625
v 0.031524493615076275 -0.0028073209917544549 0.041073576321856625
v 0.031129123044581094 -0.005510808581605485 0.041073576321856625
v 0.030499630888873561 -0.0081695480337626823 0.041073576321856625
v 0.029640811023954636 -0.010763306751950462 0.041073576321856625
v 0.02855919592415563 -0.013272344777246014 0.041073576321856625
v 0.027263021895653015 -0.015677566472064065 0.041073576321856625
v 0.025762150697059331 -0.017960666690992229 0.041073576321856625
v 0.024068004983267183 -0.02010426923248038 0.041073576321856625
v 0.022193479313429122 -0.022092059735492539 0.041073576321856625
v 0.020152838703499692 -0.023908910597808877 0.041073576321856625
v 0.017961614982498715 -0.025540994320467574 0.041073576321856625
v 0.0156364840932742 -0.026975890426063562 0.041073576321856625
v 0.013195141006981803 -0.028202676642522229 0.041073576321856625
v 0.010656167034364792 -0.029212017932482279 0.041073576321856625
v 0.0080388844231462399 -0.029996232754967659 0.041073576321856625
v 0.0053632131098121467 -0.03054935172385969 0.041073576321856625
v 0.0026495153275206862 -0.030867165980653123 0.041073576321856625
v -8.1555260645332656e-05 -0.030947255973114107 0.041073576321856625
v -0.0028092131297650924 -0.030789012292617352 0.041073576321856625
v -0.0055127007196161225 -0.03039364172212217 0.041073576321856625
v -0.0081714401717733198 -0.029764149566414634 0.041073576321856625
v -0.0107651988899611 -0.028905329701495709 0.041073576321856625
v -0.013274236915256652 -0.027823714601696702 0.041073576321856625
v -0.015679458610074699 -0.026527540573194088 0.041073576321856625
v -0.017962558374935454 -0.025026670187732941 0.041073576321856625
v -0.020106160916423602 -0.023332524473940793 0.041073576321856625
v -0.022093951419435764 -0.021457998804102731 0.041073576321856625
v -0.023910802281752103 -0.019417358194173302 0.041073576321856625
v -0.025542886004410799 -0.017226134473172328 0.041073576321856625
v -0.026977782156123013 -0.014901003501364028 0.041073576321856625
v -0.028204568326465451 -0.012459660497655414 0.041073576321856625
v -0.029213909616425504 -0.0099206865250384031 0.041073576321856625
v -0.029998124438910881 -0.0073034039138198514 0.041073576321856625
v -0.030551243407802912 -0.0046277326004857565 0.041073576321856625
v -0.030869057664596349 -0.0019140348181942975 0.041073576321856625
v -0.030949148111124744 0.00081703658310425969 0.041073576321856625
v -0.030790904430627986 0.0035446944522240192 0.041073576321856625
v -0.030395533860132804 0.0062481820420750497 0.041073576321856625
v -0.029766041704425268 0.0089069214942322453 0.041073576321856625
v -0.028907221839506347 0.011500680212420025 0.041073576321856625
v -0.02782560673970734 0.014009718237715577 0.041073576321856625
v -0.026529432711204726 0.016414939932533627 0.041073576321856625
v -0.025028561512611038 0.018698040151461794 0.041073576321856625
v -0.023334415798818894 0.020841642692949941 0.041073576321856625
v -0.021459890128980828 0.0228294331959621 0.041073576321856625
v -0.019419249519051399 0.024646284058278439 0.041073576321856625
v -0.017228025798050425 0.026278367780937138 0.041073576321856625
v -0.014902894908825902 0.02771326388653313 0.041073576321856625
v -0.012439799337859127 0.028891602581026288 0.041142787558989175
v -0.0099051299706001943 0.029899231320396437 0.041142787558989175
v -0.0072922862287864111 0.030682117294338944 0.041142787558989175
v -0.004621150792923588 0.031234296987441248 0.041142787558989175
v -0.0019120555252591493 0.031551572100694883 0.041142787558989175
v 0.00081438407523910968 0.031631527326307023 0.041142787558989175
v 0.0035374158639724439 0.031473552695356469 0.041142787558989175
v 0.0062363182904426476 0.031078851632043873 0.041142787558989175
v 0.0088905511322139464 0.030450426990531493 0.041142787558989175
v 0.01147991311394436 0.029593062402992185 0.041142787558989175
v 0.013984696315774937 0.028513282634329059 0.041142787558989175
v 0.016385838427328228 0.027219306333695369 0.041142787558989175
v 0.018665067176332255 0.025720978415812966 0.041142787558989175
v 0.020805034165577507 0.024029706127944278 0.041142787558989175
v 0.02278945575277766 0.022158359582151479 0.041142787558989175
v 0.024603224652800113 0.020121178872287301 0.041142787558989175
v 0.026232542005100203 0.01793367128527891 0.041142787558989175
v 0.027665004086650888 0.015612482760654176 0.041142787558989175
v 0.028889710897083067 0.013175279847185514 0.041142787558989175
v 0.029897339636453212 0.010640610479926583 0.041142787558989175
v 0.030680225610395719 0.0080277667381128005 0.041142787558989175
v 0.031232405303498027 0.0053566313022499765 0.041142787558989175
v 0.031549680416751658 0.0026475360345855374 0.041142787558989175
v 0.031629635642363797 -7.8903565912719911e-05 0.041142787558989175
v 0.031471660557345828 -0.0028019345415135183 0.041142787558989175
v 0.031076959494033239 -0.0055008369679837212 0.041142787558989175
v 0.030448534852520859 -0.0081550698097550191 0.041142787558989175
v 0.029591170264981551 -0.010744431791485435 0.041142787558989175
v 0.028511390496318421 -0.013249214993316012 0.041142787558989175
v 0.027217414195684735 -0.015650357104869301 0.041142787558989175
v 0.025719087090934865 -0.017929585399805915 0.041142787558989175
v 0.024027814803066181 -0.020069552389051167 0.041142787558989175
v 0.022156468257273378 -0.022053973976251324 0.041142787558989175
v 0.020119287547409204 -0.023867742876273773 0.041142787558989175
v 0.017931779960400813 -0.025497060228573867 0.041142787558989175
v 0.015610591353192314 -0.026929522356240763 0.041142787558989175
v 0.013173388522307414 -0.028154229120556727 0.041142787558989175
v 0.010638719155048482 -0.029161857859926872 0.041142787558989175
v 0.0080258754132347 -0.029944743833869379 0.041142787558989175
v 0.0053547399773718769 -0.030496923526971687 0.041142787558989175
v 0.0026456447097074377 -0.030814198640225318 0.041142787558989175
v -8.0794890790821016e-05 -0.030894153865837461 0.041142787558989175
v -0.0028038266795241554 -0.0307361792348869 0.041142787558989175
v -0.0055027291059943587 -0.030341478171574312 0.041142787558989175
v -0.0081569619477656584 -0.029713053530061928 0.041142787558989175
v -0.010746323929496074 -0.028855688942522623 0.041142787558989175
v -0.013251107131326649 -0.027775909173859498 0.041142787558989175
v -0.015652248788812523 -0.026481933686358344 0.041142787558989175
v -0.017931477083749141 -0.024983606581608475 0.041142787558989175
v -0.020071444072994393 -0.023292334293739791 0.041142787558989175
v -0.022055865660194546 -0.021420987747946992 0.041142787558989175
v -0.023869634560216998 -0.019383807038082814 0.041142787558989175
v -0.025498951912517089 -0.017196299451074423 0.041142787558989175
v -0.026931414086300218 -0.014875110761282142 0.041142787558989175
v -0.028156120804499953 -0.012437908012981027 0.041142787558989175
v -0.029163749543870097 -0.0099032386457220938 0.041142787558989175
v -0.029946635517812605 -0.0072903949039083106 0.041142787558989175
v -0.030498815210914913 -0.0046192594680454866 0.041142787558989175
v -0.030816090324168544 -0.0019101642003810486 0.041142787558989175
v -0.030896046003848092 0.00081627621324974653 0.041142787558989175
v -0.030738071372897538 0.0035393080019830822 0.041142787558989175
v -0.030343370309584949 0.006238210428453286 0.041142787558989175
v -0.029714945668072566 0.0088924432702245822 0.041142787558989175
v -0.028857581080533257 0.011481805251954998 0.041142787558989175
v -0.027777801311870132 0.013986588453785575 0.041142787558989175
v -0.026483825011236441 0.016387730565338862 0.041142787558989175
v -0.024985497906486576 0.01866695886027548 0.041142787558989175
v -0.023294225618617888 0.020806925849520728 0.041142787558989175
v -0.021422879072825089 0.022791347436720885 0.041142787558989175
v -0.019385698362960915 0.024605116336743334 0.041142787558989175
v -0.01719819077595252 0.026234433689043428 0.041142787558989175
v -0.014877002168744016 0.027666895816710332 0.041142787558989175
v -0.012415657944470119 0.028837835044518329 0.041207106558637269
v -0.0098857670948268254 0.029843565527602943 0.041207106558637269
v -0.0072778482938800921 0.030624974958446526 0.041207106558637269
v -0.0046117494739983103 0.031176114958836543 0.041207106558637269
v -0.0019077593595163817 0.031492792118277539 0.041207106558637269
v 0.00081354055404794334 0.031572595183413169 0.041207106558637269
v 0.0035314396337433676 0.031414918165700426 0.041207106558637269
v 0.0062252539650610181 0.031020962038716144 0.041207106558637269
v 0.0088744836859589258 0.030393722327203512 0.041207106558637269
v 0.011458964628958766 0.029537973517646691 0.041207106558637269
v 0.013959025263934983 0.028460228694860191 0.041207106558637269
v 0.016355641940580593 0.027168690762245967 0.041207106558637269
v 0.018630574351629205 0.025673189416900274 0.041207106558637269
v 0.020766508715223092 0.023985104301467289 0.041207106558637269
v 0.022747187757156052 0.022117285051579207 0.041207106558637269
v 0.024557538353579846 0.020083944969603064 0.041207106558637269
v 0.026183783286210145 0.017900560226867888 0.041207106558637269
v 0.027613545807142859 0.015583747558575365 0.041207106558637269
v 0.028835943360575104 0.013151138453796507 0.041207106558637269
v 0.029841673843659721 0.010621247604153214 0.041207106558637269
v 0.030623083274503301 0.0080133288032064806 0.041207106558637269
v 0.031174223274893317 0.0053472299833246997 0.041207106558637269
v 0.031490900434334307 0.0026432398688427694 0.041207106558637269
v 0.031570703499469936 -7.8060044721554444e-05 0.041207106558637269
v 0.031413026027689785 -0.0027959583112844408 0.041207106558637269
v 0.03101906990070551 -0.0054897726426020917 0.041207106558637269
v 0.030391830189192878 -0.0081390023634999985 0.041207106558637269
v 0.029536081379636057 -0.01072348330649984 0.041207106558637269
v 0.028458336556849553 -0.013223543941476058 0.041207106558637269
v 0.02716679943736787 -0.015620160164054254 0.041207106558637269
v 0.025671298092022173 -0.017895092575102866 0.041207106558637269
v 0.023983212976589192 -0.020031026938696756 0.041207106558637269
v 0.02211539372670111 -0.022011705980629712 0.041207106558637269
v 0.020082053644724967 -0.023822056577053507 0.041207106558637269
v 0.017898668901989791 -0.025448301509683805 0.041207106558637269
v 0.015581856151113503 -0.026878064076732735 0.041207106558637269
v 0.013149247128918407 -0.028100461584048764 0.041207106558637269
v 0.010619356279275113 -0.029106192067133382 0.041207106558637269
v 0.0080114374783283818 -0.029887601497976965 0.041207106558637269
v 0.0053453386584465992 -0.030438741498366981 0.041207106558637269
v 0.0026413485439646697 -0.030755418657807974 0.041207106558637269
v -7.9951369599654681e-05 -0.030835221722943604 0.041207106558637269
v -0.0027978504492950792 -0.030677544705230861 0.041207106558637269
v -0.0054916647806127284 -0.030283588578246579 0.041207106558637269
v -0.0081408945015106378 -0.029656348866733951 0.041207106558637269
v -0.010725375444510478 -0.02880060005717713 0.041207106558637269
v -0.013225436079486695 -0.027722855234390626 0.041207106558637269
v -0.015622051847997481 -0.026431318928041479 0.041207106558637269
v -0.017896984259046091 -0.024935817582695783 0.041207106558637269
v -0.020032918622639978 -0.023247732467262801 0.041207106558637269
v -0.022013597664572938 -0.021379913217374719 0.041207106558637269
v -0.023823948260996732 -0.019346573135398577 0.041207106558637269
v -0.025450193193627031 -0.017163188392663401 0.041207106558637269
v -0.026879955806792189 -0.014846375559203331 0.041207106558637269
v -0.02810235326799199 -0.012413766619592018 0.041207106558637269
v -0.029108083751076607 -0.0098838757699487266 0.041207106558637269
v -0.029889493181920187 -0.0072759569690019907 0.041207106558637269
v -0.030440633182310203 -0.0046098581491202098 0.041207106558637269
v -0.030757310341751196 -0.0019058680346382805 0.041207106558637269
v -0.030837113406886826 0.00081543187892604352 0.041207106558637269
v -0.030679436843241495 0.0035333317717540047 0.041207106558637269
v -0.030285480716257217 0.0062271461030716565 0.041207106558637269
v -0.029658241004744585 0.0088763758239695616 0.041207106558637269
v -0.028802492195187768 0.011460856766969403 0.041207106558637269
v -0.027724747372401264 0.013960917401945621 0.041207106558637269
v -0.02643321025291958 0.016357533624523819 0.041207106558637269
v -0.024937708907573884 0.018632466035572431 0.041207106558637269
v -0.023249623792140899 0.020768400399166317 0.041207106558637269
v -0.02138180454225282 0.022749079441099277 0.041207106558637269
v -0.019348464460276674 0.024559430037523068 0.041207106558637269
v -0.017165079717541498 0.02618567497015337 0.041207106558637269
v -0.014848266966665205 0.027615437537202303 0.041207106558637269
v -0.012389312554575461 0.028779158380665453 0.041266044376449235
v -0.0098646365539826319 0.029782817354023047 0.041266044376449235
v -0.0072620922009581619 0.030562614431881529 0.041266044376449235
v -0.0046014875976546693 0.03111261921114971 0.041266044376449235
v -0.0019030712714606956 0.031428643660941703 0.041266044376449235
v 0.00081261913814878483 0.031508283950814099 0.041266044376449235
v 0.0035249173292766839 0.031350931113474367 0.041266044376449235
v 0.0062131802759336115 0.030957785488145158 0.041266044376449235
v 0.0088569490995993646 0.030331839884882993 0.041266044376449235
v 0.011436101999463643 0.029477854047557855 0.041266044376449235
v 0.013931011248329421 0.028402331387169865 0.041266044376449235
v 0.016322689511564844 0.027113455618834978 0.041266044376449235
v 0.018592931625380987 0.025621035530096061 0.041266044376449235
v 0.020724463112062573 0.023936430044048506 0.041266044376449235
v 0.022701060140557516 0.022072459470438899 0.041266044376449235
v 0.024507680986868355 0.020043311444845082 0.041266044376449235
v 0.026130572912892412 0.017864425940919613 0.041266044376449235
v 0.027557389247832707 0.015552388754992045 0.041266044376449235
v 0.028777266696722231 0.01312479306390185 0.041266044376449235
v 0.029780925670079825 0.010600117063309019 0.041266044376449235
v 0.030560722747938307 0.0079975727102845513 0.041266044376449235
v 0.031110727527206488 0.0053369681069810587 0.041266044376449235
v 0.031426751976998478 0.0026385517807870841 0.041266044376449235
v 0.031506392266870867 -7.7138628822395825e-05 0.041266044376449235
v 0.031349038975463726 -0.0027894360068177583 0.041266044376449235
v 0.03095589335013452 -0.0054776989534746825 0.041266044376449235
v 0.030329947746872359 -0.0081214677771404391 0.041266044376449235
v 0.029475961909547221 -0.010700620677004719 0.041266044376449235
v 0.028400439249159228 -0.013195529925870496 0.041266044376449235
v 0.027111564293956877 -0.015587207735038505 0.041266044376449235
v 0.025619144205217964 -0.017857449848854647 0.041266044376449235
v 0.023934538719170409 -0.01998898133553623 0.041266044376449235
v 0.022070568145560798 -0.021965578364031176 0.041266044376449235
v 0.020041420119966985 -0.023772199210342015 0.041266044376449235
v 0.017862534616041512 -0.025395091136366073 0.041266044376449235
v 0.015550497347530183 -0.026821907517422586 0.041266044376449235
v 0.013122901739023749 -0.028041784920195892 0.041266044376449235
v 0.01059822573843092 -0.029045443893553482 0.041266044376449235
v 0.0079956813854064508 -0.029825240971411968 0.041266044376449235
v 0.0053350767821029581 -0.030375245750680145 0.041266044376449235
v 0.0026366604559089836 -0.030691270200472142 0.041266044376449235
v -7.9029953700496171e-05 -0.030770910490344531 0.041266044376449235
v -0.0027913281448283954 -0.030613557653004799 0.041266044376449235
v -0.0054795910914853217 -0.030220412027675593 0.041266044376449235
v -0.0081233599151510783 -0.029594466424413431 0.041266044376449235
v -0.010702512815015356 -0.028740480587088293 0.041266044376449235
v -0.013197422063881133 -0.0276649579267003 0.041266044376449235
v -0.015589099418981732 -0.026376083784630491 0.041266044376449235
v -0.017859341532797873 -0.024883663695891574 0.041266044376449235
v -0.019990873019479456 -0.023199058209844019 0.041266044376449235
v -0.021967470047974398 -0.021335087636234408 0.041266044376449235
v -0.023774090894285241 -0.019305939610640595 0.041266044376449235
v -0.025396982820309298 -0.017127054106715122 0.041266044376449235
v -0.026823799247482037 -0.014815016755620011 0.041266044376449235
v -0.028043676604139117 -0.012387421229697363 0.041266044376449235
v -0.029047335577496711 -0.0098627452291045314 0.041266044376449235
v -0.02982713265535519 -0.0072602008760800614 0.041266044376449235
v -0.030377137434623371 -0.0045995962727765688 0.041266044376449235
v -0.030693161884415367 -0.0019011799465825953 0.041266044376449235
v -0.030772802174287756 0.00081451046302688491 0.041266044376449235
v -0.030615449791015433 0.0035268094672873222 0.041266044376449235
v -0.030222304165686231 0.0062150724139442472 0.041266044376449235
v -0.029596358562424069 0.0088588412376100021 0.041266044376449235
v -0.028742372725098931 0.011437994137474282 0.041266044376449235
v -0.027666850064710938 0.013932903386340059 0.041266044376449235
v -0.026377975109508588 0.016324581195508066 0.041266044376449235
v -0.024885555020769671 0.018594823309324212 0.041266044376449235
v -0.023200949534722116 0.020726354796005795 0.041266044376449235
v -0.021336978961112509 0.022702951824500738 0.041266044376449235
v -0.019307830935518692 0.02450957267081158 0.041266044376449235
v -0.017128945431593223 0.026132464596835634 0.041266044376449235
v -0.014816908163081885 0.027559280977892155 0.041266044376449235
v -0.012360963695402133 0.028716019558018294 0.041319152114944108
v -0.009841898651791102 0.029717447696180597 0.041319152114944108
v -0.0072451381252429149 0.03049551261947351 0.041319152114944108
v -0.0045904465518719776 0.031044295508383737 0.041319152114944108
v -0.001898026976758979 0.031359616663073145 0.041319152114944108
v 0.0008116285379312397 0.031439078503813569 0.041319152114944108
v 0.0035179001757465567 0.031282076687762686 0.041319152114944108
v 0.0062001877104889934 0.030889805586926309 0.041319152114944108
v 0.008838080227231853 0.03026524852755115 0.041319152114944108
v 0.011411501882484116 0.029413163182892506 0.041319152114944108
v 0.013900865161326017 0.02834003061813662 0.041319152114944108
v 0.016287228538328442 0.027054017461389943 0.041319152114944108
v 0.018552426417907761 0.025564915128178978 0.041319152114944108
v 0.020679221472100377 0.02388405421885062 0.041319152114944108
v 0.022651425393340814 0.022024225812268136 0.041319152114944108
v 0.024454030808920571 0.01999958659185869 0.041319152114944108
v 0.026073316079495756 0.017825543762854508 0.041319152114944108
v 0.027496960490170128 0.015518644281227921 0.041319152114944108
v 0.028714127874075072 0.013096444204728521 0.041319152114944108
v 0.029715556012237371 0.01057737916111749 0.041319152114944108
v 0.030493620935530284 0.0079806186345693034 0.041319152114944108
v 0.031042403824440512 0.0053259270611983661 0.041319152114944108
v 0.03135772497912992 0.0026335074860853679 0.041319152114944108
v 0.031437186819870344 -7.6148028604850805e-05 0.041319152114944108
v 0.031280184549752045 -0.0027824188532876303 0.041319152114944108
v 0.030887913448915671 -0.005464706388030067 0.041319152114944108
v 0.030263356389540513 -0.0081025989047729275 0.041319152114944108
v 0.029411271044881868 -0.010676020560025191 0.041319152114944108
v 0.028338138480125983 -0.013165383838867091 0.041319152114944108
v 0.027052126136511843 -0.015551746761802102 0.041319152114944108
v 0.025563023803300881 -0.017816944641381421 0.041319152114944108
v 0.023882162893972519 -0.019943739695574034 0.041319152114944108
v 0.022022334487390036 -0.021915943616814478 0.041319152114944108
v 0.019997695266980593 -0.023718549032394232 0.041319152114944108
v 0.017823652437976411 -0.025337834302969417 0.041319152114944108
v 0.015516752873766059 -0.026761478759760007 0.041319152114944108
v 0.013094552879850421 -0.027978646097548732 0.041319152114944108
v 0.01057548783623939 -0.028980074235711032 0.041319152114944108
v 0.0079787273096912029 -0.029758139159003945 0.041319152114944108
v 0.0053240357363202673 -0.030306922047914173 0.041319152114944108
v 0.0026316161612072674 -0.03062224320260358 0.041319152114944108
v -7.8039353482951043e-05 -0.030701705043344008 0.041319152114944108
v -0.0027843109912982682 -0.030544703227293118 0.041319152114944108
v -0.0054665985260407045 -0.030152432126456744 0.041319152114944108
v -0.008104491042783565 -0.029527875067081589 0.041319152114944108
v -0.010677912698035828 -0.028675789722422945 0.041319152114944108
v -0.013167275976877729 -0.027602657157667056 0.041319152114944108
v -0.015553638445745329 -0.026316645627185456 0.041319152114944108
v -0.017818836325324647 -0.024827543293974491 0.041319152114944108
v -0.019945631379517263 -0.023146682384646133 0.041319152114944108
v -0.0219178353007577 -0.021286853978063645 0.041319152114944108
v -0.023720440716337454 -0.019262214757654203 0.041319152114944108
v -0.025339725986912639 -0.017088171928650021 0.041319152114944108
v -0.026763370489819457 -0.014781272281855887 0.041319152114944108
v -0.027980537781491954 -0.012359072370524034 0.041319152114944108
v -0.028981965919654254 -0.0098400073269130015 0.041319152114944108
v -0.02976003084294717 -0.0072432468003648153 0.041319152114944108
v -0.030308813731857398 -0.0045885552269938762 0.041319152114944108
v -0.030624134886546805 -0.0018961356518808791 0.041319152114944108
v -0.030703596727287234 0.00081351986280933989 0.041319152114944108
v -0.030546595365303755 0.0035197923137571942 0.041319152114944108
v -0.030154324264467382 0.0062020798484996318 0.041319152114944108
v -0.029529767205092223 0.0088399723652424905 0.041319152114944108
v -0.028677681860433579 0.011413394020494754 0.041319152114944108
v -0.027604549295677693 0.013902757299336654 0.041319152114944108
v -0.026318536952063553 0.016289120222271667 0.041319152114944108
v -0.024829434618852588 0.018554318101850986 0.041319152114944108
v -0.02314857370952423 0.020681113156043599 0.041319152114944108
v -0.021288745302941746 0.022653317077284039 0.041319152114944108
v -0.0192641060825323 0.024455922492863796 0.041319152114944108
v -0.017090063253528118 0.026075207763438978 0.041319152114944108
v -0.014783163689317761 0.027498852220229575 0.041319152114944108
v -0.012330827414192825 0.028648899546148066 0.041366025580124505
v -0.0098177262577467204 0.029647955234705311 0.041366025580124505
v -0.0072271143620558 0.030424178159165007 0.041366025580124505
v -0.0045787091496638319 0.030971660819528915 0.041366025580124505
v -0.0018926646192495189 0.031286235970642479 0.041366025580124505
v 0.00081057537373462529 0.031365509485030064 0.041366025580124505
v 0.0035104384064162564 0.031208880018034443 0.041366025580124505
v 0.0061863753737187678 0.030817536354453771 0.041366025580124505
v 0.0088180221311672715 0.030194460203987469 0.041366025580124505
v 0.01138534955260832 0.029344390526616252 0.041366025580124505
v 0.013868819712980726 0.02827379981185138 0.041366025580124505
v 0.016249531753200049 0.026990831528852892 0.041366025580124505
v 0.018509366530957385 0.02550525503234027 0.041366025580124505
v 0.020631125494305902 0.023828373508046733 0.041366025580124505
v 0.0225986595657643 0.021972949807089342 0.041366025580124505
v 0.024396996595018709 0.019953104280380805 0.041366025580124505
v 0.02601244902995135 0.017784209833470226 0.041366025580124505
v 0.027432721393436464 0.015482772047572807 0.041366025580124505
v 0.028647007862204841 0.013066307923519212 0.041366025580124505
v 0.029646063550762089 0.010553206767073109 0.041366025580124505
v 0.030422286475221782 0.0079625948713821885 0.041366025580124505
v 0.03096976913558569 0.0053141896589902213 0.041366025580124505
v 0.031284344286699253 0.0026281451285759074 0.041366025580124505
v 0.031363617801086839 -7.5094864408235796e-05 0.041366025580124505
v 0.031206987880023809 -0.0027749570839573313 0.041366025580124505
v 0.030815644216443134 -0.0054508940512598397 0.041366025580124505
v 0.030192568065976831 -0.0080825408087083477 0.041366025580124505
v 0.029342498388605618 -0.010649868230149396 0.041366025580124505
v 0.028271907673840746 -0.0131333383905218 0.041366025580124505
v 0.026988940203974795 -0.015514049976673709 0.041366025580124505
v 0.02550336370746217 -0.017773884754431046 0.041366025580124505
v 0.023826482183168636 -0.019895643717779563 0.041366025580124505
v 0.021971058482211245 -0.021863177789237961 0.041366025580124505
v 0.019951212955502708 -0.023661514818492369 0.041366025580124505
v 0.017782318508592129 -0.025276967253425011 0.041366025580124505
v 0.015480880640110948 -0.02669723966302634 0.041366025580124505
v 0.013064416598641113 -0.027911526085678501 0.041366025580124505
v 0.010551315442195008 -0.02891058177423575 0.041366025580124505
v 0.0079607035465040898 -0.029686804698695446 0.041366025580124505
v 0.0053122983341121217 -0.03023428735905935 0.041366025580124505
v 0.0026262538036978074 -0.030548862510172917 0.041366025580124505
v -7.6986189286336738e-05 -0.0306281360245605 0.041366025580124505
v -0.0027768492219679679 -0.030471506557564882 0.041366025580124505
v -0.005452786189270478 -0.030080162893984207 0.041366025580124505
v -0.0080844329467189835 -0.029457086743517904 0.041366025580124505
v -0.010651760368160032 -0.028607017066146691 0.041366025580124505
v -0.01313523052853244 -0.027536426351381819 0.041366025580124505
v -0.015515941660616936 -0.026253459694648405 0.041366025580124505
v -0.017775776438374271 -0.02476788319813578 0.041366025580124505
v -0.019897535401722788 -0.023091001673842246 0.041366025580124505
v -0.021865069473181186 -0.021235577972884855 0.041366025580124505
v -0.023663406502435591 -0.019215732446176317 0.041366025580124505
v -0.025278858937368236 -0.017046837999265738 0.041366025580124505
v -0.026699131393085794 -0.014745400048200774 0.041366025580124505
v -0.027913417769621727 -0.012328936089314724 0.041366025580124505
v -0.028912473458178971 -0.0098158349328686216 0.041366025580124505
v -0.029688696382638668 -0.0072252230371777004 0.041366025580124505
v -0.030236179043002576 -0.0045768178247857323 0.041366025580124505
v -0.030550754194116143 -0.0018907732943714186 0.041366025580124505
v -0.030630027708503725 0.00081246669861272493 0.041366025580124505
v -0.03047339869557552 0.0035123305444268952 0.041366025580124505
v -0.030082055031994841 0.0061882675117294044 0.041366025580124505
v -0.029458978881528541 0.0088199142691779107 0.041366025580124505
v -0.028608909204157328 0.011387241690618959 0.041366025580124505
v -0.027538318489392456 0.013870711850991363 0.041366025580124505
v -0.026255351019526502 0.016251423437143274 0.041366025580124505
v -0.02476977452301388 0.01851125821490061 0.041366025580124505
v -0.023092892998720343 0.020633017178249124 0.041366025580124505
v -0.021237469297762952 0.022600551249707522 0.041366025580124505
v -0.019217623771054414 0.02439888827896193 0.041366025580124505
v -0.017048729324143835 0.026014340713894572 0.041366025580124505
v -0.014747291455662647 0.027434613123495908 0.041366025580124505
v -0.012299131645666659 0.028578306810586276 0.041406307144121773
v -0.009792303613973272 0.029574868567070253 0.041406307144121773
v -0.0072081582349522513 0.030349153048276629 0.041406307144121773
v -0.0045663632616174121 0.030895269823623134 0.041406307144121773
v -0.0018870246759397037 0.03120905926087271 0.041406307144121773
v 0.0008094674702661534 0.031288135943606611 0.041406307144121773
v 0.0035025908721120769 0.031131896646557494 0.041406307144121773
v 0.0061718480737684989 0.030741531262380703 0.041406307144121773
v 0.0087969263368887583 0.030120009672570523 0.041406307144121773
v 0.011357846125177975 0.029272062261432686 0.041406307144121773
v 0.01383511623091253 0.028204142805203863 0.041406307144121773
v 0.016209885764875705 0.026924377876039157 0.041406307144121773
v 0.018464078975507742 0.025442508790916415 0.041406307144121773
v 0.020580540965673789 0.023769814045359657 0.041406307144121773
v 0.022543163894250956 0.021919020849544602 0.041406307144121773
v 0.024337012496614199 0.019904217884103032 0.041406307144121773
v 0.025948432552712473 0.017740737466402329 0.041406307144121773
v 0.027365159837154256 0.015445044494473696 0.041406307144121773
v 0.028576415126643051 0.013034612154993047 0.041406307144121773
v 0.029572976883127031 0.010527784123299661 0.041406307144121773
v 0.030347261364333404 0.0079436387442786416 0.041406307144121773
v 0.030893378139679909 0.0053018437709438015 0.041406307144121773
v 0.031207167576929488 0.0026225051852660926 0.041406307144121773
v 0.031286244259663386 -7.3986960939764995e-05 0.041406307144121773
v 0.031130004508546857 -0.0027671095496531509 0.041406307144121773
v 0.030739639124370062 -0.0054363667513095716 0.041406307144121773
v 0.030118117534559886 -0.0080614450144298327 0.041406307144121773
v 0.029270170123422048 -0.01062236480271905 0.041406307144121773
v 0.028202250667193226 -0.013099634908453606 0.041406307144121773
v 0.026922486551161057 -0.015474403988349369 0.041406307144121773
v 0.025440617466038318 -0.017728597198981403 0.041406307144121773
v 0.023767922720481557 -0.019845059189147453 0.041406307144121773
v 0.021917129524666505 -0.021807682117724613 0.041406307144121773
v 0.019902326559224935 -0.02360153072008786 0.041406307144121773
v 0.017738846141524232 -0.025212950776186138 0.041406307144121773
v 0.015443153087011835 -0.026629678106744135 0.041406307144121773
v 0.013032720830114947 -0.027840933350116715 0.041406307144121773
v 0.01052589279842156 -0.028837495106600691 0.041406307144121773
v 0.0079417474194005411 -0.029611779587807065 0.041406307144121773
v 0.005299952446065701 -0.03015789636315357 0.041406307144121773
v 0.0026206138603879921 -0.030471685800403148 0.041406307144121773
v -7.5878285817864853e-05 -0.030550762483137046 0.041406307144121773
v -0.0027690016876637884 -0.030394523186087929 0.041406307144121773
v -0.0054382588893202091 -0.030004157801911138 0.041406307144121773
v -0.0080633371524404703 -0.029382636212100958 0.041406307144121773
v -0.010624256940729687 -0.028534688800963121 0.041406307144121773
v -0.013101527046464244 -0.027466769344734299 0.041406307144121773
v -0.015476295672292592 -0.02618700604183467 0.041406307144121773
v -0.017730488882924628 -0.024705136956711927 0.041406307144121773
v -0.019846950873090675 -0.02303244221115517 0.041406307144121773
v -0.021809573801667842 -0.021181649015340115 0.041406307144121773
v -0.023603422404031085 -0.019166846049898545 0.041406307144121773
v -0.025214842460129359 -0.017003365632197842 0.041406307144121773
v -0.026631569836803586 -0.014707672495101663 0.041406307144121773
v -0.027842825034059937 -0.012297240320788558 0.041406307144121773
v -0.028839386790543917 -0.0097904122890951732 0.041406307144121773
v -0.02961367127175029 -0.0072062669100741526 0.041406307144121773
v -0.030159788047096795 -0.0045644719367393116 0.041406307144121773
v -0.030473577484346374 -0.0018851333510616038 0.041406307144121773
v -0.030552654167080272 0.00081135879514425413 0.041406307144121773
v -0.030396415324098564 0.0035044830101227148 0.041406307144121773
v -0.030006049939921772 0.0061737402117791364 0.041406307144121773
v -0.029384528350111596 0.0087988184748993975 0.041406307144121773
v -0.028536580938973759 0.011359738263188613 0.041406307144121773
v -0.027468661482744936 0.013837008368923169 0.041406307144121773
v -0.026188897366712767 0.01621177744881893 0.041406307144121773
v -0.024707028281590025 0.018465970659450968 0.041406307144121773
v -0.023034333536033267 0.020582432649617018 0.041406307144121773
v -0.021183540340218212 0.022545055578194178 0.041406307144121773
v -0.019168737374776642 0.024338904180557425 0.041406307144121773
v -0.017005256957075943 0.025950324236655699 0.041406307144121773
v -0.014709563902563536 0.027367051567213703 0.041406307144121773
v -0.012266118841421364 0.028504780111287462 0.041439693195776589
v -0.0097658237058216718 0.029498743409129075 0.041439693195776589
v -0.0071884151875868576 0.030271011017241951 0.041439693195776589
v -0.004553505501547016 0.030815704318084884 0.041439693195776589
v -0.001881150770138576 0.031128676588171804 0.041439693195776589
v 0.00080831294846611884 0.031207546961475884 0.041439693195776589
v 0.0034944174380236396 0.031051714682789208 0.041439693195776589
v 0.0061567179900908582 0.030662364965694265 0.041439693195776589
v 0.008774953705572729 0.030042464638877567 0.041439693195776589
v 0.011329197552441989 0.02919672647150965 0.041439693195776589
v 0.013800012263503138 0.028131591693491796 0.041439693195776589
v 0.016168592684683927 0.026855162281772194 0.041439693195776589
v 0.018416910425834154 0.0253771558662566 0.041439693195776589
v 0.020527855342770351 0.023708820465329773 0.041439693195776589
v 0.022485363175123341 0.021862851090760829 0.041439693195776589
v 0.024274534334730136 0.019853299277534552 0.041439693195776589
v 0.025881755687352095 0.017695458151261417 0.041439693195776589
v 0.027294789721087259 0.015405748592534747 0.041439693195776589
v 0.028502888427344237 0.013001599350747753 0.041439693195776589
v 0.02949685172518585 0.01050130421514806 0.041439693195776589
v 0.030269119333298729 0.0079238956969132461 0.041439693195776589
v 0.030813812634141659 0.0052889860108734071 0.041439693195776589
v 0.031126784904228579 0.0026166312794649654 0.041439693195776589
v 0.031205655277532659 -7.283243913973114e-05 0.041439693195776589
v 0.031049822544778574 -0.0027589361155647132 0.041439693195776589
v 0.030660472827683631 -0.0054212366676319309 0.041439693195776589
v 0.030040572500866929 -0.0080394723831138017 0.041439693195776589
v 0.029194834333499012 -0.010593716229983063 0.041439693195776589
v 0.028129699555481159 -0.013064530941044211 0.041439693195776589
v 0.026853270956894094 -0.015433110908157591 0.041439693195776589
v 0.025375264541378499 -0.017681428649307815 0.041439693195776589
v 0.023706929140451673 -0.019792373566244015 0.041439693195776589
v 0.021860959765882731 -0.021749881398597001 0.041439693195776589
v 0.019851407952656452 -0.023539052558203797 0.041439693195776589
v 0.01769356682638332 -0.025146273910825755 0.041439693195776589
v 0.015403857185072888 -0.026559307990677138 0.041439693195776589
v 0.012999708025869652 -0.027767406650817901 0.041439693195776589
v 0.01049941289026996 -0.02876136994865951 0.041439693195776589
v 0.0079220043720351473 -0.02953363755677239 0.041439693195776589
v 0.0052870946859953057 -0.030078330857615319 0.041439693195776589
v 0.0026147399545868645 -0.030391303127702243 0.041439693195776589
v -7.4723764017830185e-05 -0.030470173501006319 0.041439693195776589
v -0.0027608282535753511 -0.030314341222319643 0.041439693195776589
v -0.0054231288056425693 -0.029924991505224704 0.041439693195776589
v -0.008041364521124441 -0.029305091178408006 0.041439693195776589
v -0.010595608367993701 -0.028459353011040085 0.041439693195776589
v -0.01306642307905485 -0.027394218233022235 0.041439693195776589
v -0.015435002592100814 -0.026117790447567707 0.041439693195776589
v -0.01768332033325104 -0.024639784032052109 0.041439693195776589
v -0.019794265250187237 -0.022971448631125286 0.041439693195776589
v -0.021751773082540223 -0.021125479256556341 0.041439693195776589
v -0.023540944242147022 -0.019115927443330065 0.041439693195776589
v -0.025148165594768981 -0.01695808631705693 0.041439693195776589
v -0.026561199720736589 -0.014668376593162714 0.041439693195776589
v -0.027769298334761123 -0.012264227516543266 0.041439693195776589
v -0.028763261632602736 -0.0097639323809435713 0.041439693195776589
v -0.029535529240715612 -0.0071865238627087571 0.041439693195776589
v -0.030080222541558545 -0.0045516141766689172 0.041439693195776589
v -0.030393194811645464 -0.0018792594452604766 0.041439693195776589
v -0.030472065184949545 0.00081020427334422022 0.041439693195776589
v -0.030316233360330281 0.0034963095760342771 0.041439693195776589
v -0.029926883643235338 0.0061586101281014957 0.041439693195776589
v -0.02930698331641864 0.0087768458435833648 0.041439693195776589
v -0.028461245149050723 0.011331089690452626 0.041439693195776589
v -0.027396110371032869 0.013801904401513774 0.041439693195776589
v -0.026119681772445804 0.016170484368627152 0.041439693195776589
v -0.024641675356930209 0.01841880210977738 0.041439693195776589
v -0.022973339956003383 0.020529747026713577 0.041439693195776589
v -0.021127370581434442 0.022487254859066563 0.041439693195776589
v -0.019117818768208162 0.024276426018673362 0.041439693195776589
v -0.016959977641935027 0.02588364737129532 0.041439693195776589
v -0.014670268000624589 0.027296681451146707 0.041439693195776589
v -0.012232039003140117 0.028428877459324223 0.041465926690058358
v -0.009738490294701297 0.029420161459947497 0.041465926690058358
v -0.0071680340530346802 0.030190345237617197 0.041465926690058358
v -0.0045402318070247314 0.030733567811792342 0.041465926690058358
v -0.0018750856589083852 0.031045695557742444 0.041465926690058358
v 0.00080712223178210291 0.031124354240165072 0.041465926690058358
v 0.0034859795537176053 0.030968942321381587 0.041465926690058358
v 0.0061410983165018354 0.030580644686571169 0.041465926690058358
v 0.0087522715615678658 0.02996241561808494 0.041465926690058358
v 0.011299626007411984 0.029118959499423017 0.041465926690058358
v 0.013763774546710973 0.02805669650281678 0.041465926690058358
v 0.016125964529660211 0.026783710990079222 0.041465926690058358
v 0.01836821602565843 0.02530969111711396 0.041465926690058358
v 0.020473466896003698 0.023645856241436149 0.041465926690058358
v 0.022425695288882892 0.021804867455140937 0.041465926690058358
v 0.024210040735129799 0.019800736803170772 0.041465926690058358
v 0.025812924000156764 0.017648715806538748 0.041465926690058358
v 0.027222147712710271 0.015365184026247652 0.041465926690058358
v 0.028426985775380997 0.012967519512466504 0.041465926690058358
v 0.029418269776004272 0.010473970804027684 0.041465926690058358
v 0.030188453553673972 0.0079035145623610695 0.041465926690058358
v 0.03073167612784912 0.0052757123163511208 0.041465926690058358
v 0.031043803873799219 0.0026105661682347733 0.041465926690058358
v 0.031122462556221846 -7.1641722455715424e-05 0.041465926690058358
v 0.030967050183370946 -0.0027504982312586798 0.041465926690058358
v 0.030578752548560535 -0.0054056169940429073 0.041465926690058358
v 0.029960523480074303 -0.0080167902391089403 0.041465926690058358
v 0.029117067361412383 -0.010564144684953057 0.041465926690058358
v 0.028054804364806143 -0.013028293224252047 0.041465926690058358
v 0.026781819665201122 -0.015390482753133872 0.041465926690058358
v 0.025307799792235859 -0.017632734249132091 0.041465926690058358
v 0.023643964916558052 -0.019737985119477358 0.041465926690058358
v 0.021802976130262837 -0.021690213512356553 0.041465926690058358
v 0.019798845478292675 -0.02347455895860346 0.041465926690058358
v 0.017646824481660651 -0.025077442223630425 0.041465926690058358
v 0.015363292618785791 -0.02648666598230015 0.041465926690058358
v 0.012965628187588403 -0.027691503998854658 0.041465926690058358
v 0.010472079479149585 -0.028682787999477932 0.041465926690058358
v 0.007901623237482969 -0.029452971777147632 0.041465926690058358
v 0.0052738209914730202 -0.02999619435132278 0.041465926690058358
v 0.0026086748433566736 -0.030308322097272883 0.041465926690058358
v -7.3533047333814306e-05 -0.030386980779695507 0.041465926690058358
v -0.0027523903692693169 -0.030231568860912023 0.041465926690058358
v -0.0054075091320535465 -0.029843271226101607 0.041465926690058358
v -0.0080186823771195778 -0.029225042157615375 0.041465926690058358
v -0.010566036822963696 -0.028381586038953455 0.041465926690058358
v -0.013030185362262685 -0.027319323042347216 0.041465926690058358
v -0.015392374437077095 -0.026046339155874735 0.041465926690058358
v -0.017634625933075316 -0.024572319282909472 0.041465926690058358
v -0.019739876803420583 -0.022908484407231661 0.041465926690058358
v -0.021692105196299778 -0.02106749562093645 0.041465926690058358
v -0.023476450642546685 -0.019063364968966285 0.041465926690058358
v -0.02507933390757365 -0.016911343972334261 0.041465926690058358
v -0.026488557712359601 -0.014627812026875619 0.041465926690058358
v -0.027693395682797883 -0.012230147678262016 0.041465926690058358
v -0.028684679683421158 -0.0097365989698231965 0.041465926690058358
v -0.029454863461090858 -0.0071661427281565796 0.041465926690058358
v -0.029998086035266006 -0.0045383404821466309 0.041465926690058358
v -0.030310213781216105 -0.001873194334030284 0.041465926690058358
v -0.030388872463638729 0.0008090135566602045 0.041465926690058358
v -0.030233460998922657 0.0034878716917282437 0.041465926690058358
v -0.029845163364112245 0.006142990454512472 0.041465926690058358
v -0.029226934295626013 0.0087541636995785033 0.041465926690058358
v -0.028383478176964093 0.01130151814542262 0.041465926690058358
v -0.027321215180357853 0.01376566668472161 0.041465926690058358
v -0.026048230480752832 0.016127856213603436 0.041465926690058358
v -0.024574210607787569 0.018370107709601655 0.041465926690058358
v -0.022910375732109762 0.020475358579946923 0.041465926690058358
v -0.021069386945814547 0.022427586972826114 0.041465926690058358
v -0.019065256293844382 0.024211932419073025 0.041465926690058358
v -0.016913235297212361 0.025814815684099986 0.041465926690058358
v -0.014629703434337492 0.027224039442769719 0.041465926690058358
v -0.012197153626694806 0.028351180314581323 0.041484808323936112
v -0.0097105086201700677 0.029339718526851237 0.041484808323936112
v -0.0071471695881911461 0.030107769040211459 0.041484808323936112
v -0.0045266450425801167 0.03064948767947414 0.041484808323936112
v -0.0018688784031408905 0.03096075225537015 0.041484808323936112
v 0.0008059030723714726 0.031039191456723892 0.041484808323936112
v 0.0034773435056678274 0.030884209658450887 0.041484808323936112
v 0.0061251092800034008 0.030496987974792281 0.041484808323936112
v 0.0087290522561346146 0.029880470866168268 0.041484808323936112
v 0.01126935309308587 0.029039350169743586 0.041484808323936112
v 0.013726677187801574 0.027980028442614421 0.041484808323936112
v 0.016082327119149181 0.026710567552663354 0.041484808323936112
v 0.018318371226071793 0.02524063034245683 0.041484808323936112
v 0.020417792312823448 0.023581401531705789 0.041484808323936112
v 0.022364613734609805 0.021745510922233577 0.041484808323936112
v 0.024144018983027524 0.019746930039246095 0.041484808323936112
v 0.025742465144022966 0.017600868284311923 0.041484808323936112
v 0.027147785115883772 0.015323658653317506 0.041484808323936112
v 0.028349288630638101 0.012932634136021194 0.041484808323936112
v 0.029337826842908015 0.010445989129496456 0.041484808323936112
v 0.030105877356268237 0.0078826500975175337 0.041484808323936112
v 0.030647595995530918 0.005262125551906506 0.041484808323936112
v 0.030958860571426924 0.0026043589124672781 0.041484808323936112
v 0.031037299772780667 -7.042256304508397e-05 0.041484808323936112
v 0.030882317520440253 -0.0027418621832089006 0.041484808323936112
v 0.030495095836781644 -0.0053896279575444735 0.041484808323936112
v 0.029878578728157634 -0.007993570933675689 0.041484808323936112
v 0.029037458031732952 -0.010533871770626944 0.041484808323936112
v 0.027978136304603784 -0.012991195865342647 0.041484808323936112
v 0.026708676227785253 -0.015346845342622838 0.041484808323936112
v 0.02523873901757873 -0.017582889449545457 0.041484808323936112
v 0.023579510206827688 -0.019682310536297109 0.041484808323936112
v 0.02174361959735548 -0.021629131958083466 0.041484808323936112
v 0.019745038714367995 -0.023408537206501181 0.041484808323936112
v 0.017598976959433823 -0.025006983367496623 0.041484808323936112
v 0.015321767245855645 -0.026412303385473648 0.041484808323936112
v 0.012930742811143094 -0.027613806854111762 0.041484808323936112
v 0.010444097804618356 -0.028602345066381672 0.041484808323936112
v 0.0078807587726394349 -0.029370395579741897 0.041484808323936112
v 0.0052602342270284064 -0.029912114219004578 0.041484808323936112
v 0.0026024675875891789 -0.030223378794900585 0.041484808323936112
v -7.2313887923183991e-05 -0.030301817996254327 0.041484808323936112
v -0.002743754321219539 -0.030146836197981322 0.041484808323936112
v -0.005391520095555111 -0.029759614514322717 0.041484808323936112
v -0.0079954630716863265 -0.029143097405698707 0.041484808323936112
v -0.010535763908637582 -0.028301976709274024 0.041484808323936112
v -0.012993088003353286 -0.027242654982144857 0.041484808323936112
v -0.015348737026566068 -0.025973195718458863 0.041484808323936112
v -0.017584781133488679 -0.024503258508252343 0.041484808323936112
v -0.019684202220240334 -0.022844029697501298 0.041484808323936112
v -0.021631023642026691 -0.02100813908802909 0.041484808323936112
v -0.023410428890444406 -0.019009558205041608 0.041484808323936112
v -0.025008875051439849 -0.016863496450107436 0.041484808323936112
v -0.026414195115533102 -0.014586286653945473 0.041484808323936112
v -0.027615698538054984 -0.012195262301816705 0.041484808323936112
v -0.028604236750324898 -0.0097086172952919672 0.041484808323936112
v -0.029372287263685123 -0.0071452782633130447 0.041484808323936112
v -0.029914005902947804 -0.0045247537177020162 0.041484808323936112
v -0.03022527047884381 -0.0018669870782627893 0.041484808323936112
v -0.030303709680197553 0.00080779439724957311 0.041484808323936112
v -0.03014872833599196 0.0034792356436784645 0.041484808323936112
v -0.029761506652333351 0.0061270014180140392 0.041484808323936112
v -0.029144989543709341 0.0087309443941452521 0.041484808323936112
v -0.028303868847284658 0.011271245231096507 0.041484808323936112
v -0.027244547120155494 0.01372856932581221 0.041484808323936112
v -0.025975087043336963 0.016084218803092402 0.041484808323936112
v -0.02450514983313044 0.018320262910015019 0.041484808323936112
v -0.022845921022379399 0.020419683996766674 0.041484808323936112
v -0.021010030412907187 0.022366505418553031 0.041484808323936112
v -0.019011449529919705 0.024145910666970746 0.041484808323936112
v -0.016865387774985533 0.025744356827966188 0.041484808323936112
v -0.014588178061407346 0.027149676845943216 0.041484808323936112
v -0.012161725712662991 0.028272275696839877 0.041496194673733361
v -0.0096820930031341346 0.029258026679816768 0.041496194673733361
v -0.0071259822837674803 0.030023911754421755 0.041496194673733361
v -0.0045128461083565503 0.030564103059723572 0.041496194673733361
v -0.001862574188069737 0.030874489197842463 0.041496194673733361
v 0.00080466499677320528 0.03095270821273171 0.041496194673733361
v 0.0034685722859299746 0.030798164150903515 0.041496194673733361
v 0.0061088726919745701 0.030412032465333083 0.041496194673733361
v 0.0087054724493149313 0.029797253845502577 0.041496194673733361
v 0.011238609600038297 0.028958505237846013 0.041496194673733361
v 0.013689006206021663 0.027902171774328959 0.041496194673733361
v 0.016038013115676861 0.026636290009496834 0.041496194673733361
v 0.018267751552223752 0.025170496849450951 0.041496194673733361
v 0.020361252779465308 0.023515947539900099 0.041496194673733361
v 0.022302585285567725 0.021685233084198431 0.041496194673733361
v 0.024076972626288388 0.01969228764534315 0.041496194673733361
v 0.025670910969541293 0.017552277380761809 0.041496194673733361
v 0.027072269497118988 0.015281489412797642 0.041496194673733361
v 0.028270384012896652 0.01289720622198938 0.041496194673733361
v 0.029256134995873543 0.010417573512460523 0.041496194673733361
v 0.030022020070478533 0.0078614627930938697 0.041496194673733361
v 0.03056221137578035 0.0052483266176829397 0.041496194673733361
v 0.030872597513899237 0.002598054697396125 0.041496194673733361
v 0.030950816528788484 -6.9184487446815679e-05 0.041496194673733361
v 0.030796272012892877 -0.0027330909634710483 0.041496194673733361
v 0.030410140327322446 -0.0053733913695156446 0.041496194673733361
v 0.029795361707491939 -0.0079699911268560058 0.041496194673733361
v 0.028956613099835375 -0.010503128277579373 0.041496194673733361
v 0.027900279636318324 -0.012953524883562738 0.041496194673733361
v 0.026634398684618737 -0.015302531339150521 0.041496194673733361
v 0.025168605524572851 -0.017532269775697412 0.041496194673733361
v 0.023514056215021999 -0.019625771002938972 0.041496194673733361
v 0.021683341759320331 -0.02156710350904139 0.041496194673733361
v 0.019690396320465053 -0.023341490849762048 0.041496194673733361
v 0.017550386055883712 -0.024935429193014957 0.041496194673733361
v 0.015279598005335781 -0.026336787766708863 0.041496194673733361
v 0.012895314897111279 -0.027534902236370312 0.041496194673733361
v 0.010415682187582423 -0.028520653219347204 0.041496194673733361
v 0.0078595714682157692 -0.029286538293952193 0.041496194673733361
v 0.0052464352928048392 -0.029826729599254011 0.041496194673733361
v 0.0025961633725180254 -0.030137115737372901 0.041496194673733361
v -7.1075812324916622e-05 -0.030215334752262145 0.041496194673733361
v -0.0027349831014816862 -0.03006079069043395 0.041496194673733361
v -0.0053752835075262812 -0.029674659004863518 0.041496194673733361
v -0.0079718832648666433 -0.029059880385033012 0.041496194673733361
v -0.010505020415590009 -0.028221131777376448 0.041496194673733361
v -0.012955417021573375 -0.027164798313859397 0.041496194673733361
v -0.015304423023093748 -0.025898918175292347 0.041496194673733361
v -0.017534161459640638 -0.02443312501524646 0.041496194673733361
v -0.019627662686882194 -0.022778575705695612 0.041496194673733361
v -0.021568995192984611 -0.020947861249993944 0.041496194673733361
v -0.023343382533705274 -0.018954915811138662 0.041496194673733361
v -0.024937320876958179 -0.016814905546557322 0.041496194673733361
v -0.026338679496768318 -0.014544117413425608 0.041496194673733361
v -0.027536793920313538 -0.012159834387784891 0.041496194673733361
v -0.028522544903290429 -0.0096802016782560341 0.041496194673733361
v -0.029288429977895419 -0.0071240909588893798 0.041496194673733361
v -0.029828621283197236 -0.0045109547834784498 0.041496194673733361
v -0.030139007421316123 -0.0018606828631916362 0.041496194673733361
v -0.03021722643620537 0.00080655632165130471 0.041496194673733361
v -0.030062682828444588 0.0034704644239406121 0.041496194673733361
v -0.029676551142874152 0.0061107648299852093 0.041496194673733361
v -0.02906177252304365 0.0087073645873255688 0.041496194673733361
v -0.028223023915387082 0.011240501738048936 0.041496194673733361
v -0.027166690451870031 0.013690898344032301 0.041496194673733361
v -0.025900809500170447 0.016039904799620083 0.041496194673733361
v -0.024435016340124561 0.018269643236166977 0.041496194673733361
v -0.022780467030573709 0.020363144463408533 0.041496194673733361
v -0.020949752574872041 0.022304476969510951 0.041496194673733361
v -0.018956807136016759 0.02407886431023161 0.041496194673733361
v -0.016816796871435419 0.025672802653484518 0.041496194673733361
v -0.014546008820887482 0.027074161227178432 0.041496194673733361
v -0.012126027139687327 0.028192767002048598 0.04150000005777324
v -0.0096534590526436148 0.029175707936415583 0.04150000005777324
v -0.0071046321973515132 0.029939411485042457 0.04150000005777324
v -0.0044989422614411696 0.03047806447498946 0.04150000005777324
v -0.0018562214933467557 0.030787566262737084 0.04150000005777324
v 0.00080341805965195782 0.030865560804832756 0.04150000005777324
v 0.0034597328572201183 0.030711457606315423 0.04150000005777324
v 0.0060925107019154691 0.030326426648898907 0.04150000005777324
v 0.0086817116736717798 0.029713398156062474 0.04150000005777324
v 0.011207631725764819 0.028877040878574289 0.04150000005777324
v 0.013651046522478586 0.027823716546334688 0.04150000005777324
v 0.015993358244294865 0.02656144237748654 0.04150000005777324
v 0.018216744441245006 0.025099826997270695 0.04150000005777324
v 0.020304280866020513 0.023449991826724258 0.04150000005777324
v 0.022240080949743536 0.021624493231397153 0.04150000005777324
v 0.024009411527833213 0.019637226074248837 0.04150000005777324
v 0.025598809476436252 0.01750331417670065 0.04150000005777324
v 0.026996174927987445 0.015238996876280683 0.04150000005777324
v 0.028190875318105373 0.012861507649013715 0.04150000005777324
v 0.029173816252472357 0.010388939561970003 0.04150000005777324
v 0.029937519801099231 0.0078401127066779035 0.04150000005777324
v 0.030476172791046238 0.005234422770767559 0.04150000005777324
v 0.030785674578793859 0.0025917020026731447 0.04150000005777324
v 0.030863669120889534 -6.7937550325570227e-05 0.04150000005777324
v 0.030709565468304785 -0.0027242515347611924 0.04150000005777324
v 0.030324534510888269 -0.0053570293794565418 0.04150000005777324
v 0.029711506018051836 -0.007946230351212856 0.04150000005777324
v 0.028875148740563652 -0.010472150403305893 0.04150000005777324
v 0.027821824408324054 -0.012915565200019661 0.04150000005777324
v 0.026559551052608443 -0.015257876467768525 0.04150000005777324
v 0.025097935672392598 -0.017481262664718663 0.04150000005777324
v 0.023448100501846158 -0.019568799089494174 0.04150000005777324
v 0.021622601906519056 -0.0215045991732172 0.04150000005777324
v 0.019635334749370736 -0.023273929751306873 0.04150000005777324
v 0.017501422851822553 -0.024863327699909909 0.04150000005777324
v 0.015237105468818872 -0.026260693197577296 0.04150000005777324
v 0.012859616324135615 -0.027455393541579033 0.04150000005777324
v 0.010387048237091903 -0.028438334475946018 0.04150000005777324
v 0.007838221381799803 -0.029202038024572892 0.04150000005777324
v 0.0052325314458894594 -0.029740691014519899 0.04150000005777324
v 0.0025898106777950442 -0.03005019280226752 0.04150000005777324
v -6.9828875203669109e-05 -0.030128187344363191 0.04150000005777324
v -0.0027261436727718299 -0.029974084145845858 0.04150000005777324
v -0.0053589215174671802 -0.029589053188429346 0.04150000005777324
v -0.0079481224892234918 -0.028976024695592909 0.04150000005777324
v -0.010474042541316531 -0.028139667418104725 0.04150000005777324
v -0.012917457338030298 -0.027086343085865126 0.04150000005777324
v -0.015259768151711752 -0.025824070543282052 0.04150000005777324
v -0.017483154348661892 -0.024362455163066208 0.04150000005777324
v -0.019570690773437399 -0.022712619992519771 0.04150000005777324
v -0.021506490857160422 -0.020887121397192666 0.04150000005777324
v -0.023275821435250098 -0.01889985424004435 0.04150000005777324
v -0.024865219383853138 -0.016765942342496162 0.04150000005777324
v -0.026262584927636775 -0.014501624876908649 0.04150000005777324
v -0.027457285225522259 -0.012124135814809226 0.04150000005777324
v -0.028440226159889243 -0.0096515677277655143 0.04150000005777324
v -0.029203929708516117 -0.0071027408724734136 0.04150000005777324
v -0.029742582698463124 -0.0044970509365630691 0.04150000005777324
v -0.030052084486210745 -0.0018543301684686559 0.04150000005777324
v -0.030130079028306417 0.00080530938453005942 0.04150000005777324
v -0.029975976283856495 0.0034616249952307563 0.04150000005777324
v -0.02959094532643998 0.0060944028399261066 0.04150000005777324
v -0.028977916833603543 0.008683603811682419 0.04150000005777324
v -0.028141559556115362 0.011209523863775456 0.04150000005777324
v -0.027088235223875764 0.013652938660489224 0.04150000005777324
v -0.025825961868160149 0.01599524992823809 0.04150000005777324
v -0.024364346487944305 0.018218636125188228 0.04150000005777324
v -0.022714511317397868 0.020306172549963735 0.04150000005777324
v -0.020889012722070766 0.022241972633686765 0.04150000005777324
v -0.018901745564922447 0.024011303211776438 0.04150000005777324
v -0.016767833667374259 0.025600701160379474 0.04150000005777324
v -0.01450351628437053 0.026998066658046889 0.04150000005777324
v -0.014503516284370523 0.026998066658046892 0.0094999985378547494
v -0.012161725712662991 0.028272275696839877 0.0095038057845397775
v -0.012126027139687327 0.028192767002048598 0.0094999985378547494
v -0.0096820930031341346 0.029258026679816768 0.0095038057845397775
v -0.0096534590526436148 0.029175707936415583 0.0094999985378547494
v -0.0071259822837674803 0.030023911754421755 0.0095038057845397775
v -0.0071046321973515132 0.029939411485042457 0.0094999985378547494
v -0.0045128461083565503 0.030564103059723572 0.0095038057845397775
v -0.0044989422614411696 0.03047806447498946 0.0094999985378547494
v -0.001862574188069737 0.030874489197842463 0.0095038057845397775
v -0.0018562214933467557 0.030787566262737084 0.0094999985378547494
v 0.00080466499677320528 0.03095270821273171 0.0095038057845397775
v 0.00080341805965195782 0.030865560804832756 0.0094999985378547494
v 0.0034685722859299746 0.030798164150903515 0.0095038057845397775
v 0.0034597328572201183 0.030711457606315423 0.0094999985378547494
v 0.0061088726919745701 0.030412032465333083 0.0095038057845397775
v 0.0060925107019154691 0.030326426648898907 0.0094999985378547494
v 0.0087054724493149313 0.029797253845502577 0.0095038057845397775
v 0.0086817116736717798 0.029713398156062474 0.0094999985378547494
v 0.011238609600038297 0.028958505237846013 0.0095038057845397775
v 0.011207631725764819 0.028877040878574289 0.0094999985378547494
v 0.013689006206021663 0.027902171774328959 0.0095038057845397775
v 0.013651046522478586 0.027823716546334688 0.0094999985378547494
v 0.016038013115676861 0.026636290009496834 0.0095038057845397775
v 0.015993358244294865 0.02656144237748654 0.0094999985378547494
v 0.018267751552223752 0.025170496849450951 0.0095038057845397775
v 0.018216744441245006 0.025099826997270695 0.0094999985378547494
v 0.020361252779465308 0.023515947539900099 0.0095038057845397775
v 0.020304280866020513 0.023449991826724258 0.0094999985378547494
v 0.022302585285567725 0.021685233084198431 0.0095038057845397775
v 0.022240080949743536 0.021624493231397153 0.0094999985378547494
v 0.024076972626288388 0.01969228764534315 0.0095038057845397775
v 0.024009411527833213 0.019637226074248837 0.0094999985378547494
v 0.025670910969541293 0.017552277380761809 0.0095038057845397775
v 0.025598809476436252 0.01750331417670065 0.0094999985378547494
v 0.027072269497118988 0.015281489412797642 0.0095038057845397775
v 0.026996174927987445 0.015238996876280683 0.0094999985378547494
v 0.028270384012896652 0.01289720622198938 0.0095038057845397775
v 0.028190875318105373 0.012861507649013715 0.0094999985378547494
v 0.029256134995873543 0.010417573512460523 0.0095038057845397775
v 0.029173816252472357 0.010388939561970003 0.0094999985378547494
v 0.030022020070478533 0.0078614627930938697 0.0095038057845397775
v 0.029937519801099231 0.0078401127066779035 0.0094999985378547494
v 0.03056221137578035 0.0052483266176829397 0.0095038057845397775
v 0.030476172791046238 0.005234422770767559 0.0094999985378547494
v 0.030872597513899237 0.002598054697396125 0.0095038057845397775
v 0.030785674578793859 0.0025917020026731447 0.0094999985378547494
v 0.030950816528788484 -6.9184487446815679e-05 0.0095038057845397775
v 0.030863669120889534 -6.7937550325570227e-05 0.0094999985378547494
v 0.030796272012892877 -0.0027330909634710483 0.0095038057845397775
v 0.030709565468304785 -0.0027242515347611924 0.0094999985378547494
v 0.030410140327322446 -0.0053733913695156446 0.0095038057845397775
v 0.030324534510888269 -0.0053570293794565418 0.0094999985378547494
v 0.029795361707491939 -0.0079699911268560058 0.0095038057845397775
v 0.029711506018051836 -0.007946230351212856 0.0094999985378547494
v 0.028956613099835375 -0.010503128277579373 0.0095038057845397775
v 0.028875148740563652 -0.010472150403305893 0.0094999985378547494
v 0.027900279636318324 -0.012953524883562738 0.0095038057845397775
v 0.027821824408324054 -0.012915565200019661 0.0094999985378547494
v 0.026634398684618737 -0.015302531339150521 0.0095038057845397775
v 0.026559551052608443 -0.015257876467768525 0.0094999985378547494
v 0.025168605524572851 -0.017532269775697412 0.0095038057845397775
v 0.025097935672392598 -0.017481262664718663 0.0094999985378547494
v 0.023514056215021999 -0.019625771002938972 0.0095038057845397775
v 0.023448100501846158 -0.019568799089494174 0.0094999985378547494
v 0.021683341759320331 -0.02156710350904139 0.0095038057845397775
v 0.021622601906519056 -0.0215045991732172 0.0094999985378547494
v 0.019690396320465053 -0.023341490849762048 0.0095038057845397775
v 0.019635334749370736 -0.023273929751306873 0.0094999985378547494
v 0.017550386055883712 -0.024935429193014957 0.0095038057845397775
v 0.017501422851822553 -0.024863327699909909 0.0094999985378547494
v 0.015279598005335781 -0.026336787766708863 0.0095038057845397775
v 0.015237105468818872 -0.026260693197577296 0.0094999985378547494
v 0.012895314897111279 -0.027534902236370312 0.0095038057845397775
v 0.012859616324135615 -0.027455393541579033 0.0094999985378547494
v 0.010415682187582423 -0.028520653219347204 0.0095038057845397775
v 0.010387048237091903 -0.028438334475946018 0.0094999985378547494
v 0.0078595714682157692 -0.029286538293952193 0.0095038057845397775
v 0.007838221381799803 -0.029202038024572892 0.0094999985378547494
v 0.0052464352928048392 -0.029826729599254011 0.0095038057845397775
v 0.0052325314458894594 -0.029740691014519899 0.0094999985378547494
v 0.0025961633725180254 -0.030137115737372901 0.0095038057845397775
v 0.0025898106777950442 -0.03005019280226752 0.0094999985378547494
v -7.1075812324916622e-05 -0.030215334752262145 0.0095038057845397775
v -6.9828875203669109e-05 -0.030128187344363191 0.0094999985378547494
v -0.0027349831014816862 -0.03006079069043395 0.0095038057845397775
v -0.0027261436727718299 -0.029974084145845858 0.0094999985378547494
v -0.0053752835075262812 -0.029674659004863518 0.0095038057845397775
v -0.0053589215174671802 -0.029589053188429346 0.0094999985378547494
v -0.0079718832648666433 -0.029059880385033012 0.0095038057845397775
v -0.0079481224892234918 -0.028976024695592909 0.0094999985378547494
v -0.010505020415590009 -0.028221131777376448 0.0095038057845397775
v -0.010474042541316531 -0.028139667418104725 0.0094999985378547494
v -0.012955417021573375 -0.027164798313859397 0.0095038057845397775
v -0.012917457338030298 -0.027086343085865126 0.0094999985378547494
v -0.015304423023093748 -0.025898918175292347 0.0095038057845397775
v -0.015259768151711752 -0.025824070543282052 0.0094999985378547494
v -0.017534161459640638 -0.02443312501524646 0.0095038057845397775
v -0.017483154348661892 -0.024362455163066208 0.0094999985378547494
v -0.019627662686882194 -0.022778575705695612 0.0095038057845397775
v -0.019570690773437399 -0.022712619992519771 0.0094999985378547494
v -0.021568995192984611 -0.020947861249993944 0.0095038057845397775
v -0.021506490857160422 -0.020887121397192666 0.0094999985378547494
v -0.023343382533705274 -0.018954915811138662 0.0095038057845397775
v -0.023275821435250098 -0.01889985424004435 0.0094999985378547494
v -0.024937320876958179 -0.016814905546557322 0.0095038057845397775
v -0.024865219383853138 -0.016765942342496162 0.0094999985378547494
v -0.026338679496768318 -0.014544117413425608 0.0095038057845397775
v -0.026262584927636775 -0.014501624876908649 0.0094999985378547494
v -0.027536793920313538 -0.012159834387784891 0.0095038057845397775
v -0.027457285225522259 -0.012124135814809226 0.0094999985378547494
v -0.028522544903290429 -0.0096802016782560341 0.0095038057845397775
v -0.028440226159889243 -0.0096515677277655143 0.0094999985378547494
v -0.029288429977895419 -0.0071240909588893798 0.0095038057845397775
v -0.029203929708516117 -0.0071027408724734136 0.0094999985378547494
v -0.029828621283197236 -0.0045109547834784498 0.0095038057845397775
v -0.029742582698463124 -0.0044970509365630691 0.0094999985378547494
v -0.030139007421316123 -0.0018606828631916362 0.0095038057845397775
v -0.030052084486210745 -0.0018543301684686559 0.0094999985378547494
v -0.03021722643620537 0.00080655632165130471 0.0095038057845397775
v -0.030130079028306417 0.00080530938453005942 0.0094999985378547494
v -0.030062682828444588 0.0034704644239406121 0.0095038057845397775
v -0.029975976283856495 0.0034616249952307563 0.0094999985378547494
v -0.029676551142874152 0.0061107648299852093 0.0095038057845397775
v -0.02959094532643998 0.0060944028399261066 0.0094999985378547494
v -0.02906177252304365 0.0087073645873255688 0.0095038057845397775
v -0.028977916833603543 0.008683603811682419 0.0094999985378547494
v -0.028223023915387082 0.011240501738048936 0.0095038057845397775
v -0.028141559556115362 0.011209523863775456 0.0094999985378547494
v -0.027166690451870031 0.013690898344032301 0.0095038057845397775
v -0.027088235223875764 0.013652938660489224 0.0094999985378547494
v -0.025900809500170447 0.016039904799620083 0.0095038057845397775
v -0.025825961868160149 0.01599524992823809 0.0094999985378547494
v -0.024435016340124561 0.018269643236166977 0.0095038057845397775
v -0.024364346487944305 0.018218636125188228 0.0094999985378547494
v -0.022780467030573709 0.020363144463408533 0.0095038057845397775
v -0.022714511317397868 0.020306172549963735 0.0094999985378547494
v -0.020949752574872041 0.022304476969510951 0.0095038057845397775
v -0.020889012722070766 0.022241972633686765 0.0094999985378547494
v -0.018956807136016759 0.02407886431023161 0.0095038057845397775
v -0.018901745564922447 0.024011303211776438 0.0094999985378547494
v -0.016816796871435419 0.025672802653484518 0.0095038057845397775
v -0.016767833667374259 0.025600701160379474 0.0094999985378547494
v -0.014546008820887482 0.027074161227178432 0.0095038057845397775
v -0.012197153626694806 0.028351180314581323 0.0095151939969821756
v -0.0097105086201700677 0.029339718526851237 0.0095151939969821756
v -0.0071471695881911461 0.030107769040211459 0.0095151939969821756
v -0.0045266450425801167 0.03064948767947414 0.0095151939969821756
v -0.0018688784031408905 0.03096075225537015 0.0095151939969821756
v 0.0008059030723714726 0.031039191456723892 0.0095151939969821756
v 0.0034773435056678274 0.030884209658450887 0.0095151939969821756
v 0.0061251092800034008 0.030496987974792281 0.0095151939969821756
v 0.0087290522561346146 0.029880470866168268 0.0095151939969821756
v 0.01126935309308587 0.029039350169743586 0.0095151939969821756
v 0.013726677187801574 0.027980028442614421 0.0095151939969821756
v 0.016082327119149181 0.026710567552663354 0.0095151939969821756
v 0.018318371226071793 0.02524063034245683 0.0095151939969821756
v 0.020417792312823448 0.023581401531705789 0.0095151939969821756
v 0.022364613734609805 0.021745510922233577 0.0095151939969821756
v 0.024144018983027524 0.019746930039246095 0.0095151939969821756
v 0.025742465144022966 0.017600868284311923 0.0095151939969821756
v 0.027147785115883772 0.015323658653317506 0.0095151939969821756
v 0.028349288630638101 0.012932634136021194 0.0095151939969821756
v 0.029337826842908015 0.010445989129496456 0.0095151939969821756
v 0.030105877356268237 0.0078826500975175337 0.0095151939969821756
v 0.030647595995530918 0.005262125551906506 0.0095151939969821756
v 0.030958860571426924 0.0026043589124672781 0.0095151939969821756
v 0.031037299772780667 -7.042256304508397e-05 0.0095151939969821756
v 0.030882317520440253 -0.0027418621832089006 0.0095151939969821756
v 0.030495095836781644 -0.0053896279575444735 0.0095151939969821756
v 0.029878578728157634 -0.007993570933675689 0.0095151939969821756
v 0.029037458031732952 -0.010533871770626944 0.0095151939969821756
v 0.027978136304603784 -0.012991195865342647 0.0095151939969821756
v 0.026708676227785253 -0.015346845342622838 0.0095151939969821756
v 0.02523873901757873 -0.017582889449545457 0.0095151939969821756
v 0.023579510206827688 -0.019682310536297109 0.0095151939969821756
v 0.02174361959735548 -0.021629131958083466 0.0095151939969821756
v 0.019745038714367995 -0.023408537206501181 0.0095151939969821756
v 0.017598976959433823 -0.025006983367496623 0.0095151939969821756
v 0.015321767245855645 -0.026412303385473648 0.0095151939969821756
v 0.012930742811143094 -0.027613806854111762 0.0095151939969821756
v 0.010444097804618356 -0.028602345066381672 0.0095151939969821756
v 0.0078807587726394349 -0.029370395579741897 0.0095151939969821756
v 0.0052602342270284064 -0.029912114219004578 0.0095151939969821756
v 0.0026024675875891789 -0.030223378794900585 0.0095151939969821756
v -7.2313887923183991e-05 -0.030301817996254327 0.0095151939969821756
v -0.002743754321219539 -0.030146836197981322 0.0095151939969821756
v -0.005391520095555111 -0.029759614514322717 0.0095151939969821756
v -0.0079954630716863265 -0.029143097405698707 0.0095151939969821756
v -0.010535763908637582 -0.028301976709274024 0.0095151939969821756
v -0.012993088003353286 -0.027242654982144857 0.0095151939969821756
v -0.015348737026566068 -0.025973195718458863 0.0095151939969821756
v -0.017584781133488679 -0.024503258508252343 0.0095151939969821756
v -0.019684202220240334 -0.022844029697501298 0.0095151939969821756
v -0.021631023642026691 -0.02100813908802909 0.0095151939969821756
v -0.023410428890444406 -0.019009558205041608 0.0095151939969821756
v -0.025008875051439849 -0.016863496450107436 0.0095151939969821756
v -0.026414195115533102 -0.014586286653945473 0.0095151939969821756
v -0.027615698538054984 -0.012195262301816705 0.0095151939969821756
v -0.028604236750324898 -0.0097086172952919672 0.0095151939969821756
v -0.029372287263685123 -0.0071452782633130447 0.0095151939969821756
v -0.029914005902947804 -0.0045247537177020162 0.0095151939969821756
v -0.03022527047884381 -0.0018669870782627893 0.0095151939969821756
v -0.030303709680197553 0.00080779439724957311 0.0095151939969821756
v -0.03014872833599196 0.0034792356436784645 0.0095151939969821756
v -0.029761506652333351 0.0061270014180140392 0.0095151939969821756
v -0.029144989543709341 0.0087309443941452521 0.0095151939969821756
v -0.028303868847284658 0.011271245231096507 0.0095151939969821756
v -0.027244547120155494 0.01372856932581221 0.0095151939969821756
v -0.025975087043336963 0.016084218803092402 0.0095151939969821756
v -0.02450514983313044 0.018320262910015019 0.0095151939969821756
v -0.022845921022379399 0.020419683996766674 0.0095151939969821756
v -0.021010030412907187 0.022366505418553031 0.0095151939969821756
v -0.019011449529919705 0.024145910666970746 0.0095151939969821756
v -0.016865387774985533 0.025744356827966188 0.0095151939969821756
v -0.014588178061407346 0.027149676845943216 0.0095151939969821756
v -0.012232039003140117 0.028428877459324223 0.0095340737682147805
v -0.009738490294701297 0.029420161459947497 0.0095340737682147805
v -0.0071680340530346802 0.030190345237617197 0.0095340737682147805
v -0.0045402318070247314 0.030733567811792342 0.0095340737682147805
v -0.0018750856589083852 0.031045695557742444 0.0095340737682147805
v 0.00080712223178210291 0.031124354240165072 0.0095340737682147805
v 0.0034859795537176053 0.030968942321381587 0.0095340737682147805
v 0.0061410983165018354 0.030580644686571169 0.0095340737682147805
v 0.0087522715615678658 0.02996241561808494 0.0095340737682147805
v 0.011299626007411984 0.029118959499423017 0.0095340737682147805
v 0.013763774546710973 0.02805669650281678 0.0095340737682147805
v 0.016125964529660211 0.026783710990079222 0.0095340737682147805
v 0.01836821602565843 0.02530969111711396 0.0095340737682147805
v 0.020473466896003698 0.023645856241436149 0.0095340737682147805
v 0.022425695288882892 0.021804867455140937 0.0095340737682147805
v 0.024210040735129799 0.019800736803170772 0.0095340737682147805
v 0.025812924000156764 0.017648715806538748 0.0095340737682147805
v 0.027222147712710271 0.015365184026247652 0.0095340737682147805
v 0.028426985775380997 0.012967519512466504 0.0095340737682147805
v 0.029418269776004272 0.010473970804027684 0.0095340737682147805
v 0.030188453553673972 0.0079035145623610695 0.0095340737682147805
v 0.03073167612784912 0.0052757123163511208 0.0095340737682147805
v 0.031043803873799219 0.0026105661682347733 0.0095340737682147805
v 0.031122462556221846 -7.1641722455715424e-05 0.0095340737682147805
v 0.030967050183370946 -0.0027504982312586798 0.0095340737682147805
v 0.030578752548560535 -0.0054056169940429073 0.0095340737682147805
v 0.029960523480074303 -0.0080167902391089403 0.0095340737682147805
v 0.029117067361412383 -0.010564144684953057 0.0095340737682147805
v 0.028054804364806143 -0.013028293224252047 0.0095340737682147805
v 0.026781819665201122 -0.015390482753133872 0.0095340737682147805
v 0.025307799792235859 -0.017632734249132091 0.0095340737682147805
v 0.023643964916558052 -0.019737985119477358 0.0095340737682147805
v 0.021802976130262837 -0.021690213512356553 0.0095340737682147805
v 0.019798845478292675 -0.02347455895860346 0.0095340737682147805
v 0.017646824481660651 -0.025077442223630425 0.0095340737682147805
v 0.015363292618785791 -0.02648666598230015 0.0095340737682147805
v 0.012965628187588403 -0.027691503998854658 0.0095340737682147805
v 0.010472079479149585 -0.028682787999477932 0.0095340737682147805
v 0.007901623237482969 -0.029452971777147632 0.0095340737682147805
v 0.0052738209914730202 -0.02999619435132278 0.0095340737682147805
v 0.0026086748433566736 -0.030308322097272883 0.0095340737682147805
v -7.3533047333814306e-05 -0.030386980779695507 0.0095340737682147805
v -0.0027523903692693169 -0.030231568860912023 0.0095340737682147805
v -0.0054075091320535465 -0.029843271226101607 0.0095340737682147805
v -0.0080186823771195778 -0.029225042157615375 0.0095340737682147805
v -0.010566036822963696 -0.028381586038953455 0.0095340737682147805
v -0.013030185362262685 -0.027319323042347216 0.0095340737682147805
v -0.015392374437077095 -0.026046339155874735 0.0095340737682147805
v -0.017634625933075316 -0.024572319282909472 0.0095340737682147805
v -0.019739876803420583 -0.022908484407231661 0.0095340737682147805
v -0.021692105196299778 -0.02106749562093645 0.0095340737682147805
v -0.023476450642546685 -0.019063364968966285 0.0095340737682147805
v -0.02507933390757365 -0.016911343972334261 0.0095340737682147805
v -0.026488557712359601 -0.014627812026875619 0.0095340737682147805
v -0.027693395682797883 -0.012230147678262016 0.0095340737682147805
v -0.028684679683421158 -0.0097365989698231965 0.0095340737682147805
v -0.029454863461090858 -0.0071661427281565796 0.0095340737682147805
v -0.029998086035266006 -0.0045383404821466309 0.0095340737682147805
v -0.030310213781216105 -0.001873194334030284 0.0095340737682147805
v -0.030388872463638729 0.0008090135566602045 0.0095340737682147805
v -0.030233460998922657 0.0034878716917282437 0.0095340737682147805
v -0.029845163364112245 0.006142990454512472 0.0095340737682147805
v -0.029226934295626013 0.0087541636995785033 0.0095340737682147805
v -0.028383478176964093 0.01130151814542262 0.0095340737682147805
v -0.027321215180357853 0.01376566668472161 0.0095340737682147805
v -0.026048230480752832 0.016127856213603436 0.0095340737682147805
v -0.024574210607787569 0.018370107709601655 0.0095340737682147805
v -0.022910375732109762 0.020475358579946923 0.0095340737682147805
v -0.021069386945814547 0.022427586972826114 0.0095340737682147805
v -0.019065256293844382 0.024211932419073025 0.0095340737682147805
v -0.016913235297212361 0.025814815684099986 0.0095340737682147805
v -0.014629703434337492 0.027224039442769719 0.0095340737682147805
v -0.012266118841421364 0.028504780111287462 0.0095603072624965493
v -0.0097658237058216718 0.029498743409129075 0.0095603072624965493
v -0.0071884151875868576 0.030271011017241951 0.0095603072624965493
v -0.004553505501547016 0.030815704318084884 0.0095603072624965493
v -0.001881150770138576 0.031128676588171804 0.0095603072624965493
v 0.00080831294846611884 0.031207546961475884 0.0095603072624965493
v 0.0034944174380236396 0.031051714682789208 0.0095603072624965493
v 0.0061567179900908582 0.030662364965694265 0.0095603072624965493
v 0.008774953705572729 0.030042464638877567 0.0095603072624965493
v 0.011329197552441989 0.02919672647150965 0.0095603072624965493
v 0.013800012263503138 0.028131591693491796 0.0095603072624965493
v 0.016168592684683927 0.026855162281772194 0.0095603072624965493
v 0.018416910425834154 0.0253771558662566 0.0095603072624965493
v 0.020527855342770351 0.023708820465329773 0.0095603072624965493
v 0.022485363175123341 0.021862851090760829 0.0095603072624965493
v 0.024274534334730136 0.019853299277534552 0.0095603072624965493
v 0.025881755687352095 0.017695458151261417 0.0095603072624965493
v 0.027294789721087259 0.015405748592534747 0.0095603072624965493
v 0.028502888427344237 0.013001599350747753 0.0095603072624965493
v 0.02949685172518585 0.01050130421514806 0.0095603072624965493
v 0.030269119333298729 0.0079238956969132461 0.0095603072624965493
v 0.030813812634141659 0.0052889860108734071 0.0095603072624965493
v 0.031126784904228579 0.0026166312794649654 0.0095603072624965493
v 0.031205655277532659 -7.283243913973114e-05 0.0095603072624965493
v 0.031049822544778574 -0.0027589361155647132 0.0095603072624965493
v 0.030660472827683631 -0.0054212366676319309 0.0095603072624965493
v 0.030040572500866929 -0.0080394723831138017 0.0095603072624965493
v 0.029194834333499012 -0.010593716229983063 0.0095603072624965493
v 0.028129699555481159 -0.013064530941044211 0.0095603072624965493
v 0.026853270956894094 -0.015433110908157591 0.0095603072624965493
v 0.025375264541378499 -0.017681428649307815 0.0095603072624965493
v 0.023706929140451673 -0.019792373566244015 0.0095603072624965493
v 0.021860959765882731 -0.021749881398597001 0.0095603072624965493
v 0.019851407952656452 -0.023539052558203797 0.0095603072624965493
v 0.01769356682638332 -0.025146273910825755 0.0095603072624965493
v 0.015403857185072888 -0.026559307990677138 0.0095603072624965493
v 0.012999708025869652 -0.027767406650817901 0.0095603072624965493
v 0.01049941289026996 -0.02876136994865951 0.0095603072624965493
v 0.0079220043720351473 -0.02953363755677239 0.0095603072624965493
v 0.0052870946859953057 -0.030078330857615319 0.0095603072624965493
v 0.0026147399545868645 -0.030391303127702243 0.0095603072624965493
v -7.4723764017830185e-05 -0.030470173501006319 0.0095603072624965493
v -0.0027608282535753511 -0.030314341222319643 0.0095603072624965493
v -0.0054231288056425693 -0.029924991505224704 0.0095603072624965493
v -0.008041364521124441 -0.029305091178408006 0.0095603072624965493
v -0.010595608367993701 -0.028459353011040085 0.0095603072624965493
v -0.01306642307905485 -0.027394218233022235 0.0095603072624965493
v -0.015435002592100814 -0.026117790447567707 0.0095603072624965493
v -0.01768332033325104 -0.024639784032052109 0.0095603072624965493
v -0.019794265250187237 -0.022971448631125286 0.0095603072624965493
v -0.021751773082540223 -0.021125479256556341 0.0095603072624965493
v -0.023540944242147022 -0.019115927443330065 0.0095603072624965493
v -0.025148165594768981 -0.01695808631705693 0.0095603072624965493
v -0.026561199720736589 -0.014668376593162714 0.0095603072624965493
v -0.027769298334761123 -0.012264227516543266 0.0095603072624965493
v -0.028763261632602736 -0.0097639323809435713 0.0095603072624965493
v -0.029535529240715612 -0.0071865238627087571 0.0095603072624965493
v -0.030080222541558545 -0.0045516141766689172 0.0095603072624965493
v -0.030393194811645464 -0.0018792594452604766 0.0095603072624965493
v -0.030472065184949545 0.00081020427334422022 0.0095603072624965493
v -0.030316233360330281 0.0034963095760342771 0.0095603072624965493
v -0.029926883643235338 0.0061586101281014957 0.0095603072624965493
v -0.02930698331641864 0.0087768458435833648 0.0095603072624965493
v -0.028461245149050723 0.011331089690452626 0.0095603072624965493
v -0.027396110371032869 0.013801904401513774 0.0095603072624965493
v -0.026119681772445804 0.016170484368627152 0.0095603072624965493
v -0.024641675356930209 0.01841880210977738 0.0095603072624965493
v -0.022973339956003383 0.020529747026713577 0.0095603072624965493
v -0.021127370581434442 0.022487254859066563 0.0095603072624965493
v -0.019117818768208162 0.024276426018673362 0.0095603072624965493
v -0.016959977641935027 0.02588364737129532 0.0095603072624965493
v -0.014670268000624589 0.027296681451146707 0.0095603072624965493
v -0.012299131645666659 0.028578306810586276 0.009593693314151365
v -0.009792303613973272 0.029574868567070253 0.009593693314151365
v -0.0072081582349522513 0.030349153048276629 0.009593693314151365
v -0.0045663632616174121 0.030895269823623134 0.009593693314151365
v -0.0018870246759397037 0.03120905926087271 0.009593693314151365
v 0.0008094674702661534 0.031288135943606611 0.009593693314151365
v 0.0035025908721120769 0.031131896646557494 0.009593693314151365
v 0.0061718480737684989 0.030741531262380703 0.009593693314151365
v 0.0087969263368887583 0.030120009672570523 0.009593693314151365
v 0.011357846125177975 0.029272062261432686 0.009593693314151365
v 0.01383511623091253 0.028204142805203863 0.009593693314151365
v 0.016209885764875705 0.026924377876039157 0.009593693314151365
v 0.018464078975507742 0.025442508790916415 0.009593693314151365
v 0.020580540965673789 0.023769814045359657 0.009593693314151365
v 0.022543163894250956 0.021919020849544602 0.009593693314151365
v 0.024337012496614199 0.019904217884103032 0.009593693314151365
v 0.025948432552712473 0.017740737466402329 0.009593693314151365
v 0.027365159837154256 0.015445044494473696 0.009593693314151365
v 0.028576415126643051 0.013034612154993047 0.009593693314151365
v 0.029572976883127031 0.010527784123299661 0.009593693314151365
v 0.030347261364333404 0.0079436387442786416 0.009593693314151365
v 0.030893378139679909 0.0053018437709438015 0.009593693314151365
v 0.031207167576929488 0.0026225051852660926 0.009593693314151365
v 0.031286244259663386 -7.3986960939764995e-05 0.009593693314151365
v 0.031130004508546857 -0.0027671095496531509 0.009593693314151365
v 0.030739639124370062 -0.0054363667513095716 0.009593693314151365
v 0.030118117534559886 -0.0080614450144298327 0.009593693314151365
v 0.029270170123422048 -0.01062236480271905 0.009593693314151365
v 0.028202250667193226 -0.013099634908453606 0.009593693314151365
v 0.026922486551161057 -0.015474403988349369 0.009593693314151365
v 0.025440617466038318 -0.017728597198981403 0.009593693314151365
v 0.023767922720481557 -0.019845059189147453 0.009593693314151365
v 0.021917129524666505 -0.021807682117724613 0.009593693314151365
v 0.019902326559224935 -0.02360153072008786 0.009593693314151365
v 0.017738846141524232 -0.025212950776186138 0.009593693314151365
v 0.015443153087011835 -0.026629678106744135 0.009593693314151365
v 0.013032720830114947 -0.027840933350116715 0.009593693314151365
v 0.01052589279842156 -0.028837495106600691 0.009593693314151365
v 0.0079417474194005411 -0.029611779587807065 0.009593693314151365
v 0.005299952446065701 -0.03015789636315357 0.009593693314151365
v 0.0026206138603879921 -0.030471685800403148 0.009593693314151365
v -7.5878285817864853e-05 -0.030550762483137046 0.009593693314151365
v -0.0027690016876637884 -0.030394523186087929 0.009593693314151365
v -0.0054382588893202091 -0.030004157801911138 0.009593693314151365
v -0.0080633371524404703 -0.029382636212100958 0.009593693314151365
v -0.010624256940729687 -0.028534688800963121 0.009593693314151365
v -0.013101527046464244 -0.027466769344734299 0.009593693314151365
v -0.015476295672292592 -0.02618700604183467 0.009593693314151365
v -0.017730488882924628 -0.024705136956711927 0.009593693314151365
v -0.019846950873090675 -0.02303244221115517 0.009593693314151365
v -0.021809573801667842 -0.021181649015340115 0.009593693314151365
v -0.023603422404031085 -0.019166846049898545 0.009593693314151365
v -0.025214842460129359 -0.017003365632197842 0.009593693314151365
v -0.026631569836803586 -0.014707672495101663 0.009593693314151365
v -0.027842825034059937 -0.012297240320788558 0.009593693314151365
v -0.028839386790543917 -0.0097904122890951732 0.009593693314151365
v -0.02961367127175029 -0.0072062669100741526 0.009593693314151365
v -0.030159788047096795 -0.0045644719367393116 0.009593693314151365
v -0.030473577484346374 -0.0018851333510616038 0.009593693314151365
v -0.030552654167080272 0.00081135879514425413 0.009593693314151365
v -0.030396415324098564 0.0035044830101227148 0.009593693314151365
v -0.030006049939921772 0.0061737402117791364 0.009593693314151365
v -0.029384528350111596 0.0087988184748993975 0.009593693314151365
v -0.028536580938973759 0.011359738263188613 0.009593693314151365
v -0.027468661482744936 0.013837008368923169 0.009593693314151365
v -0.026188897366712767 0.01621177744881893 0.009593693314151365
v -0.024707028281590025 0.018465970659450968 0.009593693314151365
v -0.023034333536033267 0.020582432649617018 0.009593693314151365
v -0.021183540340218212 0.022545055578194178 0.009593693314151365
v -0.019168737374776642 0.024338904180557425 0.009593693314151365
v -0.017005256957075943 0.025950324236655699 0.009593693314151365
v -0.014709563902563536 0.027367051567213703 0.009593693314151365
v -0.012330827414192825 0.028648899546148066 0.0096339748781486337
v -0.0098177262577467204 0.029647955234705311 0.0096339748781486337
v -0.0072271143620558 0.030424178159165007 0.0096339748781486337
v -0.0045787091496638319 0.030971660819528915 0.0096339748781486337
v -0.0018926646192495189 0.031286235970642479 0.0096339748781486337
v 0.00081057537373462529 0.031365509485030064 0.0096339748781486337
v 0.0035104384064162564 0.031208880018034443 0.0096339748781486337
v 0.0061863753737187678 0.030817536354453771 0.0096339748781486337
v 0.0088180221311672715 0.030194460203987469 0.0096339748781486337
v 0.01138534955260832 0.029344390526616252 0.0096339748781486337
v 0.013868819712980726 0.02827379981185138 0.0096339748781486337
v 0.016249531753200049 0.026990831528852892 0.0096339748781486337
v 0.018509366530957385 0.02550525503234027 0.0096339748781486337
v 0.020631125494305902 0.023828373508046733 0.0096339748781486337
v 0.0225986595657643 0.021972949807089342 0.0096339748781486337
v 0.024396996595018709 0.019953104280380805 0.0096339748781486337
v 0.02601244902995135 0.017784209833470226 0.0096339748781486337
v 0.027432721393436464 0.015482772047572807 0.0096339748781486337
v 0.028647007862204841 0.013066307923519212 0.0096339748781486337
v 0.029646063550762089 0.010553206767073109 0.0096339748781486337
v 0.030422286475221782 0.0079625948713821885 0.0096339748781486337
v 0.03096976913558569 0.0053141896589902213 0.0096339748781486337
v 0.031284344286699253 0.0026281451285759074 0.0096339748781486337
v 0.031363617801086839 -7.5094864408235796e-05 0.0096339748781486337
v 0.031206987880023809 -0.0027749570839573313 0.0096339748781486337
v 0.030815644216443134 -0.0054508940512598397 0.0096339748781486337
v 0.030192568065976831 -0.0080825408087083477 0.0096339748781486337
v 0.029342498388605618 -0.010649868230149396 0.0096339748781486337
v 0.028271907673840746 -0.0131333383905218 0.0096339748781486337
v 0.026988940203974795 -0.015514049976673709 0.0096339748781486337
v 0.02550336370746217 -0.017773884754431046 0.0096339748781486337
v 0.023826482183168636 -0.019895643717779563 0.0096339748781486337
v 0.021971058482211245 -0.021863177789237961 0.0096339748781486337
v 0.019951212955502708 -0.023661514818492369 0.0096339748781486337
v 0.017782318508592129 -0.025276967253425011 0.0096339748781486337
v 0.015480880640110948 -0.02669723966302634 0.0096339748781486337
v 0.013064416598641113 -0.027911526085678501 0.0096339748781486337
v 0.010551315442195008 -0.02891058177423575 0.0096339748781486337
v 0.0079607035465040898 -0.029686804698695446 0.0096339748781486337
v 0.0053122983341121217 -0.03023428735905935 0.0096339748781486337
v 0.0026262538036978074 -0.030548862510172917 0.0096339748781486337
v -7.6986189286336738e-05 -0.0306281360245605 0.0096339748781486337
v -0.0027768492219679679 -0.030471506557564882 0.0096339748781486337
v -0.005452786189270478 -0.030080162893984207 0.0096339748781486337
v -0.0080844329467189835 -0.029457086743517904 0.0096339748781486337
v -0.010651760368160032 -0.028607017066146691 0.0096339748781486337
v -0.01313523052853244 -0.027536426351381819 0.0096339748781486337
v -0.015515941660616936 -0.026253459694648405 0.0096339748781486337
v -0.017775776438374271 -0.02476788319813578 0.0096339748781486337
v -0.019897535401722788 -0.023091001673842246 0.0096339748781486337
v -0.021865069473181186 -0.021235577972884855 0.0096339748781486337
v -0.023663406502435591 -0.019215732446176317 0.0096339748781486337
v -0.025278858937368236 -0.017046837999265738 0.0096339748781486337
v -0.026699131393085794 -0.014745400048200774 0.0096339748781486337
v -0.027913417769621727 -0.012328936089314724 0.0096339748781486337
v -0.028912473458178971 -0.0098158349328686216 0.0096339748781486337
v -0.029688696382638668 -0.0072252230371777004 0.0096339748781486337
v -0.030236179043002576 -0.0045768178247857323 0.0096339748781486337
v -0.030550754194116143 -0.0018907732943714186 0.0096339748781486337
v -0.030630027708503725 0.00081246669861272493 0.0096339748781486337
v -0.03047339869557552 0.0035123305444268952 0.0096339748781486337
v -0.030082055031994841 0.0061882675117294044 0.0096339748781486337
v -0.029458978881528541 0.0088199142691779107 0.0096339748781486337
v -0.028608909204157328 0.011387241690618959 0.0096339748781486337
v -0.027538318489392456 0.013870711850991363 0.0096339748781486337
v -0.026255351019526502 0.016251423437143274 0.0096339748781486337
v -0.02476977452301388 0.01851125821490061 0.0096339748781486337
v -0.023092892998720343 0.020633017178249124 0.0096339748781486337
v -0.021237469297762952 0.022600551249707522 0.0096339748781486337
v -0.019217623771054414 0.02439888827896193 0.0096339748781486337
v -0.017048729324143835 0.026014340713894572 0.0096339748781486337
v -0.014747291455662647 0.027434613123495908 0.0096339748781486337
v -0.012360963695402133 0.028716019558018294 0.0096808464806838815
v -0.009841898651791102 0.029717447696180597 0.0096808464806838815
v -0.0072451381252429149 0.03049551261947351 0.0096808464806838815
v -0.0045904465518719776 0.031044295508383737 0.0096808464806838815
v -0.001898026976758979 0.031359616663073145 0.0096808464806838815
v 0.0008116285379312397 0.031439078503813569 0.0096808464806838815
v 0.0035179001757465567 0.031282076687762686 0.0096808464806838815
v 0.0062001877104889934 0.030889805586926309 0.0096808464806838815
v 0.008838080227231853 0.03026524852755115 0.0096808464806838815
v 0.011411501882484116 0.029413163182892506 0.0096808464806838815
v 0.013900865161326017 0.02834003061813662 0.0096808464806838815
v 0.016287228538328442 0.027054017461389943 0.0096808464806838815
v 0.018552426417907761 0.025564915128178978 0.0096808464806838815
v 0.020679221472100377 0.02388405421885062 0.0096808464806838815
v 0.022651425393340814 0.022024225812268136 0.0096808464806838815
v 0.024454030808920571 0.01999958659185869 0.0096808464806838815
v 0.026073316079495756 0.017825543762854508 0.0096808464806838815
v 0.027496960490170128 0.015518644281227921 0.0096808464806838815
v 0.028714127874075072 0.013096444204728521 0.0096808464806838815
v 0.029715556012237371 0.01057737916111749 0.0096808464806838815
v 0.030493620935530284 0.0079806186345693034 0.0096808464806838815
v 0.031042403824440512 0.0053259270611983661 0.0096808464806838815
v 0.03135772497912992 0.0026335074860853679 0.0096808464806838815
v 0.031437186819870344 -7.6148028604850805e-05 0.0096808464806838815
v 0.031280184549752045 -0.0027824188532876303 0.0096808464806838815
v 0.030887913448915671 -0.005464706388030067 0.0096808464806838815
v 0.030263356389540513 -0.0081025989047729275 0.0096808464806838815
v 0.029411271044881868 -0.010676020560025191 0.0096808464806838815
v 0.028338138480125983 -0.013165383838867091 0.0096808464806838815
v 0.027052126136511843 -0.015551746761802102 0.0096808464806838815
v 0.025563023803300881 -0.017816944641381421 0.0096808464806838815
v 0.023882162893972519 -0.019943739695574034 0.0096808464806838815
v 0.022022334487390036 -0.021915943616814478 0.0096808464806838815
v 0.019997695266980593 -0.023718549032394232 0.0096808464806838815
v 0.017823652437976411 -0.025337834302969417 0.0096808464806838815
v 0.015516752873766059 -0.026761478759760007 0.0096808464806838815
v 0.013094552879850421 -0.027978646097548732 0.0096808464806838815
v 0.01057548783623939 -0.028980074235711032 0.0096808464806838815
v 0.0079787273096912029 -0.029758139159003945 0.0096808464806838815
v 0.0053240357363202673 -0.030306922047914173 0.0096808464806838815
v 0.0026316161612072674 -0.03062224320260358 0.0096808464806838815
v -7.8039353482951043e-05 -0.030701705043344008 0.0096808464806838815
v -0.0027843109912982682 -0.030544703227293118 0.0096808464806838815
v -0.0054665985260407045 -0.030152432126456744 0.0096808464806838815
v -0.008104491042783565 -0.029527875067081589 0.0096808464806838815
v -0.010677912698035828 -0.028675789722422945 0.0096808464806838815
v -0.013167275976877729 -0.027602657157667056 0.0096808464806838815
v -0.015553638445745329 -0.026316645627185456 0.0096808464806838815
v -0.017818836325324647 -0.024827543293974491 0.0096808464806838815
v -0.019945631379517263 -0.023146682384646133 0.0096808464806838815
v -0.0219178353007577 -0.021286853978063645 0.0096808464806838815
v -0.023720440716337454 -0.019262214757654203 0.0096808464806838815
v -0.025339725986912639 -0.017088171928650021 0.0096808464806838815
v -0.026763370489819457 -0.014781272281855887 0.0096808464806838815
v -0.027980537781491954 -0.012359072370524034 0.0096808464806838815
v -0.028981965919654254 -0.0098400073269130015 0.0096808464806838815
v -0.02976003084294717 -0.0072432468003648153 0.0096808464806838815
v -0.030308813731857398 -0.0045885552269938762 0.0096808464806838815
v -0.030624134886546805 -0.0018961356518808791 0.0096808464806838815
v -0.030703596727287234 0.00081351986280933989 0.0096808464806838815
v -0.030546595365303755 0.0035197923137571942 0.0096808464806838815
v -0.030154324264467382 0.0062020798484996318 0.0096808464806838815
v -0.029529767205092223 0.0088399723652424905 0.0096808464806838815
v -0.028677681860433579 0.011413394020494754 0.0096808464806838815
v -0.027604549295677693 0.013902757299336654 0.0096808464806838815
v -0.026318536952063553 0.016289120222271667 0.0096808464806838815
v -0.024829434618852588 0.018554318101850986 0.0096808464806838815
v -0.02314857370952423 0.020681113156043599 0.0096808464806838815
v -0.021288745302941746 0.022653317077284039 0.0096808464806838815
v -0.0192641060825323 0.024455922492863796 0.0096808464806838815
v -0.017090063253528118 0.026075207763438978 0.0096808464806838815
v -0.014783163689317761 0.027498852220229575 0.0096808464806838815
v -0.012389312554575461 0.028779158380665453 0.0097339542191787545
v -0.0098646365539826319 0.029782817354023047 0.0097339542191787545
v -0.0072620922009581619 0.030562614431881529 0.0097339542191787545
v -0.0046014875976546693 0.03111261921114971 0.0097339542191787545
v -0.0019030712714606956 0.031428643660941703 0.0097339542191787545
v 0.00081261913814878483 0.031508283950814099 0.0097339542191787545
v 0.0035249173292766839 0.031350931113474367 0.0097339542191787545
v 0.0062131802759336115 0.030957785488145158 0.0097339542191787545
v 0.0088569490995993646 0.030331839884882993 0.0097339542191787545
v 0.011436101999463643 0.029477854047557855 0.0097339542191787545
v 0.013931011248329421 0.028402331387169865 0.0097339542191787545
v 0.016322689511564844 0.027113455618834978 0.0097339542191787545
v 0.018592931625380987 0.025621035530096061 0.0097339542191787545
v 0.020724463112062573 0.023936430044048506 0.0097339542191787545
v 0.022701060140557516 0.022072459470438899 0.0097339542191787545
v 0.024507680986868355 0.020043311444845082 0.0097339542191787545
v 0.026130572912892412 0.017864425940919613 0.0097339542191787545
v 0.027557389247832707 0.015552388754992045 0.0097339542191787545
v 0.028777266696722231 0.01312479306390185 0.0097339542191787545
v 0.029780925670079825 0.010600117063309019 0.0097339542191787545
v 0.030560722747938307 0.0079975727102845513 0.0097339542191787545
v 0.031110727527206488 0.0053369681069810587 0.0097339542191787545
v 0.031426751976998478 0.0026385517807870841 0.0097339542191787545
v 0.031506392266870867 -7.7138628822395825e-05 0.0097339542191787545
v 0.031349038975463726 -0.0027894360068177583 0.0097339542191787545
v 0.03095589335013452 -0.0054776989534746825 0.0097339542191787545
v 0.030329947746872359 -0.0081214677771404391 0.0097339542191787545
v 0.029475961909547221 -0.010700620677004719 0.0097339542191787545
v 0.028400439249159228 -0.013195529925870496 0.0097339542191787545
v 0.027111564293956877 -0.015587207735038505 0.0097339542191787545
v 0.025619144205217964 -0.017857449848854647 0.0097339542191787545
v 0.023934538719170409 -0.01998898133553623 0.0097339542191787545
v 0.022070568145560798 -0.021965578364031176 0.0097339542191787545
v 0.020041420119966985 -0.023772199210342015 0.0097339542191787545
v 0.017862534616041512 -0.025395091136366073 0.0097339542191787545
v 0.015550497347530183 -0.026821907517422586 0.0097339542191787545
v 0.013122901739023749 -0.028041784920195892 0.0097339542191787545
v 0.01059822573843092 -0.029045443893553482 0.0097339542191787545
v 0.0079956813854064508 -0.029825240971411968 0.0097339542191787545
v 0.0053350767821029581 -0.030375245750680145 0.0097339542191787545
v 0.0026366604559089836 -0.030691270200472142 0.0097339542191787545
v -7.9029953700496171e-05 -0.030770910490344531 0.0097339542191787545
v -0.0027913281448283954 -0.030613557653004799 0.0097339542191787545
v -0.0054795910914853217 -0.030220412027675593 0.0097339542191787545
v -0.0081233599151510783 -0.029594466424413431 0.0097339542191787545
v -0.010702512815015356 -0.028740480587088293 0.0097339542191787545
v -0.013197422063881133 -0.0276649579267003 0.0097339542191787545
v -0.015589099418981732 -0.026376083784630491 0.0097339542191787545
v -0.017859341532797873 -0.024883663695891574 0.0097339542191787545
v -0.019990873019479456 -0.023199058209844019 0.0097339542191787545
v -0.021967470047974398 -0.021335087636234408 0.0097339542191787545
v -0.023774090894285241 -0.019305939610640595 0.0097339542191787545
v -0.025396982820309298 -0.017127054106715122 0.0097339542191787545
v -0.026823799247482037 -0.014815016755620011 0.0097339542191787545
v -0.028043676604139117 -0.012387421229697363 0.0097339542191787545
v -0.029047335577496711 -0.0098627452291045314 0.0097339542191787545
v -0.02982713265535519 -0.0072602008760800614 0.0097339542191787545
v -0.030377137434623371 -0.0045995962727765688 0.0097339542191787545
v -0.030693161884415367 -0.0019011799465825953 0.0097339542191787545
v -0.030772802174287756 0.00081451046302688491 0.0097339542191787545
v -0.030615449791015433 0.0035268094672873222 0.0097339542191787545
v -0.030222304165686231 0.0062150724139442472 0.0097339542191787545
v -0.029596358562424069 0.0088588412376100021 0.0097339542191787545
v -0.028742372725098931 0.011437994137474282 0.0097339542191787545
v -0.027666850064710938 0.013932903386340059 0.0097339542191787545
v -0.026377975109508588 0.016324581195508066 0.0097339542191787545
v -0.024885555020769671 0.018594823309324212 0.0097339542191787545
v -0.023200949534722116 0.020726354796005795 0.0097339542191787545
v -0.021336978961112509 0.022702951824500738 0.0097339542191787545
v -0.019307830935518692 0.02450957267081158 0.0097339542191787545
v -0.017128945431593223 0.026132464596835634 0.0097339542191787545
v -0.014816908163081885 0.027559280977892155 0.0097339542191787545
v -0.012415657944470119 0.028837835044518329 0.0097928920369907205
v -0.0098857670948268254 0.029843565527602943 0.0097928920369907205
v -0.0072778482938800921 0.030624974958446526 0.0097928920369907205
v -0.0046117494739983103 0.031176114958836543 0.0097928920369907205
v -0.0019077593595163817 0.031492792118277539 0.0097928920369907205
v 0.00081354055404794334 0.031572595183413169 0.0097928920369907205
v 0.0035314396337433676 0.031414918165700426 0.0097928920369907205
v 0.0062252539650610181 0.031020962038716144 0.0097928920369907205
v 0.0088744836859589258 0.030393722327203512 0.0097928920369907205
v 0.011458964628958766 0.029537973517646691 0.0097928920369907205
v 0.013959025263934983 0.028460228694860191 0.0097928920369907205
v 0.016355641940580593 0.027168690762245967 0.0097928920369907205
v 0.018630574351629205 0.025673189416900274 0.0097928920369907205
v 0.020766508715223092 0.023985104301467289 0.0097928920369907205
v 0.022747187757156052 0.022117285051579207 0.0097928920369907205
v 0.024557538353579846 0.020083944969603064 0.0097928920369907205
v 0.026183783286210145 0.017900560226867888 0.0097928920369907205
v 0.027613545807142859 0.015583747558575365 0.0097928920369907205
v 0.028835943360575104 0.013151138453796507 0.0097928920369907205
v 0.029841673843659721 0.010621247604153214 0.0097928920369907205
v 0.030623083274503301 0.0080133288032064806 0.0097928920369907205
v 0.031174223274893317 0.0053472299833246997 0.0097928920369907205
v 0.031490900434334307 0.0026432398688427694 0.0097928920369907205
v 0.031570703499469936 -7.8060044721554444e-05 0.0097928920369907205
v 0.031413026027689785 -0.0027959583112844408 0.0097928920369907205
v 0.03101906990070551 -0.0054897726426020917 0.0097928920369907205
v 0.030391830189192878 -0.0081390023634999985 0.0097928920369907205
v 0.029536081379636057 -0.01072348330649984 0.0097928920369907205
v 0.028458336556849553 -0.013223543941476058 0.0097928920369907205
v 0.02716679943736787 -0.015620160164054254 0.0097928920369907205
v 0.025671298092022173 -0.017895092575102866 0.0097928920369907205
v 0.023983212976589192 -0.020031026938696756 0.0097928920369907205
v 0.02211539372670111 -0.022011705980629712 0.0097928920369907205
v 0.020082053644724967 -0.023822056577053507 0.0097928920369907205
v 0.017898668901989791 -0.025448301509683805 0.0097928920369907205
v 0.015581856151113503 -0.026878064076732735 0.0097928920369907205
v 0.013149247128918407 -0.028100461584048764 0.0097928920369907205
v 0.010619356279275113 -0.029106192067133382 0.0097928920369907205
v 0.0080114374783283818 -0.029887601497976965 0.0097928920369907205
v 0.0053453386584465992 -0.030438741498366981 0.0097928920369907205
v 0.0026413485439646697 -0.030755418657807974 0.0097928920369907205
v -7.9951369599654681e-05 -0.030835221722943604 0.0097928920369907205
v -0.0027978504492950792 -0.030677544705230861 0.0097928920369907205
v -0.0054916647806127284 -0.030283588578246579 0.0097928920369907205
v -0.0081408945015106378 -0.029656348866733951 0.0097928920369907205
v -0.010725375444510478 -0.02880060005717713 0.0097928920369907205
v -0.013225436079486695 -0.027722855234390626 0.0097928920369907205
v -0.015622051847997481 -0.026431318928041479 0.0097928920369907205
v -0.017896984259046091 -0.024935817582695783 0.0097928920369907205
v -0.020032918622639978 -0.023247732467262801 0.0097928920369907205
v -0.022013597664572938 -0.021379913217374719 0.0097928920369907205
v -0.023823948260996732 -0.019346573135398577 0.0097928920369907205
v -0.025450193193627031 -0.017163188392663401 0.0097928920369907205
v -0.026879955806792189 -0.014846375559203331 0.0097928920369907205
v -0.02810235326799199 -0.012413766619592018 0.0097928920369907205
v -0.029108083751076607 -0.0098838757699487266 0.0097928920369907205
v -0.029889493181920187 -0.0072759569690019907 0.0097928920369907205
v -0.030440633182310203 -0.0046098581491202098 0.0097928920369907205
v -0.030757310341751196 -0.0019058680346382805 0.0097928920369907205
v -0.030837113406886826 0.00081543187892604352 0.0097928920369907205
v -0.030679436843241495 0.0035333317717540047 0.0097928920369907205
v -0.030285480716257217 0.0062271461030716565 0.0097928920369907205
v -0.029658241004744585 0.0088763758239695616 0.0097928920369907205
v -0.028802492195187768 0.011460856766969403 0.0097928920369907205
v -0.027724747372401264 0.013960917401945621 0.0097928920369907205
v -0.02643321025291958 0.016357533624523819 0.0097928920369907205
v -0.024937708907573884 0.018632466035572431 0.0097928920369907205
v -0.023249623792140899 0.020768400399166317 0.0097928920369907205
v -0.02138180454225282 0.022749079441099277 0.0097928920369907205
v -0.019348464460276674 0.024559430037523068 0.0097928920369907205
v -0.017165079717541498 0.02618567497015337 0.0097928920369907205
v -0.014848266966665205 0.027615437537202303 0.0097928920369907205
v -0.012439799337859127 0.028891602581026288 0.0098572128992839639
v -0.0099051299706001943 0.029899231320396437 0.0098572128992839639
v -0.0072922862287864111 0.030682117294338944 0.0098572128992839639
v -0.004621150792923588 0.031234296987441248 0.0098572128992839639
v -0.0019120555252591493 0.031551572100694883 0.0098572128992839639
v 0.00081438407523910968 0.031631527326307023 0.0098572128992839639
v 0.0035374158639724439 0.031473552695356469 0.0098572128992839639
v 0.0062363182904426476 0.031078851632043873 0.0098572128992839639
v 0.0088905511322139464 0.030450426990531493 0.0098572128992839639
v 0.01147991311394436 0.029593062402992185 0.0098572128992839639
v 0.013984696315774937 0.028513282634329059 0.0098572128992839639
v 0.016385838427328228 0.027219306333695369 0.0098572128992839639
v 0.018665067176332255 0.025720978415812966 0.0098572128992839639
v 0.020805034165577507 0.024029706127944278 0.0098572128992839639
v 0.02278945575277766 0.022158359582151479 0.0098572128992839639
v 0.024603224652800113 0.020121178872287301 0.0098572128992839639
v 0.026232542005100203 0.01793367128527891 0.0098572128992839639
v 0.027665004086650888 0.015612482760654176 0.0098572128992839639
v 0.028889710897083067 0.013175279847185514 0.0098572128992839639
v 0.029897339636453212 0.010640610479926583 0.0098572128992839639
v 0.030680225610395719 0.0080277667381128005 0.0098572128992839639
v 0.031232405303498027 0.0053566313022499765 0.0098572128992839639
v 0.031549680416751658 0.0026475360345855374 0.0098572128992839639
v 0.031629635642363797 -7.8903565912719911e-05 0.0098572128992839639
v 0.031471660557345828 -0.0028019345415135183 0.0098572128992839639
v 0.031076959494033239 -0.0055008369679837212 0.0098572128992839639
v 0.030448534852520859 -0.0081550698097550191 0.0098572128992839639
v 0.029591170264981551 -0.010744431791485435 0.0098572128992839639
v 0.028511390496318421 -0.013249214993316012 0.0098572128992839639
v 0.027217414195684735 -0.015650357104869301 0.0098572128992839639
v 0.025719087090934865 -0.017929585399805915 0.0098572128992839639
v 0.024027814803066181 -0.020069552389051167 0.0098572128992839639
v 0.022156468257273378 -0.022053973976251324 0.0098572128992839639
v 0.020119287547409204 -0.023867742876273773 0.0098572128992839639
v 0.017931779960400813 -0.025497060228573867 0.0098572128992839639
v 0.015610591353192314 -0.026929522356240763 0.0098572128992839639
v 0.013173388522307414 -0.028154229120556727 0.0098572128992839639
v 0.010638719155048482 -0.029161857859926872 0.0098572128992839639
v 0.0080258754132347 -0.029944743833869379 0.0098572128992839639
v 0.0053547399773718769 -0.030496923526971687 0.0098572128992839639
v 0.0026456447097074377 -0.030814198640225318 0.0098572128992839639
v -8.0794890790821016e-05 -0.030894153865837461 0.0098572128992839639
v -0.0028038266795241554 -0.0307361792348869 0.0098572128992839639
v -0.0055027291059943587 -0.030341478171574312 0.0098572128992839639
v -0.0081569619477656584 -0.029713053530061928 0.0098572128992839639
v -0.010746323929496074 -0.028855688942522623 0.0098572128992839639
v -0.013251107131326649 -0.027775909173859498 0.0098572128992839639
v -0.015652248788812523 -0.026481933686358344 0.0098572128992839639
v -0.017931477083749141 -0.024983606581608475 0.0098572128992839639
v -0.020071444072994393 -0.023292334293739791 0.0098572128992839639
v -0.022055865660194546 -0.021420987747946992 0.0098572128992839639
v -0.023869634560216998 -0.019383807038082814 0.0098572128992839639
v -0.025498951912517089 -0.017196299451074423 0.0098572128992839639
v -0.026931414086300218 -0.014875110761282142 0.0098572128992839639
v -0.028156120804499953 -0.012437908012981027 0.0098572128992839639
v -0.029163749543870097 -0.0099032386457220938 0.0098572128992839639
v -0.029946635517812605 -0.0072903949039083106 0.0098572128992839639
v -0.030498815210914913 -0.0046192594680454866 0.0098572128992839639
v -0.030816090324168544 -0.0019101642003810486 0.0098572128992839639
v -0.030896046003848092 0.00081627621324974653 0.0098572128992839639
v -0.030738071372897538 0.0035393080019830822 0.0098572128992839639
v -0.030343370309584949 0.006238210428453286 0.0098572128992839639
v -0.029714945668072566 0.0088924432702245822 0.0098572128992839639
v -0.028857581080533257 0.011481805251954998 0.0098572128992839639
v -0.027777801311870132 0.013986588453785575 0.0098572128992839639
v -0.026483825011236441 0.016387730565338862 0.0098572128992839639
v -0.024985497906486576 0.01866695886027548 0.0098572128992839639
v -0.023294225618617888 0.020806925849520728 0.0098572128992839639
v -0.021422879072825089 0.022791347436720885 0.0098572128992839639
v -0.019385698362960915 0.024605116336743334 0.0098572128992839639
v -0.01719819077595252 0.026234433689043428 0.0098572128992839639
v -0.014877002168744016 0.027666895816710332 0.0098572128992839639
v -0.012461551822533515 0.028940050102991791 0.0099264250677390878
v -0.0099225778499165036 0.029949391392951843 0.0099264250677390878
v -0.0073052952386979501 0.03073360621543722 0.0099264250677390878
v -0.004629623925363857 0.031286725184329255 0.0099264250677390878
v -0.0019159261430723978 0.031604539441122688 0.0099264250677390878
v 0.00081514444509362132 0.031684629433583675 0.0099264250677390878
v 0.0035428023142133809 0.031526385753086916 0.0099264250677390878
v 0.0062462899040644114 0.031131015182591731 0.0099264250677390878
v 0.0089050293562216078 0.030501523026884195 0.0099264250677390878
v 0.011498788074409388 0.029642703161965274 0.0099264250677390878
v 0.014007826099704938 0.028561088062166267 0.0099264250677390878
v 0.016413047794522989 0.027264914033663653 0.0099264250677390878
v 0.018696148467518568 0.025764042021937428 0.0099264250677390878
v 0.020839751009006719 0.02406989630814528 0.0099264250677390878
v 0.022827541512018878 0.022195370638307219 0.0099264250677390878
v 0.024644392374335217 0.020154730028377789 0.0099264250677390878
v 0.026276476096993913 0.017963506307376816 0.0099264250677390878
v 0.027711372156473683 0.015638375500736063 0.0099264250677390878
v 0.028938158419048565 0.013197032331859903 0.0099264250677390878
v 0.029947499709008618 0.010658058359242892 0.0099264250677390878
v 0.030731714531493995 0.0080407757480243404 0.0099264250677390878
v 0.031284833500386029 0.0053651044346902464 0.0099264250677390878
v 0.031602647757179463 0.0026514066523987863 0.0099264250677390878
v 0.031682737295573034 -7.9663122634695421e-05 0.0099264250677390878
v 0.031524493615076275 -0.0028073209917544549 0.0099264250677390878
v 0.031129123044581094 -0.005510808581605485 0.0099264250677390878
v 0.030499630888873561 -0.0081695480337626823 0.0099264250677390878
v 0.029640811023954636 -0.010763306751950462 0.0099264250677390878
v 0.02855919592415563 -0.013272344777246014 0.0099264250677390878
v 0.027263021895653015 -0.015677566472064065 0.0099264250677390878
v 0.025762150697059331 -0.017960666690992229 0.0099264250677390878
v 0.024068004983267183 -0.02010426923248038 0.0099264250677390878
v 0.022193479313429122 -0.022092059735492539 0.0099264250677390878
v 0.020152838703499692 -0.023908910597808877 0.0099264250677390878
v 0.017961614982498715 -0.025540994320467574 0.0099264250677390878
v 0.0156364840932742 -0.026975890426063562 0.0099264250677390878
v 0.013195141006981803 -0.028202676642522229 0.0099264250677390878
v 0.010656167034364792 -0.029212017932482279 0.0099264250677390878
v 0.0080388844231462399 -0.029996232754967659 0.0099264250677390878
v 0.0053632131098121467 -0.03054935172385969 0.0099264250677390878
v 0.0026495153275206862 -0.030867165980653123 0.0099264250677390878
v -8.1555260645332656e-05 -0.030947255973114107 0.0099264250677390878
v -0.0028092131297650924 -0.030789012292617352 0.0099264250677390878
v -0.0055127007196161225 -0.03039364172212217 0.0099264250677390878
v -0.0081714401717733198 -0.029764149566414634 0.0099264250677390878
v -0.0107651988899611 -0.028905329701495709 0.0099264250677390878
v -0.013274236915256652 -0.027823714601696702 0.0099264250677390878
v -0.015679458610074699 -0.026527540573194088 0.0099264250677390878
v -0.017962558374935454 -0.025026670187732941 0.0099264250677390878
v -0.020106160916423602 -0.023332524473940793 0.0099264250677390878
v -0.022093951419435764 -0.021457998804102731 0.0099264250677390878
v -0.023910802281752103 -0.019417358194173302 0.0099264250677390878
v -0.025542886004410799 -0.017226134473172328 0.0099264250677390878
v -0.026977782156123013 -0.014901003501364028 0.0099264250677390878
v -0.028204568326465451 -0.012459660497655414 0.0099264250677390878
v -0.029213909616425504 -0.0099206865250384031 0.0099264250677390878
v -0.029998124438910881 -0.0073034039138198514 0.0099264250677390878
v -0.030551243407802912 -0.0046277326004857565 0.0099264250677390878
v -0.030869057664596349 -0.0019140348181942975 0.0099264250677390878
v -0.030949148111124744 0.00081703658310425969 0.0099264250677390878
v -0.030790904430627986 0.0035446944522240192 0.0099264250677390878
v -0.030395533860132804 0.0062481820420750497 0.0099264250677390878
v -0.029766041704425268 0.0089069214942322453 0.0099264250677390878
v -0.028907221839506347 0.011500680212420025 0.0099264250677390878
v -0.02782560673970734 0.014009718237715577 0.0099264250677390878
v -0.026529432711204726 0.016414939932533627 0.0099264250677390878
v -0.025028561512611038 0.018698040151461794 0.0099264250677390878
v -0.023334415798818894 0.020841642692949941 0.0099264250677390878
v -0.021459890128980828 0.0228294331959621 0.0099264250677390878
v -0.019419249519051399 0.024646284058278439 0.0099264250677390878
v -0.017228025798050425 0.026278367780937138 0.0099264250677390878
v -0.014902894908825902 0.02771326388653313 0.0099264250677390878
v -0.012480750140407879 0.028982809082596955 0.0099999995511337106
v -0.0099379773768638862 0.029993663669487202 0.0099999995511337106
v -0.0073167774074133878 0.030779050522723138 0.0099999995511337106
v -0.0046371013260285438 0.031332997790985556 0.0099999995511337106
v -0.0019193426449131013 0.031651287682537513 0.0099999995511337106
v 0.00081581422193024457 0.03173149840697833 0.0099999995511337106
v 0.0035475555330606815 0.031573017599385633 0.0099999995511337106
v 0.0062550877185314829 0.031177055401477409 0.0099999995511337106
v 0.0089178077659231286 0.030546620138677264 0.0099999995511337106
v 0.011515450131761359 0.029686515022679442 0.0099999995511337106
v 0.014028241909924678 0.028603281863508516 0.0099999995511337106
v 0.016437064463224158 0.027305167591178209 0.0099999995511337106
v 0.01872358068124183 0.025802049181926662 0.0099999995511337106
v 0.020870390982814759 0.024105368235813673 0.0099999995511337106
v 0.02286115645509651 0.022228036535891615 0.0099999995511337106
v 0.024680727552514947 0.020184343112082018 0.0099999995511337106
v 0.026315253169461754 0.017989839145138166 0.0099999995511337106
v 0.027752295490824863 0.015661227805429546 0.0099999995511337106
v 0.028980919024918807 0.01321623155786909 0.0099999995511337106
v 0.029991771985543977 0.010673457886190275 0.0099999995511337106
v 0.030777158838779912 0.0080522579167397763 0.0099999995511337106
v 0.031331106107042324 0.0053725818353549341 0.0099999995511337106
v 0.03164939599859428 0.0026548231542394898 0.0099999995511337106
v 0.031729606268967689 -8.0332899471318136e-05 0.0099999995511337106
v 0.031571125461374992 -0.0028120742106017551 0.0099999995511337106
v 0.031175163263466771 -0.0055196063960725556 0.0099999995511337106
v 0.030544728000666627 -0.008182326443464203 0.0099999995511337106
v 0.029684622884668804 -0.010779968809302432 0.0099999995511337106
v 0.028601389725497882 -0.013292760587465754 0.0099999995511337106
v 0.027303275453167575 -0.015701583140765234 0.0099999995511337106
v 0.025800157857048561 -0.017988098904715491 0.0099999995511337106
v 0.024103476910935576 -0.02013490920628842 0.0099999995511337106
v 0.022226145211013515 -0.02212567467857017 0.0099999995511337106
v 0.020182451787203921 -0.023945245775988611 0.0099999995511337106
v 0.017987947820260069 -0.025579771392935415 0.0099999995511337106
v 0.015659336397967683 -0.027016813760414739 0.0099999995511337106
v 0.013214340232990989 -0.028245437248392468 0.0099999995511337106
v 0.010671566561312174 -0.029256290209017641 0.0099999995511337106
v 0.0080503665918616758 -0.030041677062253573 0.0099999995511337106
v 0.0053706905104768327 -0.030595624330515988 0.0099999995511337106
v 0.0026529318293613898 -0.030913914222067945 0.0099999995511337106
v -8.2225037481955968e-05 -0.030994124946508762 0.0099999995511337106
v -0.0028139663486123931 -0.030835644138916068 0.0099999995511337106
v -0.005521498534083194 -0.030439681941007844 0.0099999995511337106
v -0.0081842185814748423 -0.029809246678207699 0.0099999995511337106
v -0.010781860947313071 -0.028949141562209877 0.0099999995511337106
v -0.01329465272547639 -0.027865908403038955 0.0099999995511337106
v -0.015703475278775868 -0.026567794130708648 0.0099999995511337106
v -0.017989990588658716 -0.025064677347722174 0.0099999995511337106
v -0.020136800890231645 -0.023367996401609185 0.0099999995511337106
v -0.022127566362513396 -0.021490664701687128 0.0099999995511337106
v -0.023947137459931832 -0.01944697127787753 0.0099999995511337106
v -0.025581663076878636 -0.017252467310933679 0.0099999995511337106
v -0.027018705490474193 -0.01492385580605751 0.0099999995511337106
v -0.02824732893233569 -0.012478859723664602 0.0099999995511337106
v -0.029258181892960863 -0.0099360860519857857 0.0099999995511337106
v -0.030043568746196798 -0.0073148860825352872 0.0099999995511337106
v -0.030597516014459213 -0.0046352100011504442 0.0099999995511337106
v -0.030915805906011166 -0.001917451320035001 0.0099999995511337106
v -0.030996017084519392 0.0008177063599408824 0.0099999995511337106
v -0.030837536276926706 0.003549447671071319 0.0099999995511337106
v -0.030441574079018482 0.0062569798565421204 0.0099999995511337106
v -0.029811138816218337 0.0089196999039337661 0.0099999995511337106
v -0.028951033700220515 0.011517342269771995 0.0099999995511337106
v -0.027867800541049589 0.014030134047935317 0.0099999995511337106
v -0.026569686268719282 0.016438956601234796 0.0099999995511337106
v -0.025066568672600271 0.018725472365185056 0.0099999995511337106
v -0.023369887726487282 0.020872282666757981 0.0099999995511337106
v -0.021492556026565225 0.022863048139039732 0.0099999995511337106
v -0.019448862602755631 0.024682619236458172 0.0099999995511337106
v -0.017254357727676955 0.026317143227139902 0.0099999995511337106
v -0.014925747213519384 0.02775418722088431 0.0099999995511337106
v -0.012497251506927137 0.029019560310531295 0.010077381281213361
v -0.0099512118004070251 0.030031710136353029 0.010077381281213361
v -0.0073266453251139164 0.030818106484816522 0.010077381281213361
v -0.0046435277722792377 0.031372763769063367 0.010077381281213361
v -0.001922278024662842 0.031691462830295482 0.010077381281213361
v 0.00081639219534740577 0.031771777295550037 0.010077381281213361
v 0.0035516408347884124 0.031613093923940086 0.010077381281213361
v 0.0062626502678584384 0.031216620090891083 0.010077381281213361
v 0.0089287901318647576 0.030585378716324298 0.010077381281213361
v 0.01152976685681769 0.029724165894971923 0.010077381281213361
v 0.014045787409513092 0.028639544198295359 0.010077381281213361
v 0.016457702211837573 0.027339762478806484 0.010077381281213361
v 0.018747155124429905 0.025834712687250221 0.010077381281213361
v 0.020896722922451514 0.024135852021321121 0.010077381281213361
v 0.022890045847843068 0.022256110491108493 0.010077381281213361
v 0.024711953472790392 0.020209791599472102 0.010077381281213361
v 0.026348579329880883 0.018012470216289662 0.010077381281213361
v 0.027787468351870299 0.015680868945387845 0.010077381281213361
v 0.02901766862658807 0.013232732016253523 0.010077381281213361
v 0.030029818452409804 0.010686692309733412 0.010077381281213361
v 0.030816214800873296 0.0080621258344403049 0.010077381281213361
v 0.031370872085120134 0.0053790082816056271 0.010077381281213361
v 0.031689571146352249 0.0026577585339892292 0.010077381281213361
v 0.031769885157539396 -8.0910872888478413e-05 0.010077381281213361
v 0.031611201785929445 -0.0028161595123294887 0.010077381281213361
v 0.031214727952880446 -0.0055271689453995111 0.010077381281213361
v 0.030583486578313664 -0.0081933088094058339 0.010077381281213361
v 0.029722273756961286 -0.010794285534358765 0.010077381281213361
v 0.028637652060284721 -0.013310306087054167 0.010077381281213361
v 0.02733787034079585 -0.015722220889378646 0.010077381281213361
v 0.025832821362372121 -0.018011673347903566 0.010077381281213361
v 0.024133960696443024 -0.020161241145925175 0.010077381281213361
v 0.022254219166230396 -0.022154564071316725 0.010077381281213361
v 0.020207900274594005 -0.023976471696264053 0.010077381281213361
v 0.018010578891411565 -0.025613097553354548 0.010077381281213361
v 0.015678977537925982 -0.027051986621460175 0.010077381281213361
v 0.013230840691375425 -0.02828218685006173 0.010077381281213361
v 0.010684800984855311 -0.029294336675883464 0.010077381281213361
v 0.0080602345095622044 -0.030080733024346957 0.010077381281213361
v 0.0053771169567275266 -0.030635390308593798 0.010077381281213361
v 0.0026558672091111304 -0.030954089369825914 0.010077381281213361
v -8.2803010899117112e-05 -0.031034403835080476 0.010077381281213361
v -0.002818051650340124 -0.030875720463470518 0.010077381281213361
v -0.0055290610834101495 -0.030479246630421522 0.010077381281213361
v -0.0081952009474164696 -0.029848005255854737 0.010077381281213361
v -0.010796177672369402 -0.028986792434502359 0.010077381281213361
v -0.013312198225064806 -0.027902170737825797 0.010077381281213361
v -0.01572411302738928 -0.026602389018336923 0.010077381281213361
v -0.018013565031846788 -0.025097340853045734 0.010077381281213361
v -0.0201631328298684 -0.023398480187116634 0.010077381281213361
v -0.022156455755259954 -0.021518738656904006 0.010077381281213361
v -0.023978363380207278 -0.019472419765267614 0.010077381281213361
v -0.025614989237297769 -0.017275098382085175 0.010077381281213361
v -0.027053878351519629 -0.01494349694601581 0.010077381281213361
v -0.028284078534004956 -0.012495360182049036 0.010077381281213361
v -0.02929622835982669 -0.0099493204755289246 0.010077381281213361
v -0.030082624708290182 -0.0073247540002358159 0.010077381281213361
v -0.030637281992537024 -0.0046416364474011372 0.010077381281213361
v -0.030955981053769135 -0.00192038669978474 0.010077381281213361
v -0.031036295973091106 0.00081828433335804263 0.010077381281213361
v -0.030877612601481155 0.0035535329727990526 0.010077381281213361
v -0.030481138768432156 0.0062645424058690759 0.010077381281213361
v -0.029849897393865371 0.0089306822698753969 0.010077381281213361
v -0.028988684572512996 0.011531658994828328 0.010077381281213361
v -0.027904062875836431 0.01404767954752373 0.010077381281213361
v -0.026604281156347557 0.01645959434984821 0.010077381281213361
v -0.025099232177923831 0.018749046808373131 0.010077381281213361
v -0.023400371511994731 0.020898614606394739 0.010077381281213361
v -0.021520629981782106 0.02289193753178629 0.010077381281213361
v -0.019474311090145711 0.024713845156733614 0.010077381281213361
v -0.017276989706963272 0.026350471013824109 0.010077381281213361
v -0.014945388353477683 0.027789360081929743 0.010077381281213361
v -0.012510924916731782 0.029050014267293943 0.010157981662110883
v -0.0099621795381266472 0.030063241910832091 0.010157981662110883
v -0.007334823619626043 0.030850474849507946 0.010157981662110883
v -0.0046488536690648214 0.031405722272258421 0.010157981662110883
v -0.0019247116219207453 0.031724758547395357 0.010157981662110883
v 0.00081686908795862282 0.031805157978198162 0.010157981662110883
v 0.0035550256042853313 0.03164630637375701 0.010157981662110883
v 0.0062689177766654027 0.031249411331672174 0.010157981662110883
v 0.0089378909965465263 0.030617497166237389 0.010157981662110883
v 0.011541632855000334 0.02975537078602666 0.010157981662110883
v 0.014060328607362999 0.028669595438743613 0.010157981662110883
v 0.01647480730218254 0.027368431508872179 0.010157981662110883
v 0.018766693507091634 0.025861782574131638 0.010157981662110883
v 0.020918546784578104 0.02416111755419317 0.010157981662110883
v 0.022913988537643929 0.022279377272987903 0.010157981662110883
v 0.02473783210799442 0.02023088283728456 0.010157981662110883
v 0.026376196046421843 0.018031224484755359 0.010157981662110883
v 0.027816614274547211 0.015697144537690999 0.010157981662110883
v 0.029048122583350718 0.013246405426058169 0.010157981662110883
v 0.030061350226888869 0.010697660047453036 0.010157981662110883
v 0.030848583165564724 0.0080703041289524324 0.010157981662110883
v 0.031403830588315189 0.00538433417839121 0.010157981662110883
v 0.031722866863452132 0.0026601921312471351 0.010157981662110883
v 0.031803265840187521 -8.138776549969606e-05 0.010157981662110883
v 0.03164441423574637 -0.0028195442818264044 0.010157981662110883
v 0.031247519193661536 -0.0055334364542064755 0.010157981662110883
v 0.030615605028226755 -0.0082024096740876008 0.010157981662110883
v 0.029753478648016026 -0.01080615153254141 0.010157981662110883
v 0.028667703300732979 -0.013324847284904072 0.010157981662110883
v 0.027366539370861542 -0.015739325979723613 0.010157981662110883
v 0.025859891249253541 -0.018031211730565298 0.010157981662110883
v 0.024159226229315073 -0.020183065008051768 0.010157981662110883
v 0.022277485948109802 -0.02217850676111759 0.010157981662110883
v 0.020228991512406463 -0.024002350331468081 0.010157981662110883
v 0.018029333159877259 -0.025640714269895504 0.010157981662110883
v 0.015695253130229139 -0.02708113254413709 0.010157981662110883
v 0.01324451410118007 -0.028312640806824378 0.010157981662110883
v 0.010695768722574935 -0.02932586845036253 0.010157981662110883
v 0.0080684128040743319 -0.030113101389038385 0.010157981662110883
v 0.0053824428535131103 -0.030668348811788853 0.010157981662110883
v 0.0026583008063690338 -0.030987385086925796 0.010157981662110883
v -8.3279903510334163e-05 -0.031067784517728594 0.010157981662110883
v -0.0028214364198370428 -0.030908932913287442 0.010157981662110883
v -0.005535328592217113 -0.030512037871202609 0.010157981662110883
v -0.0082043018120982383 -0.029880123705767828 0.010157981662110883
v -0.010808043670552048 -0.029017997325557099 0.010157981662110883
v -0.013326739422914711 -0.027932221978274052 0.010157981662110883
v -0.015741218117734247 -0.026631058048402618 0.010157981662110883
v -0.01803310341450852 -0.025124410739927151 0.010157981662110883
v -0.02018495669199499 -0.023423745719988683 0.010157981662110883
v -0.022180398445060815 -0.021542005438783412 0.010157981662110883
v -0.024004242015411306 -0.019493511003080072 0.010157981662110883
v -0.025642605953838729 -0.017293852650550869 0.010157981662110883
v -0.027083024274196541 -0.014959772538318964 0.010157981662110883
v -0.028314532490767604 -0.012509033591853682 0.010157981662110883
v -0.029327760134305755 -0.0099602882132485467 0.010157981662110883
v -0.03011499307298161 -0.0073329322947479425 0.010157981662110883
v -0.030670240495732078 -0.0046469623441867201 0.010157981662110883
v -0.030989276770869018 -0.0019228202970426459 0.010157981662110883
v -0.031069676655739231 0.00081876122596926033 0.010157981662110883
v -0.03091082505129808 0.0035569177422959683 0.010157981662110883
v -0.030513930009213243 0.0062708099146760402 0.010157981662110883
v -0.029882015843778465 0.0089397831345571655 0.010157981662110883
v -0.029019889463567733 0.011543524993010973 0.010157981662110883
v -0.027934114116284686 0.014062220745373636 0.010157981662110883
v -0.026632950186413252 0.016476699440193174 0.010157981662110883
v -0.025126302064805248 0.018768585191034859 0.010157981662110883
v -0.02342563704486678 0.020920438468521329 0.010157981662110883
v -0.021543896763661512 0.022915880221587151 0.010157981662110883
v -0.019495402327958173 0.024739723791937646 0.010157981662110883
v -0.017295743975428969 0.026378087730365068 0.010157981662110883
v -0.014961663945780839 0.027818506004606659 0.010157981662110883
v -0.012521669807922908 0.029073945501793954 0.010241182295636732
v -0.0099707983368845076 0.030088019051134857 0.010241182295636732
v -0.0073412492414284347 0.030875907084756193 0.010241182295636732
v -0.004653038206449335 0.03143161874970684 0.010241182295636732
v -0.0019266244332128341 0.031750923039547976 0.010241182295636732
v 0.00081724472617808854 0.031831388618745488 0.010241182295636732
v 0.0035576863302408568 0.031672402880766594 0.010241182295636732
v 0.0062738424877822043 0.031275178450123335 0.010241182295636732
v 0.0089450428557247569 0.03064273725482608 0.010241182295636732
v 0.011550957284340854 0.029779891230360598 0.010241182295636732
v 0.014071753288167371 0.02869320865134228 0.010241182295636732
v 0.016488247771878527 0.027390960187971186 0.010241182295636732
v 0.018782047562307707 0.025883054444878359 0.010241182295636732
v 0.020935694291138864 0.02418096952931172 0.010241182295636732
v 0.022932800470030327 0.022297658367188167 0.010241182295636732
v 0.02475816756087643 0.020247455698524999 0.010241182295636732
v 0.026397897809930657 0.018045961856705987 0.010241182295636732
v 0.027839518591865686 0.015709934708542334 0.010241182295636732
v 0.029072053817850729 0.013257150317249295 0.010241182295636732
v 0.030086127367191632 0.010706278846210896 0.010241182295636732
v 0.030874015400812967 0.0080767297507548241 0.010241182295636732
v 0.031429727065763607 0.0053885187157757253 0.010241182295636732
v 0.031749031355604751 0.0026621049425392222 0.010241182295636732
v 0.031829496480734847 -8.1763403719162047e-05 0.010241182295636732
v 0.031670510742755953 -0.00282220500778193 0.010241182295636732
v 0.031273286312112694 -0.0055383611653232797 0.010241182295636732
v 0.030640845116815443 -0.0082095615332658314 0.010241182295636732
v 0.02977799909234996 -0.010815475961881928 0.010241182295636732
v 0.028691316513331646 -0.013336271965708447 0.010241182295636732
v 0.027389068049960552 -0.0157527664494196 0.010241182295636732
v 0.025881163120000262 -0.018046565785781368 0.010241182295636732
v 0.024179078204433622 -0.020200212514612528 0.010241182295636732
v 0.02229576704231007 -0.022197318693503987 0.010241182295636732
v 0.020245564373646902 -0.024022685784350094 0.010241182295636732
v 0.01804407053182789 -0.025662416033404318 0.010241182295636732
v 0.015708043301080474 -0.027104036861455561 0.010241182295636732
v 0.013255258992371196 -0.028336572041324389 0.010241182295636732
v 0.010704387521332796 -0.029350645590665293 0.010241182295636732
v 0.0080748384258767236 -0.030138533624286628 0.010241182295636732
v 0.0053866273908976239 -0.030694245289237271 0.010241182295636732
v 0.0026602136176611226 -0.031013549579078408 0.010241182295636732
v -8.3655541729799824e-05 -0.031094015158275919 0.010241182295636732
v -0.0028240971457925684 -0.030935029420297026 0.010241182295636732
v -0.0055402533033339155 -0.03053780498965377 0.010241182295636732
v -0.0082114536712764689 -0.029905363794356519 0.010241182295636732
v -0.010817368099892567 -0.029042517769891037 0.010241182295636732
v -0.013338164103719085 -0.027955835190872715 0.010241182295636732
v -0.015754658587430238 -0.026653586727501625 0.010241182295636732
v -0.018048457469724593 -0.025145682610673872 0.010241182295636732
v -0.02020210419855575 -0.023443597695107232 0.010241182295636732
v -0.022199210377447213 -0.021560286532983679 0.010241182295636732
v -0.024024577468293316 -0.019510083864320512 0.010241182295636732
v -0.025664307717347543 -0.017308590022501499 0.010241182295636732
v -0.027105928591515015 -0.014972562709170301 0.010241182295636732
v -0.028338463725267615 -0.012519778483044808 0.010241182295636732
v -0.029352537274608518 -0.0099689070120064071 0.010241182295636732
v -0.030140425308229853 -0.0073393579165503351 0.010241182295636732
v -0.030696136973180497 -0.0046511468815712354 0.010241182295636732
v -0.031015441263021637 -0.001924733108334733 0.010241182295636732
v -0.03109590729628655 0.00081913686418872626 0.010241182295636732
v -0.030936921558307663 0.0035595784682514939 0.010241182295636732
v -0.030539697127664404 0.0062757346257928445 0.010241182295636732
v -0.029907255932367153 0.0089469349937353945 0.010241182295636732
v -0.029044409907901671 0.011552849422351491 0.010241182295636732
v -0.027957727328883356 0.01407364542617801 0.010241182295636732
v -0.026655478865512262 0.016490139909889165 0.010241182295636732
v -0.025147573935551969 0.018783939246250932 0.010241182295636732
v -0.023445489019985333 0.02093758597508209 0.010241182295636732
v -0.021562177857861776 0.022934692153973552 0.010241182295636732
v -0.019511975189198612 0.024760059244819659 0.010241182295636732
v -0.0173104813473796 0.026399789493873883 0.010241182295636732
v -0.014974454116632174 0.027841410321925129 0.010241182295636732
v -0.012529405164444323 0.029091173116169395 0.010326351745085317
v -0.0099770016137269574 0.030105852599702831 0.010326351745085317
v -0.0073458751911935063 0.030894213964081027 0.010326351745085317
v -0.0046560508377605173 0.03145025905424513 0.010326351745085317
v -0.0019280005482525159 0.03176975398637643 0.010326351745085317
v 0.00081751574823030616 0.031850268935259565 0.010326351745085317
v 0.0035596019100802056 0.03169118818994815 0.010326351745085317
v 0.0062773866559741737 0.031293725431205593 0.010326351745085317
v 0.0089501904133700589 0.030660903833298191 0.010326351745085317
v 0.011557669452405887 0.02979754054862804 0.010326351745085317
v 0.014079976989353971 0.028710206534326974 0.010326351745085317
v 0.016497921417554007 0.027407176241250882 0.010326351745085317
v 0.018793097609970135 0.025898364399081965 0.010326351745085317
v 0.020948037588812411 0.024195258682654021 0.010326351745085317
v 0.022946342365937317 0.022310817329802574 0.010326351745085317
v 0.024772804020798986 0.020259384241564527 0.010326351745085317
v 0.026413520750073329 0.018056570823615201 0.010326351745085317
v 0.027856005667197595 0.015719141379380935 0.010326351745085317
v 0.02908928143222617 0.013264885673770712 0.010326351745085317
v 0.03010396091575961 0.010712482123053344 0.010326351745085317
v 0.030892322280137802 0.0080813557005198957 0.010326351745085317
v 0.031448367370301905 0.0053915313470869067 0.010326351745085317
v 0.031767862302433197 0.0026634810575789048 0.010326351745085317
v 0.031848376797248924 -8.2034425771380969e-05 0.010326351745085317
v 0.031689296051937509 -0.0028241205876212805 0.010326351745085317
v 0.031291833293194952 -0.0055419053335152473 0.010326351745085317
v 0.030659011695287553 -0.0082147090909111334 0.010326351745085317
v 0.029795648410617402 -0.010822188129946963 0.010326351745085317
v 0.028708314396316336 -0.013344495666895047 0.010326351745085317
v 0.027405284103240245 -0.01576244009509508 0.010326351745085317
v 0.025896473074203865 -0.018057615833443799 0.010326351745085317
v 0.024193367357775924 -0.020212555812286072 0.010326351745085317
v 0.022308926004924474 -0.022210860589410977 0.010326351745085317
v 0.02025749291668643 -0.024037322244272647 0.010326351745085317
v 0.018054679498737104 -0.025678038973546993 0.010326351745085317
v 0.015717249971919072 -0.027120523936787475 0.010326351745085317
v 0.013262994348892611 -0.028353799655699834 0.010326351745085317
v 0.010710590798175244 -0.02936847913923327 0.010326351745085317
v 0.0080794643756417952 -0.030156840503611462 0.010326351745085317
v 0.0053896400222088062 -0.030712885593775566 0.010326351745085317
v 0.0026615897327008043 -0.031032380525906861 0.010326351745085317
v -8.3926563782017554e-05 -0.031112895474789997 0.010326351745085317
v -0.0028260127256319171 -0.030953814729478588 0.010326351745085317
v -0.0055437974715258839 -0.030556351970736029 0.010326351745085317
v -0.0082166012289217726 -0.029923530372828626 0.010326351745085317
v -0.0108240802679576 -0.029060167088158478 0.010326351745085317
v -0.013346387804905683 -0.027972833073857409 0.010326351745085317
v -0.015764332233105714 -0.026669802780781317 0.010326351745085317
v -0.018059507517387021 -0.025160992564877475 0.010326351745085317
v -0.020214447496229297 -0.023457886848449534 0.010326351745085317
v -0.022212752273354203 -0.021573445495598087 0.010326351745085317
v -0.024039213928215872 -0.01952201240736004 0.010326351745085317
v -0.025679930657490215 -0.017319198989410714 0.010326351745085317
v -0.027122415666846925 -0.0149817693800089 0.010326351745085317
v -0.028355691339643056 -0.012527513839566223 0.010326351745085317
v -0.029370370823176496 -0.0099751102888488551 0.010326351745085317
v -0.030158732187554688 -0.0073439838663154067 0.010326351745085317
v -0.030714777277718791 -0.0046541595128824168 0.010326351745085317
v -0.031034272209850083 -0.001926109223374416 0.010326351745085317
v -0.031114787612800635 0.00081940788624094529 0.010326351745085317
v -0.030955706867489219 0.0035614940480908448 0.010326351745085317
v -0.030558244108746663 0.006279278793984812 0.010326351745085317
v -0.029925422510839263 0.0089520825513806964 0.010326351745085317
v -0.029062059226169112 0.011559561590416526 0.010326351745085317
v -0.027974725211868043 0.014081869127364611 0.010326351745085317
v -0.026671694918791952 0.016499813555564641 0.010326351745085317
v -0.025162883889755575 0.01879498929391336 0.010326351745085317
v -0.023459778173327631 0.020949929272755633 0.010326351745085317
v -0.021575336820476184 0.022948234049880539 0.010326351745085317
v -0.01952390373223814 0.024774695704742212 0.010326351745085317
v -0.017321090314288811 0.026415412434016555 0.010326351745085317
v -0.014983660787470774 0.027857897397257043 0.010326351745085317
v -0.012534069312799424 0.029101560879304197 0.010412843672589857
v -0.0099807418984196681 0.030116606927603897 0.010412843672589857
v -0.007348664162843653 0.030905254182707682 0.010412843672589857
v -0.0046578675520482201 0.031461500857017412 0.010412843672589857
v -0.0019288302543542151 0.03178111174154126 0.010412843672589857
v 0.00081767794854543539 0.031861653642587431 0.010412843672589857
v 0.0035607556562386195 0.031702516446135011 0.010412843672589857
v 0.0062795250823420232 0.031304910200408105 0.010412843672589857
v 0.0089532948904488315 0.030671860044059199 0.010412843672589857
v 0.011561716281897273 0.029808184565750902 0.010412843672589857
v 0.014084937404159859 0.028720456158875543 0.010412843672589857
v 0.016503755604841873 0.027416953773075094 0.010412843672589857
v 0.018799762124368163 0.025907598643092059 0.010412843672589857
v 0.020955481571753653 0.024203876437486019 0.010412843672589857
v 0.022954508337848227 0.022318753430415582 0.010412843672589857
v 0.024781629924402776 0.020266577900144331 0.010412843672589857
v 0.026422940895553908 0.018062967757407879 0.010412843672589857
v 0.027865945399336938 0.015724691899420936 0.010412843672589857
v 0.029099669195360972 0.013269549822125812 0.010412843672589857
v 0.030114715243660675 0.010716222407746057 0.010412843672589857
v 0.030903362498764457 0.0080841446721700416 0.010412843672589857
v 0.031459609173074179 0.0053933480613746086 0.010412843672589857
v 0.031779220057598034 0.0026643107636806027 0.010412843672589857
v 0.03185976150457679 -8.219662608650966e-05 0.010412843672589857
v 0.03170062430812437 -0.0028252743337796914 0.010412843672589857
v 0.031303018062397464 -0.0055440437598830968 0.010412843672589857
v 0.030669967906048565 -0.008217813567989906 0.010412843672589857
v 0.029806292427740265 -0.010826234959438347 0.010412843672589857
v 0.028718564020864906 -0.013349456081700933 0.010412843672589857
v 0.027415061635064457 -0.015768274282382946 0.010412843672589857
v 0.025905707318213959 -0.018064280347841823 0.010412843672589857
v 0.024201985112607918 -0.020219999795227317 0.010412843672589857
v 0.022316862105537485 -0.022219026561321891 0.010412843672589857
v 0.020264686575266231 -0.024046148147876437 0.010412843672589857
v 0.018061076432529778 -0.025687459119027568 0.010412843672589857
v 0.015722800491959073 -0.027130463668926817 0.010412843672589857
v 0.01326765849724771 -0.028364187418834633 0.010412843672589857
v 0.010714331082867956 -0.029379233467134336 0.010412843672589857
v 0.008082253347291941 -0.030167880722238118 0.010412843672589857
v 0.0053914567364965089 -0.030724127396547847 0.010412843672589857
v 0.0026624194388025035 -0.031043738281071692 0.010412843672589857
v -8.4088764097146787e-05 -0.031124280182117863 0.010412843672589857
v -0.0028271664717903311 -0.030965142985665443 0.010412843672589857
v -0.0055459358978937334 -0.03056753673993854 0.010412843672589857
v -0.0082197057060005435 -0.029934486583589638 0.010412843672589857
v -0.010828127097448985 -0.029070811105281341 0.010412843672589857
v -0.013351348219711571 -0.027983082698405978 0.010412843672589857
v -0.015770166420393583 -0.02667958031260553 0.010412843672589857
v -0.018066172031785049 -0.025170226808887572 0.010412843672589857
v -0.020221891479170539 -0.023466504603281532 0.010412843672589857
v -0.022220918245265113 -0.021581381596211095 0.010412843672589857
v -0.024048039831819662 -0.019529206065939844 0.010412843672589857
v -0.025689350802970794 -0.017325595923203391 0.010412843672589857
v -0.027132355398986268 -0.014987319900048901 0.010412843672589857
v -0.028366079102777858 -0.012532177987921323 0.010412843672589857
v -0.029381125151077561 -0.0099788505735415693 0.010412843672589857
v -0.030169772406181343 -0.0073467728379655517 0.010412843672589857
v -0.030726019080491069 -0.0046559762271701187 0.010412843672589857
v -0.03104562996501492 -0.0019269389294761135 0.010412843672589857
v -0.031126172320128501 0.00081957008655607387 0.010412843672589857
v -0.03096703512367608 0.0035626477942492553 0.010412843672589857
v -0.030569428877949174 0.0062814172203526615 0.010412843672589857
v -0.029936378721600272 0.008955187028459469 0.010412843672589857
v -0.029072703243291975 0.01156360841990791 0.010412843672589857
v -0.027984974836416616 0.014086829542170496 0.010412843672589857
v -0.026681472450616167 0.016505647742852507 0.010412843672589857
v -0.025172118133765669 0.018801653808311388 0.010412843672589857
v -0.023468395928159629 0.020957373255696878 0.010412843672589857
v -0.021583272921089192 0.022956400021791456 0.010412843672589857
v -0.019531097390817941 0.024783521608346001 0.010412843672589857
v -0.017327487248081488 0.026424832579497133 0.010412843672589857
v -0.014989211307510774 0.027867837129396385 0.010412843672589857
v -0.0125356267805635 0.029105030463982461 0.010500000564412674
v -0.0099819921481487349 0.030120201133763673 0.010500000564412674
v -0.0073495973398926247 0.030908944379220149 0.010500000564412674
v -0.0046584743166191338 0.031465255991870708 0.010500000564412674
v -0.0019291077451522817 0.03178490567854788 0.010500000564412674
v 0.00081773350094982824 0.031865458619294788 0.010500000564412674
v 0.0035611414212124966 0.031706303147883724 0.010500000564412674
v 0.0062802391373872396 0.031308647686273713 0.010500000564412674
v 0.0089543318705325118 0.030675519717512565 0.010500000564412674
v 0.0115630690057169 0.029811741082793042 0.010500000564412674
v 0.014086595437882763 0.028723882359237823 0.010500000564412674
v 0.016505704353970412 0.027420222306484315 0.010500000564412674
v 0.018801988620669768 0.025910683067409842 0.010500000564412674
v 0.020957968042258801 0.024206755094366924 0.010500000564412674
v 0.022957238635852473 0.022321405569648994 0.010500000564412674
v 0.024784579808905423 0.020268981984944218 0.010500000564412674
v 0.026426086957201372 0.018065104582104977 0.010500000564412674
v 0.027869269485150554 0.015726548126999758 0.010500000564412674
v 0.029103138780039239 0.013271107289889887 0.010500000564412674
v 0.030118309449820448 0.010717472657475122 0.010500000564412674
v 0.030907052695276924 0.0080850778492190141 0.010500000564412674
v 0.031463364307927476 0.0053939548259455223 0.010500000564412674
v 0.031783013994604647 0.0026645882544786702 0.010500000564412674
v 0.031863566481284147 -8.2252178490903045e-05 0.010500000564412674
v 0.031704411009873083 -0.0028256600987535711 0.010500000564412674
v 0.031306755548263072 -0.0055447578149283132 0.010500000564412674
v 0.030673627579501931 -0.0082188505480735863 0.010500000564412674
v 0.029809848944782405 -0.010827587683257972 0.010500000564412674
v 0.028721990221227189 -0.013351114115423838 0.010500000564412674
v 0.027418330168473681 -0.015770223031511481 0.010500000564412674
v 0.025908791742531745 -0.018066506844143428 0.010500000564412674
v 0.024204863769488823 -0.020222486265732462 0.010500000564412674
v 0.022319514244770893 -0.022221756859326133 0.010500000564412674
v 0.020267090660066121 -0.024049098032379083 0.010500000564412674
v 0.01806321325722688 -0.025690605180675032 0.010500000564412674
v 0.015724656719537947 -0.027133787754740402 0.010500000564412674
v 0.013269215965011788 -0.028367657003512896 0.010500000564412674
v 0.010715581332597021 -0.029382827673294112 0.010500000564412674
v 0.0080831865243409136 -0.030171570918750588 0.010500000564412674
v 0.0053920635010674227 -0.03072788253140114 0.010500000564412674
v 0.0026626969296005701 -0.031047532218078312 0.010500000564412674
v -8.4144316501539576e-05 -0.03112808515882522 0.010500000564412674
v -0.0028275522367642086 -0.030968929687414156 0.010500000564412674
v -0.0055466499529389498 -0.030571274225804145 0.010500000564412674
v -0.0082207426860842255 -0.029938146257043004 0.010500000564412674
v -0.010829479821268612 -0.029074367622323478 0.010500000564412674
v -0.013353006253434475 -0.027986508898768261 0.010500000564412674
v -0.015772115169522118 -0.026682848846014753 0.010500000564412674
v -0.018068398528086654 -0.025173311233205355 0.010500000564412674
v -0.020224377949675684 -0.023469383260162433 0.010500000564412674
v -0.022223648543269359 -0.021584033735444503 0.010500000564412674
v -0.024050989716322309 -0.019531610150739731 0.010500000564412674
v -0.025692496864618258 -0.01732773274790049 0.010500000564412674
v -0.027135679484799884 -0.014989176127627723 0.010500000564412674
v -0.028369548687456125 -0.0125337354556854 0.010500000564412674
v -0.029384719357237334 -0.0099801008232706344 0.010500000564412674
v -0.03017346260269381 -0.0073477060150145242 0.010500000564412674
v -0.030729774215344362 -0.0046565829917410324 0.010500000564412674
v -0.031049423902021533 -0.0019272164202741814 0.010500000564412674
v -0.031129977296835858 0.00081962563896046726 0.010500000564412674
v -0.030970821825424794 0.003563033559223135 0.010500000564412674
v -0.030573166363814783 0.0062821312753978779 0.010500000564412674
v -0.029940038395053641 0.0089562240085431493 0.010500000564412674
v -0.029076259760334115 0.011564961143727535 0.010500000564412674
v -0.027988401036778895 0.014088487575893401 0.010500000564412674
v -0.026684740984025391 0.016507596491981046 0.010500000564412674
v -0.025175202558083452 0.018803880304612993 0.010500000564412674
v -0.023471274585040534 0.020959859726202026 0.010500000564412674
v -0.021585925060322603 0.022959130319795695 0.010500000564412674
v -0.019533501475617828 0.024786471492848648 0.010500000564412674
v -0.017329624072778591 0.026427978641144597 0.010500000564412674
v -0.014991067535089603 0.027871161215209998 0.010500000564412674
v 0.0072702251692152763 -0.006866136897885111 0.0094999985378547494
v 0.0082538795762844234 -0.0086276405504240542 0.0094999985378547494
v 0.0072702251692152763 -0.006866136897885111 0.04150000005777324
v 0.0082538795762844234 -0.0086276405504240542 0.04150000005777324
v 0.0038884076036014193 -0.011065396349952008 0.0094999985378547494
v 0.0038884076036014193 -0.011065396349952008 0.04150000005777324
v 0.0029047531965322717 -0.0093038926974130642 0.0094999985378547494
v 0.0029047531965322717 -0.0093038926974130642 0.04150000005777324
v 0.0078677020407943322 -0.0062446635523026144 0.0094999985378547494
v 0.0078677020407943322 -0.0062446635523026144 0.04150000005777324
v 0.0084094321255507969 -0.0055740399013079938 0.0094999985378547494
v 0.0084094321255507969 -0.0055740399013079938 0.04150000005777324
v 0.0088913884109251135 -0.0048592496966004184 0.0094999985378547494
v 0.0088913884109251135 -0.0048592496966004184 0.04150000005777324
v 0.0093099895654316679 -0.0041056048939986205 0.0094999985378547494
v 0.0093099895654316679 -0.0041056048939986205 0.04150000005777324
v 0.0096621238024568994 -0.0033187067268781482 0.0094999985378547494
v 0.0096621238024568994 -0.0033187067268781482 0.04150000005777324
v 0.0099451746818864494 -0.0025044035641075936 0.0094999985378547494
v 0.0099451746818864494 -0.0025044035641075936 0.04150000005777324
v 0.010157038519150672 -0.0016687475877446122 0.0094999985378547494
v 0.010157038519150672 -0.0016687475877446122 0.04150000005777324
v 0.010296140025501617 -0.00081794925836802326 0.0094999985378547494
v 0.010296140025501617 -0.00081794925836802326 0.04150000005777324
v 0.010361446681090087 4.1668578655210684e-05 0.0094999985378547494
v 0.010361446681090087 4.1668578655210684e-05 0.04150000005777324
v 0.010352471845746556 0.0009037166979904063 0.0094999985378547494
v 0.010352471845746556 0.0009037166979904063 0.04150000005777324
v 0.010269282862074193 0.0017617880202769182 0.0094999985378547494
v 0.010269282862074193 0.0017617880202769182 0.04150000005777324
v 0.010112497603196328 0.0026095058188404662 0.0094999985378547494
v 0.010112497603196328 0.0026095058188404662 0.04150000005777324
v 0.0098832819853971882 0.0034405701984988077 0.0094999985378547494
v 0.0098832819853971882 0.0034405701984988077 0.04150000005777324
v 0.0095833393297079638 0.0042488038894335804 0.0094999985378547494
v 0.0095833393297079638 0.0042488038894335804 0.04150000005777324
v 0.0092148984819022759 0.005028200264471417 0.0094999985378547494
v 0.0092148984819022759 0.005028200264471417 0.04150000005777324
v 0.0087806972196467631 0.0057729664245761468 0.0094999985378547494
v 0.0087806972196467631 0.0057729664245761468 0.04150000005777324
v 0.0082839637042557875 0.0064775678758101285 0.0094999985378547494
v 0.0082839637042557875 0.0064775678758101285 0.04150000005777324
v 0.0077283894136764225 0.0071367674492422957 0.0094999985378547494
v 0.0077283894136764225 0.0071367674492422957 0.04150000005777324
v 0.0071181030135425922 0.0077456663613950354 0.0094999985378547494
v 0.0071181030135425922 0.0077456663613950354 0.04150000005777324
v 0.0064576401964854379 0.0082997391232033334 0.0094999985378547494
v 0.0064576401964854379 0.0082997391232033334 0.04150000005777324
v 0.0057519098786993376 0.0087948673314900624 0.0094999985378547494
v 0.0057519098786993376 0.0087948673314900624 0.04150000005777324
v 0.0050061570872193513 0.0092273717458131749 0.0094999985378547494
v 0.0050061570872193513 0.0092273717458131749 0.04150000005777324
v 0.0042259241653898934 0.0095940378260300236 0.0094999985378547494
v 0.0042259241653898934 0.0095940378260300236 0.04150000005777324
v 0.0034170102385514718 0.0098921405650099995 0.0094999985378547494
v 0.0034170102385514718 0.0098921405650099995 0.04150000005777324
v 0.0025854267565681749 0.010119463930511366 0.0094999985378547494
v 0.0025854267565681749 0.010119463930511366 0.04150000005777324
v 0.0017373541240225383 0.010274319314393005 0.0094999985378547494
v 0.0017373541240225383 0.010274319314393005 0.04150000005777324
v 0.00087909563742196958 0.010355554477826542 0.0094999985378547494
v 0.00087909563742196958 0.010355554477826542 0.04150000005777324
v 1.702910456697162e-05 0.010362567602337393 0.0094999985378547494
v 1.702910456697162e-05 0.010362567602337393 0.04150000005777324
v -0.0008424378588467496 0.010295304727172508 0.0094999985378547494
v -0.0008424378588467496 0.010295304727172508 0.04150000005777324
v -0.0016929171208014439 0.010154266358159716 0.0094999985378547494
v -0.0016929171208014439 0.010154266358159716 0.04150000005777324
v -0.0025280889577998862 0.0099405014810553163 0.0094999985378547494
v -0.0025280889577998862 0.0099405014810553163 0.04150000005777324
v -0.0033417454634800266 0.0096555971884076958 0.0094999985378547494
v -0.0033417454634800266 0.0096555971884076958 0.04150000005777324
v -0.0041278399054342253 0.0093016724516816075 0.0094999985378547494
v -0.0041278399054342253 0.0093016724516816075 0.04150000005777324
v -0.0048805300145579556 0.0088813571478048546 0.0094999985378547494
v -0.0048805300145579556 0.0088813571478048546 0.04150000005777324
v -0.0055942215914550376 0.0083977751754319464 0.0094999985378547494
v -0.0055942215914550376 0.0083977751754319464 0.04150000005777324
v -0.0062636108909711599 0.0078545207866802576 0.0094999985378547494
v -0.0062636108909711599 0.0078545207866802576 0.04150000005777324
v -0.006883721871655351 0.0072556303195381432 0.0094999985378547494
v -0.006883721871655351 0.0072556303195381432 0.04150000005777324
v -0.0074499467607042147 0.0066055563456164116 0.0094999985378547494
v -0.0074499467607042147 0.0066055563456164116 0.04150000005777324
v -0.0079580772480846943 0.005909128916971095 0.0094999985378547494
v -0.0079580772480846943 0.005909128916971095 0.04150000005777324
v -0.0084043360893960219 0.0051715240515210949 0.0094999985378547494
v -0.0084043360893960219 0.0051715240515210949 0.04150000005777324
v -0.0087854078680158227 0.0043982252210942579 0.0094999985378547494
v -0.0087854078680158227 0.0043982252210942579 0.04150000005777324
v -0.0090984592263589296 0.0035949779198043291 0.0094999985378547494
v -0.0090984592263589296 0.0035949779198043291 0.04150000005777324
v -0.0093411644984439796 0.0027677529498521076 0.0094999985378547494
v -0.0093411644984439796 0.0027677529498521076 0.04150000005777324
v -0.0095117191273345024 0.0019226978613611067 0.0094999985378547494
v -0.0095117191273345024 0.0019226978613611067 0.04150000005777324
v -0.0096088562135507333 0.0010660930439747327 0.0094999985378547494
v -0.0096088562135507333 0.0010660930439747327 0.04150000005777324
v -0.0096318535594818126 0.00020430512546502498 0.0094999985378547494
v -0.0096318535594818126 0.00020430512546502498 0.04150000005777324
v -0.0095805404392631365 -0.00065626107639112476 0.0094999985378547494
v -0.0095805404392631365 -0.00065626107639112476 0.04150000005777324
v -0.0094552977210899808 -0.0015092100898951837 0.0094999985378547494
v -0.0094552977210899808 -0.0015092100898951837 0.04150000005777324
v -0.009257056476782894 -0.0023482022140922333 0.0094999985378547494
v -0.009257056476782894 -0.0023482022140922333 0.04150000005777324
v -0.0089872901418364994 -0.0031670019420449911 0.0094999985378547494
v -0.0089872901418364994 -0.0031670019420449911 0.04150000005777324
v -0.0086480034796965789 -0.0039595244661966124 0.0094999985378547494
v -0.0086480034796965789 -0.0039595244661966124 0.04150000005777324
v -0.0082417186837211633 -0.0047198796686780849 0.0094999985378547494
v -0.0082417186837211633 -0.0047198796686780849 0.04150000005777324
v -0.0077714541270299193 -0.005442415906159557 0.0094999985378547494
v -0.0077714541270299193 -0.005442415906159557 0.04150000005777324
v -0.0072407054268145091 -0.0061217634704325181 0.0094999985378547494
v -0.0072407054268145091 -0.0061217634704325181 0.04150000005777324
v -0.0066534171385028464 -0.0067528738165621794 0.0094999985378547494
v -0.0066534171385028464 -0.0067528738165621794 0.04150000005777324
v -0.0060139547790541408 -0.0073310562914359169 0.0094999985378547494
v -0.0060139547790541408 -0.0073310562914359169 0.04150000005777324
v -0.0053270701792433369 -0.007852013437156866 0.0094999985378547494
v -0.0053270701792433369 -0.007852013437156866 0.04150000005777324
v -0.0045978680775361179 -0.0083118740710282201 0.0094999985378547494
v -0.0045978680775361179 -0.0083118740710282201 0.04150000005777324
v -0.0038317678548979808 -0.0087072197853928137 0.0094999985378547494
v -0.0038317678548979808 -0.0087072197853928137 0.04150000005777324
v -0.0030344643047100651 -0.0090351131753793213 0.0094999985378547494
v -0.0030344643047100651 -0.0090351131753793213 0.04150000005777324
v -0.0022118820691146802 -0.0092931163963948498 0.0094999985378547494
v -0.0022118820691146802 -0.0092931163963948498 0.04150000005777324
v -0.0013701348406392078 -0.0094793126493051324 0.0094999985378547494
v -0.0013701348406392078 -0.0094793126493051324 0.04150000005777324
v -0.00051547875033282819 -0.0095923180191116852 0.0094999985378547494
v -0.00051547875033282819 -0.0095923180191116852 0.04150000005777324
v 0.00034573460316187488 -0.0096312920464289905 0.0094999985378547494
v 0.00034573460316187488 -0.0096312920464289905 0.04150000005777324
v 0.0012071041689013526 -0.0095959456325303873 0.0094999985378547494
v 0.0012071041689013526 -0.0095959456325303873 0.04150000005777324
v 0.00206222885677365 -0.0094865411801762535 0.0094999985378547494
v 0.00206222885677365 -0.0094865411801762535 0.04150000005777324
v -0.011500000022351773 -2.8166877896843516e-18 -0.00025000010613048114
v -0.011207190342247516 0.0009805021109059479 -6.5152287211101001e-11
v -0.011456239037215741 0.0010022909846156862 -0.00025000010613048114
v -0.011079086922109157 0.0019535419996827893 -6.5152287211101001e-11
v -0.011325289495289355 0.0019969539716839842 -0.00025000010613048114
v -0.010866665281355411 0.002911714371293791 -6.5152287211101001e-11
v -0.011108146980404883 0.002976418938487776 -0.00025000010613048114
v -0.010571542195975808 0.0038477266207337484 -6.5152287211101001e-11
v -0.010806465521454841 0.0039332318119704827 -0.00025000010613048114
v -0.010195962153375177 0.0047544552944600712 -6.5152287211101001e-11
v -0.010422539897263078 0.0048601101152598988 -0.00025000010613048114
v -0.0097427861765027306 0.0056250002235174327 -6.5152287211101001e-11
v -0.0099592925980687402 0.0057500000111758865 -0.00025000010613048114
v -0.0092154601588845496 0.0064527350477874452 -6.5152287211101001e-11
v -0.0094202486798167472 0.0065961289219558412 -0.00025000010613048114
v -0.0086179999634623753 0.0072313607670366955 -6.5152287211101001e-11
v -0.0088095115497708563 0.0073920576833188733 -0.00025000010613048114
v -0.0079549513757229059 0.0079549513757229059 -6.5152287211101001e-11
v -0.0081317275762558192 0.0081317275762558192 -0.00025000010613048114
v -0.0072313607670366955 0.0086179999634623753 -6.5152287211101001e-11
v -0.0073920576833188733 0.0088095115497708563 -0.00025000010613048114
v -0.0064527350477874452 0.0092154601588845496 -6.5152287211101001e-11
v -0.0065961289219558412 0.0094202486798167472 -0.00025000010613048114
v -0.0056250002235174327 0.0097427861765027306 -6.5152287211101001e-11
v -0.0057500000111758865 0.0099592925980687402 -0.00025000010613048114
v -0.0047544552944600712 0.010195962153375177 -6.5152287211101001e-11
v -0.0048601101152598988 0.010422539897263078 -0.00025000010613048114
v -0.0038477266207337484 0.010571542195975808 -6.5152287211101001e-11
v -0.0039332318119704827 0.010806465521454841 -0.00025000010613048114
v -0.002911714371293791 0.010866665281355411 -6.5152287211101001e-11
v -0.002976418938487776 0.011108146980404883 -0.00025000010613048114
v -0.0019535419996827893 0.011079086922109157 -6.5152287211101001e-11
v -0.0019969539716839842 0.011325289495289355 -0.00025000010613048114
v -0.0009805021109059479 0.011207190342247516 -6.5152287211101001e-11
v -0.0010022909846156862 0.011456239037215741 -0.00025000010613048114
v -8.1828695974748336e-18 0.011250000447034865 -6.5152287211101001e-11
v -8.3647111930742033e-18 0.011500000022351773 -0.00025000010613048114
v 0.0009805021109059479 0.011207190342247516 -6.5152287211101001e-11
v 0.0010022909846156862 0.011456239037215741 -0.00025000010613048114
v 0.0019535419996827893 0.011079086922109157 -6.5152287211101001e-11
v 0.0019969539716839842 0.011325289495289355 -0.00025000010613048114
v 0.002911714371293791 0.010866665281355411 -6.5152287211101001e-11
v 0.002976418938487776 0.011108146980404883 -0.00025000010613048114
v 0.0038477266207337484 0.010571542195975808 -6.5152287211101001e-11
v 0.0039332318119704827 0.010806465521454841 -0.00025000010613048114
v 0.0047544552944600712 0.010195962153375177 -6.5152287211101001e-11
v 0.0048601101152598988 0.010422539897263078 -0.00025000010613048114
v 0.0056250002235174327 0.0097427861765027306 -6.5152287211101001e-11
v 0.0057500000111758865 0.0099592925980687402 -0.00025000010613048114
v 0.0064527350477874452 0.0092154601588845496 -6.5152287211101001e-11
v 0.0065961289219558412 0.0094202486798167472 -0.00025000010613048114
v 0.0072313607670366955 0.0086179999634623753 -6.5152287211101001e-11
v 0.0073920576833188733 0.0088095115497708563 -0.00025000010613048114
v 0.0079549513757229059 0.0079549513757229059 -6.5152287211101001e-11
v 0.0081317275762558192 0.0081317275762558192 -0.00025000010613048114
v 0.0086179999634623753 0.0072313607670366955 -6.5152287211101001e-11
v 0.0088095115497708563 0.0073920576833188733 -0.00025000010613048114
v 0.0092154601588845496 0.0064527350477874452 -6.5152287211101001e-11
v 0.0094202486798167472 0.0065961289219558412 -0.00025000010613048114
v 0.0097427861765027306 0.0056250002235174327 -6.5152287211101001e-11
v 0.0099592925980687402 0.0057500000111758865 -0.00025000010613048114
v 0.010195962153375177 0.0047544552944600712 -6.5152287211101001e-11
v 0.010422539897263078 0.0048601101152598988 -0.00025000010613048114
v 0.010571542195975808 0.0038477266207337484 -6.5152287211101001e-11
v 0.010806465521454841 0.0039332318119704827 -0.00025000010613048114
v 0.010866665281355411 0.002911714371293791 -6.5152287211101001e-11
v 0.011108146980404883 0.002976418938487776 -0.00025000010613048114
v 0.011079086922109157 0.0019535419996827893 -6.5152287211101001e-11
v 0.011325289495289355 0.0019969539716839842 -0.00025000010613048114
v 0.011207190342247516 0.0009805021109059479 -6.5152287211101001e-11
v 0.011456239037215741 0.0010022909846156862 -0.00025000010613048114
v 0.011250000447034865 4.1331828009514743e-18 -6.5152287211101001e-11
v 0.011500000022351773 1.4083438806858105e-18 -0.00025000010613048114
v 0.011207190342247516 -0.0009805021109059479 -6.5152287211101001e-11
v 0.011456239037215741 -0.0010022909846156862 -0.00025000010613048114
v 0.011079086922109157 -0.0019535419996827893 -6.5152287211101001e-11
v 0.011325289495289355 -0.0019969539716839842 -0.00025000010613048114
v 0.010866665281355411 -0.002911714371293791 -6.5152287211101001e-11
v 0.011108146980404883 -0.002976418938487776 -0.00025000010613048114
v 0.010571542195975808 -0.0038477266207337484 -6.5152287211101001e-11
v 0.010806465521454841 -0.0039332318119704827 -0.00025000010613048114
v 0.010195962153375177 -0.0047544552944600712 -6.5152287211101001e-11
v 0.010422539897263078 -0.0048601101152598988 -0.00025000010613048114
v 0.0097427861765027306 -0.0056250002235174327 -6.5152287211101001e-11
v 0.0099592925980687402 -0.0057500000111758865 -0.00025000010613048114
v 0.0092154601588845496 -0.0064527350477874452 -6.5152287211101001e-11
v 0.0094202486798167472 -0.0065961289219558412 -0.00025000010613048114
v 0.0086179999634623753 -0.0072313607670366955 -6.5152287211101001e-11
v 0.0088095115497708563 -0.0073920576833188733 -0.00025000010613048114
v 0.0079549513757229059 -0.0079549513757229059 -6.5152287211101001e-11
v 0.0081317275762558192 -0.0081317275762558192 -0.00025000010613048114
v 0.0072313607670366955 -0.0086179999634623753 -6.5152287211101001e-11
v 0.0073920576833188733 -0.0088095115497708563 -0.00025000010613048114
v 0.0064527350477874452 -0.0092154601588845496 -6.5152287211101001e-11
v 0.0065961289219558412 -0.0094202486798167472 -0.00025000010613048114
v 0.0056250002235174327 -0.0097427861765027306 -6.5152287211101001e-11
v 0.0057500000111758865 -0.0099592925980687402 -0.00025000010613048114
v 0.0047544552944600712 -0.010195962153375177 -6.5152287211101001e-11
v 0.0048601101152598988 -0.010422539897263078 -0.00025000010613048114
v 0.0038477266207337484 -0.010571542195975808 -6.5152287211101001e-11
v 0.0039332318119704827 -0.010806465521454841 -0.00025000010613048114
v 0.002911714371293791 -0.010866665281355411 -6.5152287211101001e-11
v 0.002976418938487776 -0.011108146980404883 -0.00025000010613048114
v 0.0019535419996827893 -0.011079086922109157 -6.5152287211101001e-11
v 0.0019969539716839842 -0.011325289495289355 -0.00025000010613048114
v 0.0009805021109059479 -0.011207190342247516 -6.5152287211101001e-11
v 0.0010022909846156862 -0.011456239037215741 -0.00025000010613048114
v 4.2034618535380594e-17 -0.011250000447034865 -6.5152287211101001e-11
v 4.2968723822634683e-17 -0.011500000022351773 -0.00025000010613048114
v -0.0009805021109059479 -0.011207190342247516 -6.5152287211101001e-11
v -0.0010022909846156862 -0.011456239037215741 -0.00025000010613048114
v -0.0019535419996827893 -0.011079086922109157 -6.5152287211101001e-11
v -0.0019969539716839842 -0.011325289495289355 -0.00025000010613048114
v -0.002911714371293791 -0.010866665281355411 -6.5152287211101001e-11
v -0.002976418938487776 -0.011108146980404883 -0.00025000010613048114
v -0.0038477266207337484 -0.010571542195975808 -6.5152287211101001e-11
v -0.0039332318119704827 -0.010806465521454841 -0.00025000010613048114
v -0.0047544552944600712 -0.010195962153375177 -6.5152287211101001e-11
v -0.0048601101152598988 -0.010422539897263078 -0.00025000010613048114
v -0.0056250002235174327 -0.0097427861765027306 -6.5152287211101001e-11
v -0.0057500000111758865 -0.0099592925980687402 -0.00025000010613048114
v -0.0064527350477874452 -0.0092154601588845496 -6.5152287211101001e-11
v -0.0065961289219558412 -0.0094202486798167472 -0.00025000010613048114
v -0.0072313607670366955 -0.0086179999634623753 -6.5152287211101001e-11
v -0.0073920576833188733 -0.0088095115497708563 -0.00025000010613048114
v -0.0079549513757229059 -0.0079549513757229059 -6.5152287211101001e-11
v -0.0081317275762558192 -0.0081317275762558192 -0.00025000010613048114
v -0.0086179999634623753 -0.0072313607670366955 -6.5152287211101001e-11
v -0.0088095115497708563 -0.0073920576833188733 -0.00025000010613048114
v -0.0092154601588845496 -0.0064527350477874452 -6.5152287211101001e-11
v -0.0094202486798167472 -0.0065961289219558412 -0.00025000010613048114
v -0.0097427861765027306 -0.0056250002235174327 -6.5152287211101001e-11
v -0.0099592925980687402 -0.0057500000111758865 -0.00025000010613048114
v -0.010195962153375177 -0.0047544552944600712 -6.5152287211101001e-11
v -0.010422539897263078 -0.0048601101152598988 -0.00025000010613048114
v -0.010571542195975808 -0.0038477266207337484 -6.5152287211101001e-11
v -0.010806465521454841 -0.0039332318119704827 -0.00025000010613048114
v -0.010866665281355411 -0.002911714371293791 -6.5152287211101001e-11
v -0.011108146980404883 -0.002976418938487776 -0.00025000010613048114
v -0.011079086922109157 -0.0019535419996827893 -6.5152287211101001e-11
v -0.011325289495289355 -0.0019969539716839842 -0.00025000010613048114
v -0.011207190342247516 -0.0009805021109059479 -6.5152287211101001e-11
v -0.011456239037215741 -0.0010022909846156862 -0.00025000010613048114
v -0.011250000447034865 -1.3318470613121657e-29 -6.5152287211101001e-11
v 0.011500000022351773 -1.3318470613121657e-29 -0.0039999999058961382
v 0.010460044257342843 0.00091513531515375018 -0.0050000000698089131
v 0.011456239037215741 0.0010022909846156862 -0.0039999999058961382
v 0.010340481065213708 0.0018233058508485603 -0.0050000000698089131
v 0.011325289495289355 0.0019969539716839842 -0.0039999999058961382
v 0.010142221115529565 0.0027175999712199046 -0.0050000000698089131
v 0.011108146980404883 0.002976418938487776 -0.0039999999058961382
v 0.0098667722195387147 0.0035912115126848316 -0.0050000000698089131
v 0.010806465521454841 0.0039332318119704827 -0.0039999999058961382
v 0.0095162317156791947 0.0044374917633831622 -0.0050000000698089131
v 0.010422539897263078 0.0048601101152598988 -0.0039999999058961382
v 0.0090932669118047003 0.0052499999292194982 -0.0050000000698089131
v 0.0099592925980687402 0.0057500000111758865 -0.0039999999058961382
v 0.0086010964587331044 0.0060225524939596818 -0.0050000000698089131
v 0.0094202486798167472 0.0065961289219558412 -0.0039999999058961382
v 0.0080434670671820849 0.0067492700181901637 -0.0050000000698089131
v 0.0088095115497708563 0.0073920576833188733 -0.0039999999058961382
v 0.0074246213771403035 0.0074246213771403035 -0.0050000000698089131
v 0.0081317275762558192 0.0081317275762558192 -0.0039999999058961382
v 0.0067492700181901637 0.0080434670671820849 -0.0050000000698089131
v 0.0073920576833188733 0.0088095115497708563 -0.0039999999058961382
v 0.0060225524939596818 0.0086010964587331044 -0.0050000000698089131
v 0.0065961289219558412 0.0094202486798167472 -0.0039999999058961382
v 0.0052499999292194982 0.0090932669118047003 -0.0050000000698089131
v 0.0057500000111758865 0.0099592925980687402 -0.0039999999058961382
v 0.0044374917633831622 0.0095162317156791947 -0.0050000000698089131
v 0.0048601101152598988 0.010422539897263078 -0.0039999999058961382
v 0.0035912115126848316 0.0098667722195387147 -0.0050000000698089131
v 0.0039332318119704827 0.010806465521454841 -0.0039999999058961382
v 0.0027175999712199046 0.010142221115529565 -0.0050000000698089131
v 0.002976418938487776 0.011108146980404883 -0.0039999999058961382
v 0.0018233058508485603 0.010340481065213708 -0.0050000000698089131
v 0.0019969539716839842 0.011325289495289355 -0.0039999999058961382
v 0.00091513531515375007 0.010460044257342843 -0.0050000000698089131
v 0.0010022909846156862 0.011456239037215741 -0.0039999999058961382
v 7.6373442565866994e-18 0.010499999858438996 -0.0050000000698089131
v 8.3647106389841814e-18 0.011500000022351773 -0.0039999999058961382
v -0.00091513531515375029 0.010460044257342843 -0.0050000000698089131
v -0.0010022909846156862 0.011456239037215741 -0.0039999999058961382
v -0.0018233058508485603 0.010340481065213708 -0.0050000000698089131
v -0.0019969539716839842 0.011325289495289355 -0.0039999999058961382
v -0.0027175999712199046 0.010142221115529565 -0.0050000000698089131
v -0.002976418938487776 0.011108146980404883 -0.0039999999058961382
v -0.0035912115126848316 0.0098667722195387147 -0.0050000000698089131
v -0.0039332318119704827 0.010806465521454841 -0.0039999999058961382
v -0.0044374917633831622 0.0095162317156791947 -0.0050000000698089131
v -0.0048601101152598988 0.010422539897263078 -0.0039999999058961382
v -0.0052499999292194982 0.0090932669118047003 -0.0050000000698089131
v -0.0057500000111758865 0.0099592925980687402 -0.0039999999058961382
v -0.0060225524939596818 0.0086010964587331044 -0.0050000000698089131
v -0.0065961289219558412 0.0094202486798167472 -0.0039999999058961382
v -0.0067492700181901637 0.0080434670671820849 -0.0050000000698089131
v -0.0073920576833188733 0.0088095115497708563 -0.0039999999058961382
v -0.0074246213771403035 0.0074246213771403035 -0.0050000000698089131
v -0.0081317275762558192 0.0081317275762558192 -0.0039999999058961382
v -0.0080434670671820849 0.0067492700181901637 -0.0050000000698089131
v -0.0088095115497708563 0.0073920576833188733 -0.0039999999058961382
v -0.0086010964587331044 0.0060225524939596818 -0.0050000000698089131
v -0.0094202486798167472 0.0065961289219558412 -0.0039999999058961382
v -0.0090932669118047003 0.0052499999292194982 -0.0050000000698089131
v -0.0099592925980687402 0.0057500000111758865 -0.0039999999058961382
v -0.0095162317156791947 0.0044374917633831622 -0.0050000000698089131
v -0.010422539897263078 0.0048601101152598988 -0.0039999999058961382
v -0.0098667722195387147 0.0035912115126848316 -0.0050000000698089131
v -0.010806465521454841 0.0039332318119704827 -0.0039999999058961382
v -0.010142221115529565 0.0027175999712199046 -0.0050000000698089131
v -0.011108146980404883 0.002976418938487776 -0.0039999999058961382
v -0.010340481065213708 0.0018233058508485603 -0.0050000000698089131
v -0.011325289495289355 0.0019969539716839842 -0.0039999999058961382
v -0.010460044257342843 0.00091513531515375018 -0.0050000000698089131
v -0.011456239037215741 0.0010022909846156862 -0.0039999999058961382
v -0.010499999858438996 2.460056392437524e-17 -0.0050000000698089131
v -0.011500000022351773 2.6943473600092892e-17 -0.0039999999058961382
v -0.010460044257342843 -0.00091513531515375018 -0.0050000000698089131
v -0.011456239037215741 -0.0010022909846156862 -0.0039999999058961382
v -0.010340481065213708 -0.0018233058508485603 -0.0050000000698089131
v -0.011325289495289355 -0.0019969539716839842 -0.0039999999058961382
v -0.010142221115529565 -0.0027175999712199046 -0.0050000000698089131
v -0.011108146980404883 -0.002976418938487776 -0.0039999999058961382
v -0.0098667722195387147 -0.0035912115126848316 -0.0050000000698089131
v -0.010806465521454841 -0.0039332318119704827 -0.0039999999058961382
v -0.0095162317156791947 -0.0044374917633831622 -0.0050000000698089131
v -0.010422539897263078 -0.0048601101152598988 -0.0039999999058961382
v -0.0090932669118047003 -0.0052499999292194982 -0.0050000000698089131
v -0.0099592925980687402 -0.0057500000111758865 -0.0039999999058961382
v -0.0086010964587331044 -0.0060225524939596818 -0.0050000000698089131
v -0.0094202486798167472 -0.0065961289219558412 -0.0039999999058961382
v -0.0080434670671820849 -0.0067492700181901637 -0.0050000000698089131
v -0.0088095115497708563 -0.0073920576833188733 -0.0039999999058961382
v -0.0074246213771403035 -0.0074246213771403035 -0.0050000000698089131
v -0.0081317275762558192 -0.0081317275762558192 -0.0039999999058961382
v -0.0067492700181901637 -0.0080434670671820849 -0.0050000000698089131
v -0.0073920576833188733 -0.0088095115497708563 -0.0039999999058961382
v -0.0060225524939596818 -0.0086010964587331044 -0.0050000000698089131
v -0.0065961289219558412 -0.0094202486798167472 -0.0039999999058961382
v -0.0052499999292194982 -0.0090932669118047003 -0.0050000000698089131
v -0.0057500000111758865 -0.0099592925980687402 -0.0039999999058961382
v -0.0044374917633831622 -0.0095162317156791947 -0.0050000000698089131
v -0.0048601101152598988 -0.010422539897263078 -0.0039999999058961382
v -0.0035912115126848316 -0.0098667722195387147 -0.0050000000698089131
v -0.0039332318119704827 -0.010806465521454841 -0.0039999999058961382
v -0.0027175999712199046 -0.010142221115529565 -0.0050000000698089131
v -0.002976418938487776 -0.011108146980404883 -0.0039999999058961382
v -0.0018233058508485603 -0.010340481065213708 -0.0050000000698089131
v -0.0019969539716839842 -0.011325289495289355 -0.0039999999058961382
v -0.00091513531515375029 -0.010460044257342843 -0.0050000000698089131
v -0.0010022909846156862 -0.011456239037215741 -0.0039999999058961382
v -3.9232313153875712e-17 -0.010499999858438996 -0.0050000000698089131
v -4.2968724376724703e-17 -0.011500000022351773 -0.0039999999058961382
v 0.00091513531515375007 -0.010460044257342843 -0.0050000000698089131
v 0.0010022909846156862 -0.011456239037215741 -0.0039999999058961382
v 0.0018233058508485603 -0.010340481065213708 -0.0050000000698089131
v 0.0019969539716839842 -0.011325289495289355 -0.0039999999058961382
v 0.0027175999712199046 -0.010142221115529565 -0.0050000000698089131
v 0.002976418938487776 -0.011108146980404883 -0.0039999999058961382
v 0.0035912115126848316 -0.0098667722195387147 -0.0050000000698089131
v 0.0039332318119704827 -0.010806465521454841 -0.0039999999058961382
v 0.0044374917633831622 -0.0095162317156791947 -0.0050000000698089131
v 0.0048601101152598988 -0.010422539897263078 -0.0039999999058961382
v 0.0052499999292194982 -0.0090932669118047003 -0.0050000000698089131
v 0.0057500000111758865 -0.0099592925980687402 -0.0039999999058961382
v 0.0060225524939596818 -0.0086010964587331044 -0.0050000000698089131
v 0.0065961289219558412 -0.0094202486798167472 -0.0039999999058961382
v 0.0067492700181901637 -0.0080434670671820849 -0.0050000000698089131
v 0.0073920576833188733 -0.0088095115497708563 -0.0039999999058961382
v 0.0074246213771403035 -0.0074246213771403035 -0.0050000000698089131
v 0.0081317275762558192 -0.0081317275762558192 -0.0039999999058961382
v 0.0080434670671820849 -0.0067492700181901637 -0.0050000000698089131
v 0.0088095115497708563 -0.0073920576833188733 -0.0039999999058961382
v 0.0086010964587331044 -0.0060225524939596818 -0.0050000000698089131
v 0.0094202486798167472 -0.0065961289219558412 -0.0039999999058961382
v 0.0090932669118047003 -0.0052499999292194982 -0.0050000000698089131
v 0.0099592925980687402 -0.0057500000111758865 -0.0039999999058961382
v 0.0095162317156791947 -0.0044374917633831622 -0.0050000000698089131
v 0.010422539897263078 -0.0048601101152598988 -0.0039999999058961382
v 0.0098667722195387147 -0.0035912115126848316 -0.0050000000698089131
v 0.010806465521454841 -0.0039332318119704827 -0.0039999999058961382
v 0.010142221115529565 -0.0027175999712199046 -0.0050000000698089131
v 0.011108146980404883 -0.002976418938487776 -0.0039999999058961382
v 0.010340481065213708 -0.0018233058508485603 -0.0050000000698089131
v 0.011325289495289355 -0.0019969539716839842 -0.0039999999058961382
v 0.010460044257342843 -0.00091513531515375018 -0.0050000000698089131
v 0.011456239037215741 -0.0010022909846156862 -0.0039999999058961382
v 0.010499999858438996 -2.5717583695364805e-18 -0.0050000000698089131
v -0.0074999998323619565 -1.8369703158880207e-18 0.0020000001462579424
v -0.0064752656035125429 0.00056651234626770171 0.0030000003101707182
v -0.0074714603833854398 0.0006536680739372986 0.0020000001462579424
v -0.006401250604540127 0.0011287131346762211 0.0030000003101707182
v -0.0073860581032932004 0.0013023613719269668 0.0020000001462579424
v -0.0062785176560282872 0.0016823237529024527 0.0030000003101707182
v -0.0072444435209036064 0.0019411428365856461 0.0020000001462579424
v -0.0061080018058419392 0.0022231310140341581 0.0030000003101707182
v -0.007047694642096777 0.0025651510804891656 0.0020000001462579424
v -0.0058910003863275207 0.0027470185887068584 0.0030000003101707182
v -0.0067973085679114047 0.0031696369405835949 0.0020000001462579424
v -0.0056291650980711131 0.003250000067055234 0.0030000003101707182
v -0.0064951903186738665 0.0037499999161809783 0.0020000001462579424
v -0.0053244885057211061 0.0037282467819750409 0.0030000003101707182
v -0.0061436402611434624 0.0043018232099712008 0.0020000001462579424
v -0.0049792886711657177 0.0041781193576753252 0.0030000003101707182
v -0.0057453331537544883 0.0048209070228040348 0.0020000001462579424
v -0.0045961942523718002 0.0045961942523718002 0.0030000003101707182
v -0.005303300917148604 0.005303300917148604 0.0020000001462579424
v -0.0041781193576753252 0.0049792886711657177 0.0030000003101707182
v -0.0048209070228040348 0.0057453331537544883 0.0020000001462579424
v -0.0037282467819750409 0.0053244885057211061 0.0030000003101707182
v -0.0043018232099712008 0.0061436402611434624 0.0020000001462579424
v -0.003250000067055234 0.0056291650980711131 0.0030000003101707182
v -0.0037499999161809783 0.0064951903186738665 0.0020000001462579424
v -0.0027470185887068584 0.0058910003863275207 0.0030000003101707182
v -0.0031696369405835949 0.0067973085679114047 0.0020000001462579424
v -0.0022231310140341581 0.0061080018058419392 0.0030000003101707182
v -0.0025651510804891656 0.007047694642096777 0.0020000001462579424
v -0.0016823237529024527 0.0062785176560282872 0.0030000003101707182
v -0.0019411428365856461 0.0072444435209036064 0.0020000001462579424
v -0.0011287131346762211 0.006401250604540127 0.0030000003101707182
v -0.0013023613719269668 0.0073860581032932004 0.0020000001462579424
v -0.00056651234626770182 0.0064752656035125429 0.0030000003101707182
v -0.00065366807393729871 0.0074714603833854398 0.0020000001462579424
v -4.7278796946771065e-18 0.0065000001341104681 0.0030000003101707182
v -5.4552460770745877e-18 0.0074999998323619565 0.0020000001462579424
v 0.0005665123462677016 0.0064752656035125429 0.0030000003101707182
v 0.00065366807393729849 0.0074714603833854398 0.0020000001462579424
v 0.0011287131346762211 0.006401250604540127 0.0030000003101707182
v 0.0013023613719269668 0.0073860581032932004 0.0020000001462579424
v 0.0016823237529024527 0.0062785176560282872 0.0030000003101707182
v 0.0019411428365856461 0.0072444435209036064 0.0020000001462579424
v 0.0022231310140341581 0.0061080018058419392 0.0030000003101707182
v 0.0025651510804891656 0.007047694642096777 0.0020000001462579424
v 0.0027470185887068584 0.0058910003863275207 0.0030000003101707182
v 0.0031696369405835949 0.0067973085679114047 0.0020000001462579424
v 0.003250000067055234 0.0056291650980711131 0.0030000003101707182
v 0.0037499999161809783 0.0064951903186738665 0.0020000001462579424
v 0.0037282467819750409 0.0053244885057211061 0.0030000003101707182
v 0.0043018232099712008 0.0061436402611434624 0.0020000001462579424
v 0.0041781193576753252 0.0049792886711657177 0.0030000003101707182
v 0.0048209070228040348 0.0057453331537544883 0.0020000001462579424
v 0.0045961942523718002 0.0045961942523718002 0.0030000003101707182
v 0.005303300917148604 0.005303300917148604 0.0020000001462579424
v 0.0049792886711657177 0.0041781193576753252 0.0030000003101707182
v 0.0057453331537544883 0.0048209070228040348 0.0020000001462579424
v 0.0053244885057211061 0.0037282467819750409 0.0030000003101707182
v 0.0061436402611434624 0.0043018232099712008 0.0020000001462579424
v 0.0056291650980711131 0.003250000067055234 0.0030000003101707182
v 0.0064951903186738665 0.0037499999161809783 0.0020000001462579424
v 0.0058910003863275207 0.0027470185887068584 0.0030000003101707182
v 0.0067973085679114047 0.0031696369405835949 0.0020000001462579424
v 0.0061080018058419392 0.0022231310140341581 0.0030000003101707182
v 0.007047694642096777 0.0025651510804891656 0.0020000001462579424
v 0.0062785176560282872 0.0016823237529024527 0.0030000003101707182
v 0.0072444435209036064 0.0019411428365856461 0.0020000001462579424
v 0.006401250604540127 0.0011287131346762211 0.0030000003101707182
v 0.0073860581032932004 0.0013023613719269668 0.0020000001462579424
v 0.0064752656035125429 0.00056651234626770171 0.0030000003101707182
v 0.0074714603833854398 0.0006536680739372986 0.0020000001462579424
v 0.0065000001341104681 2.3880612510845644e-18 0.0030000003101707182
v 0.0074999998323619565 9.1848514378764527e-19 0.0020000001462579424
v 0.0064752656035125429 -0.00056651234626770171 0.0030000003101707182
v 0.0074714603833854398 -0.0006536680739372986 0.0020000001462579424
v 0.006401250604540127 -0.0011287131346762211 0.0030000003101707182
v 0.0073860581032932004 -0.0013023613719269668 0.0020000001462579424
v 0.0062785176560282872 -0.0016823237529024527 0.0030000003101707182
v 0.0072444435209036064 -0.0019411428365856461 0.0020000001462579424
v 0.0061080018058419392 -0.0022231310140341581 0.0030000003101707182
v 0.007047694642096777 -0.0025651510804891656 0.0020000001462579424
v 0.0058910003863275207 -0.0027470185887068584 0.0030000003101707182
v 0.0067973085679114047 -0.0031696369405835949 0.0020000001462579424
v 0.0056291650980711131 -0.003250000067055234 0.0030000003101707182
v 0.0064951903186738665 -0.0037499999161809783 0.0020000001462579424
v 0.0053244885057211061 -0.0037282467819750409 0.0030000003101707182
v 0.0061436402611434624 -0.0043018232099712008 0.0020000001462579424
v 0.0049792886711657177 -0.0041781193576753252 0.0030000003101707182
v 0.0057453331537544883 -0.0048209070228040348 0.0020000001462579424
v 0.0045961942523718002 -0.0045961942523718002 0.0030000003101707182
v 0.005303300917148604 -0.005303300917148604 0.0020000001462579424
v 0.0041781193576753252 -0.0049792886711657177 0.0030000003101707182
v 0.0048209070228040348 -0.0057453331537544883 0.0020000001462579424
v 0.0037282467819750409 -0.0053244885057211061 0.0030000003101707182
v 0.0043018232099712008 -0.0061436402611434624 0.0020000001462579424
v 0.003250000067055234 -0.0056291650980711131 0.0030000003101707182
v 0.0037499999161809783 -0.0064951903186738665 0.0020000001462579424
v 0.0027470185887068584 -0.0058910003863275207 0.0030000003101707182
v 0.0031696369405835949 -0.0067973085679114047 0.0020000001462579424
v 0.0022231310140341581 -0.0061080018058419392 0.0030000003101707182
v 0.0025651510804891656 -0.007047694642096777 0.0020000001462579424
v 0.0016823237529024527 -0.0062785176560282872 0.0030000003101707182
v 0.0019411428365856461 -0.0072444435209036064 0.0020000001462579424
v 0.0011287131346762211 -0.006401250604540127 0.0030000003101707182
v 0.0013023613719269668 -0.0073860581032932004 0.0020000001462579424
v 0.0005665123462677016 -0.0064752656035125429 0.0030000003101707182
v 0.00065366807393729849 -0.0074714603833854398 0.0020000001462579424
v 2.428666936275096e-17 -0.0065000001341104681 0.0030000003101707182
v 2.8023078931238726e-17 -0.0074999998323619565 0.0020000001462579424
v -0.00056651234626770182 -0.0064752656035125429 0.0030000003101707182
v -0.00065366807393729871 -0.0074714603833854398 0.0020000001462579424
v -0.0011287131346762211 -0.006401250604540127 0.0030000003101707182
v -0.0013023613719269668 -0.0073860581032932004 0.0020000001462579424
v -0.0016823237529024527 -0.0062785176560282872 0.0030000003101707182
v -0.0019411428365856461 -0.0072444435209036064 0.0020000001462579424
v -0.0022231310140341581 -0.0061080018058419392 0.0030000003101707182
v -0.0025651510804891656 -0.007047694642096777 0.0020000001462579424
v -0.0027470185887068584 -0.0058910003863275207 0.0030000003101707182
v -0.0031696369405835949 -0.0067973085679114047 0.0020000001462579424
v -0.003250000067055234 -0.0056291650980711131 0.0030000003101707182
v -0.0037499999161809783 -0.0064951903186738665 0.0020000001462579424
v -0.0037282467819750409 -0.0053244885057211061 0.0030000003101707182
v -0.0043018232099712008 -0.0061436402611434624 0.0020000001462579424
v -0.0041781193576753252 -0.0049792886711657177 0.0030000003101707182
v -0.0048209070228040348 -0.0057453331537544883 0.0020000001462579424
v -0.0045961942523718002 -0.0045961942523718002 0.0030000003101707182
v -0.005303300917148604 -0.005303300917148604 0.0020000001462579424
v -0.0049792886711657177 -0.0041781193576753252 0.0030000003101707182
v -0.0057453331537544883 -0.0048209070228040348 0.0020000001462579424
v -0.0053244885057211061 -0.0037282467819750409 0.0030000003101707182
v -0.0061436402611434624 -0.0043018232099712008 0.0020000001462579424
v -0.0056291650980711131 -0.003250000067055234 0.0030000003101707182
v -0.0064951903186738665 -0.0037499999161809783 0.0020000001462579424
v -0.0058910003863275207 -0.0027470185887068584 0.0030000003101707182
v -0.0067973085679114047 -0.0031696369405835949 0.0020000001462579424
v -0.0061080018058419392 -0.0022231310140341581 0.0030000003101707182
v -0.007047694642096777 -0.0025651510804891656 0.0020000001462579424
v -0.0062785176560282872 -0.0016823237529024527 0.0030000003101707182
v -0.0072444435209036064 -0.0019411428365856461 0.0020000001462579424
v -0.006401250604540127 -0.0011287131346762211 0.0030000003101707182
v -0.0073860581032932004 -0.0013023613719269668 0.0020000001462579424
v -0.0064752656035125429 -0.00056651234626770171 0.0030000003101707182
v -0.0074714603833854398 -0.0006536680739372986 0.0020000001462579424
v -0.0065000001341104681 -1.3318470613121657e-29 0.0030000003101707182
v -0.002739535411819823 0.00023967829474713718 -0.0022500000265024064
v -0.005479070823639646 0.00047935658949427437 -0.0050000000698089131
v -0.0027082213200628831 0.00047753247781656807 -0.0022500000265024064
v -0.0054164426401257662 0.00095506495563313614 -0.0050000000698089131
v -0.0026562961284071276 0.00071175239281729048 -0.0022500000265024064
v -0.0053125922568142553 0.001423504785634581 -0.0050000000698089131
v -0.0025841547176241944 0.0009405554155819143 -0.0022500000265024064
v -0.0051683094352483888 0.0018811108311638286 -0.0050000000698089131
v -0.002492346335202462 0.0011622002348303825 -0.0022500000265024064
v -0.0049846926704049241 0.002324400469660765 -0.0050000000698089131
v -0.0023815699387341803 0.0013749999925494231 -0.0022500000265024064
v -0.0047631398774683606 0.0027499999850988462 -0.0050000000698089131
v -0.0022526681423187317 0.0015773351769894403 -0.0022500000265024064
v -0.0045053362846374633 0.0031546703539788805 -0.0050000000698089131
v -0.0021066223271191177 0.0017676659626886296 -0.0022500000265024064
v -0.0042132446542382353 0.0035353319253772593 -0.0050000000698089131
v -0.0019445436773821764 0.0019445436773821764 -0.0022500000265024064
v -0.0038890873547643527 0.0038890873547643527 -0.0050000000698089131
v -0.0017676659626886296 0.0021066223271191177 -0.0022500000265024064
v -0.0035353319253772593 0.0042132446542382353 -0.0050000000698089131
v -0.0015773351769894403 0.0022526681423187317 -0.0022500000265024064
v -0.0031546703539788805 0.0045053362846374633 -0.0050000000698089131
v -0.0013749999925494231 0.0023815699387341803 -0.0022500000265024064
v -0.0027499999850988462 0.0047631398774683606 -0.0050000000698089131
v -0.0011622002348303825 0.002492346335202462 -0.0022500000265024064
v -0.002324400469660765 0.0049846926704049241 -0.0050000000698089131
v -0.0009405554155819144 0.0025841547176241944 -0.0022500000265024064
v -0.0018811108311638286 0.0051683094352483888 -0.0050000000698089131
v -0.00071175239281729059 0.0026562961284071276 -0.0022500000265024064
v -0.001423504785634581 0.0053125922568142553 -0.0050000000698089131
v -0.00047753247781656813 0.0027082213200628831 -0.0022500000265024064
v -0.00095506495563313625 0.0054164426401257662 -0.0050000000698089131
v -0.00023967829474713724 0.002739535411819823 -0.0022500000265024064
v -0.00047935658949427442 0.005479070823639646 -0.0050000000698089131
v -2.000257001457472e-18 0.0027499999850988462 -0.0022500000265024064
v -4.0005137258699323e-18 0.0054999999701976924 -0.0050000000698089131
v 0.00023967829474713713 0.002739535411819823 -0.0022500000265024064
v 0.00047935658949427431 0.005479070823639646 -0.0050000000698089131
v 0.00047753247781656802 0.0027082213200628831 -0.0022500000265024064
v 0.00095506495563313604 0.0054164426401257662 -0.0050000000698089131
v 0.00071175239281729037 0.0026562961284071276 -0.0022500000265024064
v 0.001423504785634581 0.0053125922568142553 -0.0050000000698089131
v 0.00094055541558191419 0.0025841547176241944 -0.0022500000265024064
v 0.0018811108311638286 0.0051683094352483888 -0.0050000000698089131
v 0.0011622002348303825 0.002492346335202462 -0.0022500000265024064
v 0.002324400469660765 0.0049846926704049241 -0.0050000000698089131
v 0.0013749999925494231 0.0023815699387341803 -0.0022500000265024064
v 0.0027499999850988462 0.0047631398774683606 -0.0050000000698089131
v 0.0015773351769894403 0.0022526681423187317 -0.0022500000265024064
v 0.0031546703539788805 0.0045053362846374633 -0.0050000000698089131
v 0.0017676659626886296 0.0021066223271191177 -0.0022500000265024064
v 0.0035353319253772593 0.0042132446542382353 -0.0050000000698089131
v 0.0019445436773821764 0.0019445436773821764 -0.0022500000265024064
v 0.0038890873547643527 0.0038890873547643527 -0.0050000000698089131
v 0.0021066223271191177 0.0017676659626886296 -0.0022500000265024064
v 0.0042132446542382353 0.0035353319253772593 -0.0050000000698089131
v 0.0022526681423187317 0.0015773351769894403 -0.0022500000265024064
v 0.0045053362846374633 0.0031546703539788805 -0.0050000000698089131
v 0.0023815699387341803 0.0013749999925494231 -0.0022500000265024064
v 0.0047631398774683606 0.0027499999850988462 -0.0050000000698089131
v 0.002492346335202462 0.0011622002348303825 -0.0022500000265024064
v 0.0049846926704049241 0.002324400469660765 -0.0050000000698089131
v 0.0025841547176241944 0.0009405554155819143 -0.0022500000265024064
v 0.0051683094352483888 0.0018811108311638286 -0.0050000000698089131
v 0.0026562961284071276 0.00071175239281729048 -0.0022500000265024064
v 0.0053125922568142553 0.001423504785634581 -0.0050000000698089131
v 0.0027082213200628831 0.00047753247781656807 -0.0022500000265024064
v 0.0054164426401257662 0.00095506495563313614 -0.0050000000698089131
v 0.002739535411819823 0.00023967829474713718 -0.0022500000265024064
v 0.005479070823639646 0.00047935658949427437 -0.0050000000698089131
v 0.0027499999850988462 6.4430044249863926e-18 -0.0022500000265024064
v 0.0054999999701976924 1.2886008928342079e-17 -0.0050000000698089131
v 0.002739535411819823 -0.00023967829474713718 -0.0022500000265024064
v 0.005479070823639646 -0.00047935658949427437 -0.0050000000698089131
v 0.0027082213200628831 -0.00047753247781656807 -0.0022500000265024064
v 0.0054164426401257662 -0.00095506495563313614 -0.0050000000698089131
v 0.0026562961284071276 -0.00071175239281729048 -0.0022500000265024064
v 0.0053125922568142553 -0.001423504785634581 -0.0050000000698089131
v 0.0025841547176241944 -0.0009405554155819143 -0.0022500000265024064
v 0.0051683094352483888 -0.0018811108311638286 -0.0050000000698089131
v 0.002492346335202462 -0.0011622002348303825 -0.0022500000265024064
v 0.0049846926704049241 -0.002324400469660765 -0.0050000000698089131
v 0.0023815699387341803 -0.0013749999925494231 -0.0022500000265024064
v 0.0047631398774683606 -0.0027499999850988462 -0.0050000000698089131
v 0.0022526681423187317 -0.0015773351769894403 -0.0022500000265024064
v 0.0045053362846374633 -0.0031546703539788805 -0.0050000000698089131
v 0.0021066223271191177 -0.0017676659626886296 -0.0022500000265024064
v 0.0042132446542382353 -0.0035353319253772593 -0.0050000000698089131
v 0.0019445436773821764 -0.0019445436773821764 -0.0022500000265024064
v 0.0038890873547643527 -0.0038890873547643527 -0.0050000000698089131
v 0.0017676659626886296 -0.0021066223271191177 -0.0022500000265024064
v 0.0035353319253772593 -0.0042132446542382353 -0.0050000000698089131
v 0.0015773351769894403 -0.0022526681423187317 -0.0022500000265024064
v 0.0031546703539788805 -0.0045053362846374633 -0.0050000000698089131
v 0.0013749999925494231 -0.0023815699387341803 -0.0022500000265024064
v 0.0027499999850988462 -0.0047631398774683606 -0.0050000000698089131
v 0.0011622002348303825 -0.002492346335202462 -0.0022500000265024064
v 0.002324400469660765 -0.0049846926704049241 -0.0050000000698089131
v 0.00094055541558191419 -0.0025841547176241944 -0.0022500000265024064
v 0.0018811108311638286 -0.0051683094352483888 -0.0050000000698089131
v 0.00071175239281729037 -0.0026562961284071276 -0.0022500000265024064
v 0.001423504785634581 -0.0053125922568142553 -0.0050000000698089131
v 0.00047753247781656802 -0.0027082213200628831 -0.0022500000265024064
v 0.00095506495563313604 -0.0054164426401257662 -0.0050000000698089131
v 0.00023967829474713713 -0.002739535411819823 -0.0022500000265024064
v 0.00047935658949427431 -0.005479070823639646 -0.0050000000698089131
v 1.0275128931428481e-17 -0.0027499999850988462 -0.0022500000265024064
v 2.0550258139901973e-17 -0.0054999999701976924 -0.0050000000698089131
v -0.00023967829474713724 -0.002739535411819823 -0.0022500000265024064
v -0.00047935658949427442 -0.005479070823639646 -0.0050000000698089131
v -0.00047753247781656813 -0.0027082213200628831 -0.0022500000265024064
v -0.00095506495563313625 -0.0054164426401257662 -0.0050000000698089131
v -0.00071175239281729059 -0.0026562961284071276 -0.0022500000265024064
v -0.001423504785634581 -0.0053125922568142553 -0.0050000000698089131
v -0.0009405554155819144 -0.0025841547176241944 -0.0022500000265024064
v -0.0018811108311638286 -0.0051683094352483888 -0.0050000000698089131
v -0.0011622002348303825 -0.002492346335202462 -0.0022500000265024064
v -0.002324400469660765 -0.0049846926704049241 -0.0050000000698089131
v -0.0013749999925494231 -0.0023815699387341803 -0.0022500000265024064
v -0.0027499999850988462 -0.0047631398774683606 -0.0050000000698089131
v -0.0015773351769894403 -0.0022526681423187317 -0.0022500000265024064
v -0.0031546703539788805 -0.0045053362846374633 -0.0050000000698089131
v -0.0017676659626886296 -0.0021066223271191177 -0.0022500000265024064
v -0.0035353319253772593 -0.0042132446542382353 -0.0050000000698089131
v -0.0019445436773821764 -0.0019445436773821764 -0.0022500000265024064
v -0.0038890873547643527 -0.0038890873547643527 -0.0050000000698089131
v -0.0021066223271191177 -0.0017676659626886296 -0.0022500000265024064
v -0.0042132446542382353 -0.0035353319253772593 -0.0050000000698089131
v -0.0022526681423187317 -0.0015773351769894403 -0.0022500000265024064
v -0.0045053362846374633 -0.0031546703539788805 -0.0050000000698089131
v -0.0023815699387341803 -0.0013749999925494231 -0.0022500000265024064
v -0.0047631398774683606 -0.0027499999850988462 -0.0050000000698089131
v -0.002492346335202462 -0.0011622002348303825 -0.0022500000265024064
v -0.0049846926704049241 -0.002324400469660765 -0.0050000000698089131
v -0.0025841547176241944 -0.0009405554155819143 -0.0022500000265024064
v -0.0051683094352483888 -0.0018811108311638286 -0.0050000000698089131
v -0.0026562961284071276 -0.00071175239281729048 -0.0022500000265024064
v -0.0053125922568142553 -0.001423504785634581 -0.0050000000698089131
v -0.0027082213200628831 -0.00047753247781656807 -0.0022500000265024064
v -0.0054164426401257662 -0.00095506495563313614 -0.0050000000698089131
v -0.002739535411819823 -0.00023967829474713718 -0.0022500000265024064
v -0.005479070823639646 -0.00047935658949427437 -0.0050000000698089131
v -0.0027499999850988462 -1.3318470613121657e-29 -0.0022500000265024064
v -0.0054999999701976924 -1.3471114755922785e-18 -0.0050000000698089131
v -0.0027499999850988462 -1.3318470613121657e-29 0.0030000003101707182
v -0.002739535411819823 0.00023967829474713718 0.0030000003101707182
v -0.0027082213200628831 0.00047753247781656807 0.0030000003101707182
v -0.0026562961284071276 0.00071175239281729048 0.0030000003101707182
v -0.0025841547176241944 0.0009405554155819143 0.0030000003101707182
v -0.002492346335202462 0.0011622002348303825 0.0030000003101707182
v -0.0023815699387341803 0.0013749999925494231 0.0030000003101707182
v -0.0022526681423187317 0.0015773351769894403 0.0030000003101707182
v -0.0021066223271191177 0.0017676659626886296 0.0030000003101707182
v -0.0019445436773821764 0.0019445436773821764 0.0030000003101707182
v -0.0017676659626886296 0.0021066223271191177 0.0030000003101707182
v -0.0015773351769894403 0.0022526681423187317 0.0030000003101707182
v -0.0013749999925494231 0.0023815699387341803 0.0030000003101707182
v -0.0011622002348303825 0.002492346335202462 0.0030000003101707182
v -0.0009405554155819144 0.0025841547176241944 0.0030000003101707182
v -0.00071175239281729059 0.0026562961284071276 0.0030000003101707182
v -0.00047753247781656813 0.0027082213200628831 0.0030000003101707182
v -0.00023967829474713724 0.002739535411819823 0.0030000003101707182
v -7.7901162928845334e-19 0.0027499999850988462 0.0030000003101707182
v 0.00023967829474713713 0.002739535411819823 0.0030000003101707182
v 0.00047753247781656802 0.0027082213200628831 0.0030000003101707182
v 0.00071175239281729037 0.0026562961284071276 0.0030000003101707182
v 0.00094055541558191419 0.0025841547176241944 0.0030000003101707182
v 0.0011622002348303825 0.002492346335202462 0.0030000003101707182
v 0.0013749999925494231 0.0023815699387341803 0.0030000003101707182
v 0.0015773351769894403 0.0022526681423187317 0.0030000003101707182
v 0.0017676659626886296 0.0021066223271191177 0.0030000003101707182
v 0.0019445436773821764 0.0019445436773821764 0.0030000003101707182
v 0.0021066223271191177 0.0017676659626886296 0.0030000003101707182
v 0.0022526681423187317 0.0015773351769894403 0.0030000003101707182
v 0.0023815699387341803 0.0013749999925494231 0.0030000003101707182
v 0.002492346335202462 0.0011622002348303825 0.0030000003101707182
v 0.0025841547176241944 0.0009405554155819143 0.0030000003101707182
v 0.0026562961284071276 0.00071175239281729048 0.0030000003101707182
v 0.0027082213200628831 0.00047753247781656807 0.0030000003101707182
v 0.002739535411819823 0.00023967829474713718 0.0030000003101707182
v 0.0027499999850988462 1.5580232465030469e-18 0.0030000003101707182
v 0.002739535411819823 -0.00023967829474713718 0.0030000003101707182
v 0.0027082213200628831 -0.00047753247781656807 0.0030000003101707182
v 0.0026562961284071276 -0.00071175239281729048 0.0030000003101707182
v 0.0025841547176241944 -0.0009405554155819143 0.0030000003101707182
v 0.002492346335202462 -0.0011622002348303825 0.0030000003101707182
v 0.0023815699387341803 -0.0013749999925494231 0.0030000003101707182
v 0.0022526681423187317 -0.0015773351769894403 0.0030000003101707182
v 0.0021066223271191177 -0.0017676659626886296 0.0030000003101707182
v 0.0019445436773821764 -0.0019445436773821764 0.0030000003101707182
v 0.0017676659626886296 -0.0021066223271191177 0.0030000003101707182
v 0.0015773351769894403 -0.0022526681423187317 0.0030000003101707182
v 0.0013749999925494231 -0.0023815699387341803 0.0030000003101707182
v 0.0011622002348303825 -0.002492346335202462 0.0030000003101707182
v 0.00094055541558191419 -0.0025841547176241944 0.0030000003101707182
v 0.00071175239281729037 -0.0026562961284071276 0.0030000003101707182
v 0.00047753247781656802 -0.0027082213200628831 0.0030000003101707182
v 0.00023967829474713713 -0.002739535411819823 0.0030000003101707182
v 2.9476574221974034e-18 -0.0027499999850988462 0.0030000003101707182
v -0.00023967829474713724 -0.002739535411819823 0.0030000003101707182
v -0.00047753247781656813 -0.0027082213200628831 0.0030000003101707182
v -0.00071175239281729059 -0.0026562961284071276 0.0030000003101707182
v -0.0009405554155819144 -0.0025841547176241944 0.0030000003101707182
v -0.0011622002348303825 -0.002492346335202462 0.0030000003101707182
v -0.0013749999925494231 -0.0023815699387341803 0.0030000003101707182
v -0.0015773351769894403 -0.0022526681423187317 0.0030000003101707182
v -0.0017676659626886296 -0.0021066223271191177 0.0030000003101707182
v -0.0019445436773821764 -0.0019445436773821764 0.0030000003101707182
v -0.0021066223271191177 -0.0017676659626886296 0.0030000003101707182
v -0.0022526681423187317 -0.0015773351769894403 0.0030000003101707182
v -0.0023815699387341803 -0.0013749999925494231 0.0030000003101707182
v -0.002492346335202462 -0.0011622002348303825 0.0030000003101707182
v -0.0025841547176241944 -0.0009405554155819143 0.0030000003101707182
v -0.0026562961284071276 -0.00071175239281729048 0.0030000003101707182
v -0.0027082213200628831 -0.00047753247781656807 0.0030000003101707182
v -0.002739535411819823 -0.00023967829474713718 0.0030000003101707182
v -0.0074999998323619565 -1.3318470613121657e-29 -6.5152287211101001e-11
v -0.0074714603833854398 0.0006536680739372986 -6.5152287211101001e-11
v -0.0073860581032932004 0.0013023613719269668 -6.5152287211101001e-11
v -0.0072444435209036064 0.0019411428365856461 -6.5152287211101001e-11
v -0.007047694642096777 0.0025651510804891656 -6.5152287211101001e-11
v -0.0067973085679114047 0.0031696369405835949 -6.5152287211101001e-11
v -0.0064951903186738665 0.0037499999161809783 -6.5152287211101001e-11
v -0.0061436402611434624 0.0043018232099712008 -6.5152287211101001e-11
v -0.0057453331537544883 0.0048209070228040348 -6.5152287211101001e-11
v -0.005303300917148604 0.005303300917148604 -6.5152287211101001e-11
v -0.0048209070228040348 0.0057453331537544883 -6.5152287211101001e-11
v -0.0043018232099712008 0.0061436402611434624 -6.5152287211101001e-11
v -0.0037499999161809783 0.0064951903186738665 -6.5152287211101001e-11
v -0.0031696369405835949 0.0067973085679114047 -6.5152287211101001e-11
v -0.0025651510804891656 0.007047694642096777 -6.5152287211101001e-11
v -0.0019411428365856461 0.0072444435209036064 -6.5152287211101001e-11
v -0.0013023613719269668 0.0073860581032932004 -6.5152287211101001e-11
v -0.00065366807393729871 0.0074714603833854398 -6.5152287211101001e-11
v -2.124577077645364e-18 0.0074999998323619565 -6.5152287211101001e-11
v 0.00065366807393729849 0.0074714603833854398 -6.5152287211101001e-11
v 0.0013023613719269668 0.0073860581032932004 -6.5152287211101001e-11
v 0.0019411428365856461 0.0072444435209036064 -6.5152287211101001e-11
v 0.0025651510804891656 0.007047694642096777 -6.5152287211101001e-11
v 0.0031696369405835949 0.0067973085679114047 -6.5152287211101001e-11
v 0.0037499999161809783 0.0064951903186738665 -6.5152287211101001e-11
v 0.0043018232099712008 0.0061436402611434624 -6.5152287211101001e-11
v 0.0048209070228040348 0.0057453331537544883 -6.5152287211101001e-11
v 0.005303300917148604 0.005303300917148604 -6.5152287211101001e-11
v 0.0057453331537544883 0.0048209070228040348 -6.5152287211101001e-11
v 0.0061436402611434624 0.0043018232099712008 -6.5152287211101001e-11
v 0.0064951903186738665 0.0037499999161809783 -6.5152287211101001e-11
v 0.0067973085679114047 0.0031696369405835949 -6.5152287211101001e-11
v 0.007047694642096777 0.0025651510804891656 -6.5152287211101001e-11
v 0.0072444435209036064 0.0019411428365856461 -6.5152287211101001e-11
v 0.0073860581032932004 0.0013023613719269668 -6.5152287211101001e-11
v 0.0074714603833854398 0.0006536680739372986 -6.5152287211101001e-11
v 0.0074999998323619565 9.1848514378764527e-19 -6.5152287211101001e-11
v 0.0074714603833854398 -0.0006536680739372986 -6.5152287211101001e-11
v 0.0073860581032932004 -0.0013023613719269668 -6.5152287211101001e-11
v 0.0072444435209036064 -0.0019411428365856461 -6.5152287211101001e-11
v 0.007047694642096777 -0.0025651510804891656 -6.5152287211101001e-11
v 0.0067973085679114047 -0.0031696369405835949 -6.5152287211101001e-11
v 0.0064951903186738665 -0.0037499999161809783 -6.5152287211101001e-11
v 0.0061436402611434624 -0.0043018232099712008 -6.5152287211101001e-11
v 0.0057453331537544883 -0.0048209070228040348 -6.5152287211101001e-11
v 0.005303300917148604 -0.005303300917148604 -6.5152287211101001e-11
v 0.0048209070228040348 -0.0057453331537544883 -6.5152287211101001e-11
v 0.0043018232099712008 -0.0061436402611434624 -6.5152287211101001e-11
v 0.0037499999161809783 -0.0064951903186738665 -6.5152287211101001e-11
v 0.0031696369405835949 -0.0067973085679114047 -6.5152287211101001e-11
v 0.0025651510804891656 -0.007047694642096777 -6.5152287211101001e-11
v 0.0019411428365856461 -0.0072444435209036064 -6.5152287211101001e-11
v 0.0013023613719269668 -0.0073860581032932004 -6.5152287211101001e-11
v 0.00065366807393729849 -0.0074714603833854398 -6.5152287211101001e-11
v 8.0390653482536914e-18 -0.0074999998323619565 -6.5152287211101001e-11
v -0.00065366807393729871 -0.0074714603833854398 -6.5152287211101001e-11
v -0.0013023613719269668 -0.0073860581032932004 -6.5152287211101001e-11
v -0.0019411428365856461 -0.0072444435209036064 -6.5152287211101001e-11
v -0.0025651510804891656 -0.007047694642096777 -6.5152287211101001e-11
v -0.0031696369405835949 -0.0067973085679114047 -6.5152287211101001e-11
v -0.0037499999161809783 -0.0064951903186738665 -6.5152287211101001e-11
v -0.0043018232099712008 -0.0061436402611434624 -6.5152287211101001e-11
v -0.0048209070228040348 -0.0057453331537544883 -6.5152287211101001e-11
v -0.005303300917148604 -0.005303300917148604 -6.5152287211101001e-11
v -0.0057453331537544883 -0.0048209070228040348 -6.5152287211101001e-11
v -0.0061436402611434624 -0.0043018232099712008 -6.5152287211101001e-11
v -0.0064951903186738665 -0.0037499999161809783 -6.5152287211101001e-11
v -0.0067973085679114047 -0.0031696369405835949 -6.5152287211101001e-11
v -0.007047694642096777 -0.0025651510804891656 -6.5152287211101001e-11
v -0.0072444435209036064 -0.0019411428365856461 -6.5152287211101001e-11
v -0.0073860581032932004 -0.0013023613719269668 -6.5152287211101001e-11
v -0.0074714603833854398 -0.0006536680739372986 -6.5152287211101001e-11
v 0.0052313879993984673 0.0035263408824576237 0.05649999994519557
v 0.0042526882230365876 0.0032460967397112263 0.05649999994519557
v 0.0055066681523022777 0.0025649769037370137 0.057499999992693021
v 0.004007484758936722 0.0025539975587500563 0.057097859678002252
v 0.0038194714788184611 0.002081859407621213 0.057499999992693021
v 0.0060297004876850788 0.00073838518748334855 0.057499999992693021
v 0.0063049806405888892 -0.00022297879123726143 0.05649999994519557
v 0.0064663254454123366 -0.00016906025903588471 0.05649999994519557
v 0.0061083042005039877 0.00076465316442248237 0.057499999992693021
v 0.0066223568357730474 -0.0001012848676993205 0.05649999994519557
v 0.0061843194944511196 0.00079767198397506821 0.057499999992693021
v 0.0067718875010025431 -2.0168181861098982e-05 0.05649999994519557
v 0.0062571678057999564 0.0008371903648955976 0.057499999992693021
v 0.0069137792178128989 7.3672160638341207e-05 0.05649999994519557
v 0.0063262944580470427 0.00088290743612776123 0.057499999992693021
v 0.0070469523775832489 0.0001795220830801058 0.05649999994519557
v 0.0063911737295073278 0.00093447533826857433 0.057499999992693021
v 0.0071703932752962196 0.00029657606325870497 0.05649999994519557
v 0.006451312002042112 0.0009915017599532428 0.057499999992693021
v 0.0072831629968734407 0.00042394331112821518 0.05649999994519557
v 0.0065062509258104135 0.0010535524182812785 0.057499999992693021
v 0.0073844023405889563 0.0005606542639599451 0.05649999994519557
v 0.0065555725339489493 0.0011201551874367522 0.057499999992693021
v 0.0074733411510891704 0.00070566858720830315 0.05649999994519557
v 0.0065989017513490931 0.0011908031783908687 0.057499999992693021
v 0.0075493029523847812 0.00085788267692600627 0.05649999994519557
v 0.0066359086470591817 0.0012649587139445806 0.057499999992693021
v 0.0076117093244680908 0.0010161380575193233 0.05649999994519557
v 0.0066663120617437149 0.0013420575764156546 0.057499999992693021
v 0.0076600855588467055 0.0011792303879002899 0.05649999994519557
v 0.0066898799732651041 0.0014215128056845226 0.057499999992693021
v 0.007694063004129538 0.001345918185873961 0.05649999994519557
v 0.0067064329158384719 0.0015027196743451277 0.057499999992693021
v 0.0077133833935882738 0.0015149330888022984 0.05649999994519557
v 0.0067158455684478502 0.0015850602900033752 0.057499999992693021
v 0.0077178996874991673 0.0016849887530169907 0.05649999994519557
v 0.0067180455370666418 0.0016679078481423111 0.057499999992693021
v 0.0077075775464385361 0.001854790932926325 0.05649999994519557
v 0.0067130171213361034 0.0017506320852024903 0.057499999992693021
v 0.007682495417503806 0.0020230473294466701 0.05649999994519557
v 0.0067007973266427732 0.0018326030561066889 0.057499999992693021
v 0.0076428446045111384 0.002188477494392715 0.05649999994519557
v 0.006681479954285501 0.001913197149207924 0.057499999992693021
v 0.0075889256526807201 0.0023498220731010236 0.05649999994519557
v 0.0066552120572170425 0.0019918010059911655 0.057499999992693021
v 0.0075211501293973825 0.0025058535013633442 0.05649999994519557
v 0.006622193513452365 0.0020678163940450597 0.057499999992693021
v 0.0074400334515708679 0.0026553841386134642 0.05649999994519557
v 0.0065826748087968821 0.0021406645672843428 0.057499999992693021
v 0.0073461930610011833 0.0027972760233000763 0.05649999994519557
v 0.006536957969288236 0.0022097914675247607 0.057499999992693021
v 0.0072403431225360037 0.0029304492390291796 0.05649999994519557
v 0.0064853899072828732 0.0022746706629354248 0.057499999992693021
v 0.0071232892382514946 0.0030538902247477322 0.05649999994519557
v 0.0064283638055737035 0.0023348086638113551 0.057499999992693021
v 0.0069959218626874644 0.0031666595464787789 0.05649999994519557
v 0.0063663130353281625 0.0023897475555328266 0.057499999992693021
v 0.0068592108778089047 0.0032678990021117998 0.05649999994519557
v 0.006299709938308683 0.0024390692514305451 0.057499999992693021
v 0.0067141964904668871 0.0033568380364470234 0.05649999994519557
v 0.006229062043248656 0.0024823985568362709 0.057499999992693021
v 0.0065619826245841935 0.0034327999018362934 0.05649999994519557
v 0.006154906531606867 0.0025194055804872791 0.057499999992693021
v 0.0064037273559083814 0.0034952063059664334 0.05649999994519557
v 0.0060778079171291246 0.0025498087634482957 0.057499999992693021
v 0.0062406347538685597 0.003543582220369549 0.05649999994519557
v 0.0059983527199070855 0.0025733765630521796 0.057499999992693021
v 0.0060739469798068114 0.0035775597935933014 0.05649999994519557
v 0.0059171454514003073 0.0025899296333200678 0.057499999992693021
v 0.0059049321328372264 0.0035968801990754517 0.05649999994519557
v 0.0058348048558329287 0.0025993421100414813 0.057499999992693021
v 0.005734876636498791 0.0036013965410565899 0.05649999994519557
v 0.0057519573854531748 0.0026015424065242792 0.057499999992693021
v 0.0055650744286100803 0.0035910743919842516 0.05649999994519557
v 0.0056692332025644211 0.0025965136430236659 0.057499999992693021
v 0.0053968181340850055 0.0035659921711612853 0.05649999994519557
v 0.0055872621655328357 0.0025842941321299515 0.057499999992693021
v -0.0043425038142012621 -0.00025526769136754746 0.057499999992693021
v -0.0043497981256764209 4.1924784017194537e-05 0.057499999992693021
v -0.0047519196042118354 4.5800636661504212e-05 0.057097859678002252
v -0.0043307143183082958 0.00040916266008459345 0.057499999992693021
v -0.0053262808642270095 0.00050322293398365908 0.05649999994519557
v -0.0042799139446610505 0.00077771188853394786 0.057499999992693021
v -0.0052638021732498491 0.00095649623644364931 0.05649999994519557
v -0.0041978082176401098 0.001140572591660405 0.057499999992693021
v -0.005162821889478442 0.0014027730185453477 0.05649999994519557
v -0.0040849974264353861 0.0014950903346143526 0.057499999992693021
v -0.0050240774692382351 0.0018387893373696534 0.05649999994519557
v -0.0039423068558014718 0.0018386724364134433 0.057499999992693021
v -0.0048485843975321231 0.002261355669784252 0.05649999994519557
v -0.003770780111924576 0.0021688052599613521 0.057499999992693021
v -0.0046376262239254951 0.0026673813203156177 0.05649999994519557
v -0.0035716720982383243 0.0024830745085549426 0.057499999992693021
v -0.0043927461001970931 0.0030538964614980151 0.05649999994519557
v -0.0033464388225458068 0.002779181222688009 0.057499999992693021
v -0.0041157348953854674 0.0034180732167599873 0.05649999994519557
v -0.0030967276527972426 0.0030549593437000852 0.057499999992693021
v -0.0038086192802670006 0.0037572491739419319 0.05649999994519557
v -0.0028243657171083082 0.0033083918713071336 0.057499999992693021
v -0.0034736453292201577 0.0040689420104925425 0.05649999994519557
v -0.0025313448649042581 0.0035376255839528886 0.057499999992693021
v -0.0031132630864514183 0.0043508725612875637 0.05649999994519557
v -0.0022198083373950409 0.0037409828478266764 0.057499999992693021
v -0.0027301089520511911 0.0046009785810258259 0.05649999994519557
v -0.0018920348893381354 0.003916976577565982 0.057499999992693021
v -0.0023269853748803006 0.0048174307309231676 0.05649999994519557
v -0.0015504220557681393 0.0040643191449092524 0.057499999992693021
v -0.0019068409514663629 0.0049986455428945257 0.05649999994519557
v -0.0011974687644767479 0.0041819336543789179 0.057499999992693021
v -0.0014727489814742177 0.005143297856934537 0.05649999994519557
v -0.00083575643366401865 0.0042689588714670676 0.057499999992693021
v -0.0010278844055506494 0.0052503288779384323 0.05649999994519557
v -0.00046793108793889379 0.0043247591873552451 0.057499999992693021
v -0.00057550138410571584 0.0053189564708730356 0.05649999994519557
v -9.6682910573322182e-05 0.0043489256302338625 0.057499999992693021
v -0.00011890882509695526 0.0053486782932274527 0.05649999994519557
v 0.0002752724024718297 0.0043412816888279155 0.057499999992693021
v 0.00033855344724979992 0.0053392771658138608 0.05649999994519557
v 0.00064521436293710015 0.0043018829486595189 0.057499999992693021
v 0.00079353946984029179 0.0052908218707276187 0.05649999994519557
v 0.0010104366027192681 0.0042310183903103895 0.057499999992693021
v 0.001242720887435039 0.0052036666854287971 0.05649999994519557
v 0.0013682682641632468 0.0041292061003136036 0.057499999992693021
v 0.0016828126436302549 0.0050784485672953055 0.05649999994519557
v 0.0017160915597684971 0.003997190307060805 0.057499999992693021
v 0.0021105952095454255 0.0049160847998982659 0.05649999994519557
v 0.0020513623230996362 0.003835936851342734 0.057499999992693021
v 0.002522939888020955 0.0047177615902293055 0.05649999994519557
v 0.0023716284026960252 0.0036466256173689304 0.057499999992693021
v 0.0029168304674340039 0.0044849303394262499 0.05649999994519557
v 0.0026745472257205766 0.0034306407885453922 0.057499999992693021
v 0.00328938577676796 0.0042192939996791223 0.05649999994519557
v 0.0029579029129529447 0.0031895626700973057 0.057499999992693021
v 0.0036378809282402833 0.0039227954772052785 0.05649999994519557
v 0.0032196229811163228 0.0029251541864897994 0.057499999992693021
v 0.0039597661628245047 0.0035976034113268788 0.05649999994519557
v 0.0034577931569052785 0.0026393497444005061 0.057499999992693021
v 0.0036683595924581745 0.0023378706812125197 0.057499999992693021
v 0.0053262808642270095 -0.00050322293398365886 0.05649999994519557
v 0.0047519196042118354 -4.5800636661504063e-05 0.057097859678002252
v 0.0043425038142012621 0.00025526769136754757 0.057499999992693021
v -0.0063049806405888892 0.00022297879123726159 0.05649999994519557
v -0.0060297004876850788 -0.00073838518748334833 0.057499999992693021
v 0.0043497981256764209 -4.1924784017194388e-05 0.057499999992693021
v 0.0043307143183082958 -0.00040916266008459335 0.057499999992693021
v 0.0042799139446610505 -0.00077771188853394764 0.057499999992693021
v 0.0052638021732498491 -0.0009564962364436491 0.05649999994519557
v 0.0041978082176401098 -0.001140572591660405 0.057499999992693021
v 0.005162821889478442 -0.0014027730185453477 0.05649999994519557
v 0.0040849974264353861 -0.0014950903346143526 0.057499999992693021
v 0.0050240774692382351 -0.0018387893373696534 0.05649999994519557
v 0.0039423068558014718 -0.0018386724364134433 0.057499999992693021
v 0.0048485843975321231 -0.002261355669784252 0.05649999994519557
v 0.003770780111924576 -0.0021688052599613521 0.057499999992693021
v 0.0046376262239254959 -0.0026673813203156177 0.05649999994519557
v 0.0035716720982383243 -0.0024830745085549426 0.057499999992693021
v 0.0043927461001970931 -0.0030538964614980151 0.05649999994519557
v 0.0033464388225458068 -0.002779181222688009 0.057499999992693021
v 0.0041157348953854674 -0.0034180732167599873 0.05649999994519557
v 0.0030967276527972426 -0.0030549593437000852 0.057499999992693021
v 0.0038086192802670006 -0.0037572491739419319 0.05649999994519557
v 0.0028243657171083086 -0.0033083918713071336 0.057499999992693021
v 0.0034736453292201577 -0.0040689420104925425 0.05649999994519557
v 0.0025313448649042581 -0.0035376255839528886 0.057499999992693021
v 0.0031132630864514183 -0.0043508725612875637 0.05649999994519557
v 0.0022198083373950409 -0.0037409828478266764 0.057499999992693021
v 0.0027301089520511911 -0.0046009785810258259 0.05649999994519557
v 0.0018920348893381356 -0.003916976577565982 0.057499999992693021
v 0.0023269853748803006 -0.0048174307309231676 0.05649999994519557
v 0.0015504220557681395 -0.0040643191449092524 0.057499999992693021
v 0.0019068409514663631 -0.0049986455428945257 0.05649999994519557
v 0.0011974687644767481 -0.0041819336543789179 0.057499999992693021
v 0.0014727489814742182 -0.005143297856934537 0.05649999994519557
v 0.00083575643366401908 -0.0042689588714670676 0.057499999992693021
v 0.0010278844055506497 -0.0052503288779384323 0.05649999994519557
v 0.00046793108793889411 -0.0043247591873552451 0.057499999992693021
v 0.00057550138410571606 -0.0053189564708730356 0.05649999994519557
v 9.6682910573322317e-05 -0.0043489256302338625 0.057499999992693021
v 0.00011890882509695539 -0.0053486782932274527 0.05649999994519557
v -0.00027527240247182959 -0.0043412816888279155 0.057499999992693021
v -0.00033855344724979981 -0.0053392771658138608 0.05649999994519557
v -0.00064521436293709972 -0.0043018829486595189 0.057499999992693021
v -0.00079353946984029157 -0.0052908218707276187 0.05649999994519557
v -0.0010104366027192681 -0.0042310183903103895 0.057499999992693021
v -0.001242720887435039 -0.0052036666854287971 0.05649999994519557
v -0.0013682682641632468 -0.0041292061003136036 0.057499999992693021
v -0.0016828126436302549 -0.0050784485672953055 0.05649999994519557
v -0.0017160915597684968 -0.003997190307060805 0.057499999992693021
v -0.0021105952095454255 -0.0049160847998982659 0.05649999994519557
v -0.0020513623230996362 -0.003835936851342734 0.057499999992693021
v -0.0025229398880209546 -0.0047177615902293055 0.05649999994519557
v -0.0023716284026960252 -0.0036466256173689304 0.057499999992693021
v -0.0029168304674340034 -0.0044849303394262499 0.05649999994519557
v -0.0026745472257205766 -0.0034306407885453922 0.057499999992693021
v -0.00328938577676796 -0.0042192939996791223 0.05649999994519557
v -0.0029579029129529447 -0.0031895626700973057 0.057499999992693021
v -0.0036378809282402833 -0.0039227954772052785 0.05649999994519557
v -0.0032196229811163224 -0.0029251541864897994 0.057499999992693021
v -0.0039597661628245047 -0.0035976034113268788 0.05649999994519557
v -0.0034577931569052781 -0.0026393497444005061 0.057499999992693021
v -0.0042526882230365876 -0.0032460967397112263 0.05649999994519557
v -0.0036683595924581745 -0.0023378706812125197 0.057499999992693021
v -0.004007484758936722 -0.0025539975587500563 0.057097859678002252
v -0.0038194714788184606 -0.002081859407621213 0.057499999992693021
v -0.00057550138410571584 0.0053189564708730356 0.053999999884659602
v -0.00011890882509695526 0.0053486782932274527 0.053999999884659602
v 0.0016828126436302549 0.0050784485672953055 0.053999999884659602
v 0.0025229398880209546 0.0047177615902293055 0.053999999884659602
v 0.0029168304674340034 0.0044849303394262499 0.053999999884659602
v -0.0010278844055506497 0.0052503288779384323 0.053999999884659602
v 0.0052313879993984673 0.0035263408824576237 0.053999999884659602
v 0.0063049806405888892 -0.00022297879123726143 0.053999999884659602
v 0.0042526882230365867 0.0032460967397112263 0.053999999884659602
v 0.0053262808642270095 -0.00050322293398365886 0.053999999884659602
v 0.0039597661628245047 0.0035976034113268788 0.053999999884659602
v 0.00328938577676796 0.0042192939996791223 0.053999999884659602
v 0.0036378809282402833 0.0039227954772052785 0.053999999884659602
v 0.0076600855588467055 0.0011792303879002899 0.053999999884659602
v 0.007694063004129538 0.001345918185873961 0.053999999884659602
v 0.0077133833935882738 0.0015149330888022984 0.053999999884659602
v 0.00033855344724979992 0.0053392771658138608 0.053999999884659602
v 0.00079353946984029179 0.0052908218707276187 0.053999999884659602
v 0.001242720887435039 0.0052036666854287971 0.053999999884659602
v 0.0021105952095454255 0.0049160847998982659 0.053999999884659602
v 0.007682495417503806 0.0020230473294466701 0.053999999884659602
v 0.0077075775464385361 0.001854790932926325 0.053999999884659602
v 0.0077178996874991673 0.0016849887530169907 0.053999999884659602
v -0.0064037273559083814 -0.0034952063059664334 0.053999999884659602
v -0.0065619826245841935 -0.0034327999018362934 0.053999999884659602
v -0.0063049806405888892 0.00022297879123726159 0.053999999884659602
v -0.0073461930610011833 -0.0027972760233000763 0.053999999884659602
v -0.0074400334515708688 -0.0026553841386134642 0.053999999884659602
v -0.0075211501293973825 -0.0025058535013633442 0.053999999884659602
v -0.0075889256526807201 -0.0023498220731010236 0.053999999884659602
v -0.0076428446045111401 -0.0021884774943927085 0.053999999884659602
v -0.007682495417503806 -0.0020230473294466701 0.053999999884659602
v 0.0075211501293973825 0.0025058535013633442 0.053999999884659602
v 0.0074400334515708679 0.0026553841386134642 0.053999999884659602
v 0.0073461930610011833 0.0027972760233000763 0.053999999884659602
v 0.0075889256526807201 0.0023498220731010236 0.053999999884659602
v 0.0076428446045111401 0.0021884774943927094 0.053999999884659602
v 0.0076117093244680908 0.0010161380575193233 0.053999999884659602
v 0.0075493029523847812 0.00085788267692600627 0.053999999884659602
v 0.0074733411510891704 0.00070566858720830315 0.053999999884659602
v 0.00011890882509695539 -0.0053486782932274527 0.053999999884659602
v -0.00033855344724979981 -0.0053392771658138608 0.053999999884659602
v -0.0053262808642270095 0.00050322293398365908 0.053999999884659602
v -0.00079353946984029157 -0.0052908218707276187 0.053999999884659602
v -0.001242720887435039 -0.0052036666854287971 0.053999999884659602
v 0.0024996353640637536 4.2702304155763298e-05 0.053999999884659602
v 0.0024864017242464758 0.00026039734656478592 0.053999999884659602
v -0.0017373140133410819 -0.0017977040864870142 0.053999999884659602
v 0.0010278844055506494 -0.0052503288779384323 0.053999999884659602
v 0.00057550138410571584 -0.0053189564708730356 0.053999999884659602
v -0.0015740227399032823 -0.0019422801696458603 0.053999999884659602
v -0.0013987522288213432 -0.0020720743726356837 0.053999999884659602
v -0.0012128363579040017 -0.0021860987071617879 0.053999999884659602
v -0.0010176901525726422 -0.0022834856594082017 0.053999999884659602
v -0.00081479860495984983 -0.0023634938283159683 0.053999999884659602
v -0.00060570597223201517 -0.0024255144276474376 0.053999999884659602
v 0.0073844023405889563 0.0005606542639599451 0.053999999884659602
v 0.0072831629968734398 0.00042394331112821518 0.053999999884659602
v 0.0071703932752962196 0.00029657606325870497 0.053999999884659602
v -0.0016828126436302549 -0.0050784485672953055 0.053999999884659602
v -0.0021105952095454255 -0.0049160847998982659 0.053999999884659602
v -0.002522939888020955 -0.0047177615902293055 0.053999999884659602
v -0.0077075775464385361 -0.001854790932926325 0.053999999884659602
v -0.0077178996874991673 -0.0016849887530169907 0.053999999884659602
v -0.0077133833935882738 -0.0015149330888022984 0.053999999884659602
v -0.0024938452223385267 0.00017531776875264902 0.053999999884659602
v -0.0024996353640637536 -4.2702304155763149e-05 0.053999999884659602
v -0.0024864017242464758 -0.00026039734656478581 0.053999999884659602
v -0.0024542450053204991 -0.00047611061226144941 0.053999999884659602
v -0.0022473922213822072 -0.0010950929256024699 0.053999999884659602
v -0.0021433966189525265 -0.0012867988863537396 0.053999999884659602
v -0.00039200357314612884 -0.0024690754205275527 0.053999999884659602
v -0.000175317768752649 -0.0024938452223385271 0.053999999884659602
v 4.2702304155763122e-05 -0.0024996353640637536 0.053999999884659602
v 0.0065619826245841935 0.0034327999018362934 0.053999999884659602
v 0.0067141964904668871 0.0033568380364470234 0.053999999884659602
v 0.0068592108778089047 0.0032678990021117998 0.053999999884659602
v 0.0069959218626874644 0.0031666595464787789 0.053999999884659602
v 0.0070469523775832489 0.0001795220830801058 0.053999999884659602
v 0.0069137792178128989 7.3672160638341207e-05 0.053999999884659602
v 0.0067718875010025431 -2.0168181861098982e-05 0.053999999884659602
v -0.0029168304674340039 -0.0044849303394262499 0.053999999884659602
v -0.00328938577676796 -0.0042192939996791223 0.053999999884659602
v -0.0036378809282402833 -0.0039227954772052785 0.053999999884659602
v -0.0039597661628245047 -0.0035976034113268788 0.053999999884659602
v -0.0042526882230365876 -0.0032460967397112263 0.053999999884659602
v -0.0052313879993984673 -0.0035263408824576237 0.053999999884659602
v -0.0053968181340850055 -0.0035659921711612853 0.053999999884659602
v -0.0069959218626874644 -0.0031666595464787789 0.053999999884659602
v -0.0071232892382514946 -0.0030538902247477322 0.053999999884659602
v -0.0072403431225360037 -0.0029304492390291796 0.053999999884659602
v 0.0013987522288213432 0.0020720743726356837 0.053999999884659602
v 0.0012128363579040017 0.0021860987071617879 0.053999999884659602
v 0.0010176901525726422 0.0022834856594082017 0.053999999884659602
v -0.0024034100587190296 -0.00068820041430635488 0.053999999884659602
v -0.0023342837628212579 -0.00089505261067582948 0.053999999884659602
v -0.0020230884128049592 -0.0014687115397502037 0.053999999884659602
v -0.001887383286002959 -0.0016394464203899175 0.053999999884659602
v 0.0071232892382514946 0.0030538902247477322 0.053999999884659602
v 0.0072403431225360037 0.0029304492390291796 0.053999999884659602
v 0.0066223568357730474 -0.0001012848676993205 0.053999999884659602
v 0.0064663254454123366 -0.00016906025903588471 0.053999999884659602
v -0.0055650744286100803 -0.0035910743919842516 0.053999999884659602
v -0.005734876636498791 -0.0036013965410565899 0.053999999884659602
v -0.0059049321328372264 -0.0035968801990754517 0.053999999884659602
v -0.0060739469798068114 -0.0035775597935933014 0.053999999884659602
v -0.0062406347538685597 -0.003543582220369549 0.053999999884659602
v -0.0067141964904668871 -0.0033568380364470234 0.053999999884659602
v -0.0068592108778089047 -0.0032678990021117998 0.053999999884659602
v 0.00026039734656478592 -0.0024864017242464758 0.053999999884659602
v 0.00047611061226144946 -0.0024542450053204991 0.053999999884659602
v 0.0014727489814742164 -0.005143297856934537 0.053999999884659602
v 0.00068820041430635531 -0.0024034100587190296 0.053999999884659602
v 0.0019068409514663629 -0.0049986455428945257 0.053999999884659602
v 0.0008950526106758297 -0.0023342837628212579 0.053999999884659602
v 0.0023269853748803001 -0.0048174307309231676 0.053999999884659602
v 0.0010950929256024699 -0.0022473922213822072 0.053999999884659602
v 0.0027301089520511911 -0.0046009785810258259 0.053999999884659602
v 0.0012867988863537396 -0.0021433966189525265 0.053999999884659602
v 0.0031132630864514183 -0.0043508725612875637 0.053999999884659602
v 0.0014687115397502037 -0.0020230884128049592 0.053999999884659602
v 0.0034736453292201577 -0.0040689420104925425 0.053999999884659602
v 0.0016394464203899175 -0.0018873832860029592 0.053999999884659602
v 0.0038086192802670006 -0.0037572491739419319 0.053999999884659602
v 0.0017977040864870142 -0.0017373140133410819 0.053999999884659602
v 0.0041157348953854674 -0.0034180732167599873 0.053999999884659602
v 0.0019422801696458603 -0.0015740227399032825 0.053999999884659602
v 0.0043927461001970931 -0.0030538964614980151 0.053999999884659602
v 0.0020720743726356837 -0.0013987522288213432 0.053999999884659602
v 0.0046376262239254951 -0.0026673813203156177 0.053999999884659602
v 0.0021860987071617875 -0.0012128363579040019 0.053999999884659602
v 0.0048485843975321231 -0.002261355669784252 0.053999999884659602
v 0.0022834856594082017 -0.0010176901525726422 0.053999999884659602
v 0.0050240774692382351 -0.0018387893373696534 0.053999999884659602
v 0.0023634938283159678 -0.00081479860495984983 0.053999999884659602
v 0.005162821889478442 -0.0014027730185453477 0.053999999884659602
v 0.0024255144276474371 -0.00060570597223201527 0.053999999884659602
v 0.0052638021732498482 -0.0009564962364436491 0.053999999884659602
v 0.0024690754205275523 -0.00039200357314612863 0.053999999884659602
v 0.0024938452223385267 -0.00017531776875264886 0.053999999884659602
v 0.00081479860495984994 0.0023634938283159683 0.053999999884659602
v 0.00060570597223201527 0.0024255144276474376 0.053999999884659602
v 0.00039200357314612884 0.0024690754205275527 0.053999999884659602
v -0.0024690754205275523 0.00039200357314612874 0.053999999884659602
v -0.0052638021732498491 0.00095649623644364931 0.053999999884659602
v -0.0024255144276474376 0.00060570597223201549 0.053999999884659602
v -0.005162821889478442 0.0014027730185453477 0.053999999884659602
v -0.0023634938283159683 0.00081479860495985005 0.053999999884659602
v -0.0050240774692382351 0.0018387893373696534 0.053999999884659602
v -0.0022834856594082017 0.0010176901525726422 0.053999999884659602
v -0.0048485843975321231 0.002261355669784252 0.053999999884659602
v -0.0021860987071617879 0.0012128363579040019 0.053999999884659602
v -0.0046376262239254959 0.0026673813203156177 0.053999999884659602
v -0.0020720743726356837 0.0013987522288213432 0.053999999884659602
v -0.0043927461001970931 0.0030538964614980151 0.053999999884659602
v -0.0019422801696458603 0.0015740227399032825 0.053999999884659602
v -0.0041157348953854674 0.0034180732167599873 0.053999999884659602
v -0.0017977040864870142 0.0017373140133410819 0.053999999884659602
v -0.0038086192802670006 0.0037572491739419319 0.053999999884659602
v -0.0016394464203899177 0.0018873832860029592 0.053999999884659602
v -0.0034736453292201577 0.0040689420104925425 0.053999999884659602
v -0.0014687115397502037 0.0020230884128049592 0.053999999884659602
v -0.0031132630864514183 0.0043508725612875637 0.053999999884659602
v -0.0012867988863537398 0.0021433966189525265 0.053999999884659602
v -0.0027301089520511911 0.0046009785810258259 0.053999999884659602
v -0.0010950929256024699 0.0022473922213822072 0.053999999884659602
v -0.0023269853748803006 0.0048174307309231676 0.053999999884659602
v -0.00089505261067582959 0.0023342837628212579 0.053999999884659602
v -0.0019068409514663631 0.0049986455428945257 0.053999999884659602
v -0.00068820041430635564 0.0024034100587190296 0.053999999884659602
v -0.0014727489814742162 0.005143297856934537 0.053999999884659602
v -0.00047611061226144946 0.0024542450053204991 0.053999999884659602
v -0.00026039734656478592 0.0024864017242464758 0.053999999884659602
v 0.0059049321328372264 0.0035968801990754517 0.053999999884659602
v 0.0053968181340850055 0.0035659921711612853 0.053999999884659602
v 0.005734876636498791 0.0036013965410565899 0.053999999884659602
v 0.0055650744286100803 0.0035910743919842516 0.053999999884659602
v 0.0060739469798068114 0.0035775597935933014 0.053999999884659602
v 0.0062406347538685597 0.003543582220369549 0.053999999884659602
v 0.0064037273559083806 0.0034952063059664334 0.053999999884659602
v -0.007694063004129538 -0.001345918185873961 0.053999999884659602
v -0.0076600855588467055 -0.0011792303879002899 0.053999999884659602
v -0.0076117093244680916 -0.0010161380575193233 0.053999999884659602
v 0.0024542450053204987 0.00047611061226144951 0.053999999884659602
v 0.00240341005871903 0.00068820041430635304 0.053999999884659602
v 0.0023342837628212575 0.0008950526106758297 0.053999999884659602
v 0.000175317768752649 0.0024938452223385271 0.053999999884659602
v -4.2702304155763217e-05 0.0024996353640637536 0.053999999884659602
v -0.0070469523775832489 -0.00017952208308010564 0.053999999884659602
v -0.0074733411510891704 -0.00070566858720830293 0.053999999884659602
v -0.0071703932752962196 -0.00029657606325870486 0.053999999884659602
v -0.0073844023405889563 -0.00056065426395994489 0.053999999884659602
v -0.0072831629968734407 -0.00042394331112821507 0.053999999884659602
v -0.0069137792178128989 -7.3672160638341071e-05 0.053999999884659602
v -0.006771887501002544 2.0168181861099131e-05 0.053999999884659602
v -0.0066223568357730474 0.00010128486769932064 0.053999999884659602
v -0.0075493029523847812 -0.00085788267692600605 0.053999999884659602
v -0.0064663254454123374 0.00016906025903588488 0.053999999884659602
v 0.0022473922213822072 0.0010950929256024699 0.053999999884659602
v 0.0021433966189525261 0.0012867988863537396 0.053999999884659602
v 0.0020230884128049592 0.0014687115397502037 0.053999999884659602
v 0.001887383286002959 0.0016394464203899175 0.053999999884659602
v 0.0017373140133410817 0.0017977040864870142 0.053999999884659602
v 0.0015740227399032823 0.0019422801696458603 0.053999999884659602
v -0.00047611061226144935 0.0024542450053204991 0.057499999992693021
v -0.00026039734656478581 0.0024864017242464758 0.057499999992693021
v 0.00047611061226144957 -0.0024542450053204991 0.057499999992693021
v 0.00026039734656478603 -0.0024864017242464758 0.057499999992693021
v 0.0017373140133410819 0.0017977040864870142 0.057499999992693021
v 0.001887383286002959 0.0016394464203899175 0.057499999992693021
v 0.0020230884128049592 0.0014687115397502037 0.057499999992693021
v 0.0021433966189525265 0.0012867988863537396 0.057499999992693021
v -0.0017373140133410817 -0.0017977040864870142 0.057499999992693021
v -0.001887383286002959 -0.0016394464203899175 0.057499999992693021
v -0.0020230884128049592 -0.0014687115397502037 0.057499999992693021
v -0.0021433966189525261 -0.0012867988863537396 0.057499999992693021
v -0.0067064329158384719 -0.0015027196743451277 0.057499999992693021
v -0.0067158455684478502 -0.0015850602900033752 0.057499999992693021
v -0.0055872621655328357 -0.0025842941321299515 0.057499999992693021
v -0.0067180455370666418 -0.0016679078481423111 0.057499999992693021
v -0.0067130171213361034 -0.0017506320852024903 0.057499999992693021
v -0.0066552120572170425 -0.0019918010059911655 0.057499999992693021
v -0.0066221935134523641 -0.0020678163940450597 0.057499999992693021
v -0.0065826748087968821 -0.0021406645672843428 0.057499999992693021
v -4.2702304155763e-05 0.0024996353640637536 0.057499999992693021
v 0.00017531776875264911 0.0024938452223385271 0.057499999992693021
v 0.00039200357314612895 0.0024690754205275527 0.057499999992693021
v 0.00060570597223201538 0.0024255144276474376 0.057499999992693021
v 0.00081479860495985005 0.0023634938283159683 0.057499999992693021
v 0.0010176901525726422 0.0022834856594082017 0.057499999992693021
v 0.0012128363579040017 0.0021860987071617879 0.057499999992693021
v 0.0013987522288213432 0.0020720743726356837 0.057499999992693021
v 0.0015740227399032823 0.0019422801696458603 0.057499999992693021
v 4.2702304155763339e-05 -0.0024996353640637536 0.057499999992693021
v -0.00017531776875264889 -0.0024938452223385271 0.057499999992693021
v -0.00039200357314612863 -0.0024690754205275527 0.057499999992693021
v -0.00060570597223201506 -0.0024255144276474376 0.057499999992693021
v -0.00081479860495984973 -0.0023634938283159683 0.057499999992693021
v -0.0010176901525726422 -0.0022834856594082017 0.057499999992693021
v -0.0022473922213822072 -0.0010950929256024699 0.057499999992693021
v -0.0023342837628212575 -0.00089505261067582948 0.057499999992693021
v -0.0024034100587190296 -0.00068820041430635488 0.057499999992693021
v -0.0061843194944511196 -0.000797671983975068 0.057499999992693021
v -0.0062571678057999564 -0.00083719036489559738 0.057499999992693021
v -0.0063262944580470427 -0.00088290743612776102 0.057499999992693021
v -0.0063911737295073269 -0.00093447533826857411 0.057499999992693021
v -0.006451312002042112 -0.0009915017599532428 0.057499999992693021
v -0.0065062509258104135 -0.0010535524182812785 0.057499999992693021
v 0.0022473922213822072 0.0010950929256024699 0.057499999992693021
v 0.0023342837628212579 0.0008950526106758297 0.057499999992693021
v 0.00240341005871903 0.00068820041430635304 0.057499999992693021
v -0.0012128363579040017 -0.0021860987071617879 0.057499999992693021
v -0.0013987522288213432 -0.0020720743726356837 0.057499999992693021
v -0.0015740227399032823 -0.0019422801696458603 0.057499999992693021
v -0.0055066681523022777 -0.0025649769037370137 0.057499999992693021
v -0.0061083042005039877 -0.00076465316442248215 0.057499999992693021
v -0.0065555725339489493 -0.0011201551874367522 0.057499999992693021
v -0.0065989017513490931 -0.0011908031783908687 0.057499999992693021
v -0.0066359086470591817 -0.0012649587139445806 0.057499999992693021
v -0.0067007973266427732 -0.0018326030561066889 0.057499999992693021
v -0.0066814799542855019 -0.0019131971492079207 0.057499999992693021
v -0.0024542450053204987 -0.00047611061226144941 0.057499999992693021
v -0.0024864017242464758 -0.00026039734656478581 0.057499999992693021
v -0.0024996353640637536 -4.2702304155763149e-05 0.057499999992693021
v -0.0024938452223385267 0.00017531776875264902 0.057499999992693021
v -0.0024690754205275523 0.00039200357314612874 0.057499999992693021
v -0.0024255144276474371 0.00060570597223201549 0.057499999992693021
v -0.0023634938283159678 0.00081479860495985005 0.057499999992693021
v -0.0022834856594082017 0.0010176901525726422 0.057499999992693021
v -0.0021860987071617875 0.0012128363579040019 0.057499999992693021
v -0.0020720743726356837 0.0013987522288213432 0.057499999992693021
v -0.0019422801696458603 0.0015740227399032825 0.057499999992693021
v -0.0017977040864870142 0.0017373140133410819 0.057499999992693021
v -0.0016394464203899175 0.0018873832860029592 0.057499999992693021
v -0.0014687115397502037 0.0020230884128049592 0.057499999992693021
v -0.0012867988863537396 0.0021433966189525265 0.057499999992693021
v -0.0010950929256024699 0.0022473922213822072 0.057499999992693021
v -0.00089505261067582948 0.0023342837628212579 0.057499999992693021
v -0.00068820041430635553 0.0024034100587190296 0.057499999992693021
v -0.0066663120617437149 -0.0013420575764156546 0.057499999992693021
v -0.0066898799732651041 -0.0014215128056845226 0.057499999992693021
v 0.0024542450053204991 0.00047611061226144951 0.057499999992693021
v 0.0024864017242464758 0.00026039734656478592 0.057499999992693021
v 0.0024996353640637536 4.2702304155763298e-05 0.057499999992693021
v 0.0024938452223385267 -0.00017531776875264886 0.057499999992693021
v 0.0024690754205275523 -0.00039200357314612863 0.057499999992693021
v 0.0024255144276474376 -0.00060570597223201527 0.057499999992693021
v 0.0023634938283159683 -0.00081479860495984983 0.057499999992693021
v 0.0022834856594082017 -0.0010176901525726422 0.057499999992693021
v 0.0021860987071617879 -0.0012128363579040019 0.057499999992693021
v 0.0020720743726356837 -0.0013987522288213432 0.057499999992693021
v 0.0019422801696458603 -0.0015740227399032825 0.057499999992693021
v 0.0017977040864870142 -0.0017373140133410819 0.057499999992693021
v 0.0016394464203899177 -0.0018873832860029592 0.057499999992693021
v 0.0014687115397502037 -0.0020230884128049592 0.057499999992693021
v 0.0012867988863537398 -0.0021433966189525265 0.057499999992693021
v 0.0010950929256024699 -0.0022473922213822072 0.057499999992693021
v 0.0008950526106758298 -0.0023342837628212579 0.057499999992693021
v 0.00068820041430635477 -0.00240341005871903 0.057499999992693021
v -0.006536957969288236 -0.0022097914675247607 0.057499999992693021
v -0.0064853899072828732 -0.0022746706629354248 0.057499999992693021
v -0.0056692332025644211 -0.0025965136430236659 0.057499999992693021
v -0.0064283638055737035 -0.0023348086638113551 0.057499999992693021
v -0.0063663130353281625 -0.0023897475555328266 0.057499999992693021
v -0.0062997099383086822 -0.0024390692514305451 0.057499999992693021
v -0.006229062043248656 -0.0024823985568362709 0.057499999992693021
v -0.006154906531606867 -0.0025194055804872791 0.057499999992693021
v -0.0060778079171291237 -0.0025498087634482957 0.057499999992693021
v -0.0059983527199070855 -0.0025733765630521796 0.057499999992693021
v -0.0057519573854531748 -0.0026015424065242792 0.057499999992693021
v -0.0059171454514003073 -0.0025899296333200678 0.057499999992693021
v -0.0058348048558329278 -0.0025993421100414813 0.057499999992693021
v -0.0052313879993984673 -0.0035263408824576237 0.05649999994519557
v -0.0053968181340850055 -0.0035659921711612853 0.05649999994519557
v -0.0055650744286100803 -0.0035910743919842516 0.05649999994519557
v -0.005734876636498791 -0.0036013965410565899 0.05649999994519557
v -0.0059049321328372264 -0.0035968801990754517 0.05649999994519557
v -0.0060739469798068114 -0.0035775597935933014 0.05649999994519557
v -0.0062406347538685597 -0.003543582220369549 0.05649999994519557
v -0.0064037273559083814 -0.0034952063059664334 0.05649999994519557
v -0.0065619826245841935 -0.0034327999018362934 0.05649999994519557
v -0.0067141964904668871 -0.0033568380364470234 0.05649999994519557
v -0.0068592108778089047 -0.0032678990021117998 0.05649999994519557
v -0.0069959218626874644 -0.0031666595464787789 0.05649999994519557
v -0.0071232892382514946 -0.0030538902247477322 0.05649999994519557
v -0.0072403431225360037 -0.0029304492390291796 0.05649999994519557
v -0.0073461930610011833 -0.0027972760233000763 0.05649999994519557
v -0.0074400334515708679 -0.0026553841386134642 0.05649999994519557
v -0.0075211501293973825 -0.0025058535013633442 0.05649999994519557
v -0.0075889256526807201 -0.0023498220731010236 0.05649999994519557
v -0.0076428446045111393 -0.0021884774943927107 0.05649999994519557
v -0.007682495417503806 -0.0020230473294466701 0.05649999994519557
v -0.0077075775464385361 -0.001854790932926325 0.05649999994519557
v -0.0077178996874991673 -0.0016849887530169907 0.05649999994519557
v -0.0077133833935882738 -0.0015149330888022984 0.05649999994519557
v -0.007694063004129538 -0.001345918185873961 0.05649999994519557
v -0.0076600855588467055 -0.0011792303879002899 0.05649999994519557
v -0.0076117093244680908 -0.0010161380575193233 0.05649999994519557
v -0.0075493029523847812 -0.00085788267692600605 0.05649999994519557
v -0.0074733411510891704 -0.00070566858720830293 0.05649999994519557
v -0.0073844023405889563 -0.00056065426395994489 0.05649999994519557
v -0.0072831629968734398 -0.00042394331112821507 0.05649999994519557
v -0.0071703932752962196 -0.00029657606325870486 0.05649999994519557
v -0.0070469523775832489 -0.00017952208308010564 0.05649999994519557
v -0.0069137792178128989 -7.3672160638341071e-05 0.05649999994519557
v -0.0067718875010025431 2.0168181861099131e-05 0.05649999994519557
v -0.0066223568357730474 0.00010128486769932064 0.05649999994519557
v -0.0064663254454123366 0.00016906025903588488 0.05649999994519557
v -0.0031657328449041845 0.011055683428390382 0.05159999994831968
v -0.0040814502389754865 0.010644329732011019 0.051500000118192918
v -0.0041172525161913233 0.010737701421327753 0.05159999994831968
v -0.0049936337931663329 0.010248103608573129 0.051500000118192918
v -0.0050374375437126266 0.010337999337895629 0.05159999994831968
v -0.0058678125201143613 0.0097738828185991566 0.051500000118192918
v -0.0059192844472844442 0.0098596181806296854 0.05159999994831968
v -0.0066973337584967539 0.0092252763481324596 0.051500000118192918
v -0.0067560824740177192 0.0093062000385420226 0.05159999994831968
v -0.0074758841201069707 0.0086064605977772927 0.051500000118192918
v -0.0075414622237353329 0.0086819557572280492 0.05159999994831968
v -0.0081975386891552249 0.0079221439822230212 0.051500000118192918
v -0.008269446899276724 0.0079916367011089902 0.05159999994831968
v -0.0088568049146113791 0.0071775349868888122 0.051500000118192918
v -0.0089344959710567894 0.0072404960940409069 0.05159999994831968
v -0.0094486652818023507 0.0063783008866071574 0.051500000118192918
v -0.0095315486503304032 0.0064342513834512588 0.05159999994831968
v -0.0099686153771482884 0.0055305239084503573 0.051500000118192918
v -0.010056059361581911 0.0055790372704633924 0.05159999994831968
v -0.010412699106151073 0.0046406567565799757 0.051500000118192918
v -0.010504039166760029 0.0046813643013795736 0.05159999994831968
v -0.010777535656106788 0.0037154712978092123 0.051500000118192918
v -0.010872075561322981 0.0037480628241179721 0.05159999994831968
v -0.011060348762248788 0.0027620085250938107 0.051500000118192918
v -0.011157369546013178 0.0027862365291136579 0.05159999994831968
v -0.011258985801721948 0.0017875251368817742 0.051500000118192918
v -0.011357748834067176 0.001803205386177084 0.05159999994831968
v -0.011371934839514557 0.00079943803884195415 0.051500000118192918
v -0.011471688927163886 0.00080645068756522622 0.05159999994831968
v -0.011398337067528986 -0.00019473371026443518 0.051500000118192918
v -0.011498322037229971 -0.00019644175680987695 0.05159999994831968
v -0.011337990674817796 -0.0011874230459474389 0.051500000118192918
v -0.011437446775397292 -0.0011978391282180057 0.05159999994831968
v -0.011191354842058531 -0.0021710753778116302 0.051500000118192918
v -0.011289524983759425 -0.0021901200279298787 0.05159999994831968
v -0.010959547214249039 -0.0031382047800257592 0.051500000118192918
v -0.011055683428390384 -0.0031657328449041793 0.05159999994831968
v -0.01064432973201102 -0.0040814502389754865 0.051500000118192918
v -0.010737701421327753 -0.0041172525161913233 0.05159999994831968
v -0.010248103608573131 -0.0049936337931663329 0.051500000118192918
v -0.01033799933789563 -0.0050374375437126266 0.05159999994831968
v -0.0097738828185991566 -0.0058678125201143622 0.051500000118192918
v -0.0098596181806296854 -0.0059192844472844442 0.05159999994831968
v -0.0092252763481324614 -0.0066973337584967539 0.051500000118192918
v -0.0093062000385420243 -0.0067560824740177184 0.05159999994831968
v -0.0086064605977772927 -0.0074758841201069707 0.051500000118192918
v -0.0086819557572280492 -0.0075414622237353329 0.05159999994831968
v -0.0079221439822230212 -0.0081975386891552249 0.051500000118192918
v -0.0079916367011089902 -0.008269446899276724 0.05159999994831968
v -0.0071775349868888113 -0.0088568049146113791 0.051500000118192918
v -0.007240496094040906 -0.0089344959710567894 0.05159999994831968
v -0.0063783008866071574 -0.0094486652818023507 0.051500000118192918
v -0.0064342513834512597 -0.0095315486503304049 0.05159999994831968
v -0.0055305239084503573 -0.0099686153771482884 0.051500000118192918
v -0.0055790372704633932 -0.010056059361581909 0.05159999994831968
v -0.0046406567565799748 -0.010412699106151073 0.051500000118192918
v -0.0046813643013795736 -0.010504039166760029 0.05159999994831968
v -0.0037154712978092123 -0.01077753565610679 0.051500000118192918
v -0.0037480628241179721 -0.010872075561322983 0.05159999994831968
v -0.0027620085250938107 -0.011060348762248789 0.051500000118192918
v -0.0027862365291136579 -0.011157369546013176 0.05159999994831968
v -0.0017875251368817742 -0.011258985801721948 0.051500000118192918
v -0.0018032053861770834 -0.011357748834067177 0.05159999994831968
v -0.00079943803884195371 -0.011371934839514557 0.051500000118192918
v -0.00080645068756522601 -0.011471688927163886 0.05159999994831968
v 0.00019473371026443553 -0.011398337067528986 0.051500000118192918
v 0.00019644175680987724 -0.011498322037229971 0.05159999994831968
v 0.0011874230459474394 -0.011337990674817796 0.051500000118192918
v 0.0011978391282180059 -0.011437446775397292 0.05159999994831968
v 0.0021710753778116302 -0.011191354842058531 0.051500000118192918
v 0.0021901200279298787 -0.011289524983759427 0.05159999994831968
v 0.0031382047800257631 -0.010959547214249037 0.051500000118192918
v 0.0031657328449041858 -0.011055683428390382 0.05159999994831968
v 0.0040814502389754865 -0.010644329732011019 0.051500000118192918
v 0.0041172525161913233 -0.010737701421327753 0.05159999994831968
v 0.0049936337931663329 -0.010248103608573129 0.051500000118192918
v 0.0050374375437126266 -0.010337999337895629 0.05159999994831968
v 0.0058678125201143613 -0.0097738828185991566 0.051500000118192918
v 0.0059192844472844442 -0.0098596181806296854 0.05159999994831968
v 0.0066973337584967539 -0.0092252763481324596 0.051500000118192918
v 0.0067560824740177192 -0.0093062000385420226 0.05159999994831968
v 0.0074758841201069707 -0.0086064605977772927 0.051500000118192918
v 0.0075414622237353329 -0.0086819557572280492 0.05159999994831968
v 0.0081975386891552249 -0.0079221439822230212 0.051500000118192918
v 0.008269446899276724 -0.0079916367011089902 0.05159999994831968
v 0.0088568049146113791 -0.0071775349868888122 0.051500000118192918
v 0.0089344959710567894 -0.0072404960940409069 0.05159999994831968
v 0.0094486652818023507 -0.0063783008866071574 0.051500000118192918
v 0.0095315486503304032 -0.0064342513834512588 0.05159999994831968
v 0.0099686153771482884 -0.0055305239084503573 0.051500000118192918
v 0.010056059361581911 -0.0055790372704633924 0.05159999994831968
v 0.010412699106151073 -0.0046406567565799757 0.051500000118192918
v 0.010504039166760029 -0.0046813643013795736 0.05159999994831968
v 0.010777535656106788 -0.0037154712978092123 0.051500000118192918
v 0.010872075561322981 -0.0037480628241179721 0.05159999994831968
v 0.011060348762248788 -0.0027620085250938107 0.051500000118192918
v 0.011157369546013178 -0.0027862365291136579 0.05159999994831968
v 0.011258985801721948 -0.0017875251368817738 0.051500000118192918
v 0.011357748834067176 -0.0018032053861770836 0.05159999994831968
v 0.011371934839514557 -0.00079943803884195393 0.051500000118192918
v 0.011471688927163886 -0.00080645068756522601 0.05159999994831968
v 0.011398337067528987 0.00019473371026443545 0.051500000118192918
v 0.011498322037229971 0.00019644175680987722 0.05159999994831968
v 0.011337990674817796 0.0011874230459474394 0.051500000118192918
v 0.011437446775397292 0.0011978391282180061 0.05159999994831968
v 0.011191354842058531 0.0021710753778116302 0.051500000118192918
v 0.011289524983759425 0.0021901200279298787 0.05159999994831968
v 0.010959547214249047 0.0031382047800257258 0.051500000118192918
v 0.011055683428390395 0.0031657328449041454 0.05159999994831968
v 0.01064432973201102 0.0040814502389754865 0.051500000118192918
v 0.010737701421327753 0.0041172525161913233 0.05159999994831968
v 0.010248103608573131 0.0049936337931663329 0.051500000118192918
v 0.01033799933789563 0.0050374375437126266 0.05159999994831968
v 0.0097738828185991566 0.0058678125201143622 0.051500000118192918
v 0.0098596181806296854 0.0059192844472844442 0.05159999994831968
v 0.0092252763481324614 0.0066973337584967539 0.051500000118192918
v 0.0093062000385420243 0.0067560824740177184 0.05159999994831968
v 0.0086064605977772927 0.0074758841201069707 0.051500000118192918
v 0.0086819557572280492 0.0075414622237353329 0.05159999994831968
v 0.0079221439822230212 0.0081975386891552249 0.051500000118192918
v 0.0079916367011089902 0.008269446899276724 0.05159999994831968
v 0.0071775349868888113 0.0088568049146113791 0.051500000118192918
v 0.007240496094040906 0.0089344959710567894 0.05159999994831968
v 0.0063783008866071574 0.0094486652818023507 0.051500000118192918
v 0.0064342513834512597 0.0095315486503304049 0.05159999994831968
v 0.0055305239084503573 0.0099686153771482884 0.051500000118192918
v 0.0055790372704633932 0.010056059361581909 0.05159999994831968
v 0.0046406567565799748 0.010412699106151073 0.051500000118192918
v 0.0046813643013795736 0.010504039166760029 0.05159999994831968
v 0.0037154712978092123 0.01077753565610679 0.051500000118192918
v 0.0037480628241179726 0.010872075561322983 0.05159999994831968
v 0.0027620085250938107 0.011060348762248789 0.051500000118192918
v 0.0027862365291136579 0.011157369546013176 0.05159999994831968
v 0.0017875251368817742 0.011258985801721948 0.051500000118192918
v 0.0018032053861770834 0.011357748834067177 0.05159999994831968
v 0.00079943803884195371 0.011371934839514557 0.051500000118192918
v 0.00080645068756522601 0.011471688927163886 0.05159999994831968
v -0.00019473371026443542 0.011398337067528986 0.051500000118192918
v -0.00019644175680987714 0.011498322037229971 0.05159999994831968
v -0.0011874230459474394 0.011337990674817796 0.051500000118192918
v -0.0011978391282180059 0.011437446775397292 0.05159999994831968
v -0.0021710753778116302 0.011191354842058531 0.051500000118192918
v -0.0021901200279298787 0.011289524983759427 0.05159999994831968
v -0.003138204780025767 0.010959547214249035 0.051500000118192918
v 0.0063462730210734654 -0.00036717714165657655 0.056499999977330392
v 0.0063187449561950453 -0.00027104092751522961 0.05640000014720363
v 0.0055688553049267299 -0.00058978633756536674 0.056499999977330392
v 0.0054760860682195192 -0.00051233156648778082 0.05640000014720363
v 0.0064842265741070701 -0.00021573955875775559 0.05640000014720363
v 0.0065200290110639745 -0.00030911096014566195 0.056499999977330392
v 0.0066442586665907228 -0.00014622614604113424 0.05640000014720363
v 0.006688062640971962 -0.00023612181126975412 0.056499999977330392
v 0.0067976233246584486 -6.3029497442825222e-05 0.05640000014720363
v 0.0068490954120632302 -0.00014876541906072045 0.056499999977330392
v 0.0069431533592229314 3.3217188074665302e-05 0.05640000014720363
v 0.0070019017868150702 -4.7706342593830875e-05 0.056499999977330392
v 0.007079741476848994 0.00014178149106142105 0.05640000014720363
v 0.0071453191648544025 6.6286091505431171e-05 0.056499999977330392
v 0.0072063475045912413 0.00026183698881408133 0.05640000014720363
v 0.0072782556506188617 0.00019234449376305944 0.056499999977330392
v 0.0073220080765224712 0.0003924700251586742 0.05640000014720363
v 0.0073996995165438945 0.00032950927002928465 0.056499999977330392
v 0.0074258433778672146 0.0005326866064466803 0.05640000014720363
v 0.0075087261384906767 0.00047673654100218468 0.056499999977330392
v 0.0075170624499847835 0.00068141924874023897 0.05640000014720363
v 0.0076045064344184062 0.00063290588672720307 0.056499999977330392
v 0.0075949721077711264 0.0008375364336143385 0.05640000014720363
v 0.0076863116566163103 0.00079682898446192764 0.056499999977330392
v 0.0076589783107663938 0.00099984966093215506 0.05640000014720363
v 0.0077535183121234062 0.00096725779887097503 0.056499999977330392
v 0.0077085948241812797 0.0011671237999870277 0.05640000014720363
v 0.0078056151602757754 0.0011428956677794213 0.056499999977330392
v 0.0077434431658902955 0.001338085732540588 0.05640000014720363
v 0.0078422061501651121 0.0013224056511214886 0.056499999977330392
v 0.007763258485297935 0.0015114342705906008 0.05640000014720363
v 0.0078630125409003254 0.0015044217337848017 0.056499999977330392
v 0.0077678909645186494 0.0016858504872935972 0.05640000014720363
v 0.0078678759181961648 0.0016875585897977753 0.056499999977330392
v 0.0077573033347390153 0.0018600063905690487 0.05640000014720363
v 0.0078567594593537161 0.0018704223889015104 0.056499999977330392
v 0.0077315785047175371 0.0020325771885474683 0.05640000014720363
v 0.0078297477590903806 0.0020516215543108307 0.056499999977330392
v 0.0076909105614045301 0.0022022490359063741 0.05640000014720363
v 0.0077870467755458772 0.0022297771007847942 0.056499999977330392
v 0.0076356091846353207 0.0023677306817977699 0.05640000014720363
v 0.0077289799706005326 0.0024035327306174575 0.056499999977330392
v 0.0075660950763786552 0.0025277626659378884 0.05640000014720363
v 0.0076559907816659504 0.0025715665004222869 0.056499999977330392
v 0.0074828989713442429 0.0026811275401990502 0.05640000014720363
v 0.0075686343493982415 0.0027325994114103958 0.056499999977330392
v 0.0073866517262393856 0.0028266574145288338 0.05640000014720363
v 0.0074675754486958892 0.0028854060181323252 0.056499999977330392
v 0.007278087855145869 0.0029632452925432966 0.05640000014720363
v 0.007353583062667036 0.003028823228295448 0.056499999977330392
v 0.0071580325652046851 0.0030898514403381598 0.05640000014720363
v 0.0072275248364207607 0.0031617595222719003 0.056499999977330392
v 0.0070273992729782062 0.0032055120600929829 0.05640000014720363
v 0.0070903602839894816 0.0032832034522908126 0.056499999977330392
v 0.0068871829475720863 0.0033093473136141332 0.05640000014720363
v 0.0069431330608401755 0.0033922303301194812 0.056499999977330392
v 0.0067384498733852891 0.0034005666253433026 0.05640000014720363
v 0.006786963235398325 0.0034880106097769253 0.056499999977330392
v 0.0065823331204044279 0.0034784760435180449 0.05640000014720363
v 0.006623040377768832 0.0035698154163518758 0.056499999977330392
v 0.0064200197170752593 0.0035424824383013184 0.05640000014720363
v 0.006452611755147792 0.0036370222478703247 0.056499999977330392
v 0.0062527457540317395 0.0035920987599281978 0.05640000014720363
v 0.0062769738221454662 0.0036891193198576398 0.056499999977330392
v 0.0060817838133430356 0.0036269473414956301 0.05640000014720363
v 0.0060974635829215123 0.0037257103575705714 0.056499999977330392
v 0.0059084348433997838 0.0036467629005148701 0.05640000014720363
v 0.0059154473323819899 0.0037465167002353732 0.056499999977330392
v 0.0057340187869314866 0.0036513948201482185 0.05640000014720363
v 0.0057323105801513462 0.003751380349436569 0.056499999977330392
v 0.0055598627793800731 0.0036408077659794208 0.05640000014720363
v 0.0055494469209444531 0.0037402639306527959 0.056499999977330392
v 0.0053872922576213966 0.0036150822884883078 0.05640000014720363
v 0.0053682478954319738 0.0037132522704481346 0.056499999977330392
v 0.0052176204382418569 0.0035744143531870353 0.05640000014720363
v 0.0051900923733634368 0.003670550567328382 0.056499999977330392
v -0.0043749615502663309 -0.0033331237142144843 0.05640000014720363
v -0.0044126746572167022 -0.0034479413714195921 0.056499999977330392
v -0.0040739155452094054 -0.003695025353137058 0.05640000014720363
v -0.0041479865183765095 -0.0037622075036492005 0.056499999977330392
v -0.003743025605421552 -0.0040298585786056728 0.05640000014720363
v -0.0038110806548496438 -0.0041031286619168947 0.056499999977330392
v -0.0033847151379024125 -0.0043351703304346078 0.05640000014720363
v -0.0034462554688939758 -0.0044139917220106266 0.056499999977330392
v -0.003001609995922019 -0.0046087241508444721 0.05640000014720363
v -0.0030561844265683774 -0.0046925191253472855 0.056499999977330392
v -0.002596515506834071 -0.0048485161299773811 0.05640000014720363
v -0.0026437248786459078 -0.0049366707570425742 0.056499999977330392
v -0.0021724000571710636 -0.0050527890962349161 0.05640000014720363
v -0.0022118982556441767 -0.0051446581342744361 0.056499999977330392
v -0.001732370362318569 -0.0052200470896085968 0.05640000014720363
v -0.001763867769117989 -0.005314957154015104 0.056499999977330392
v -0.0012796496174523006 -0.0053490648475349187 0.05640000014720363
v -0.0013029158891170439 -0.005446320776669262 0.056499999977330392
v -0.00081755491287645787 -0.0054388973223036896 0.05640000014720363
v -0.00083241952216208 -0.0055377862075112073 0.056499999977330392
v -0.00034947079733165605 -0.0054888861579561552 0.05640000014720363
v -0.00035582472429357946 -0.0055886841246834736 0.056499999977330392
v 0.0001211732721516284 -0.0054986648581949018 0.05640000014720363
v 0.00012337642295791006 -0.0055986407765241022 0.056499999977330392
v 0.0005909297892223315 -0.0054681627204865926 0.05640000014720363
v 0.00060167385579692394 -0.0055675835140673088 0.056499999977330392
v 0.0010563572390219021 -0.0053976023114918172 0.05640000014720363
v 0.0010755637622450842 -0.0054957406330105535 0.056499999977330392
v 0.0015140461320682836 -0.0052875007311719317 0.05640000014720363
v 0.0015415741969467035 -0.005383636945313278 0.056499999977330392
v 0.0019606437074514496 -0.0051386649610464788 0.05640000014720363
v 0.001996291802827896 -0.0052320953307389379 0.056499999977330392
v 0.0023928782189250844 -0.0049521849100072589 0.05640000014720363
v 0.00243638500660504 -0.0050422242824425985 0.056499999977330392
v 0.0028075832209982728 -0.0047294264601323967 0.05640000014720363
v 0.0028586302907994692 -0.0048154161966359708 0.056499999977330392
v 0.0032017209902534417 -0.0044720223382448375 0.05640000014720363
v 0.0032599340442617357 -0.0045533319126735104 0.056499999977330392
v 0.0035724039444710145 -0.0041818572639030398 0.05640000014720363
v 0.0036373566387241049 -0.004257890912612439 0.056499999977330392
v 0.0039169163760628531 -0.0038610573667727634 0.05640000014720363
v 0.003988133073625306 -0.0039312586284228233 0.056499999977330392
v 0.0042327351580290946 -0.003511972632574942 0.05640000014720363
v 0.0043096938408211764 -0.0035758269049742356 0.056499999977330392
v 0.0045175461410922706 -0.0031371605828407361 0.05640000014720363
v 0.0045996834338550112 -0.0031941999812468919 0.056499999977330392
v 0.0047692631554993583 -0.002739366786955872 0.05640000014720363
v 0.0048559769181412468 -0.0027891732767775582 0.056499999977330392
v 0.0049860421352913324 -0.0023215048333560567 0.05640000014720363
v 0.0050766971899115316 -0.0023637141605730373 0.056499999977330392
v 0.0051662946351617688 -0.001886636716838982 0.05640000014720363
v 0.0052602273719240611 -0.0019209392688268039 0.056499999977330392
v 0.0053087011520720068 -0.001437947469274332 0.05640000014720363
v 0.0054052229853379713 -0.0014640918867295106 0.056499999977330392
v 0.0054122175415108132 -0.00097872443169011079 0.05640000014720363
v 0.0055106212432867356 -0.00099651942790121833 0.056499999977330392
v 0.0043749615502663309 0.0033331237142144843 0.05640000014720363
v 0.0044126746572167022 0.0034479413714195921 0.056499999977330392
v -0.0051900923733634368 -0.003670550567328382 0.056499999977330392
v -0.0052176204382418569 -0.0035744143531870353 0.05640000014720363
v 0.0040739155452094054 0.003695025353137058 0.05640000014720363
v 0.0041479865183765095 0.0037622075036492005 0.056499999977330392
v 0.0037430256054215515 0.0040298585786056728 0.05640000014720363
v 0.0038110806548496434 0.0041031286619168947 0.056499999977330392
v 0.0033847151379024121 0.0043351703304346078 0.05640000014720363
v 0.0034462554688939754 0.0044139917220106266 0.056499999977330392
v 0.0030016099959220186 0.0046087241508444721 0.05640000014720363
v 0.0030561844265683774 0.0046925191253472855 0.056499999977330392
v 0.0025965155068340706 0.0048485161299773811 0.05640000014720363
v 0.0026437248786459074 0.0049366707570425742 0.056499999977330392
v 0.0021724000571710631 0.0050527890962349161 0.05640000014720363
v 0.0022118982556441763 0.0051446581342744361 0.056499999977330392
v 0.0017323703623185688 0.0052200470896085968 0.05640000014720363
v 0.0017638677691179886 0.005314957154015104 0.056499999977330392
v 0.0012796496174523003 0.0053490648475349187 0.05640000014720363
v 0.0013029158891170436 0.005446320776669262 0.056499999977330392
v 0.00081755491287645744 0.0054388973223036896 0.05640000014720363
v 0.00083241952216207957 0.0055377862075112073 0.056499999977330392
v 0.00034947079733165594 0.0054888861579561552 0.05640000014720363
v 0.00035582472429357913 0.0055886841246834736 0.056499999977330392
v -0.00012117327215162853 0.0054986648581949018 0.05640000014720363
v -0.00012337642295791039 0.0055986407765241022 0.056499999977330392
v -0.00059092978922233171 0.0054681627204865926 0.05640000014720363
v -0.00060167385579692437 0.0055675835140673088 0.056499999977330392
v -0.0010563572390219025 0.0053976023114918172 0.05640000014720363
v -0.0010755637622450846 0.0054957406330105535 0.056499999977330392
v -0.0015140461320682832 0.0052875007311719317 0.05640000014720363
v -0.0015415741969467033 0.005383636945313278 0.056499999977330392
v -0.00196064370745145 0.0051386649610464788 0.05640000014720363
v -0.0019962918028278965 0.0052320953307389379 0.056499999977330392
v -0.0023928782189250849 0.0049521849100072589 0.05640000014720363
v -0.0024363850066050404 0.0050422242824425985 0.056499999977330392
v -0.0028075832209982733 0.0047294264601323967 0.05640000014720363
v -0.0028586302907994696 0.0048154161966359708 0.056499999977330392
v -0.0032017209902534417 0.0044720223382448375 0.05640000014720363
v -0.0032599340442617361 0.0045533319126735104 0.056499999977330392
v -0.0035724039444710149 0.0041818572639030398 0.05640000014720363
v -0.0036373566387241053 0.004257890912612439 0.056499999977330392
v -0.0039169163760628539 0.0038610573667727634 0.05640000014720363
v -0.0039881330736253068 0.0039312586284228233 0.056499999977330392
v -0.0042327351580290955 0.003511972632574942 0.05640000014720363
v -0.0043096938408211773 0.0035758269049742356 0.056499999977330392
v -0.0045175461410922714 0.0031371605828407361 0.05640000014720363
v -0.0045996834338550121 0.0031941999812468919 0.056499999977330392
v -0.0047692631554993583 0.002739366786955872 0.05640000014720363
v -0.0048559769181412476 0.0027891732767775582 0.056499999977330392
v -0.0049860421352913332 0.0023215048333560567 0.05640000014720363
v -0.0050766971899115316 0.0023637141605730373 0.056499999977330392
v -0.0051662946351617696 0.0018866367168389824 0.05640000014720363
v -0.0052602273719240611 0.0019209392688268043 0.056499999977330392
v -0.0053087011520720068 0.0014379474692743325 0.05640000014720363
v -0.0054052229853379721 0.001464091886729511 0.056499999977330392
v -0.005412217541510814 0.00097872443169011122 0.05640000014720363
v -0.0055106212432867365 0.00099651942790121876 0.056499999977330392
v -0.0054760860682195192 0.00051233156648778104 0.05640000014720363
v -0.0055688553049267307 0.00058978633756536696 0.056499999977330392
v -0.0063187449561950453 0.00027104092751522994 0.05640000014720363
v -0.0063462730210734654 0.00036717714165657687 0.056499999977330392
v -0.006484226574107071 0.00021573955875775586 0.05640000014720363
v -0.0065200290110639754 0.00030911096014566228 0.056499999977330392
v -0.0066442586665907228 0.00014622614604113451 0.05640000014720363
v -0.0066880626409719628 0.00023612181126975439 0.056499999977330392
v -0.0067976233246584486 6.3029497442825493e-05 0.05640000014720363
v -0.0068490954120632302 0.00014876541906072072 0.056499999977330392
v -0.0069431533592229314 -3.3217188074665031e-05 0.05640000014720363
v -0.0070019017868150702 4.7706342593831146e-05 0.056499999977330392
v -0.0070797414768489948 -0.00014178149106142078 0.05640000014720363
v -0.0071453191648544025 -6.62860915054309e-05 0.056499999977330392
v -0.0072063475045912422 -0.00026183698881408101 0.05640000014720363
v -0.0072782556506188617 -0.00019234449376305917 0.056499999977330392
v -0.0073220080765224712 -0.00039247002515867388 0.05640000014720363
v -0.0073996995165438945 -0.00032950927002928433 0.056499999977330392
v -0.0074258433778672155 -0.00053268660644668008 0.05640000014720363
v -0.0075087261384906767 -0.00047673654100218436 0.056499999977330392
v -0.0075170624499847844 -0.00068141924874023875 0.05640000014720363
v -0.0076045064344184071 -0.00063290588672720285 0.056499999977330392
v -0.0075949721077711273 -0.00083753643361433828 0.05640000014720363
v -0.0076863116566163103 -0.00079682898446192742 0.056499999977330392
v -0.0076589783107663938 -0.00099984966093215463 0.05640000014720363
v -0.0077535183121234062 -0.00096725779887097481 0.056499999977330392
v -0.0077085948241812797 -0.0011671237999870273 0.05640000014720363
v -0.0078056151602757754 -0.0011428956677794208 0.056499999977330392
v -0.0077434431658902963 -0.0013380857325405876 0.05640000014720363
v -0.0078422061501651139 -0.0013224056511214881 0.056499999977330392
v -0.0077632584852979358 -0.0015114342705906004 0.05640000014720363
v -0.0078630125409003254 -0.0015044217337848013 0.056499999977330392
v -0.0077678909645186494 -0.0016858504872935968 0.05640000014720363
v -0.0078678759181961648 -0.0016875585897977749 0.056499999977330392
v -0.0077573033347390161 -0.0018600063905690482 0.05640000014720363
v -0.0078567594593537161 -0.00187042238890151 0.056499999977330392
v -0.007731578504717538 -0.0020325771885474683 0.05640000014720363
v -0.0078297477590903806 -0.0020516215543108307 0.056499999977330392
v -0.0076909105614045301 -0.0022022490359063771 0.05640000014720363
v -0.0077870467755458764 -0.0022297771007847968 0.056499999977330392
v -0.0076356091846353207 -0.0023677306817977699 0.05640000014720363
v -0.0077289799706005326 -0.0024035327306174575 0.056499999977330392
v -0.0075660950763786552 -0.0025277626659378884 0.05640000014720363
v -0.0076559907816659504 -0.0025715665004222869 0.056499999977330392
v -0.0074828989713442429 -0.0026811275401990502 0.05640000014720363
v -0.0075686343493982415 -0.0027325994114103958 0.056499999977330392
v -0.0073866517262393865 -0.0028266574145288338 0.05640000014720363
v -0.0074675754486958892 -0.0028854060181323252 0.056499999977330392
v -0.0072780878551458698 -0.0029632452925432966 0.05640000014720363
v -0.0073535830626670368 -0.003028823228295448 0.056499999977330392
v -0.0071580325652046859 -0.0030898514403381598 0.05640000014720363
v -0.0072275248364207616 -0.0031617595222719003 0.056499999977330392
v -0.007027399272978207 -0.0032055120600929829 0.05640000014720363
v -0.0070903602839894825 -0.0032832034522908126 0.056499999977330392
v -0.0068871829475720871 -0.0033093473136141332 0.05640000014720363
v -0.0069431330608401764 -0.0033922303301194812 0.056499999977330392
v -0.0067384498733852891 -0.0034005666253433026 0.05640000014720363
v -0.006786963235398325 -0.0034880106097769253 0.056499999977330392
v -0.0065823331204044287 -0.0034784760435180449 0.05640000014720363
v -0.0066230403777688329 -0.0035698154163518758 0.056499999977330392
v -0.0064200197170752593 -0.0035424824383013184 0.05640000014720363
v -0.006452611755147792 -0.0036370222478703247 0.056499999977330392
v -0.0062527457540317395 -0.0035920987599281978 0.05640000014720363
v -0.0062769738221454662 -0.0036891193198576398 0.056499999977330392
v -0.0060817838133430365 -0.0036269473414956301 0.05640000014720363
v -0.0060974635829215132 -0.0037257103575705714 0.056499999977330392
v -0.0059084348433997846 -0.0036467629005148701 0.05640000014720363
v -0.0059154473323819899 -0.0037465167002353732 0.056499999977330392
v -0.0057340187869314866 -0.0036513948201482185 0.05640000014720363
v -0.0057323105801513462 -0.003751380349436569 0.056499999977330392
v -0.0055598627793800731 -0.0036408077659794208 0.05640000014720363
v -0.0055494469209444531 -0.0037402639306527959 0.056499999977330392
v -0.0053872922576213966 -0.0036150822884883078 0.05640000014720363
v -0.0053682478954319738 -0.0037132522704481346 0.056499999977330392
v 0.0031657328449041871 -0.011055683428390382 0.055500000046248263
v 0.0019996747201256747 -0.01030782710003922 0.056499999977330392
v 0.0021901200279298783 -0.011289524983759427 0.055500000046248263
v 0.0010936789770171782 -0.010442885577320694 0.056499999977330392
v 0.0011978391282180059 -0.011437446775397292 0.055500000046248263
v 0.00017935978564292501 -0.010498467927615076 0.056499999977330392
v 0.00019644175680987681 -0.011498322037229971 0.055500000046248263
v -0.00073632458292125186 -0.010474150097725685 0.056499999977330392
v -0.00080645068756522644 -0.011471688927163886 0.055500000046248263
v -0.0016464049402790803 -0.010370118128026157 0.056499999977330392
v -0.0018032053861770834 -0.011357748834067177 0.055500000046248263
v -0.0025439550808243633 -0.010187163242673346 0.056499999977330392
v -0.0027862365291136579 -0.011157369546013176 0.055500000046248263
v -0.0034221443622599779 -0.0099266775307140648 0.056499999977330392
v -0.0037480628241179726 -0.010872075561322983 0.055500000046248263
v -0.0042742891058100549 -0.0095906444454602214 0.056499999977330392
v -0.0046813643013795736 -0.010504039166760029 0.055500000046248263
v -0.0050939039698151686 -0.0091816200931033373 0.056499999977330392
v -0.0055790372704633932 -0.010056059361581909 0.055500000046248263
v -0.0058747512742979117 -0.0087027182939825518 0.056499999977330392
v -0.0064342513834512597 -0.0095315486503304049 0.055500000046248263
v -0.0066108875823260825 -0.0081575832333343704 0.056499999977330392
v -0.007240496094040906 -0.0089344959710567894 0.055500000046248263
v -0.0072967115593043962 -0.0075503644154729793 0.056499999977330392
v -0.0079916367011089902 -0.008269446899276724 0.055500000046248263
v -0.0079270027546296529 -0.0068856827217557712 0.056499999977330392
v -0.0086819557572280492 -0.0075414622237353329 0.055500000046248263
v -0.0084969646687504449 -0.0061685967268988937 0.056499999977330392
v -0.0093062000385420243 -0.0067560824740177184 0.055500000046248263
v -0.0090022600195315845 -0.0054045641175409758 0.056499999977330392
v -0.0098596181806296854 -0.0059192844472844442 0.055500000046248263
v -0.009439042236952272 -0.004599399366744852 0.056499999977330392
v -0.01033799933789563 -0.0050374375437126266 0.055500000046248263
v -0.0098039881575899806 -0.0037592306016588106 0.056499999977330392
v -0.010737701421327753 -0.0041172525161913233 0.055500000046248263
v -0.010094319496297341 -0.0028904516833689578 0.056499999977330392
v -0.011055683428390381 -0.0031657328449041953 0.055500000046248263
v -0.01030782710003922 -0.0019996747201256751 0.056499999977330392
v -0.011289524983759425 -0.0021901200279298787 0.055500000046248263
v -0.010442885577320694 -0.0010936789770171782 0.056499999977330392
v -0.011437446775397292 -0.0011978391282180057 0.055500000046248263
v -0.010498467927615076 -0.0001793597856429248 0.056499999977330392
v -0.011498322037229971 -0.00019644175680987695 0.055500000046248263
v -0.010474150097725683 0.00073632458292125196 0.056499999977330392
v -0.011471688927163886 0.00080645068756522622 0.055500000046248263
v -0.010370118128026157 0.00164640494027908 0.056499999977330392
v -0.011357748834067177 0.001803205386177084 0.055500000046248263
v -0.010187163242673346 0.0025439550808243629 0.056499999977330392
v -0.011157369546013178 0.0027862365291136579 0.055500000046248263
v -0.0099266775307140648 0.0034221443622599779 0.056499999977330392
v -0.010872075561322983 0.0037480628241179721 0.055500000046248263
v -0.0095906444454602214 0.004274289105810054 0.056499999977330392
v -0.010504039166760029 0.0046813643013795736 0.055500000046248263
v -0.0091816200931033373 0.0050939039698151686 0.056499999977330392
v -0.010056059361581911 0.0055790372704633924 0.055500000046248263
v -0.0087027182939825518 0.0058747512742979117 0.056499999977330392
v -0.0095315486503304032 0.0064342513834512588 0.055500000046248263
v -0.0081575832333343704 0.0066108875823260825 0.056499999977330392
v -0.0089344959710567894 0.0072404960940409069 0.055500000046248263
v -0.0075503644154729802 0.0072967115593043953 0.056499999977330392
v -0.008269446899276724 0.0079916367011089902 0.055500000046248263
v -0.0068856827217557721 0.0079270027546296529 0.056499999977330392
v -0.0075414622237353329 0.0086819557572280492 0.055500000046248263
v -0.0061685967268988937 0.0084969646687504449 0.056499999977330392
v -0.0067560824740177192 0.0093062000385420226 0.055500000046248263
v -0.0054045641175409749 0.0090022600195315862 0.056499999977330392
v -0.0059192844472844442 0.0098596181806296854 0.055500000046248263
v -0.004599399366744852 0.009439042236952272 0.056499999977330392
v -0.0050374375437126266 0.010337999337895629 0.055500000046248263
v -0.003759230601658811 0.0098039881575899806 0.056499999977330392
v -0.0041172525161913233 0.010737701421327753 0.055500000046248263
v -0.0028904516833689743 0.010094319496297336 0.056499999977330392
v -0.0031657328449042131 0.011055683428390375 0.055500000046248263
v -0.0019996747201256751 0.01030782710003922 0.056499999977330392
v -0.0021901200279298787 0.011289524983759427 0.055500000046248263
v -0.0010936789770171786 0.010442885577320694 0.056499999977330392
v -0.0011978391282180059 0.011437446775397292 0.055500000046248263
v -0.0001793597856429249 0.010498467927615076 0.056499999977330392
v -0.00019644175680987714 0.011498322037229971 0.055500000046248263
v 0.00073632458292125142 0.010474150097725685 0.056499999977330392
v 0.00080645068756522601 0.011471688927163886 0.055500000046248263
v 0.0016464049402790798 0.010370118128026157 0.056499999977330392
v 0.0018032053861770834 0.011357748834067177 0.055500000046248263
v 0.0025439550808243629 0.010187163242673346 0.056499999977330392
v 0.0027862365291136579 0.011157369546013176 0.055500000046248263
v 0.0034221443622599779 0.0099266775307140648 0.056499999977330392
v 0.0037480628241179721 0.010872075561322983 0.055500000046248263
v 0.004274289105810054 0.0095906444454602214 0.056499999977330392
v 0.0046813643013795736 0.010504039166760029 0.055500000046248263
v 0.0050939039698151677 0.0091816200931033373 0.056499999977330392
v 0.0055790372704633932 0.010056059361581909 0.055500000046248263
v 0.0058747512742979117 0.0087027182939825518 0.056499999977330392
v 0.0064342513834512597 0.0095315486503304049 0.055500000046248263
v 0.0066108875823260816 0.0081575832333343704 0.056499999977330392
v 0.007240496094040906 0.0089344959710567894 0.055500000046248263
v 0.0072967115593043962 0.0075503644154729793 0.056499999977330392
v 0.0079916367011089902 0.008269446899276724 0.055500000046248263
v 0.0079270027546296529 0.0068856827217557712 0.056499999977330392
v 0.0086819557572280492 0.0075414622237353329 0.055500000046248263
v 0.0084969646687504449 0.0061685967268988937 0.056499999977330392
v 0.0093062000385420243 0.0067560824740177184 0.055500000046248263
v 0.0090022600195315845 0.0054045641175409758 0.056499999977330392
v 0.0098596181806296854 0.0059192844472844442 0.055500000046248263
v 0.009439042236952272 0.004599399366744852 0.056499999977330392
v 0.01033799933789563 0.0050374375437126266 0.055500000046248263
v 0.0098039881575899806 0.0037592306016588106 0.056499999977330392
v 0.010737701421327753 0.0041172525161913233 0.055500000046248263
v 0.010094319496297332 0.0028904516833689877 0.056499999977330392
v 0.01105568342839037 0.0031657328449042283 0.055500000046248263
v 0.010307827100039219 0.0019996747201256751 0.056499999977330392
v 0.011289524983759425 0.0021901200279298787 0.055500000046248263
v 0.010442885577320694 0.0010936789770171786 0.056499999977330392
v 0.011437446775397292 0.0011978391282180061 0.055500000046248263
v 0.010498467927615076 0.00017935978564292507 0.056499999977330392
v 0.011498322037229971 0.00019644175680987722 0.055500000046248263
v 0.010474150097725683 -0.00073632458292125175 0.056499999977330392
v 0.011471688927163886 -0.00080645068756522601 0.055500000046248263
v 0.010370118128026157 -0.0016464049402790796 0.056499999977330392
v 0.011357748834067176 -0.0018032053861770836 0.055500000046248263
v 0.010187163242673346 -0.0025439550808243629 0.056499999977330392
v 0.011157369546013176 -0.0027862365291136579 0.055500000046248263
v 0.0099266775307140648 -0.0034221443622599779 0.056499999977330392
v 0.010872075561322981 -0.0037480628241179721 0.055500000046248263
v 0.0095906444454602214 -0.004274289105810054 0.056499999977330392
v 0.010504039166760029 -0.0046813643013795736 0.055500000046248263
v 0.0091816200931033355 -0.0050939039698151686 0.056499999977330392
v 0.010056059361581911 -0.0055790372704633924 0.055500000046248263
v 0.0087027182939825518 -0.0058747512742979117 0.056499999977330392
v 0.0095315486503304032 -0.0064342513834512588 0.055500000046248263
v 0.0081575832333343704 -0.0066108875823260825 0.056499999977330392
v 0.0089344959710567894 -0.0072404960940409069 0.055500000046248263
v 0.0075503644154729793 -0.0072967115593043953 0.056499999977330392
v 0.008269446899276724 -0.0079916367011089902 0.055500000046248263
v 0.0068856827217557712 -0.0079270027546296529 0.056499999977330392
v 0.0075414622237353329 -0.0086819557572280492 0.055500000046248263
v 0.0061685967268988937 -0.0084969646687504449 0.056499999977330392
v 0.0067560824740177184 -0.0093062000385420226 0.055500000046248263
v 0.0054045641175409749 -0.0090022600195315862 0.056499999977330392
v 0.0059192844472844442 -0.0098596181806296854 0.055500000046248263
v 0.004599399366744852 -0.009439042236952272 0.056499999977330392
v 0.0050374375437126266 -0.010337999337895629 0.055500000046248263
v 0.0037592306016588106 -0.0098039881575899806 0.056499999977330392
v 0.0041172525161913233 -0.010737701421327753 0.055500000046248263
v 0.0028904516833689526 -0.010094319496297343 0.056499999977330392
v -0.002064608326950997 0.0072102281476881186 0.049000000144968435
v -0.0025061537771684599 0.0065359922542832845 0.048499999597350754
v -0.0026851647624140849 0.0070028488781404361 0.049000000144968435
v -0.0030662662926492497 0.0062926951337637571 0.048499999597350754
v -0.0032852853648628506 0.0067421732045186032 0.049000000144968435
v -0.003603042739603888 0.0060015065197821125 0.048499999597350754
v -0.0038604029044756226 0.006430185600331163 0.049000000144968435
v -0.0041123978287794533 0.0056646434323115186 0.048499999597350754
v -0.0044061405741511062 0.0060692606695374142 0.049000000144968435
v -0.0045904550732255318 0.0052846685244510609 0.048499999597350754
v -0.004918344824215313 0.0056621450257502608 0.049000000144968435
v -0.0050335764262052843 0.0048644743301403445 0.048499999597350754
v -0.0053931173160844505 0.0052119365174666281 0.049000000144968435
v -0.0054383887794936603 0.0044072582389940908 0.048499999597350754
v -0.0058268451483548698 0.0047220624948515026 0.049000000144968435
v -0.005801811918577311 0.003916500444591302 0.048499999597350754
v -0.0062162270967512367 0.0041962504991679755 0.049000000144968435
v -0.0061210800620688909 0.0033959359798767783 0.048499999597350754
v -0.0065582999842370036 0.0036385027899419578 0.049000000144968435
v -0.0063937624732410018 0.002849526049504498 0.048499999597350754
v -0.0068504598338909057 0.0030530636472892569 0.049000000144968435
v -0.0066177848712527451 0.0022814296175692386 0.048499999597350754
v -0.0070904838865572042 0.0024443888484982357 0.049000000144968435
v -0.0067914422045114841 0.0016959702031062065 0.048499999597350754
v -0.0072765448444176263 0.0018171108316036668 0.049000000144968435
v -0.0069134120639861444 0.001097603218907738 0.048499999597350754
v -0.0074072274170066546 0.0011760034418567401 0.049000000144968435
v -0.0069827670088990915 0.00049088289521067999 0.048499999597350754
v -0.0074815359759482997 0.00052594607572042582 0.049000000144968435
v -0.0069989784798690667 -0.00011957311039353909 0.048499999597350754
v -0.0074989055346765142 -0.00012811409597701518 0.049000000144968435
v -0.0069619240059780778 -0.00072911944077578238 0.048499999597350754
v -0.0074592041893934233 -0.000781199276270964 0.049000000144968435
v -0.0068718848825827768 -0.0013331165228130362 0.048499999597350754
v -0.0073627338324546146 -0.0014283391487357696 0.049000000144968435
v -0.0067295466293114921 -0.0019269678743711344 0.048499999597350754
v -0.0072102281476881186 -0.002064608326950994 0.049000000144968435
v -0.0065359922542832845 -0.0025061537771684603 0.048499999597350754
v -0.0070028488781404353 -0.0026851647624140849 0.049000000144968435
v -0.0062926951337637562 -0.0030662662926492497 0.048499999597350754
v -0.0067421732045186032 -0.0032852853648628511 0.049000000144968435
v -0.0060015065197821125 -0.0036030427396038884 0.048499999597350754
v -0.006430185600331163 -0.0038604029044756226 0.049000000144968435
v -0.0056646434323115186 -0.0041123978287794533 0.048499999597350754
v -0.006069260669537415 -0.0044061405741511062 0.049000000144968435
v -0.0052846685244510617 -0.0045904550732255318 0.048499999597350754
v -0.0056621450257502599 -0.004918344824215313 0.049000000144968435
v -0.0048644743301403445 -0.0050335764262052843 0.048499999597350754
v -0.0052119365174666281 -0.0053931173160844514 0.049000000144968435
v -0.00440725823899409 -0.0054383887794936603 0.048499999597350754
v -0.0047220624948515026 -0.0058268451483548707 0.049000000144968435
v -0.0039165004445913011 -0.0058018119185773119 0.048499999597350754
v -0.0041962504991679755 -0.0062162270967512367 0.049000000144968435
v -0.0033959359798767788 -0.0061210800620688901 0.048499999597350754
v -0.0036385027899419578 -0.0065582999842370036 0.049000000144968435
v -0.0028495260495044975 -0.0063937624732410018 0.048499999597350754
v -0.0030530636472892569 -0.0068504598338909066 0.049000000144968435
v -0.0022814296175692381 -0.0066177848712527451 0.048499999597350754
v -0.0024443888484982352 -0.0070904838865572042 0.049000000144968435
v -0.0016959702031062063 -0.0067914422045114841 0.048499999597350754
v -0.0018171108316036664 -0.0072765448444176263 0.049000000144968435
v -0.001097603218907738 -0.0069134120639861444 0.048499999597350754
v -0.0011760034418567395 -0.0074072274170066546 0.049000000144968435
v -0.00049088289521067945 -0.0069827670088990906 0.048499999597350754
v -0.00052594607572042582 -0.0074815359759482997 0.049000000144968435
v 0.00011957311039353942 -0.0069989784798690667 0.048499999597350754
v 0.00012811409597701556 -0.0074989055346765133 0.049000000144968435
v 0.00072911944077578281 -0.0069619240059780778 0.048499999597350754
v 0.00078119927627096444 -0.0074592041893934242 0.049000000144968435
v 0.0013331165228130364 -0.0068718848825827777 0.048499999597350754
v 0.0014283391487357701 -0.0073627338324546154 0.049000000144968435
v 0.001926967874371137 -0.0067295466293114913 0.048499999597350754
v 0.0020646083269509983 -0.0072102281476881178 0.049000000144968435
v 0.0025061537771684603 -0.0065359922542832845 0.048499999597350754
v 0.0026851647624140853 -0.0070028488781404361 0.049000000144968435
v 0.0030662662926492497 -0.0062926951337637571 0.048499999597350754
v 0.0032852853648628511 -0.0067421732045186032 0.049000000144968435
v 0.0036030427396038884 -0.0060015065197821125 0.048499999597350754
v 0.0038604029044756231 -0.006430185600331163 0.049000000144968435
v 0.0041123978287794533 -0.0056646434323115186 0.048499999597350754
v 0.0044061405741511062 -0.0060692606695374142 0.049000000144968435
v 0.0045904550732255326 -0.0052846685244510609 0.048499999597350754
v 0.004918344824215313 -0.0056621450257502608 0.049000000144968435
v 0.0050335764262052843 -0.0048644743301403445 0.048499999597350754
v 0.0053931173160844514 -0.0052119365174666281 0.049000000144968435
v 0.0054383887794936603 -0.0044072582389940908 0.048499999597350754
v 0.0058268451483548707 -0.0047220624948515026 0.049000000144968435
v 0.0058018119185773119 -0.003916500444591302 0.048499999597350754
v 0.0062162270967512376 -0.0041962504991679755 0.049000000144968435
v 0.0061210800620688909 -0.0033959359798767783 0.048499999597350754
v 0.0065582999842370045 -0.0036385027899419578 0.049000000144968435
v 0.0063937624732410018 -0.002849526049504498 0.048499999597350754
v 0.0068504598338909057 -0.0030530636472892569 0.049000000144968435
v 0.0066177848712527451 -0.0022814296175692386 0.048499999597350754
v 0.0070904838865572042 -0.0024443888484982357 0.049000000144968435
v 0.0067914422045114841 -0.0016959702031062061 0.048499999597350754
v 0.0072765448444176272 -0.0018171108316036664 0.049000000144968435
v 0.0069134120639861444 -0.0010976032189077376 0.048499999597350754
v 0.0074072274170066546 -0.0011760034418567397 0.049000000144968435
v 0.0069827670088990915 -0.00049088289521067978 0.048499999597350754
v 0.0074815359759482997 -0.0005259460757204256 0.049000000144968435
v 0.0069989784798690667 0.00011957311039353936 0.048499999597350754
v 0.0074989055346765142 0.00012811409597701545 0.049000000144968435
v 0.0069619240059780778 0.0007291194407757826 0.048499999597350754
v 0.0074592041893934242 0.00078119927627096422 0.049000000144968435
v 0.0068718848825827777 0.0013331165228130366 0.048499999597350754
v 0.0073627338324546154 0.0014283391487357701 0.049000000144968435
v 0.0067295466293114982 0.0019269678743711145 0.048499999597350754
v 0.0072102281476881256 0.0020646083269509718 0.049000000144968435
v 0.0065359922542832845 0.0025061537771684603 0.048499999597350754
v 0.0070028488781404361 0.0026851647624140849 0.049000000144968435
v 0.0062926951337637571 0.0030662662926492497 0.048499999597350754
v 0.0067421732045186032 0.0032852853648628511 0.049000000144968435
v 0.0060015065197821125 0.0036030427396038884 0.048499999597350754
v 0.006430185600331163 0.0038604029044756226 0.049000000144968435
v 0.0056646434323115186 0.0041123978287794533 0.048499999597350754
v 0.006069260669537415 0.0044061405741511062 0.049000000144968435
v 0.0052846685244510617 0.0045904550732255318 0.048499999597350754
v 0.0056621450257502608 0.004918344824215313 0.049000000144968435
v 0.0048644743301403445 0.0050335764262052843 0.048499999597350754
v 0.0052119365174666281 0.0053931173160844514 0.049000000144968435
v 0.0044072582389940908 0.0054383887794936603 0.048499999597350754
v 0.0047220624948515026 0.0058268451483548707 0.049000000144968435
v 0.003916500444591302 0.0058018119185773119 0.048499999597350754
v 0.0041962504991679755 0.0062162270967512367 0.049000000144968435
v 0.0033959359798767788 0.0061210800620688901 0.048499999597350754
v 0.0036385027899419583 0.0065582999842370036 0.049000000144968435
v 0.002849526049504498 0.0063937624732410018 0.048499999597350754
v 0.0030530636472892573 0.0068504598338909066 0.049000000144968435
v 0.0022814296175692386 0.0066177848712527451 0.048499999597350754
v 0.0024443888484982357 0.0070904838865572042 0.049000000144968435
v 0.0016959702031062065 0.0067914422045114841 0.048499999597350754
v 0.0018171108316036666 0.0072765448444176263 0.049000000144968435
v 0.0010976032189077382 0.0069134120639861444 0.048499999597350754
v 0.0011760034418567397 0.0074072274170066546 0.049000000144968435
v 0.00049088289521067967 0.0069827670088990906 0.048499999597350754
v 0.00052594607572042603 0.0074815359759482997 0.049000000144968435
v -0.00011957311039353912 0.0069989784798690667 0.048499999597350754
v -0.00012811409597701502 0.0074989055346765133 0.049000000144968435
v -0.0007291194407757826 0.0069619240059780778 0.048499999597350754
v -0.000781199276270964 0.0074592041893934242 0.049000000144968435
v -0.0013331165228130362 0.0068718848825827777 0.048499999597350754
v -0.0014283391487357696 0.0073627338324546154 0.049000000144968435
v -0.0019269678743711394 0.0067295466293114904 0.048499999597350754
v -0.0013764055513006644 0.0048068187651254118 0.042999999627153063
v -0.0016110987949815995 0.0042017091510209983 0.042499999545196676
v -0.0017901098082065928 0.0046685657668664145 0.042999999627153063
v -0.0019711711228756175 0.0040453037564619808 0.042499999545196676
v -0.0021901902673182412 0.0044947822909101893 0.042999999627153063
v -0.0023162418195980285 0.0038581116288006331 0.042499999545196676
v -0.0025736019844697631 0.0042867907093496836 0.042999999627153063
v -0.0026436842932155598 0.0036415562226544919 0.042499999545196676
v -0.002937427054857499 0.0040461739395972205 0.042999999627153063
v -0.0029510069104045676 0.0033972868171540352 0.042499999545196676
v -0.0032788965494768749 0.0037747633505001736 0.042999999627153063
v -0.0032358704089775607 0.0031271621471336991 0.042499999545196676
v -0.0035954115867855535 0.0034746244942010498 0.042999999627153063
v -0.0034961071274692496 0.0028332376312118694 0.042499999545196676
v -0.0038845634322365796 0.0031480416632343349 0.042999999627153063
v -0.0037297363156365074 0.0025177503314489989 0.042499999545196676
v -0.0041441514938104331 0.0027975003860256724 0.042999999627153063
v -0.0039349798753706717 0.0021831016100687483 0.042499999545196676
v -0.0043721997975387852 0.0024256684201339274 0.042999999627153063
v -0.0041102759579203082 0.0018318382203217677 0.042499999545196676
v -0.0045669733185702121 0.0020353758181065273 0.042999999627153063
v -0.0042542904662352899 0.0014666332706426137 0.042499999545196676
v -0.0047269892577048028 0.0016295925656654906 0.042999999627153063
v -0.0043659271176667465 0.0010902663901013313 0.042499999545196676
v -0.0048510300455017153 0.0012114071783398584 0.042999999627153063
v -0.004444336290364199 0.00070560218353963135 0.042499999545196676
v -0.0049381516113377695 0.00078400229457116001 0.042999999627153063
v -0.004488921406501022 0.00031556769670735944 0.042499999545196676
v -0.0049876907891731838 0.0003506306371118734 0.042999999627153063
v -0.004499343589407844 -7.6868534498864395e-05 0.042499999545196676
v -0.0049992706442152906 -8.540952008234047e-05 0.042999999627153063
v -0.0044755223217493208 -0.00046871955925446396 0.042499999545196676
v -0.0049728029368110898 -0.00052079957889614127 0.042999999627153063
v -0.0044176401172001173 -0.00085700344915810552 0.042499999545196676
v -0.0049084890750836904 -0.00095222604710147065 0.042999999627153063
v -0.0043261367990788929 -0.0012387649705330442 0.042499999545196676
v -0.0048068187651254127 -0.0013764055513006623 0.042999999627153063
v -0.0042017091510209983 -0.0016110987949815997 0.042499999545196676
v -0.0046685657668664145 -0.0017901098082065928 0.042999999627153063
v -0.00404530375646198 -0.0019711711228756175 0.042499999545196676
v -0.0044947822909101893 -0.0021901902673182416 0.042999999627153063
v -0.0038581116288006331 -0.0023162418195980289 0.042499999545196676
v -0.0042867907093496836 -0.0025736019844697635 0.042999999627153063
v -0.0036415562226544914 -0.0026436842932155602 0.042499999545196676
v -0.0040461739395972205 -0.0029374270548574995 0.042999999627153063
v -0.0033972868171540348 -0.0029510069104045676 0.042499999545196676
v -0.0037747633505001731 -0.0032788965494768754 0.042999999627153063
v -0.0031271621471336986 -0.0032358704089775611 0.042499999545196676
v -0.0034746244942010494 -0.0035954115867855539 0.042999999627153063
v -0.002833237631211869 -0.0034961071274692496 0.042499999545196676
v -0.0031480416632343349 -0.00388456343223658 0.042999999627153063
v -0.0025177503314489985 -0.0037297363156365074 0.042499999545196676
v -0.0027975003860256724 -0.0041441514938104339 0.042999999627153063
v -0.0021831016100687479 -0.0039349798753706726 0.042499999545196676
v -0.0024256684201339274 -0.0043721997975387852 0.042999999627153063
v -0.0018318382203217673 -0.0041102759579203091 0.042499999545196676
v -0.0020353758181065268 -0.0045669733185702121 0.042999999627153063
v -0.0014666332706426131 -0.0042542904662352899 0.042499999545196676
v -0.0016295925656654899 -0.0047269892577048028 0.042999999627153063
v -0.0010902663901013307 -0.0043659271176667465 0.042499999545196676
v -0.0012114071783398575 -0.0048510300455017153 0.042999999627153063
v -0.00070560218353963114 -0.0044443362903641998 0.042499999545196676
v -0.00078400229457115946 -0.0049381516113377695 0.042999999627153063
v -0.00031556769670735885 -0.0044889214065010228 0.042499999545196676
v -0.00035063063711187291 -0.0049876907891731838 0.042999999627153063
v 7.6868534498864883e-05 -0.004499343589407844 0.042499999545196676
v 8.5409520082340999e-05 -0.0049992706442152906 0.042999999627153063
v 0.00046871955925446461 -0.0044755223217493216 0.042499999545196676
v 0.00052079957889614159 -0.0049728029368110906 0.042999999627153063
v 0.00085700344915810584 -0.0044176401172001173 0.042499999545196676
v 0.00095222604710147097 -0.0049084890750836904 0.042999999627153063
v 0.0012387649705330461 -0.0043261367990788929 0.042499999545196676
v 0.0013764055513006655 -0.0048068187651254118 0.042999999627153063
v 0.0016110987949816001 -0.0042017091510209983 0.042499999545196676
v 0.0017901098082065932 -0.0046685657668664145 0.042999999627153063
v 0.001971171122875618 -0.0040453037564619808 0.042499999545196676
v 0.0021901902673182416 -0.0044947822909101893 0.042999999627153063
v 0.0023162418195980293 -0.0038581116288006331 0.042499999545196676
v 0.0025736019844697635 -0.0042867907093496836 0.042999999627153063
v 0.0026436842932155607 -0.0036415562226544919 0.042499999545196676
v 0.0029374270548574999 -0.0040461739395972205 0.042999999627153063
v 0.0029510069104045681 -0.0033972868171540352 0.042499999545196676
v 0.0032788965494768754 -0.0037747633505001736 0.042999999627153063
v 0.0032358704089775611 -0.0031271621471336991 0.042499999545196676
v 0.0035954115867855539 -0.0034746244942010498 0.042999999627153063
v 0.00349610712746925 -0.0028332376312118694 0.042499999545196676
v 0.0038845634322365805 -0.0031480416632343349 0.042999999627153063
v 0.0037297363156365078 -0.0025177503314489989 0.042499999545196676
v 0.0041441514938104339 -0.0027975003860256724 0.042999999627153063
v 0.0039349798753706726 -0.0021831016100687483 0.042499999545196676
v 0.0043721997975387861 -0.0024256684201339274 0.042999999627153063
v 0.0041102759579203091 -0.0018318382203217673 0.042499999545196676
v 0.004566973318570213 -0.0020353758181065273 0.042999999627153063
v 0.0042542904662352908 -0.0014666332706426133 0.042499999545196676
v 0.0047269892577048028 -0.0016295925656654902 0.042999999627153063
v 0.0043659271176667474 -0.0010902663901013309 0.042499999545196676
v 0.0048510300455017162 -0.0012114071783398579 0.042999999627153063
v 0.0044443362903641998 -0.00070560218353963114 0.042499999545196676
v 0.0049381516113377703 -0.00078400229457115979 0.042999999627153063
v 0.0044889214065010228 -0.00031556769670735912 0.042499999545196676
v 0.0049876907891731846 -0.00035063063711187307 0.042999999627153063
v 0.004499343589407844 7.6868534498864666e-05 0.042499999545196676
v 0.0049992706442152915 8.5409520082340741e-05 0.042999999627153063
v 0.0044755223217493216 0.00046871955925446428 0.042499999545196676
v 0.0049728029368110906 0.00052079957889614148 0.042999999627153063
v 0.0044176401172001181 0.00085700344915810574 0.042499999545196676
v 0.0049084890750836913 0.00095222604710147086 0.042999999627153063
v 0.0043261367990788972 0.0012387649705330314 0.042499999545196676
v 0.004806818765125417 0.0013764055513006482 0.042999999627153063
v 0.0042017091510209983 0.0016110987949816001 0.042499999545196676
v 0.0046685657668664145 0.0017901098082065932 0.042999999627153063
v 0.0040453037564619808 0.0019711711228756175 0.042499999545196676
v 0.0044947822909101902 0.0021901902673182416 0.042999999627153063
v 0.0038581116288006335 0.0023162418195980289 0.042499999545196676
v 0.0042867907093496844 0.0025736019844697635 0.042999999627153063
v 0.0036415562226544923 0.0026436842932155602 0.042499999545196676
v 0.0040461739395972213 0.0029374270548574995 0.042999999627153063
v 0.0033972868171540356 0.0029510069104045676 0.042499999545196676
v 0.003774763350500174 0.0032788965494768754 0.042999999627153063
v 0.0031271621471336995 0.0032358704089775611 0.042499999545196676
v 0.0034746244942010498 0.0035954115867855539 0.042999999627153063
v 0.0028332376312118698 0.0034961071274692496 0.042499999545196676
v 0.0031480416632343354 0.00388456343223658 0.042999999627153063
v 0.0025177503314489989 0.0037297363156365074 0.042499999545196676
v 0.0027975003860256729 0.0041441514938104339 0.042999999627153063
v 0.0021831016100687483 0.0039349798753706726 0.042499999545196676
v 0.0024256684201339278 0.0043721997975387852 0.042999999627153063
v 0.0018318382203217679 0.0041102759579203091 0.042499999545196676
v 0.0020353758181065273 0.0045669733185702121 0.042999999627153063
v 0.0014666332706426137 0.0042542904662352899 0.042499999545196676
v 0.0016295925656654906 0.0047269892577048028 0.042999999627153063
v 0.0010902663901013313 0.0043659271176667465 0.042499999545196676
v 0.0012114071783398581 0.0048510300455017153 0.042999999627153063
v 0.00070560218353963179 0.0044443362903641998 0.042499999545196676
v 0.00078400229457116011 0.0049381516113377695 0.042999999627153063
v 0.00031556769670735961 0.0044889214065010228 0.042499999545196676
v 0.00035063063711187367 0.0049876907891731838 0.042999999627153063
v -7.6868534498864151e-05 0.004499343589407844 0.042499999545196676
v -8.5409520082340267e-05 0.0049992706442152906 0.042999999627153063
v -0.00046871955925446385 0.0044755223217493216 0.042499999545196676
v -0.00052079957889614094 0.0049728029368110906 0.042999999627153063
v -0.00085700344915810519 0.0044176401172001173 0.042499999545196676
v -0.00095222604710147054 0.0049084890750836904 0.042999999627153063
v -0.0012387649705330472 0.004326136799078892 0.042499999545196676
v 0.00057809032385501395 -0.0020188638544924795 0.05400000003320974
v 0.00057809032385501492 -0.0020188638544924795 0.042499999545196676
v 0.0003999349696626868 -0.0020615655095418224 0.05400000003320974
v 0.00039993496966268723 -0.0020615655095418224 0.042499999545196676
v 0.0002187358042533665 -0.0020885772098051584 0.05400000003320974
v 0.00021873580425336693 -0.0020885772098051584 0.042499999545196676
v 3.5872005149631438e-05 -0.0020996936686476057 0.05400000003320974
v 3.5872005149631872e-05 -0.0020996936686476057 0.042499999545196676
v -0.00014726491495722175 -0.00209483006751682 0.05400000003320974
v -0.00014726491495722132 -0.00209483006751682 0.042499999545196676
v -0.00032928099762053478 -0.0020740236767816085 0.05400000003320974
v -0.00032928099762053446 -0.0020740236767816085 0.042499999545196676
v -0.00050879101300954188 -0.0020374325749747974 0.05400000003320974
v -0.00050879101300954155 -0.0020374325749747974 0.042499999545196676
v -0.00068442894601186753 -0.0019853355029874824 0.05400000003320974
v -0.0006844289460118671 -0.0019853355029874824 0.042499999545196676
v -0.00085485779246785478 -0.0019181287355629125 0.05400000003320974
v -0.00085485779246785435 -0.0019181287355629125 0.042499999545196676
v -0.0010187807620148203 -0.0018363239610349018 0.05400000003320974
v -0.0010187807620148199 -0.0018363239610349018 0.042499999545196676
v -0.0011749501397867784 -0.0017405435531896987 0.05400000003320974
v -0.0011749501397867782 -0.0017405435531896987 0.042499999545196676
v -0.0013221774748535581 -0.0016315167074079698 0.05400000003320974
v -0.0013221774748535576 -0.0016315167074079698 0.042499999545196676
v -0.0014593422511197834 -0.0015100728414829373 0.05400000003320974
v -0.0014593422511197829 -0.0015100728414829373 0.042499999545196676
v -0.001585400589283532 -0.0013771365795534247 0.05400000003320974
v -0.0015854005892835315 -0.0013771365795534247 0.042499999545196676
v -0.0016993929753123843 -0.0012337193693903016 0.05400000003320974
v -0.0016993929753123841 -0.0012337193693903016 0.042499999545196676
v -0.0018004520998496836 -0.001080912826762252 0.05400000003320974
v -0.0018004520998496831 -0.001080912826762252 0.042499999545196676
v -0.0018878085321173922 -0.00091987991577414312 0.05400000003320974
v -0.0018878085321173918 -0.00091987991577414312 0.042499999545196676
v -0.0019607977210519749 -0.00075184614596931381 0.05400000003320974
v -0.0019607977210519744 -0.00075184614596931381 0.042499999545196676
v -0.002018863854492479 -0.00057809032385501471 0.05400000003320974
v -0.0020188638544924786 -0.00057809032385501471 0.042499999545196676
v -0.0020615655095418224 -0.00039993496966268669 0.05400000003320974
v -0.0020615655095418219 -0.00039993496966268669 0.042499999545196676
v -0.0020885772098051584 -0.00021873580425336636 0.05400000003320974
v -0.0020885772098051579 -0.00021873580425336636 0.042499999545196676
v -0.0020996936686476062 -3.587200514963135e-05 0.05400000003320974
v -0.0020996936686476057 -3.587200514963135e-05 0.042499999545196676
v -0.00209483006751682 0.00014726491495722186 0.05400000003320974
v -0.0020948300675168196 0.00014726491495722186 0.042499999545196676
v -0.0020740236767816085 0.00032928099762053495 0.05400000003320974
v -0.0020740236767816081 0.00032928099762053495 0.042499999545196676
v -0.0020374325749747974 0.00050879101300954209 0.05400000003320974
v -0.002037432574974797 0.00050879101300954209 0.042499999545196676
v -0.0019853355029874824 0.00068442894601186764 0.05400000003320974
v -0.0019853355029874819 0.00068442894601186764 0.042499999545196676
v -0.0019181287355629127 0.00085485779246785489 0.05400000003320974
v -0.0019181287355629123 0.00085485779246785489 0.042499999545196676
v -0.001836323961034902 0.0010187807620148205 0.05400000003320974
v -0.0018363239610349018 0.0010187807620148205 0.042499999545196676
v -0.0017405435531896989 0.0011749501397867786 0.05400000003320974
v -0.0017405435531896985 0.0011749501397867786 0.042499999545196676
v -0.00163151670740797 0.0013221774748535583 0.05400000003320974
v -0.0016315167074079696 0.0013221774748535583 0.042499999545196676
v -0.0015100728414829375 0.0014593422511197834 0.05400000003320974
v -0.001510072841482937 0.0014593422511197834 0.042499999545196676
v -0.0013771365795534249 0.0015854005892835322 0.05400000003320974
v -0.0013771365795534245 0.0015854005892835322 0.042499999545196676
v -0.0012337193693903021 0.0016993929753123845 0.05400000003320974
v -0.0012337193693903016 0.0016993929753123845 0.042499999545196676
v -0.0010809128267622523 0.0018004520998496838 0.05400000003320974
v -0.001080912826762252 0.0018004520998496838 0.042499999545196676
v -0.00091987991577414322 0.0018878085321173922 0.05400000003320974
v -0.0009198799157741429 0.0018878085321173922 0.042499999545196676
v -0.00075184614596931403 0.0019607977210519744 0.05400000003320974
v -0.0007518461459693137 0.0019607977210519744 0.042499999545196676
v -0.0005780903238550146 0.0020188638544924795 0.05400000003320974
v -0.00057809032385501503 0.002018863854492479 0.042499999545196676
v -0.0003999349696626868 0.0020615655095418224 0.05400000003320974
v -0.00039993496966268647 0.0020615655095418224 0.042499999545196676
v -0.0002187358042533665 0.0020885772098051584 0.05400000003320974
v -0.00021873580425336617 0.0020885772098051584 0.042499999545196676
v -3.5872005149631452e-05 0.0020996936686476057 0.05400000003320974
v -3.5872005149631126e-05 0.0020996936686476057 0.042499999545196676
v 0.00014726491495722175 0.00209483006751682 0.05400000003320974
v 0.00014726491495722208 0.00209483006751682 0.042499999545196676
v 0.00032928099762053478 0.0020740236767816085 0.05400000003320974
v 0.00032928099762053522 0.0020740236767816085 0.042499999545196676
v 0.00050879101300954177 0.0020374325749747974 0.05400000003320974
v 0.0005087910130095422 0.0020374325749747974 0.042499999545196676
v 0.00068442894601186742 0.0019853355029874824 0.05400000003320974
v 0.00068442894601186775 0.0019853355029874824 0.042499999545196676
v 0.00085485779246785457 0.0019181287355629129 0.05400000003320974
v 0.000854857792467855 0.0019181287355629129 0.042499999545196676
v 0.0010187807620148201 0.0018363239610349022 0.05400000003320974
v 0.0010187807620148205 0.0018363239610349022 0.042499999545196676
v 0.0011749501397867784 0.0017405435531896991 0.05400000003320974
v 0.0011749501397867788 0.0017405435531896991 0.042499999545196676
v 0.0013221774748535579 0.0016315167074079703 0.05400000003320974
v 0.0013221774748535583 0.0016315167074079703 0.042499999545196676
v 0.0014593422511197831 0.0015100728414829377 0.05400000003320974
v 0.0014593422511197836 0.0015100728414829377 0.042499999545196676
v 0.0015854005892835317 0.0013771365795534252 0.05400000003320974
v 0.0015854005892835322 0.0013771365795534252 0.042499999545196676
v 0.0016993929753123843 0.0012337193693903021 0.05400000003320974
v 0.0016993929753123848 0.0012337193693903021 0.042499999545196676
v 0.0018004520998496836 0.0010809128267622525 0.05400000003320974
v 0.0018004520998496838 0.0010809128267622525 0.042499999545196676
v 0.001887808532117392 0.00091987991577414333 0.05400000003320974
v 0.0018878085321173924 0.00091987991577414333 0.042499999545196676
v 0.0019607977210519744 0.00075184614596931403 0.05400000003320974
v 0.0019607977210519749 0.00075184614596931403 0.042499999545196676
v 0.0020188638544924786 0.00057809032385501633 0.05400000003320974
v 0.002018863854492479 0.00057809032385501633 0.042499999545196676
v 0.0020615655095418224 0.00039993496966268701 0.05400000003320974
v 0.0020615655095418228 0.00039993496966268701 0.042499999545196676
v 0.0020885772098051584 0.00021873580425336663 0.05400000003320974
v 0.0020885772098051588 0.00021873580425336663 0.042499999545196676
v 0.0020996936686476057 3.5872005149631621e-05 0.05400000003320974
v 0.0020996936686476062 3.5872005149631621e-05 0.042499999545196676
v 0.00209483006751682 -0.00014726491495722159 0.05400000003320974
v 0.0020948300675168205 -0.00014726491495722159 0.042499999545196676
v 0.0020740236767816085 -0.00032928099762053462 0.05400000003320974
v 0.002074023676781609 -0.00032928099762053462 0.042499999545196676
v 0.0020374325749747974 -0.00050879101300954188 0.05400000003320974
v 0.0020374325749747979 -0.00050879101300954188 0.042499999545196676
v 0.0019853355029874819 -0.00068442894601186742 0.05400000003320974
v 0.0019853355029874824 -0.00068442894601186742 0.042499999545196676
v 0.0019181287355629125 -0.00085485779246785468 0.05400000003320974
v 0.0019181287355629129 -0.00085485779246785468 0.042499999545196676
v 0.001836323961034902 -0.0010187807620148201 0.05400000003320974
v 0.0018363239610349024 -0.0010187807620148201 0.042499999545196676
v 0.0017405435531896987 -0.0011749501397867782 0.05400000003320974
v 0.0017405435531896991 -0.0011749501397867782 0.042499999545196676
v 0.0016315167074079698 -0.0013221774748535579 0.05400000003320974
v 0.0016315167074079703 -0.0013221774748535579 0.042499999545196676
v 0.0015100728414829375 -0.0014593422511197829 0.05400000003320974
v 0.0015100728414829377 -0.0014593422511197829 0.042499999545196676
v 0.0013771365795534247 -0.0015854005892835317 0.05400000003320974
v 0.0013771365795534252 -0.0015854005892835317 0.042499999545196676
v 0.0012337193693903019 -0.0016993929753123841 0.05400000003320974
v 0.0012337193693903023 -0.0016993929753123841 0.042499999545196676
v 0.0010809128267622523 -0.0018004520998496833 0.05400000003320974
v 0.0010809128267622527 -0.0018004520998496833 0.042499999545196676
v 0.00091987991577414312 -0.0018878085321173918 0.05400000003320974
v 0.00091987991577414355 -0.0018878085321173918 0.042499999545196676
v 0.00075184614596931392 -0.0019607977210519744 0.05400000003320974
v 0.00075184614596931435 -0.0019607977210519744 0.042499999545196676
v -0.0052176204382418569 -0.0035744143531870353 0.05400000003320974
v -0.0043749615502663309 -0.0033331237142144843 0.05400000003320974
v -0.0054760860682195192 0.00051233156648778104 0.05400000003320974
v -0.005412217541510814 0.00097872443169011122 0.05400000003320974
v 0.0067384498733852891 0.0034005666253433026 0.05400000003320974
v 0.0065823331204044287 0.0034784760435180449 0.05400000003320974
v 0.0063187449561950453 -0.00027104092751522961 0.05400000003320974
v 0.0015140461320682836 -0.0052875007311719317 0.05400000003320974
v 0.0019606437074514496 -0.0051386649610464788 0.05400000003320974
v 0.0043749615502663309 0.0033331237142144843 0.05400000003320974
v 0.0023928782189250844 -0.0049521849100072589 0.05400000003320974
v 0.0028075832209982728 -0.0047294264601323967 0.05400000003320974
v 0.0032017209902534417 -0.0044720223382448375 0.05400000003320974
v 0.0035724039444710145 -0.0041818572639030398 0.05400000003320974
v 0.0039169163760628531 -0.0038610573667727634 0.05400000003320974
v 0.0042327351580290946 -0.003511972632574942 0.05400000003320974
v 0.0045175461410922706 -0.0031371605828407361 0.05400000003320974
v 0.0047692631554993583 -0.002739366786955872 0.05400000003320974
v 0.0049860421352913324 -0.0023215048333560567 0.05400000003320974
v 0.0051662946351617688 -0.001886636716838982 0.05400000003320974
v 0.0053087011520720068 -0.001437947469274332 0.05400000003320974
v 0.005412217541510814 -0.00097872443169011079 0.05400000003320974
v 0.0054760860682195192 -0.00051233156648778082 0.05400000003320974
v 0.0052176204382418569 0.0035744143531870353 0.05400000003320974
v 0.0053872922576213966 0.0036150822884883078 0.05400000003320974
v 0.0055598627793800731 0.0036408077659794208 0.05400000003320974
v -0.0019606437074514496 0.0051386649610464788 0.05400000003320974
v -0.0023928782189250849 0.0049521849100072589 0.05400000003320974
v -0.0028075832209982733 0.0047294264601323967 0.05400000003320974
v -0.0032017209902534417 0.0044720223382448375 0.05400000003320974
v 0.0064200197170752593 0.0035424824383013184 0.05400000003320974
v 0.0062527457540317395 0.0035920987599281978 0.05400000003320974
v 0.0060817838133430356 0.0036269473414956301 0.05400000003320974
v 0.0059084348433997846 0.0036467629005148701 0.05400000003320974
v 0.0057340187869314866 0.0036513948201482185 0.05400000003320974
v -0.0035724039444710145 0.0041818572639030398 0.05400000003320974
v -0.0039169163760628539 0.0038610573667727634 0.05400000003320974
v -0.0042327351580290955 0.003511972632574942 0.05400000003320974
v 0.0075170624499847844 0.00068141924874023897 0.05400000003320974
v 0.0074258433778672146 0.0005326866064466803 0.05400000003320974
v 0.0073220080765224712 0.0003924700251586742 0.05400000003320974
v 0.0075949721077711264 0.0008375364336143385 0.05400000003320974
v 0.0076589783107663938 0.00099984966093215506 0.05400000003320974
v 0.0077085948241812797 0.0011671237999870277 0.05400000003320974
v 0.0077434431658902955 0.001338085732540588 0.05400000003320974
v 0.007763258485297935 0.0015114342705906008 0.05400000003320974
v 0.0077678909645186494 0.0016858504872935972 0.05400000003320974
v 0.0074828989713442429 0.0026811275401990502 0.05400000003320974
v 0.0073866517262393856 0.0028266574145288338 0.05400000003320974
v 0.007278087855145869 0.0029632452925432966 0.05400000003320974
v 0.0071580325652046859 0.0030898514403381598 0.05400000003320974
v 0.0070273992729782062 0.0032055120600929829 0.05400000003320974
v 0.0068871829475720863 0.0033093473136141332 0.05400000003320974
v -0.0045175461410922714 0.0031371605828407361 0.05400000003320974
v -0.0047692631554993583 0.002739366786955872 0.05400000003320974
v -0.0049860421352913324 0.0023215048333560567 0.05400000003320974
v -0.0051662946351617696 0.0018866367168389824 0.05400000003320974
v -0.0053087011520720068 0.0014379474692743325 0.05400000003320974
v -0.0075170624499847844 -0.00068141924874023875 0.05400000003320974
v -0.0075949721077711264 -0.00083753643361433828 0.05400000003320974
v -0.0064842265741070701 0.00021573955875775586 0.05400000003320974
v -0.0077434431658902955 -0.0013380857325405876 0.05400000003320974
v -0.007763258485297935 -0.0015114342705906004 0.05400000003320974
v -0.0059084348433997846 -0.0036467629005148701 0.05400000003320974
v -0.0057340187869314866 -0.0036513948201482185 0.05400000003320974
v -0.0055598627793800731 -0.0036408077659794208 0.05400000003320974
v 0.0072063475045912413 0.00026183698881408133 0.05400000003320974
v 0.0064842265741070701 -0.00021573955875775559 0.05400000003320974
v 0.0066442586665907228 -0.00014622614604113424 0.05400000003320974
v 0.0067976233246584486 -6.3029497442825222e-05 0.05400000003320974
v 0.0069431533592229314 3.3217188074665302e-05 0.05400000003320974
v 0.007079741476848994 0.00014178149106142105 0.05400000003320974
v 0.0076909105614045292 0.0022022490359063776 0.05400000003320974
v 0.0076356091846353207 0.0023677306817977699 0.05400000003320974
v 0.0075660950763786552 0.0025277626659378884 0.05400000003320974
v -0.0077678909645186494 -0.0016858504872935968 0.05400000003320974
v -0.0077573033347390161 -0.0018600063905690482 0.05400000003320974
v -0.007731578504717538 -0.0020325771885474683 0.05400000003320974
v -0.0076909105614045292 -0.002202249035906378 0.05400000003320974
v -0.0076356091846353207 -0.0023677306817977699 0.05400000003320974
v -0.0075660950763786552 -0.0025277626659378884 0.05400000003320974
v -0.0074828989713442429 -0.0026811275401990502 0.05400000003320974
v -0.0073866517262393865 -0.0028266574145288338 0.05400000003320974
v -0.0072780878551458698 -0.0029632452925432966 0.05400000003320974
v -0.0063187449561950453 0.00027104092751522994 0.05400000003320974
v -0.0053872922576213966 -0.0036150822884883078 0.05400000003320974
v 0.0077573033347390161 0.0018600063905690487 0.05400000003320974
v 0.0077315785047175371 0.0020325771885474683 0.05400000003320974
v -0.0076589783107663938 -0.00099984966093215463 0.05400000003320974
v -0.0077085948241812797 -0.0011671237999870273 0.05400000003320974
v -0.0071580325652046859 -0.0030898514403381598 0.05400000003320974
v -0.007027399272978207 -0.0032055120600929829 0.05400000003320974
v -0.0068871829475720871 -0.0033093473136141332 0.05400000003320974
v 0.0040739155452094054 0.003695025353137058 0.05400000003320974
v 0.0037430256054215515 0.0040298585786056728 0.05400000003320974
v 0.0033847151379024121 0.0043351703304346078 0.05400000003320974
v 0.003001609995922019 0.0046087241508444721 0.05400000003320974
v 0.0025965155068340706 0.0048485161299773811 0.05400000003320974
v 0.0021724000571710631 0.0050527890962349161 0.05400000003320974
v 0.0017323703623185688 0.0052200470896085968 0.05400000003320974
v 0.0012796496174523003 0.0053490648475349187 0.05400000003320974
v 0.00081755491287645765 0.0054388973223036896 0.05400000003320974
v 0.00034947079733165594 0.0054888861579561552 0.05400000003320974
v -0.00012117327215162853 0.0054986648581949018 0.05400000003320974
v -0.00059092978922233171 0.0054681627204865926 0.05400000003320974
v -0.0010563572390219023 0.0053976023114918172 0.05400000003320974
v -0.0015140461320682832 0.0052875007311719317 0.05400000003320974
v -0.0067384498733852891 -0.0034005666253433026 0.05400000003320974
v -0.0065823331204044287 -0.0034784760435180449 0.05400000003320974
v -0.0064200197170752593 -0.0035424824383013184 0.05400000003320974
v -0.0062527457540317395 -0.0035920987599281978 0.05400000003320974
v -0.0060817838133430356 -0.0036269473414956301 0.05400000003320974
v 0.0010563572390219023 -0.0053976023114918172 0.05400000003320974
v 0.0005909297892223315 -0.0054681627204865926 0.05400000003320974
v 0.0001211732721516284 -0.0054986648581949018 0.05400000003320974
v -0.00034947079733165605 -0.0054888861579561552 0.05400000003320974
v -0.00081755491287645765 -0.0054388973223036896 0.05400000003320974
v -0.0012796496174523006 -0.0053490648475349187 0.05400000003320974
v -0.001732370362318569 -0.0052200470896085968 0.05400000003320974
v -0.0021724000571710636 -0.0050527890962349161 0.05400000003320974
v -0.002596515506834071 -0.0048485161299773811 0.05400000003320974
v -0.003001609995922019 -0.0046087241508444721 0.05400000003320974
v -0.0033847151379024125 -0.0043351703304346078 0.05400000003320974
v -0.003743025605421552 -0.0040298585786056728 0.05400000003320974
v -0.0040739155452094054 -0.003695025353137058 0.05400000003320974
v -0.0070797414768489948 -0.00014178149106142078 0.05400000003320974
v -0.0066442586665907228 0.00014622614604113451 0.05400000003320974
v -0.0069431533592229314 -3.3217188074665031e-05 0.05400000003320974
v -0.0067976233246584486 6.3029497442825493e-05 0.05400000003320974
v -0.0072063475045912422 -0.00026183698881408101 0.05400000003320974
v -0.0073220080765224712 -0.00039247002515867388 0.05400000003320974
v -0.0074258433778672155 -0.00053268660644668008 0.05400000003320974
v -0.0074592041893934242 -0.000781199276270964 0.051500000118192918
v -0.0074989055346765142 -0.00012811409597701518 0.051500000118192918
v -0.0074815359759482997 0.00052594607572042582 0.051500000118192918
v -0.0074072274170066546 0.0011760034418567401 0.051500000118192918
v -0.0072765448444176263 0.0018171108316036668 0.051500000118192918
v -0.0070904838865572042 0.0024443888484982357 0.051500000118192918
v -0.0068504598338909057 0.0030530636472892569 0.051500000118192918
v -0.0065582999842370036 0.0036385027899419578 0.051500000118192918
v -0.0062162270967512376 0.0041962504991679755 0.051500000118192918
v -0.0058268451483548698 0.0047220624948515026 0.051500000118192918
v -0.0053931173160844514 0.0052119365174666281 0.051500000118192918
v -0.004918344824215313 0.0056621450257502608 0.051500000118192918
v -0.0044061405741511062 0.0060692606695374142 0.051500000118192918
v -0.0038604029044756226 0.006430185600331163 0.051500000118192918
v -0.0032852853648628506 0.0067421732045186032 0.051500000118192918
v -0.0026851647624140849 0.0070028488781404361 0.051500000118192918
v -0.0020646083269509987 0.0072102281476881178 0.051500000118192918
v -0.0014283391487357696 0.0073627338324546154 0.051500000118192918
v -0.000781199276270964 0.0074592041893934242 0.051500000118192918
v -0.00012811409597701502 0.0074989055346765133 0.051500000118192918
v 0.00052594607572042603 0.0074815359759482997 0.051500000118192918
v 0.0011760034418567397 0.0074072274170066546 0.051500000118192918
v 0.0018171108316036664 0.0072765448444176263 0.051500000118192918
v 0.0024443888484982357 0.0070904838865572042 0.051500000118192918
v 0.0030530636472892569 0.0068504598338909066 0.051500000118192918
v 0.0036385027899419583 0.0065582999842370036 0.051500000118192918
v 0.0041962504991679755 0.0062162270967512367 0.051500000118192918
v 0.0047220624948515026 0.0058268451483548707 0.051500000118192918
v 0.0052119365174666281 0.0053931173160844514 0.051500000118192918
v 0.0056621450257502599 0.004918344824215313 0.051500000118192918
v 0.006069260669537415 0.0044061405741511062 0.051500000118192918
v 0.006430185600331163 0.0038604029044756226 0.051500000118192918
v 0.0067421732045186032 0.0032852853648628511 0.051500000118192918
v 0.0070028488781404361 0.0026851647624140849 0.051500000118192918
v 0.0072102281476881195 0.0020646083269509909 0.051500000118192918
v 0.0073627338324546154 0.0014283391487357701 0.051500000118192918
v 0.0074592041893934242 0.00078119927627096422 0.051500000118192918
v 0.0074989055346765142 0.00012811409597701545 0.051500000118192918
v 0.0074815359759482997 -0.0005259460757204256 0.051500000118192918
v 0.0074072274170066546 -0.0011760034418567397 0.051500000118192918
v 0.0072765448444176263 -0.0018171108316036664 0.051500000118192918
v 0.0070904838865572042 -0.0024443888484982357 0.051500000118192918
v 0.0068504598338909057 -0.0030530636472892569 0.051500000118192918
v 0.0065582999842370036 -0.0036385027899419578 0.051500000118192918
v 0.0062162270967512376 -0.0041962504991679755 0.051500000118192918
v 0.0058268451483548698 -0.0047220624948515026 0.051500000118192918
v 0.0053931173160844514 -0.0052119365174666281 0.051500000118192918
v 0.004918344824215313 -0.0056621450257502608 0.051500000118192918
v 0.0044061405741511062 -0.0060692606695374142 0.051500000118192918
v 0.0038604029044756231 -0.006430185600331163 0.051500000118192918
v 0.0032852853648628506 -0.0067421732045186032 0.051500000118192918
v 0.0026851647624140849 -0.0070028488781404361 0.051500000118192918
v 0.0020646083269509979 -0.0072102281476881178 0.051500000118192918
v 0.0014283391487357696 -0.0073627338324546154 0.051500000118192918
v 0.000781199276270964 -0.0074592041893934242 0.051500000118192918
v 0.00012811409597701556 -0.0074989055346765133 0.051500000118192918
v -0.00052594607572042603 -0.0074815359759482997 0.051500000118192918
v -0.0011760034418567397 -0.0074072274170066546 0.051500000118192918
v -0.0018171108316036664 -0.0072765448444176263 0.051500000118192918
v -0.0024443888484982357 -0.0070904838865572042 0.051500000118192918
v -0.0030530636472892569 -0.0068504598338909066 0.051500000118192918
v -0.0036385027899419583 -0.0065582999842370036 0.051500000118192918
v -0.0041962504991679755 -0.0062162270967512367 0.051500000118192918
v -0.0047220624948515026 -0.0058268451483548707 0.051500000118192918
v -0.0052119365174666281 -0.0053931173160844514 0.051500000118192918
v -0.0056621450257502599 -0.004918344824215313 0.051500000118192918
v -0.006069260669537415 -0.0044061405741511062 0.051500000118192918
v -0.006430185600331163 -0.0038604029044756226 0.051500000118192918
v -0.0067421732045186032 -0.0032852853648628511 0.051500000118192918
v -0.0070028488781404353 -0.0026851647624140849 0.051500000118192918
v -0.0072102281476881178 -0.002064608326950997 0.051500000118192918
v -0.0073627338324546154 -0.0014283391487357696 0.051500000118192918
v 0.0034746244942010498 0.0035954115867855539 0.048499999597350754
v 0.0037747633505001736 0.0032788965494768754 0.048499999597350754
v 0.0040461739395972213 0.0029374270548574995 0.048499999597350754
v 0.0042867907093496836 0.0025736019844697635 0.048499999597350754
v 0.0044947822909101893 0.0021901902673182416 0.048499999597350754
v 0.0046685657668664145 0.0017901098082065932 0.048499999597350754
v 0.0048068187651254136 0.001376405551300661 0.048499999597350754
v 0.0049084890750836913 0.00095222604710147086 0.048499999597350754
v 0.0049728029368110906 0.00052079957889614148 0.048499999597350754
v 0.0049992706442152915 8.5409520082340741e-05 0.048499999597350754
v 0.0049876907891731846 -0.00035063063711187307 0.048499999597350754
v 0.0049381516113377695 -0.00078400229457115979 0.048499999597350754
v 0.0048510300455017153 -0.0012114071783398579 0.048499999597350754
v 0.0047269892577048028 -0.0016295925656654902 0.048499999597350754
v 0.004566973318570213 -0.0020353758181065273 0.048499999597350754
v 0.0043721997975387852 -0.0024256684201339274 0.048499999597350754
v 0.0041441514938104339 -0.0027975003860256724 0.048499999597350754
v 0.00388456343223658 -0.0031480416632343349 0.048499999597350754
v 0.0035954115867855539 -0.0034746244942010498 0.048499999597350754
v 0.0032788965494768754 -0.0037747633505001736 0.048499999597350754
v 0.0029374270548574995 -0.0040461739395972205 0.048499999597350754
v 0.0025736019844697635 -0.0042867907093496836 0.048499999597350754
v 0.0021901902673182416 -0.0044947822909101893 0.048499999597350754
v 0.0017901098082065932 -0.0046685657668664145 0.048499999597350754
v 0.0013764055513006653 -0.0048068187651254118 0.048499999597350754
v 0.00095222604710147097 -0.0049084890750836904 0.048499999597350754
v 0.00052079957889614138 -0.0049728029368110906 0.048499999597350754
v 8.5409520082340782e-05 -0.0049992706442152906 0.048499999597350754
v -0.00035063063711187313 -0.0049876907891731838 0.048499999597350754
v -0.00078400229457115968 -0.0049381516113377695 0.048499999597350754
v -0.0012114071783398577 -0.0048510300455017153 0.048499999597350754
v -0.0016295925656654902 -0.0047269892577048028 0.048499999597350754
v -0.0020353758181065268 -0.0045669733185702121 0.048499999597350754
v -0.0024256684201339274 -0.0043721997975387852 0.048499999597350754
v -0.0027975003860256724 -0.0041441514938104339 0.048499999597350754
v -0.0031480416632343349 -0.00388456343223658 0.048499999597350754
v -0.0034746244942010494 -0.0035954115867855539 0.048499999597350754
v -0.0037747633505001736 -0.0032788965494768754 0.048499999597350754
v -0.0040461739395972205 -0.0029374270548574995 0.048499999597350754
v -0.0042867907093496836 -0.0025736019844697635 0.048499999597350754
v -0.0044947822909101893 -0.0021901902673182416 0.048499999597350754
v -0.0046685657668664145 -0.0017901098082065928 0.048499999597350754
v -0.0048068187651254118 -0.0013764055513006644 0.048499999597350754
v -0.0049084890750836904 -0.00095222604710147065 0.048499999597350754
v -0.0049728029368110898 -0.00052079957889614127 0.048499999597350754
v -0.0049992706442152915 -8.540952008234047e-05 0.048499999597350754
v -0.0049876907891731838 0.0003506306371118734 0.048499999597350754
v -0.0049381516113377695 0.00078400229457116001 0.048499999597350754
v -0.0048510300455017153 0.0012114071783398584 0.048499999597350754
v -0.0047269892577048028 0.0016295925656654906 0.048499999597350754
v -0.0045669733185702121 0.0020353758181065273 0.048499999597350754
v -0.0043721997975387852 0.0024256684201339274 0.048499999597350754
v -0.0041441514938104331 0.0027975003860256724 0.048499999597350754
v -0.00388456343223658 0.0031480416632343349 0.048499999597350754
v -0.0035954115867855535 0.0034746244942010498 0.048499999597350754
v -0.0032788965494768749 0.0037747633505001736 0.048499999597350754
v -0.0029374270548574995 0.0040461739395972205 0.048499999597350754
v -0.0025736019844697631 0.0042867907093496836 0.048499999597350754
v -0.0021901902673182412 0.0044947822909101893 0.048499999597350754
v -0.001790109808206593 0.0046685657668664145 0.048499999597350754
v -0.0013764055513006657 0.0048068187651254118 0.048499999597350754
v -0.00095222604710147075 0.0049084890750836904 0.048499999597350754
v -0.00052079957889614116 0.0049728029368110906 0.048499999597350754
v -8.5409520082340484e-05 0.0049992706442152906 0.048499999597350754
v 0.00035063063711187345 0.0049876907891731838 0.048499999597350754
v 0.0007840022945711599 0.0049381516113377695 0.048499999597350754
v 0.0012114071783398579 0.0048510300455017153 0.048499999597350754
v 0.0016295925656654904 0.0047269892577048028 0.048499999597350754
v 0.0020353758181065273 0.0045669733185702121 0.048499999597350754
v 0.0024256684201339278 0.0043721997975387852 0.048499999597350754
v 0.0027975003860256729 0.0041441514938104339 0.048499999597350754
v 0.0031480416632343354 0.00388456343223658 0.048499999597350754
v 0.007197961909900105 -0.0069418538280298179 0.0094999999984056796
v 0.0072702186847155032 -0.0068661425876409094 0.009599999828532442
v 0.0081875593944520965 -0.0087140038901798254 0.0094999999984056796
v 0.0082748689341031086 -0.0086652488199059179 0.009599999828532442
v 0.0082555917442978383 -0.0087332809664684239 0.0095500008447916354
v 0.0082363143512093322 -0.0088013132265476017 0.009599999828532442
v 0.0031723643039824408 -0.011629105486167478 0.009599999828532442
v 0.0031236093472252055 -0.011541796149799702 0.0094999999984056796
v 0.0031043319541366999 -0.011609828409878882 0.0095500008447916354
v 0.0030362998075741938 -0.01159055122007361 0.009599999828532442
v 0.0020316495581865881 -0.0097914449878086004 0.009599999828532442
v 0.0021340118626732127 -0.0097696460876496947 0.0094999999984056796
v 0.0024496395531464943 -0.0096953221158262576 0.0094999999984056796
v 0.0056179034107481903 -0.0082727961627824982 0.0094999999984056796
v 0.0063175474762239107 -0.0077516834468003793 0.0094999999984056796
v 0.0069691109045263372 -0.0071715756361380696 0.0094999999984056796
v 0.0032853208705375106 -0.0094449282152137253 0.0094999999984056796
v 0.00409599877181855 -0.009122652523471041 0.0094999999984056796
v 0.0048755037819505093 -0.0087309481532359748 0.0094999999984056796
v 0.0087309481886225677 0.0048755038090411238 0.051249998925522074
v 0.0088945862284834087 0.0039935988057727585 0.051499999432161554
v 0.0091226525630506306 0.0040959987914004374 0.051249998925522074
v 0.0092088044759833006 0.0032031875988075649 0.051499999432161554
v 0.0094449282547933149 0.0032853208901193983 0.051249998925522074
v 0.0094529389910166101 0.002388398298964351 0.051499999432161554
v 0.0096953221554058455 0.0024496395727283825 0.051249998925522074
v 0.0096251302752856857 0.0015554318984628368 0.051499999432161554
v 0.0098719285964750172 0.0015953149202174762 0.051249998925522074
v 0.009724068751957313 0.00071062780409014248 0.051499999432161554
v 0.0099734036220845076 0.00072884914571635896 0.051249998925522074
v 0.0097490006387550218 -0.00013958488436386439 0.051499999432161554
v 0.0099989749756769376 -0.0001431637632980016 0.051249998925522074
v 0.0096997374708915184 -0.00098873499089578492 0.051499999432161554
v 0.0099484482001795382 -0.0010140871731324731 0.051249998925522074
v 0.0095766527076648796 -0.001830360492687891 0.051499999432161554
v 0.0098222079253486184 -0.001877292819525969 0.051249998925522074
v 0.0093806839834851014 -0.0026580555308742073 0.051499999432161554
v 0.0096212143133488602 -0.0027262107935991297 0.051249998925522074
v 0.0091133231329225545 -0.0034655213150913272 0.051499999432161554
v 0.0093469981051000784 -0.0035543808425038529 0.051249998925522074
v 0.0087766043519894605 -0.0042466127353311765 0.051499999432161554
v 0.0090016450749602506 -0.0043554999844098727 0.051249998925522074
v 0.0083730898250221151 -0.0049953842556612702 0.051499999432161554
v 0.0085877842870074189 -0.0051234712006900983 0.051249998925522074
v 0.0079058515129317372 -0.0057061384848449016 0.051499999432161554
v 0.0081085654005916413 -0.005852449709642632 0.051249998925522074
v 0.0073784443721561987 -0.0063734651318666921 0.051499999432161554
v 0.0075676352710367647 -0.0065368875004302319 0.051249998925522074
v 0.0067948831823951474 -0.0069922859464385274 0.051499999432161554
v 0.0069691109045263372 -0.0071715756361380696 0.051249998925522074
v 0.0061596084435387036 -0.0075578908297694522 0.051499999432161554
v 0.0063175474762239107 -0.0077516834468003793 0.051249998925522074
v 0.0054774558167703918 -0.0080659762329756152 0.051499999432161554
v 0.0056179034107481903 -0.0082727961627824982 0.051249998925522074
v 0.0047536163900574278 -0.0085126748123165313 0.051499999432161554
v 0.0048755037819505154 -0.0087309481532359713 0.051249998925522074
v 0.0039935987861908712 -0.0088945861889038209 0.051499999432161554
v 0.00409599877181855 -0.009122652523471041 0.051249998925522074
v 0.0032031875792256767 -0.0092088044364037128 0.051499999432161554
v 0.0032853208705375106 -0.0094449282152137253 0.051249998925522074
v 0.0023883982793824628 -0.0094529389514370205 0.051499999432161554
v 0.0024496395531464943 -0.0096953221158262576 0.051249998925522074
v 0.0015554318788809486 -0.0096251302357060961 0.051499999432161554
v 0.0015953149006355878 -0.0098719285568954294 0.051249998925522074
v 0.0007106275812250192 -0.0097240688258943969 0.051499999432161554
v 0.00072884892285123601 -0.0099734036960215915 0.051249998925522074
v -0.00013958510722898753 -0.0097490007126921057 0.051499999432161554
v -0.00014316398616312449 -0.0099989750496140214 0.051249998925522074
v -0.0009887352137609082 -0.0096997375448286023 0.051499999432161554
v -0.0010140873959975964 -0.0099484482741166221 0.051249998925522074
v -0.001830360715553014 -0.0095766527816019634 0.051499999432161554
v -0.0018772930423910917 -0.0098222079992857023 0.051249998925522074
v -0.0026580557537393299 -0.0093806840574221853 0.051499999432161554
v -0.0027262110164642528 -0.0096212143872859441 0.051249998925522074
v -0.0034655215379564511 -0.0091133232068596384 0.051499999432161554
v -0.0035543810653689755 -0.0093469981790371623 0.051249998925522074
v -0.0042466129581962995 -0.0087766044259265444 0.051499999432161554
v -0.0043555002072749958 -0.0090016451488973328 0.051249998925522074
v -0.0049953844785263933 -0.008373089898959199 0.051499999432161554
v -0.0051234714235552214 -0.0085877843609445028 0.051249998925522074
v -0.0057061387077100238 -0.0079058515868688228 0.051499999432161554
v -0.0058524499325077542 -0.0081085654745287252 0.051249998925522074
v -0.0063734652412151425 -0.0073784446493765175 0.051499999432161554
v -0.0065368876097786823 -0.0075676355482570835 0.051249998925522074
v -0.0069922860557869787 -0.0067948834596154662 0.051499999432161554
v -0.0071715757454865201 -0.006969111181746656 0.051249998925522074
v -0.0075578910526345753 -0.0061596085174757875 0.051499999432161554
v -0.0077516836696655033 -0.0063175475501609946 0.051249998925522074
v -0.0080659764558407392 -0.0054774558907074757 0.051499999432161554
v -0.0082727963856476221 -0.0056179034846852742 0.051249998925522074
v -0.0085126750167990803 -0.0047536164969136365 0.051499999432161554
v -0.0087309483577185203 -0.0048755038888067242 0.051249998925522074
v -0.0088945864117689448 -0.0039935988601279551 0.051499999432161554
v -0.0091226527179569979 -0.0040959988965764424 0.051249998925522074
v -0.0092088046592688367 -0.0032031876531627601 0.051499999432161554
v -0.009444928438078851 -0.0032853209444745936 0.051249998925522074
v -0.0094529390607854726 -0.0023883985566027811 0.051499999432161554
v -0.0096953222251747097 -0.0024496398303668131 0.051249998925522074
v -0.0096251303450545483 -0.0015554321561012676 0.051499999432161554
v -0.0098719286662438815 -0.0015953151778559068 0.051249998925522074
v -0.0097240690487595226 -0.00071062765516210276 0.051499999432161554
v -0.0099734039188867155 -0.00072884899678831924 0.051249998925522074
v -0.0097490009355572296 0.00013958503329190416 0.051499999432161554
v -0.0099989752724791471 0.00014316391222604134 0.051249998925522074
v -0.0096997377676937262 0.00098873513982382453 0.051499999432161554
v -0.0099484484969817478 0.0010140873220605127 0.051249998925522074
v -0.0095766530044670891 0.0018303606416159308 0.051499999432161554
v -0.0098222082221508262 0.0018772929684540086 0.051249998925522074
v -0.0093806842802873092 0.0026580556798022474 0.051499999432161554
v -0.009621214610151068 0.0027262109425271698 0.051249998925522074
v -0.0091133234297247623 0.0034655214640193673 0.051499999432161554
v -0.0093469981748689427 0.0035543805848654224 0.051249998925522074
v -0.00877660464879167 0.0042466128842592156 0.051499999432161554
v -0.0090016453717624585 0.0043555001333379119 0.051249998925522074
v -0.0083730901218243246 0.0049953844045893094 0.051499999432161554
v -0.0085877845838096267 0.0051234713496181375 0.051249998925522074
v -0.0079058518097339468 0.0057061386337729407 0.051499999432161554
v -0.0081085656973938491 0.0058524498585706712 0.051249998925522074
v -0.0073784446689584048 0.0063734652807947312 0.051499999432161554
v -0.0075676355678389708 0.0065368876493582711 0.051249998925522074
v -0.0067948834791973544 0.0069922860953665665 0.051499999432161554
v -0.0069691112013285433 0.0071715757850661088 0.051249998925522074
v -0.0061596085370576757 0.007557891092214164 0.051499999432161554
v -0.0063175475697428828 0.0077516837092450911 0.051249998925522074
v -0.005477455910289363 0.0080659764954203288 0.051499999432161554
v -0.0056179035042671615 0.0082727964252272117 0.051249998925522074
v -0.0047536165240042883 0.0085126750521856524 0.051499999432161554
v -0.004875503915897376 0.0087309483931050941 0.051249998925522074
v -0.0039935988797098424 0.0088945864513485327 0.051499999432161554
v -0.0040959988653375213 0.0091226527859157545 0.051249998925522074
v -0.0032031876727446483 0.0092088046988484263 0.051499999432161554
v -0.0032853209640564822 0.0094449284776584388 0.051249998925522074
v -0.0023883985761846693 0.0094529391003650605 0.051499999432161554
v -0.0024496398499487012 0.0096953222647542994 0.051249998925522074
v -0.0015554321756831558 0.0096251303846341379 0.051499999432161554
v -0.001595315197437795 0.0098719287058234694 0.051249998925522074
v -0.00071062787802722636 0.0097240689748224387 0.051499999432161554
v -0.00072884921965344306 0.0099734038449496316 0.051249998925522074
v 0.0001395848104267805 0.0097490008616201457 0.051499999432161554
v 0.0001431636893609175 0.0099989751985420632 0.051249998925522074
v 0.00098873491695870104 0.0096997376937566424 0.051499999432161554
v 0.0010140870991953892 0.0099484484230446639 0.051249998925522074
v 0.0018303604187508069 0.0095766529305300052 0.051499999432161554
v 0.0018772929726222295 0.0098222077416472726 0.051249998925522074
v 0.0026580554569371234 0.0093806842063502253 0.051499999432161554
v 0.0027262107196620458 0.0096212145362139841 0.051249998925522074
v 0.0034655212411542446 0.0091133233557876784 0.051499999432161554
v 0.003554380768566769 0.0093469983279652041 0.051249998925522074
v 0.0042466126613940926 0.0087766045748545862 0.051499999432161554
v 0.0043554999104727888 0.0090016452978253746 0.051249998925522074
v 0.0049953841817241863 0.0083730900478872407 0.051499999432161554
v 0.0051234711267530144 0.0085877845098725428 0.051249998925522074
v 0.0057061384109078177 0.0079058517357968629 0.051499999432161554
v 0.0058524496357055472 0.0081085656234567653 0.051249998925522074
v 0.0063734651714462808 0.007378444391738086 0.051499999432161554
v 0.0065368875400098206 0.007567635290618652 0.051249998925522074
v 0.006992285986018117 0.0067948832019770347 0.051499999432161554
v 0.0071715756757176584 0.0069691109241082246 0.051249998925522074
v 0.0075578908693490409 0.0061596084631205918 0.051499999432161554
v 0.007751683486379969 0.0063175474958057981 0.051249998925522074
v 0.0080659762725552031 0.0054774558363522791 0.051499999432161554
v 0.0082727962307412549 0.0056179033795092691 0.051249998925522074
v 0.0085126748477031278 0.0047536164171480362 0.051499999432161554
v -0.0087309483577185203 -0.0048755038888067242 0.00024999987919639005
v -0.0080659764558407392 -0.0054774558907074757 1.2352020586914314e-09
v -0.0082727963856476221 -0.0056179034846852742 0.00024999987919639005
v -0.0075578910526345753 -0.0061596085174757875 1.2352020586914314e-09
v -0.0077516836696655033 -0.0063175475501609946 0.00024999987919639005
v -0.0069922860557869787 -0.0067948834596154662 1.2352020586914314e-09
v -0.0071715757454865201 -0.006969111181746656 0.00024999987919639005
v -0.0063734652412151425 -0.0073784446493765175 1.2352020586914314e-09
v -0.0065368876097786823 -0.0075676355482570835 0.00024999987919639005
v -0.0057061387077100238 -0.0079058515868688228 1.2352020586914314e-09
v -0.0058524499325077542 -0.0081085654745287252 0.00024999987919639005
v -0.0049953844785263933 -0.008373089898959199 1.2352020586914314e-09
v -0.0051234714235552214 -0.0085877843609445028 0.00024999987919639005
v -0.0042466129581962995 -0.0087766044259265444 1.2352020586914314e-09
v -0.0043555002072749958 -0.0090016451488973328 0.00024999987919639005
v -0.0034655215379564511 -0.0091133232068596384 1.2352020586914314e-09
v -0.0035543810653689755 -0.0093469981790371623 0.00024999987919639005
v -0.0026580557537393299 -0.0093806840574221853 1.2352020586914314e-09
v -0.0027262110164642528 -0.0096212143872859441 0.00024999987919639005
v -0.001830360715553014 -0.0095766527816019634 1.2352020586914314e-09
v -0.0018772930423910917 -0.0098222079992857023 0.00024999987919639005
v -0.0009887352137609082 -0.0096997375448286023 1.2352020586914314e-09
v -0.0010140873959975964 -0.0099484482741166221 0.00024999987919639005
v -0.00013958510722898753 -0.0097490007126921057 1.2352020586914314e-09
v -0.00014316398616312449 -0.0099989750496140214 0.00024999987919639005
v 0.0007106275812250192 -0.0097240688258943969 1.2352020586914314e-09
v 0.00072884892285123601 -0.0099734036960215915 0.00024999987919639005
v 0.0015554318788809486 -0.0096251302357060961 1.2352020586914314e-09
v 0.0015953149006355878 -0.0098719285568954294 0.00024999987919639005
v 0.0023883982793824628 -0.0094529389514370205 1.2352020586914314e-09
v 0.0024496395531464943 -0.0096953221158262576 0.00024999987919639005
v 0.0032031875792256767 -0.0092088044364037128 1.2352020586914314e-09
v 0.0032853208705375106 -0.0094449282152137253 0.00024999987919639005
v 0.0039935987861908712 -0.0088945861889038209 1.2352020586914314e-09
v 0.00409599877181855 -0.009122652523471041 0.00024999987919639005
v 0.0047536163900574156 -0.0085126748123165383 1.2352020586914314e-09
v 0.0048755037819505033 -0.0087309481532359783 0.00024999987919639005
v 0.0054774558167703918 -0.0080659762329756152 1.2352020586914314e-09
v 0.0056179034107481903 -0.0082727961627824982 0.00024999987919639005
v 0.0061596084435387036 -0.0075578908297694522 1.2352020586914314e-09
v 0.0063175474762239107 -0.0077516834468003793 0.00024999987919639005
v 0.0067948831823951474 -0.0069922859464385274 1.2352020586914314e-09
v 0.0069691109045263372 -0.0071715756361380696 0.00024999987919639005
v 0.0073784443721561987 -0.0063734651318666921 1.2352020586914314e-09
v 0.0075676352710367647 -0.0065368875004302319 0.00024999987919639005
v 0.0079058515129317372 -0.0057061384848449016 1.2352020586914314e-09
v 0.0081085654005916413 -0.005852449709642632 0.00024999987919639005
v 0.0083730898250221151 -0.0049953842556612702 1.2352020586914314e-09
v 0.0085877842870074189 -0.0051234712006900983 0.00024999987919639005
v 0.0087766043519894605 -0.0042466127353311765 1.2352020586914314e-09
v 0.0090016450749602506 -0.0043554999844098727 0.00024999987919639005
v 0.0091133231329225545 -0.0034655213150913272 1.2352020586914314e-09
v 0.0093469981051000784 -0.0035543808425038529 0.00024999987919639005
v 0.0093806839834851014 -0.0026580555308742073 1.2352020586914314e-09
v 0.0096212143133488602 -0.0027262107935991297 0.00024999987919639005
v 0.0095766527076648796 -0.001830360492687891 1.2352020586914314e-09
v 0.0098222079253486184 -0.001877292819525969 0.00024999987919639005
v 0.0096997374708915184 -0.00098873499089578492 1.2352020586914314e-09
v 0.0099484482001795382 -0.0010140871731324731 0.00024999987919639005
v 0.0097490006387550218 -0.00013958488436386439 1.2352020586914314e-09
v 0.0099989749756769376 -0.0001431637632980016 0.00024999987919639005
v 0.009724068751957313 0.00071062780409014248 1.2352020586914314e-09
v 0.0099734036220845076 0.00072884914571635896 0.00024999987919639005
v 0.0096251302752856857 0.0015554318984628368 1.2352020586914314e-09
v 0.0098719285964750172 0.0015953149202174762 0.00024999987919639005
v 0.0094529389910166101 0.002388398298964351 1.2352020586914314e-09
v 0.0096953221554058455 0.0024496395727283825 0.00024999987919639005
v 0.0092088044759833006 0.0032031875988075649 1.2352020586914314e-09
v 0.0094449282547933149 0.0032853208901193983 0.00024999987919639005
v 0.0088945862284834087 0.0039935988057727585 1.2352020586914314e-09
v 0.0091226525630506306 0.0040959987914004374 0.00024999987919639005
v 0.0085126748477031278 0.0047536164171480362 1.2352020586914314e-09
v 0.0087309481886225677 0.0048755038090411238 0.00024999987919639005
v 0.0080659762725552031 0.0054774558363522791 1.2352020586914314e-09
v 0.0082727962307412549 0.0056179033795092691 0.00024999987919639005
v 0.0075578908693490409 0.0061596084631205918 1.2352020586914314e-09
v 0.007751683486379969 0.0063175474958057981 0.00024999987919639005
v 0.006992285986018117 0.0067948832019770347 1.2352020586914314e-09
v 0.0071715756757176584 0.0069691109241082246 0.00024999987919639005
v 0.0063734651714462808 0.007378444391738086 1.2352020586914314e-09
v 0.0065368875400098206 0.007567635290618652 0.00024999987919639005
v 0.0057061384109078177 0.0079058517357968629 1.2352020586914314e-09
v 0.0058524496357055472 0.0081085656234567653 0.00024999987919639005
v 0.0049953841817241863 0.0083730900478872407 1.2352020586914314e-09
v 0.0051234711267530144 0.0085877845098725428 0.00024999987919639005
v 0.0042466126613940926 0.0087766045748545862 1.2352020586914314e-09
v 0.0043554999104727888 0.0090016452978253746 0.00024999987919639005
v 0.0034655212411542446 0.0091133233557876784 1.2352020586914314e-09
v 0.003554380768566769 0.0093469983279652041 0.00024999987919639005
v 0.0026580554569371234 0.0093806842063502253 1.2352020586914314e-09
v 0.0027262107196620458 0.0096212145362139841 0.00024999987919639005
v 0.0018303604187508069 0.0095766529305300052 1.2352020586914314e-09
v 0.0018772929726222295 0.0098222077416472726 0.00024999987919639005
v 0.00098873491695870104 0.0096997376937566424 1.2352020586914314e-09
v 0.0010140870991953892 0.0099484484230446639 0.00024999987919639005
v 0.0001395848104267805 0.0097490008616201457 1.2352020586914314e-09
v 0.0001431636893609175 0.0099989751985420632 0.00024999987919639005
v -0.00071062787802722636 0.0097240689748224387 1.2352020586914314e-09
v -0.00072884921965344306 0.0099734038449496316 0.00024999987919639005
v -0.0015554321756831558 0.0096251303846341379 1.2352020586914314e-09
v -0.001595315197437795 0.0098719287058234694 0.00024999987919639005
v -0.0023883985761846693 0.0094529391003650605 1.2352020586914314e-09
v -0.0024496398499487012 0.0096953222647542994 0.00024999987919639005
v -0.0032031876727446483 0.0092088046988484263 1.2352020586914314e-09
v -0.0032853209640564822 0.0094449284776584388 0.00024999987919639005
v -0.0039935988797098424 0.0088945864513485327 1.2352020586914314e-09
v -0.0040959988653375213 0.0091226527859157545 0.00024999987919639005
v -0.0047536165240042215 0.0085126750521856906 1.2352020586914314e-09
v -0.0048755039158973092 0.0087309483931051306 0.00024999987919639005
v -0.005477455910289363 0.0080659764954203288 1.2352020586914314e-09
v -0.0056179035042671615 0.0082727964252272117 0.00024999987919639005
v -0.0061596085370576757 0.007557891092214164 1.2352020586914314e-09
v -0.0063175475697428828 0.0077516837092450911 0.00024999987919639005
v -0.0067948834791973544 0.0069922860953665665 1.2352020586914314e-09
v -0.0069691112013285433 0.0071715757850661088 0.00024999987919639005
v -0.0073784446689584048 0.0063734652807947312 1.2352020586914314e-09
v -0.0075676355678389708 0.0065368876493582711 0.00024999987919639005
v -0.0079058518097339468 0.0057061386337729407 1.2352020586914314e-09
v -0.0081085656973938491 0.0058524498585706712 0.00024999987919639005
v -0.0083730901218243246 0.0049953844045893094 1.2352020586914314e-09
v -0.0085877845838096267 0.0051234713496181375 0.00024999987919639005
v -0.00877660464879167 0.0042466128842592156 1.2352020586914314e-09
v -0.0090016453717624585 0.0043555001333379119 0.00024999987919639005
v -0.0091133234297247623 0.0034655214640193673 1.2352020586914314e-09
v -0.0093469981748689427 0.0035543805848654224 0.00024999987919639005
v -0.0093806842802873092 0.0026580556798022474 1.2352020586914314e-09
v -0.009621214610151068 0.0027262109425271698 0.00024999987919639005
v -0.0095766530044670891 0.0018303606416159308 1.2352020586914314e-09
v -0.0098222082221508262 0.0018772929684540086 0.00024999987919639005
v -0.0096997377676937262 0.00098873513982382453 1.2352020586914314e-09
v -0.0099484484969817478 0.0010140873220605127 0.00024999987919639005
v -0.0097490009355572296 0.00013958503329190416 1.2352020586914314e-09
v -0.0099989752724791471 0.00014316391222604134 0.00024999987919639005
v -0.0097240690487595226 -0.00071062765516210276 1.2352020586914314e-09
v -0.0099734039188867155 -0.00072884899678831924 0.00024999987919639005
v -0.0096251303450545483 -0.0015554321561012676 1.2352020586914314e-09
v -0.0098719286662438815 -0.0015953151778559068 0.00024999987919639005
v -0.0094529390607854726 -0.0023883985566027811 1.2352020586914314e-09
v -0.0096953222251747097 -0.0024496398303668131 0.00024999987919639005
v -0.0092088046592688367 -0.0032031876531627601 1.2352020586914314e-09
v -0.009444928438078851 -0.0032853209444745936 0.00024999987919639005
v -0.0088945864117689448 -0.0039935988601279551 1.2352020586914314e-09
v -0.0091226527179569979 -0.0040959988965764424 0.00024999987919639005
v -0.0085126750167990803 -0.0047536164969136365 1.2352020586914314e-09
v 0.0068419896097553085 0.0030719991875673993 0.00024999987919639005
v 0.0070700559301329451 0.0031743991986054828 1.2352020586914314e-09
v 0.0070836959790906437 0.0024639905218680727 0.00024999987919639005
v 0.0073198192945758507 0.0025461236877881797 1.2352020586914314e-09
v 0.0072714911728876397 0.001837229471128947 0.00024999987919639005
v 0.0075138744507935486 0.0018984705416097427 1.2352020586914314e-09
v 0.0074039462637310897 0.0011964859936208221 0.00024999987919639005
v 0.0076507445849204212 0.0012363690153754617 1.2352020586914314e-09
v 0.0074800527929797783 0.00054663667462003928 0.00024999987919639005
v 0.0077293877766236446 0.00056485781296302057 1.2352020586914314e-09
v 0.0074992311048908654 -0.00010737312065740357 0.00024999987919639005
v 0.0077492055553294546 -0.00011095220287477593 1.2352020586914314e-09
v 0.0074613361130343786 -0.00076056536123334927 0.00024999987919639005
v 0.0077100474759222142 -0.00078591772300316235 1.2352020586914314e-09
v 0.0073666557485112345 -0.0014079695511451903 0.00024999987919639005
v 0.0076122109661949733 -0.0014549018779832681 1.2352020586914314e-09
v 0.0072159110147112775 -0.0020446581663499052 0.00024999987919639005
v 0.0074564413445750355 -0.0021128134290748276 1.2352020586914314e-09
v 0.0070102483833248304 -0.0026657855683786032 0.00024999987919639005
v 0.0072439233555023552 -0.0027546450957911281 1.2352020586914314e-09
v 0.0067512337691199116 -0.0032666249696913993 0.00024999987919639005
v 0.0069762751256905158 -0.0033755123983032209 1.2352020586914314e-09
v 0.0064408380646386165 -0.0038426031786183332 0.00024999987919639005
v 0.0066555327299071551 -0.00397069001013049 1.2352020586914314e-09
v 0.0060814240133434559 -0.0043893372636159686 0.00024999987919639005
v 0.0062841381042865949 -0.0045356483748970272 1.2352020586914314e-09
v 0.0056757263534814341 -0.0049026653750442661 0.00024999987919639005
v 0.0058649172523619992 -0.005066087743607805 1.2352020586914314e-09
v 0.0052268330667235583 -0.0053786812167835726 0.00024999987919639005
v 0.0054010608904963651 -0.005557970849724779 1.2352020586914314e-09
v 0.0047381605073717938 -0.0058137623348218769 0.00024999987919639005
v 0.0048960992113820387 -0.0060075546020446693 1.2352020586914314e-09
v 0.004213427647182741 -0.0062045972996593122 0.00024999987919639005
v 0.0043538752411605396 -0.0064114172294661952 1.2352020586914314e-09
v 0.0036566278197195283 -0.0065482110849433405 0.00024999987919639005
v 0.0037785154386459608 -0.0067664848324292511 1.2352020586914314e-09
v 0.0030719991933959158 -0.0068419895559861353 0.00024999987919639005
v 0.0031743991790235946 -0.0070700558905533563 1.2352020586914314e-09
v 0.0024639905022861845 -0.007083695939511055 0.00024999987919639005
v 0.0025461236682062915 -0.0073198192549962619 1.2352020586914314e-09
v 0.0018372294515470585 -0.0072714911333080509 0.00024999987919639005
v 0.0018984704203862373 -0.0075138744679722966 1.2352020586914314e-09
v 0.0011964859740389339 -0.007403946224151501 0.00024999987919639005
v 0.0012363689957935735 -0.0076507445453408334 1.2352020586914314e-09
v 0.00054663665503815087 -0.0074800527534001895 0.00024999987919639005
v 0.00056485779338113237 -0.0077293877370440559 1.2352020586914314e-09
v -0.0001073731402392917 -0.0074992310653112775 0.00024999987919639005
v -0.00011095222245666442 -0.0077492055157498659 1.2352020586914314e-09
v -0.00076056558409847298 -0.0074613361869714625 0.00024999987919639005
v -0.00078591794586828595 -0.007710047549859299 1.2352020586914314e-09
v -0.0014079697740103133 -0.0073666558224483184 0.00024999987919639005
v -0.0014549021008483909 -0.0076122110401320572 1.2352020586914314e-09
v -0.0020446583892150282 -0.0072159110886483614 0.00024999987919639005
v -0.0021128136519399507 -0.0074564414185121193 1.2352020586914314e-09
v -0.0026657857912437263 -0.0070102484572619143 0.00024999987919639005
v -0.0027546453186562516 -0.0072439234294394391 1.2352020586914314e-09
v -0.0032666251925565224 -0.0067512338430569963 0.00024999987919639005
v -0.0033755126211683444 -0.0069762751996275997 1.2352020586914314e-09
v -0.0038426032879667841 -0.0064408383418589361 0.00024999987919639005
v -0.0039706901194789413 -0.0066555330071274739 1.2352020586914314e-09
v -0.0043893373729644199 -0.0060814242905637746 0.00024999987919639005
v -0.0045356484842454768 -0.0062841383815069136 1.2352020586914314e-09
v -0.0049026654843927165 -0.0056757266307017528 0.00024999987919639005
v -0.0050660878529562555 -0.0058649175295823188 1.2352020586914314e-09
v -0.0053786814396486957 -0.0052268331406606422 0.00024999987919639005
v -0.0055579710158315653 -0.0054010610660750668 1.2352020586914314e-09
v -0.005813762557687 -0.0047381605813088777 0.00024999987919639005
v -0.0060075548249097924 -0.0048960992853191226 1.2352020586914314e-09
v -0.0062045975083348508 -0.0042134277465302296 0.00024999987919639005
v -0.0064114174523313174 -0.0043538753150976234 1.2352020586914314e-09
v -0.0065482112894258834 -0.0036566279265757432 0.00024999987919639005
v -0.0067664850369117948 -0.0037785155455021756 1.2352020586914314e-09
v -0.0068419897788512584 -0.0030719992673329988 0.00024999987919639005
v -0.0070700561134184794 -0.0031743992529606776 1.2352020586914314e-09
v -0.007083696162376178 -0.002463990576223268 0.00024999987919639005
v -0.007319819477861385 -0.0025461237421433745 1.2352020586914314e-09
v -0.0072714912994148373 -0.0018372296271257601 0.00024999987919639005
v -0.007513874577320747 -0.001898470697606556 1.2352020586914314e-09
v -0.0074039463334999514 -0.0011964862512592528 0.00024999987919639005
v -0.0076507446546892829 -0.0012363692730138925 1.2352020586914314e-09
v -0.0074800528627486399 -0.00054663693225846983 0.00024999987919639005
v -0.0077293878463925063 -0.00056485807060145112 1.2352020586914314e-09
v -0.0074992311746597271 0.00010737286301897299 0.00024999987919639005
v -0.0077492057386149898 0.0001109521485195805 1.2352020586914314e-09
v -0.0074613364098365855 0.00076056551016138909 0.00024999987919639005
v -0.0077100477727244212 0.00078591787193120217 1.2352020586914314e-09
v -0.0073666560453134414 0.0014079697000732297 0.00024999987919639005
v -0.0076122112629971803 0.0014549020269113077 1.2352020586914314e-09
v -0.0072159113115134836 0.0020446583152779448 0.00024999987919639005
v -0.0074564416413772424 0.0021128135780028672 1.2352020586914314e-09
v -0.0070102486801270365 0.0026657857173066433 0.00024999987919639005
v -0.0072439236523045613 0.0027546452447191681 1.2352020586914314e-09
v -0.0067512340659221185 0.0032666251186194394 0.00024999987919639005
v -0.0069762754224927219 0.003375512547231261 1.2352020586914314e-09
v -0.0064408383614408234 0.0038426033275463733 0.00024999987919639005
v -0.0066555330267093621 0.0039706901590585292 1.2352020586914314e-09
v -0.0060814243101456628 0.0043893374125440077 0.00024999987919639005
v -0.0062841384010888018 0.0045356485238250664 1.2352020586914314e-09
v -0.0056757266502836402 0.0049026655239723053 0.00024999987919639005
v -0.0058649175491642062 0.0050660878925358442 1.2352020586914314e-09
v -0.0052268331602425295 0.0053786814792282844 0.00024999987919639005
v -0.005401061187298572 0.0055579709986528182 1.2352020586914314e-09
v -0.004738160600890765 0.0058137625972665878 0.00024999987919639005
v -0.0048960993049010099 0.0060075548644893811 1.2352020586914314e-09
v -0.0042134277407017131 0.006204597562104024 0.00024999987919639005
v -0.0043538751076461664 0.0064114170853444364 1.2352020586914314e-09
v -0.0036566279536663824 0.0065482113248124633 0.00024999987919639005
v -0.0037785155725928209 0.0067664850722983704 1.2352020586914314e-09
v -0.003071999286914887 0.0068419898184308471 0.00024999987919639005
v -0.003174399045509221 0.0070700557464315975 1.2352020586914314e-09
v -0.0024639905958051562 0.0070836962019557668 0.00024999987919639005
v -0.0025461237617252631 0.0073198195174409729 1.2352020586914314e-09
v -0.0018372295450660306 0.0072714913957527619 0.00024999987919639005
v -0.0018984707171884445 0.0075138746169003357 1.2352020586914314e-09
v -0.0011964862708411408 0.0074039463730795401 0.00024999987919639005
v -0.0012363692925957805 0.0076507446942688725 1.2352020586914314e-09
v -0.00054663695184035803 0.0074800529023282287 0.00024999987919639005
v -0.00056485809018333943 0.0077293878859720942 1.2352020586914314e-09
v 0.0001073728434370847 0.0074992312142393167 0.00024999987919639005
v 0.00011095192565445741 0.0077492056646779059 1.2352020586914314e-09
v 0.00076056528729626582 0.0074613363358995016 0.00024999987919639005
v 0.00078591764906607879 0.0077100476987873373 1.2352020586914314e-09
v 0.0014079694772081062 0.0073666559713763576 0.00024999987919639005
v 0.001454901804046184 0.0076122111890600964 1.2352020586914314e-09
v 0.0020446580924128213 0.0072159112375764006 0.00024999987919639005
v 0.0021128133551377437 0.0074564415674401585 1.2352020586914314e-09
v 0.0026657854944415194 0.0070102486061899534 0.00024999987919639005
v 0.0027546450218540446 0.0072439235783674782 1.2352020586914314e-09
v 0.0032666248957543154 0.0067512339919850355 0.00024999987919639005
v 0.0033755123243661379 0.0069762753485556389 1.2352020586914314e-09
v 0.0038426032181979224 0.0064408380842205046 0.00024999987919639005
v 0.0039706899361934061 0.0066555329527722782 1.2352020586914314e-09
v 0.0043893373031955582 0.0060814240329253441 0.00024999987919639005
v 0.0045356484144766151 0.0062841381238684822 1.2352020586914314e-09
v 0.0049026654146238548 0.0056757263730633214 0.00024999987919639005
v 0.0050660877831873938 0.0058649172719438874 1.2352020586914314e-09
v 0.0053786813131214981 0.0052268329846638286 0.00024999987919639005
v 0.0055579708893043669 0.0054010609100782533 1.2352020586914314e-09
v 0.0058137623744014657 0.0047381605269536812 0.00024999987919639005
v 0.0060075546416242581 0.004896099230963926 1.2352020586914314e-09
v 0.0062045973392389009 0.0042134276667646292 0.00024999987919639005
v 0.006411417269045783 0.0043538752607424278 1.2352020586914314e-09
v 0.0065482111203299326 0.0036566278468101437 0.00024999987919639005
v 0.0067664848678158441 0.0037785154657365761 1.2352020586914314e-09
v -0.0062045975083348508 -0.0042134277465302296 0.051249998925522074
v -0.0064114174523313174 -0.0043538753150976234 0.051499999432161554
v -0.005813762557687 -0.0047381605813088777 0.051249998925522074
v -0.0060075548249097924 -0.0048960992853191226 0.051499999432161554
v -0.0053786814396486957 -0.0052268331406606422 0.051249998925522074
v -0.0055579710158315653 -0.0054010610660750668 0.051499999432161554
v -0.0049026654843927165 -0.0056757266307017528 0.051249998925522074
v -0.0050660878529562555 -0.0058649175295823188 0.051499999432161554
v -0.0043893373729644199 -0.0060814242905637746 0.051249998925522074
v -0.0045356484842454768 -0.0062841383815069136 0.051499999432161554
v -0.0038426032879667841 -0.0064408383418589361 0.051249998925522074
v -0.0039706901194789413 -0.0066555330071274739 0.051499999432161554
v -0.0032666251925565224 -0.0067512338430569963 0.051249998925522074
v -0.0033755126211683444 -0.0069762751996275997 0.051499999432161554
v -0.0026657857912437263 -0.0070102484572619143 0.051249998925522074
v -0.0027546453186562516 -0.0072439234294394391 0.051499999432161554
v -0.0020446583892150282 -0.0072159110886483614 0.051249998925522074
v -0.0021128136519399507 -0.0074564414185121193 0.051499999432161554
v -0.0014079697740103133 -0.0073666558224483184 0.051249998925522074
v -0.0014549021008483909 -0.0076122110401320572 0.051499999432161554
v -0.00076056558409847298 -0.0074613361869714625 0.051249998925522074
v -0.00078591794586828595 -0.007710047549859299 0.051499999432161554
v -0.0001073731402392917 -0.0074992310653112775 0.051249998925522074
v -0.00011095222245666442 -0.0077492055157498659 0.051499999432161554
v 0.00054663665503815087 -0.0074800527534001895 0.051249998925522074
v 0.00056485779338113237 -0.0077293877370440559 0.051499999432161554
v 0.0011964859740389339 -0.007403946224151501 0.051249998925522074
v 0.0012363689957935735 -0.0076507445453408334 0.051499999432161554
v 0.0018372294515470585 -0.0072714911333080509 0.051249998925522074
v 0.0018984704203862373 -0.0075138744679722966 0.051499999432161554
v 0.0024639905022861845 -0.007083695939511055 0.051249998925522074
v 0.0025461236682062915 -0.0073198192549962619 0.051499999432161554
v 0.0030719991933959158 -0.0068419895559861353 0.051249998925522074
v 0.0031743991790235946 -0.0070700558905533563 0.051499999432161554
v 0.0036566278197195223 -0.006548211084943344 0.051249998925522074
v 0.0037785154386459547 -0.0067664848324292546 0.051499999432161554
v 0.004213427647182741 -0.0062045972996593122 0.051249998925522074
v 0.0043538752411605396 -0.0064114172294661952 0.051499999432161554
v 0.0047381605073717938 -0.0058137623348218769 0.051249998925522074
v 0.0048960992113820387 -0.0060075546020446693 0.051499999432161554
v 0.0052268330667235583 -0.0053786812167835726 0.051249998925522074
v 0.0054010608904963651 -0.005557970849724779 0.051499999432161554
v 0.0056757263534814341 -0.0049026653750442661 0.051249998925522074
v 0.0058649172523619992 -0.005066087743607805 0.051499999432161554
v 0.0060814240133434559 -0.0043893372636159686 0.051249998925522074
v 0.0062841381042865949 -0.0045356483748970272 0.051499999432161554
v 0.0064408380646386165 -0.0038426031786183332 0.051249998925522074
v 0.0066555327299071551 -0.00397069001013049 0.051499999432161554
v 0.0067512337691199116 -0.0032666249696913993 0.051249998925522074
v 0.0069762751256905158 -0.0033755123983032209 0.051499999432161554
v 0.0070102483833248304 -0.0026657855683786032 0.051249998925522074
v 0.0072439233555023552 -0.0027546450957911281 0.051499999432161554
v 0.0072159110147112775 -0.0020446581663499052 0.051249998925522074
v 0.0074564413445750355 -0.0021128134290748276 0.051499999432161554
v 0.0073666557485112345 -0.0014079695511451903 0.051249998925522074
v 0.0076122109661949733 -0.0014549018779832681 0.051499999432161554
v 0.0074613361130343786 -0.00076056536123334927 0.051249998925522074
v 0.0077100474759222142 -0.00078591772300316235 0.051499999432161554
v 0.0074992311048908654 -0.00010737312065740357 0.051249998925522074
v 0.0077492055553294546 -0.00011095220287477593 0.051499999432161554
v 0.0074800527929797783 0.00054663667462003928 0.051249998925522074
v 0.0077293877766236446 0.00056485781296302057 0.051499999432161554
v 0.0074039462637310897 0.0011964859936208221 0.051249998925522074
v 0.0076507445849204212 0.0012363690153754617 0.051499999432161554
v 0.0072714911728876397 0.001837229471128947 0.051249998925522074
v 0.0075138744507935486 0.0018984705416097427 0.051499999432161554
v 0.0070836959790906437 0.0024639905218680727 0.051249998925522074
v 0.0073198192945758507 0.0025461236877881797 0.051499999432161554
v 0.0068419896097553085 0.0030719991875673993 0.051249998925522074
v 0.0070700559301329451 0.0031743991986054828 0.051499999432161554
v 0.0065482111203299326 0.0036566278468101437 0.051249998925522074
v 0.0067664848678158441 0.0037785154657365761 0.051499999432161554
v 0.0062045973392389009 0.0042134276667646292 0.051249998925522074
v 0.006411417269045783 0.0043538752607424278 0.051499999432161554
v 0.0058137623744014657 0.0047381605269536812 0.051249998925522074
v 0.0060075546416242581 0.004896099230963926 0.051499999432161554
v 0.0053786813131214981 0.0052268329846638286 0.051249998925522074
v 0.0055579708893043669 0.0054010609100782533 0.051499999432161554
v 0.0049026654146238548 0.0056757263730633214 0.051249998925522074
v 0.0050660877831873938 0.0058649172719438874 0.051499999432161554
v 0.0043893373031955582 0.0060814240329253441 0.051249998925522074
v 0.0045356484144766151 0.0062841381238684822 0.051499999432161554
v 0.0038426032181979224 0.0064408380842205046 0.051249998925522074
v 0.0039706899361934061 0.0066555329527722782 0.051499999432161554
v 0.0032666248957543154 0.0067512339919850355 0.051249998925522074
v 0.0033755123243661379 0.0069762753485556389 0.051499999432161554
v 0.0026657854944415194 0.0070102486061899534 0.051249998925522074
v 0.0027546450218540446 0.0072439235783674782 0.051499999432161554
v 0.0020446580924128213 0.0072159112375764006 0.051249998925522074
v 0.0021128133551377437 0.0074564415674401585 0.051499999432161554
v 0.0014079694772081062 0.0073666559713763576 0.051249998925522074
v 0.001454901804046184 0.0076122111890600964 0.051499999432161554
v 0.00076056528729626582 0.0074613363358995016 0.051249998925522074
v 0.00078591764906607879 0.0077100476987873373 0.051499999432161554
v 0.0001073728434370847 0.0074992312142393167 0.051249998925522074
v 0.00011095192565445741 0.0077492056646779059 0.051499999432161554
v -0.00054663695184035803 0.0074800529023282287 0.051249998925522074
v -0.00056485809018333943 0.0077293878859720942 0.051499999432161554
v -0.0011964862708411408 0.0074039463730795401 0.051249998925522074
v -0.0012363692925957805 0.0076507446942688725 0.051499999432161554
v -0.0018372295450660306 0.0072714913957527619 0.051249998925522074
v -0.0018984707171884445 0.0075138746169003357 0.051499999432161554
v -0.0024639905958051562 0.0070836962019557668 0.051249998925522074
v -0.0025461237617252631 0.0073198195174409729 0.051499999432161554
v -0.003071999286914887 0.0068419898184308471 0.051249998925522074
v -0.003174399045509221 0.0070700557464315975 0.051499999432161554
v -0.0036566279536663338 0.0065482113248124902 0.051249998925522074
v -0.0037785155725927667 0.0067664850722984008 0.051499999432161554
v -0.0042134277407017131 0.006204597562104024 0.051249998925522074
v -0.0043538751076461664 0.0064114170853444364 0.051499999432161554
v -0.004738160600890765 0.0058137625972665878 0.051249998925522074
v -0.0048960993049010099 0.0060075548644893811 0.051499999432161554
v -0.0052268331602425295 0.0053786814792282844 0.051249998925522074
v -0.005401061187298572 0.0055579709986528182 0.051499999432161554
v -0.0056757266502836402 0.0049026655239723053 0.051249998925522074
v -0.0058649175491642062 0.0050660878925358442 0.051499999432161554
v -0.0060814243101456628 0.0043893374125440077 0.051249998925522074
v -0.0062841384010888018 0.0045356485238250664 0.051499999432161554
v -0.0064408383614408234 0.0038426033275463733 0.051249998925522074
v -0.0066555330267093621 0.0039706901590585292 0.051499999432161554
v -0.0067512340659221185 0.0032666251186194394 0.051249998925522074
v -0.0069762754224927219 0.003375512547231261 0.051499999432161554
v -0.0070102486801270365 0.0026657857173066433 0.051249998925522074
v -0.0072439236523045613 0.0027546452447191681 0.051499999432161554
v -0.0072159113115134836 0.0020446583152779448 0.051249998925522074
v -0.0074564416413772424 0.0021128135780028672 0.051499999432161554
v -0.0073666560453134414 0.0014079697000732297 0.051249998925522074
v -0.0076122112629971803 0.0014549020269113077 0.051499999432161554
v -0.0074613364098365855 0.00076056551016138909 0.051249998925522074
v -0.0077100477727244212 0.00078591787193120217 0.051499999432161554
v -0.0074992311746597271 0.00010737286301897299 0.051249998925522074
v -0.0077492057386149898 0.0001109521485195805 0.051499999432161554
v -0.0074800528627486399 -0.00054663693225846983 0.051249998925522074
v -0.0077293878463925063 -0.00056485807060145112 0.051499999432161554
v -0.0074039463334999514 -0.0011964862512592528 0.051249998925522074
v -0.0076507446546892829 -0.0012363692730138925 0.051499999432161554
v -0.0072714912994148373 -0.0018372296271257601 0.051249998925522074
v -0.007513874577320747 -0.001898470697606556 0.051499999432161554
v -0.007083696162376178 -0.002463990576223268 0.051249998925522074
v -0.007319819477861385 -0.0025461237421433745 0.051499999432161554
v -0.0068419897788512584 -0.0030719992673329988 0.051249998925522074
v -0.0070700561134184794 -0.0031743992529606776 0.051499999432161554
v -0.0065482112894258834 -0.0036566279265757432 0.051249998925522074
v -0.0067664850369117948 -0.0037785155455021756 0.051499999432161554
v 0.0072702186847155032 -0.0068661425876409094 0.04139999982555221
v 0.0082748689341031086 -0.0086652488199059179 0.04139999982555221
v 0.007197961909900105 -0.0069418538280298179 0.041500001518324121
v 0.0069691109045263372 -0.0071715756361380696 0.041500001518324121
v 0.0063175474762239107 -0.0077516834468003793 0.041500001518324121
v 0.0056179034107481903 -0.0082727961627824982 0.041500001518324121
v 0.0048755037819505093 -0.0087309481532359748 0.041500001518324121
v 0.00409599877181855 -0.009122652523471041 0.041500001518324121
v 0.0032853208705375106 -0.0094449282152137253 0.041500001518324121
v 0.0024496395531464943 -0.0096953221158262576 0.041500001518324121
v 0.0020316495581865881 -0.0097914449878086004 0.04139999982555221
v 0.0021340118626732127 -0.0097696460876496947 0.041500001518324121
v 0.0030362998075741938 -0.01159055122007361 0.04139999982555221
v 0.0082363143512093322 -0.0088013132265476017 0.04139999982555221
v 0.0031723643039824408 -0.011629105486167478 0.04139999982555221
v 0.0081875593944520965 -0.0087140038901798254 0.041500001518324121
v 0.0031236093472252055 -0.011541796149799702 0.041500001518324121
f 1 2 3
f 2 4 3
f 3 4 5
f 4 6 5
f 5 6 7
f 6 8 7
f 7 8 9
f 8 10 9
f 9 10 11
f 10 12 11
f 11 12 13
f 12 14 13
f 13 14 15
f 14 16 15
f 15 16 17
f 16 18 17
f 17 18 19
f 18 20 19
f 19 20 21
f 20 22 21
f 21 22 23
f 22 24 23
f 23 24 25
f 24 26 25
f 25 26 27
f 26 28 27
f 27 28 29
f 28 30 29
f 29 30 31
f 30 32 31
f 31 32 33
f 32 34 33
f 33 34 35
f 34 36 35
f 35 36 37
f 36 38 37
f 37 38 39
f 38 40 39
f 39 40 41
f 40 42 41
f 41 42 43
f 42 44 43
f 43 44 45
f 44 46 45
f 45 46 47
f 46 48 47
f 47 48 49
f 48 50 49
f 49 50 51
f 50 52 51
f 51 52 53
f 52 54 53
f 53 54 55
f 54 56 55
f 55 56 57
f 56 58 57
f 57 58 59
f 58 60 59
f 59 60 61
f 60 62 61
f 61 62 63
f 62 64 63
f 63 64 65
f 64 66 65
f 65 66 67
f 66 68 67
f 67 68 69
f 68 70 69
f 69 70 71
f 70 72 71
f 71 72 73
f 72 74 73
f 73 74 75
f 74 76 75
f 75 76 77
f 76 78 77
f 77 78 79
f 78 80 79
f 79 80 81
f 80 82 81
f 81 82 83
f 82 84 83
f 83 84 85
f 84 86 85
f 85 86 87
f 86 88 87
f 87 88 89
f 88 90 89
f 89 90 91
f 90 92 91
f 91 92 93
f 92 94 93
f 93 94 95
f 94 96 95
f 95 96 97
f 96 98 97
f 97 98 99
f 98 100 99
f 99 100 101
f 100 102 101
f 101 102 103
f 102 104 103
f 103 104 105
f 104 106 105
f 105 106 107
f 106 108 107
f 107 108 109
f 108 110 109
f 109 110 111
f 110 112 111
f 111 112 113
f 112 114 113
f 113 114 115
f 114 116 115
f 115 116 117
f 116 118 117
f 117 118 119
f 118 120 119
f 119 120 121
f 120 122 121
f 121 122 123
f 122 124 123
f 123 124 125
f 124 126 125
f 125 126 127
f 126 128 127
f 127 128 129
f 128 130 129
f 129 130 131
f 130 132 131
f 131 132 133
f 132 134 133
f 133 134 135
f 134 136 135
f 135 136 137
f 136 138 137
f 137 138 139
f 138 140 139
f 139 140 141
f 140 142 141
f 141 142 143
f 142 144 143
f 143 144 1
f 144 2 1
f 144 145 2
f 145 146 2
f 2 146 4
f 146 147 4
f 4 147 6
f 147 148 6
f 6 148 8
f 148 149 8
f 8 149 10
f 149 150 10
f 10 150 12
f 150 151 12
f 12 151 14
f 151 152 14
f 14 152 16
f 152 153 16
f 16 153 18
f 153 154 18
f 18 154 20
f 154 155 20
f 20 155 22
f 155 156 22
f 22 156 24
f 156 157 24
f 24 157 26
f 157 158 26
f 26 158 28
f 158 159 28
f 28 159 30
f 159 160 30
f 30 160 32
f 160 161 32
f 32 161 34
f 161 162 34
f 34 162 36
f 162 163 36
f 36 163 38
f 163 164 38
f 38 164 40
f 164 165 40
f 40 165 42
f 165 166 42
f 42 166 44
f 166 167 44
f 44 167 46
f 167 168 46
f 46 168 48
f 168 169 48
f 48 169 50
f 169 170 50
f 50 170 52
f 170 171 52
f 52 171 54
f 171 172 54
f 54 172 56
f 172 173 56
f 56 173 58
f 173 174 58
f 58 174 60
f 174 175 60
f 60 175 62
f 175 176 62
f 62 176 64
f 176 177 64
f 64 177 66
f 177 178 66
f 66 178 68
f 178 179 68
f 68 179 70
f 179 180 70
f 70 180 72
f 180 181 72
f 72 181 74
f 181 182 74
f 74 182 76
f 182 183 76
f 76 183 78
f 183 184 78
f 78 184 80
f 184 185 80
f 80 185 82
f 185 186 82
f 82 186 84
f 186 187 84
f 84 187 86
f 187 188 86
f 86 188 88
f 188 189 88
f 88 189 90
f 189 190 90
f 90 190 92
f 190 191 92
f 92 191 94
f 191 192 94
f 94 192 96
f 192 193 96
f 96 193 98
f 193 194 98
f 98 194 100
f 194 195 100
f 100 195 102
f 195 196 102
f 102 196 104
f 196 197 104
f 104 197 106
f 197 198 106
f 106 198 108
f 198 199 108
f 108 199 110
f 199 200 110
f 110 200 112
f 200 201 112
f 112 201 114
f 201 202 114
f 114 202 116
f 202 203 116
f 116 203 118
f 203 204 118
f 118 204 120
f 204 205 120
f 120 205 122
f 205 206 122
f 122 206 124
f 206 207 124
f 124 207 126
f 207 208 126
f 126 208 128
f 208 209 128
f 128 209 130
f 209 210 130
f 130 210 132
f 210 211 132
f 132 211 134
f 211 212 134
f 134 212 136
f 212 213 136
f 136 213 138
f 213 214 138
f 138 214 140
f 214 215 140
f 140 215 142
f 215 216 142
f 142 216 144
f 216 145 144
f 216 217 145
f 217 218 145
f 145 218 146
f 218 219 146
f 146 219 147
f 219 220 147
f 147 220 148
f 220 221 148
f 148 221 149
f 221 222 149
f 149 222 150
f 222 223 150
f 150 223 151
f 223 224 151
f 151 224 152
f 224 225 152
f 152 225 153
f 225 226 153
f 153 226 154
f 226 227 154
f 154 227 155
f 227 228 155
f 155 228 156
f 228 229 156
f 156 229 157
f 229 230 157
f 157 230 158
f 230 231 158
f 158 231 159
f 231 232 159
f 159 232 160
f 232 233 160
f 160 233 161
f 233 234 161
f 161 234 162
f 234 235 162
f 162 235 163
f 235 236 163
f 163 236 164
f 236 237 164
f 164 237 165
f 237 238 165
f 165 238 166
f 238 239 166
f 166 239 167
f 239 240 167
f 167 240 168
f 240 241 168
f 168 241 169
f 241 242 169
f 169 242 170
f 242 243 170
f 170 243 171
f 243 244 171
f 171 244 172
f 244 245 172
f 172 245 173
f 245 246 173
f 173 246 174
f 246 247 174
f 174 247 175
f 247 248 175
f 175 248 176
f 248 249 176
f 176 249 177
f 249 250 177
f 177 250 178
f 250 251 178
f 178 251 179
f 251 252 179
f 179 252 180
f 252 253 180
f 180 253 181
f 253 254 181
f 181 254 182
f 254 255 182
f 182 255 183
f 255 256 183
f 183 256 184
f 256 257 184
f 184 257 185
f 257 258 185
f 185 258 186
f 258 259 186
f 186 259 187
f 259 260 187
f 187 260 188
f 260 261 188
f 188 261 189
f 261 262 189
f 189 262 190
f 262 263 190
f 190 263 191
f 263 264 191
f 191 264 192
f 264 265 192
f 192 265 193
f 265 266 193
f 193 266 194
f 266 267 194
f 194 267 195
f 267 268 195
f 195 268 196
f 268 269 196
f 196 269 197
f 269 270 197
f 197 270 198
f 270 271 198
f 198 271 199
f 271 272 199
f 199 272 200
f 272 273 200
f 200 273 201
f 273 274 201
f 201 274 202
f 274 275 202
f 202 275 203
f 275 276 203
f 203 276 204
f 276 277 204
f 204 277 205
f 277 278 205
f 205 278 206
f 278 279 206
f 206 279 207
f 279 280 207
f 207 280 208
f 280 281 208
f 208 281 209
f 281 282 209
f 209 282 210
f 282 283 210
f 210 283 211
f 283 284 211
f 211 284 212
f 284 285 212
f 212 285 213
f 285 286 213
f 213 286 214
f 286 287 214
f 214 287 215
f 287 288 215
f 215 288 216
f 288 217 216
f 288 289 217
f 289 290 217
f 217 290 218
f 290 291 218
f 218 291 219
f 291 292 219
f 219 292 220
f 292 293 220
f 220 293 221
f 293 294 221
f 221 294 222
f 294 295 222
f 222 295 223
f 295 296 223
f 223 296 224
f 296 297 224
f 224 297 225
f 297 298 225
f 225 298 226
f 298 299 226
f 226 299 227
f 299 300 227
f 227 300 228
f 300 301 228
f 228 301 229
f 301 302 229
f 229 302 230
f 302 303 230
f 230 303 231
f 303 304 231
f 231 304 232
f 304 305 232
f 232 305 233
f 305 306 233
f 233 306 234
f 306 307 234
f 234 307 235
f 307 308 235
f 235 308 236
f 308 309 236
f 236 309 237
f 309 310 237
f 237 310 238
f 310 311 238
f 238 311 239
f 311 312 239
f 239 312 240
f 312 313 240
f 240 313 241
f 313 314 241
f 241 314 242
f 314 315 242
f 242 315 243
f 315 316 243
f 243 316 244
f 316 317 244
f 244 317 245
f 317 318 245
f 245 318 246
f 318 319 246
f 246 319 247
f 319 320 247
f 247 320 248
f 320 321 248
f 248 321 249
f 321 322 249
f 249 322 250
f 322 323 250
f 250 323 251
f 323 324 251
f 251 324 252
f 324 325 252
f 252 325 253
f 325 326 253
f 253 326 254
f 326 327 254
f 254 327 255
f 327 328 255
f 255 328 256
f 328 329 256
f 256 329 257
f 329 330 257
f 257 330 258
f 330 331 258
f 258 331 259
f 331 332 259
f 259 332 260
f 332 333 260
f 260 333 261
f 333 334 261
f 261 334 262
f 334 335 262
f 262 335 263
f 335 336 263
f 263 336 264
f 336 337 264
f 264 337 265
f 337 338 265
f 265 338 266
f 338 339 266
f 266 339 267
f 339 340 267
f 267 340 268
f 340 341 268
f 268 341 269
f 341 342 269
f 269 342 270
f 342 343 270
f 270 343 271
f 343 344 271
f 271 344 272
f 344 345 272
f 272 345 273
f 345 346 273
f 273 346 274
f 346 347 274
f 274 347 275
f 347 348 275
f 275 348 276
f 348 349 276
f 276 349 277
f 349 350 277
f 277 350 278
f 350 351 278
f 278 351 279
f 351 352 279
f 279 352 280
f 352 353 280
f 280 353 281
f 353 354 281
f 281 354 282
f 354 355 282
f 282 355 283
f 355 356 283
f 283 356 284
f 356 357 284
f 284 357 285
f 357 358 285
f 285 358 286
f 358 359 286
f 286 359 287
f 359 360 287
f 287 360 288
f 360 289 288
f 360 361 289
f 361 362 289
f 289 362 290
f 362 363 290
f 290 363 291
f 363 364 291
f 291 364 292
f 364 365 292
f 292 365 293
f 365 366 293
f 293 366 294
f 366 367 294
f 294 367 295
f 367 368 295
f 295 368 296
f 368 369 296
f 296 369 297
f 369 370 297
f 297 370 298
f 370 371 298
f 298 371 299
f 371 372 299
f 299 372 300
f 372 373 300
f 300 373 301
f 373 374 301
f 301 374 302
f 374 375 302
f 302 375 303
f 375 376 303
f 303 376 304
f 376 377 304
f 304 377 305
f 377 378 305
f 305 378 306
f 378 379 306
f 306 379 307
f 379 380 307
f 307 380 308
f 380 381 308
f 308 381 309
f 381 382 309
f 309 382 310
f 382 383 310
f 310 383 311
f 383 384 311
f 311 384 312
f 384 385 312
f 312 385 313
f 385 386 313
f 313 386 314
f 386 387 314
f 314 387 315
f 387 388 315
f 315 388 316
f 388 389 316
f 316 389 317
f 389 390 317
f 317 390 318
f 390 391 318
f 318 391 319
f 391 392 319
f 319 392 320
f 392 393 320
f 320 393 321
f 393 394 321
f 321 394 322
f 394 395 322
f 322 395 323
f 395 396 323
f 323 396 324
f 396 397 324
f 324 397 325
f 397 398 325
f 325 398 326
f 398 399 326
f 326 399 327
f 399 400 327
f 327 400 328
f 400 401 328
f 328 401 329
f 401 402 329
f 329 402 330
f 402 403 330
f 330 403 331
f 403 404 331
f 331 404 332
f 404 405 332
f 332 405 333
f 405 406 333
f 333 406 334
f 406 407 334
f 334 407 335
f 407 408 335
f 335 408 336
f 408 409 336
f 336 409 337
f 409 410 337
f 337 410 338
f 410 411 338
f 338 411 339
f 411 412 339
f 339 412 340
f 412 413 340
f 340 413 341
f 413 414 341
f 341 414 342
f 414 415 342
f 342 415 343
f 415 416 343
f 343 416 344
f 416 417 344
f 344 417 345
f 417 418 345
f 345 418 346
f 418 419 346
f 346 419 347
f 419 420 347
f 347 420 348
f 420 421 348
f 348 421 349
f 421 422 349
f 349 422 350
f 422 423 350
f 350 423 351
f 423 424 351
f 351 424 352
f 424 425 352
f 352 425 353
f 425 426 353
f 353 426 354
f 426 427 354
f 354 427 355
f 427 428 355
f 355 428 356
f 428 429 356
f 356 429 357
f 429 430 357
f 357 430 358
f 430 431 358
f 358 431 359
f 431 432 359
f 359 432 360
f 432 361 360
f 432 433 361
f 433 434 361
f 361 434 362
f 434 435 362
f 362 435 363
f 435 436 363
f 363 436 364
f 436 437 364
f 364 437 365
f 437 438 365
f 365 438 366
f 438 439 366
f 366 439 367
f 439 440 367
f 367 440 368
f 440 441 368
f 368 441 369
f 441 442 369
f 369 442 370
f 442 443 370
f 370 443 371
f 443 444 371
f 371 444 372
f 444 445 372
f 372 445 373
f 445 446 373
f 373 446 374
f 446 447 374
f 374 447 375
f 447 448 375
f 375 448 376
f 448 449 376
f 376 449 377
f 449 450 377
f 377 450 378
f 450 451 378
f 378 451 379
f 451 452 379
f 379 452 380
f 452 453 380
f 380 453 381
f 453 454 381
f 381 454 382
f 454 455 382
f 382 455 383
f 455 456 383
f 383 456 384
f 456 457 384
f 384 457 385
f 457 458 385
f 385 458 386
f 458 459 386
f 386 459 387
f 459 460 387
f 387 460 388
f 460 461 388
f 388 461 389
f 461 462 389
f 389 462 390
f 462 463 390
f 390 463 391
f 463 464 391
f 391 464 392
f 464 465 392
f 392 465 393
f 465 466 393
f 393 466 394
f 466 467 394
f 394 467 395
f 467 468 395
f 395 468 396
f 468 469 396
f 396 469 397
f 469 470 397
f 397 470 398
f 470 471 398
f 398 471 399
f 471 472 399
f 399 472 400
f 472 473 400
f 400 473 401
f 473 474 401
f 401 474 402
f 474 475 402
f 402 475 403
f 475 476 403
f 403 476 404
f 476 477 404
f 404 477 405
f 477 478 405
f 405 478 406
f 478 479 406
f 406 479 407
f 479 480 407
f 407 480 408
f 480 481 408
f 408 481 409
f 481 482 409
f 409 482 410
f 482 483 410
f 410 483 411
f 483 484 411
f 411 484 412
f 484 485 412
f 412 485 413
f 485 486 413
f 413 486 414
f 486 487 414
f 414 487 415
f 487 488 415
f 415 488 416
f 488 489 416
f 416 489 417
f 489 490 417
f 417 490 418
f 490 491 418
f 418 491 419
f 491 492 419
f 419 492 420
f 492 493 420
f 420 493 421
f 493 494 421
f 421 494 422
f 494 495 422
f 422 495 423
f 495 496 423
f 423 496 424
f 496 497 424
f 424 497 425
f 497 498 425
f 425 498 426
f 498 499 426
f 426 499 427
f 499 500 427
f 427 500 428
f 500 501 428
f 428 501 429
f 501 502 429
f 429 502 430
f 502 503 430
f 430 503 431
f 503 504 431
f 431 504 432
f 504 433 432
f 504 505 433
f 505 506 433
f 433 506 434
f 506 507 434
f 434 507 435
f 507 508 435
f 435 508 436
f 508 509 436
f 436 509 437
f 509 510 437
f 437 510 438
f 510 511 438
f 438 511 439
f 511 512 439
f 439 512 440
f 512 513 440
f 440 513 441
f 513 514 441
f 441 514 442
f 514 515 442
f 442 515 443
f 515 516 443
f 443 516 444
f 516 517 444
f 444 517 445
f 517 518 445
f 445 518 446
f 518 519 446
f 446 519 447
f 519 520 447
f 447 520 448
f 520 521 448
f 448 521 449
f 521 522 449
f 449 522 450
f 522 523 450
f 450 523 451
f 523 524 451
f 451 524 452
f 524 525 452
f 452 525 453
f 525 526 453
f 453 526 454
f 526 527 454
f 454 527 455
f 527 528 455
f 455 528 456
f 528 529 456
f 456 529 457
f 529 530 457
f 457 530 458
f 530 531 458
f 458 531 459
f 531 532 459
f 459 532 460
f 532 533 460
f 460 533 461
f 533 534 461
f 461 534 462
f 534 535 462
f 462 535 463
f 535 536 463
f 463 536 464
f 536 537 464
f 464 537 465
f 537 538 465
f 465 538 466
f 538 539 466
f 466 539 467
f 539 540 467
f 467 540 468
f 540 541 468
f 468 541 469
f 541 542 469
f 469 542 470
f 542 543 470
f 470 543 471
f 543 544 471
f 471 544 472
f 544 545 472
f 472 545 473
f 545 546 473
f 473 546 474
f 546 547 474
f 474 547 475
f 547 548 475
f 475 548 476
f 548 549 476
f 476 549 477
f 549 550 477
f 477 550 478
f 550 551 478
f 478 551 479
f 551 552 479
f 479 552 480
f 552 553 480
f 480 553 481
f 553 554 481
f 481 554 482
f 554 555 482
f 482 555 483
f 555 556 483
f 483 556 484
f 556 557 484
f 484 557 485
f 557 558 485
f 485 558 486
f 558 559 486
f 486 559 487
f 559 560 487
f 487 560 488
f 560 561 488
f 488 561 489
f 561 562 489
f 489 562 490
f 562 563 490
f 490 563 491
f 563 564 491
f 491 564 492
f 564 565 492
f 492 565 493
f 565 566 493
f 493 566 494
f 566 567 494
f 494 567 495
f 567 568 495
f 495 568 496
f 568 569 496
f 496 569 497
f 569 570 497
f 497 570 498
f 570 571 498
f 498 571 499
f 571 572 499
f 499 572 500
f 572 573 500
f 500 573 501
f 573 574 501
f 501 574 502
f 574 575 502
f 502 575 503
f 575 576 503
f 503 576 504
f 576 505 504
f 576 577 505
f 577 578 505
f 505 578 506
f 578 579 506
f 506 579 507
f 579 580 507
f 507 580 508
f 580 581 508
f 508 581 509
f 581 582 509
f 509 582 510
f 582 583 510
f 510 583 511
f 583 584 511
f 511 584 512
f 584 585 512
f 512 585 513
f 585 586 513
f 513 586 514
f 586 587 514
f 514 587 515
f 587 588 515
f 515 588 516
f 588 589 516
f 516 589 517
f 589 590 517
f 517 590 518
f 590 591 518
f 518 591 519
f 591 592 519
f 519 592 520
f 592 593 520
f 520 593 521
f 593 594 521
f 521 594 522
f 594 595 522
f 522 595 523
f 595 596 523
f 523 596 524
f 596 597 524
f 524 597 525
f 597 598 525
f 525 598 526
f 598 599 526
f 526 599 527
f 599 600 527
f 527 600 528
f 600 601 528
f 528 601 529
f 601 602 529
f 529 602 530
f 602 603 530
f 530 603 531
f 603 604 531
f 531 604 532
f 604 605 532
f 532 605 533
f 605 606 533
f 533 606 534
f 606 607 534
f 534 607 535
f 607 608 535
f 535 608 536
f 608 609 536
f 536 609 537
f 609 610 537
f 537 610 538
f 610 611 538
f 538 611 539
f 611 612 539
f 539 612 540
f 612 613 540
f 540 613 541
f 613 614 541
f 541 614 542
f 614 615 542
f 542 615 543
f 615 616 543
f 543 616 544
f 616 617 544
f 544 617 545
f 617 618 545
f 545 618 546
f 618 619 546
f 546 619 547
f 619 620 547
f 547 620 548
f 620 621 548
f 548 621 549
f 621 622 549
f 549 622 550
f 622 623 550
f 550 623 551
f 623 624 551
f 551 624 552
f 624 625 552
f 552 625 553
f 625 626 553
f 553 626 554
f 626 627 554
f 554 627 555
f 627 628 555
f 555 628 556
f 628 629 556
f 556 629 557
f 629 630 557
f 557 630 558
f 630 631 558
f 558 631 559
f 631 632 559
f 559 632 560
f 632 633 560
f 560 633 561
f 633 634 561
f 561 634 562
f 634 635 562
f 562 635 563
f 635 636 563
f 563 636 564
f 636 637 564
f 564 637 565
f 637 638 565
f 565 638 566
f 638 639 566
f 566 639 567
f 639 640 567
f 567 640 568
f 640 641 568
f 568 641 569
f 641 642 569
f 569 642 570
f 642 643 570
f 570 643 571
f 643 644 571
f 571 644 572
f 644 645 572
f 572 645 573
f 645 646 573
f 573 646 574
f 646 647 574
f 574 647 575
f 647 648 575
f 575 648 576
f 648 577 576
f 648 649 577
f 649 650 577
f 577 650 578
f 650 651 578
f 578 651 579
f 651 652 579
f 579 652 580
f 652 653 580
f 580 653 581
f 653 654 581
f 581 654 582
f 654 655 582
f 582 655 583
f 655 656 583
f 583 656 584
f 656 657 584
f 584 657 585
f 657 658 585
f 585 658 586
f 658 659 586
f 586 659 587
f 659 660 587
f 587 660 588
f 660 661 588
f 588 661 589
f 661 662 589
f 589 662 590
f 662 663 590
f 590 663 591
f 663 664 591
f 591 664 592
f 664 665 592
f 592 665 593
f 665 666 593
f 593 666 594
f 666 667 594
f 594 667 595
f 667 668 595
f 595 668 596
f 668 669 596
f 596 669 597
f 669 670 597
f 597 670 598
f 670 671 598
f 598 671 599
f 671 672 599
f 599 672 600
f 672 673 600
f 600 673 601
f 673 674 601
f 601 674 602
f 674 675 602
f 602 675 603
f 675 676 603
f 603 676 604
f 676 677 604
f 604 677 605
f 677 678 605
f 605 678 606
f 678 679 606
f 606 679 607
f 679 680 607
f 607 680 608
f 680 681 608
f 608 681 609
f 681 682 609
f 609 682 610
f 682 683 610
f 610 683 611
f 683 684 611
f 611 684 612
f 684 685 612
f 612 685 613
f 685 686 613
f 613 686 614
f 686 687 614
f 614 687 615
f 687 688 615
f 615 688 616
f 688 689 616
f 616 689 617
f 689 690 617
f 617 690 618
f 690 691 618
f 618 691 619
f 691 692 619
f 619 692 620
f 692 693 620
f 620 693 621
f 693 694 621
f 621 694 622
f 694 695 622
f 622 695 623
f 695 696 623
f 623 696 624
f 696 697 624
f 624 697 625
f 697 698 625
f 625 698 626
f 698 699 626
f 626 699 627
f 699 700 627
f 627 700 628
f 700 701 628
f 628 701 629
f 701 702 629
f 629 702 630
f 702 703 630
f 630 703 631
f 703 704 631
f 631 704 632
f 704 705 632
f 632 705 633
f 705 706 633
f 633 706 634
f 706 707 634
f 634 707 635
f 707 708 635
f 635 708 636
f 708 709 636
f 636 709 637
f 709 710 637
f 637 710 638
f 710 711 638
f 638 711 639
f 711 712 639
f 639 712 640
f 712 713 640
f 640 713 641
f 713 714 641
f 641 714 642
f 714 715 642
f 642 715 643
f 715 716 643
f 643 716 644
f 716 717 644
f 644 717 645
f 717 718 645
f 645 718 646
f 718 719 646
f 646 719 647
f 719 720 647
f 647 720 648
f 720 649 648
f 720 721 649
f 721 722 649
f 649 722 650
f 722 723 650
f 650 723 651
f 723 724 651
f 651 724 652
f 724 725 652
f 652 725 653
f 725 726 653
f 653 726 654
f 726 727 654
f 654 727 655
f 727 728 655
f 655 728 656
f 728 729 656
f 656 729 657
f 729 730 657
f 657 730 658
f 730 731 658
f 658 731 659
f 731 732 659
f 659 732 660
f 732 733 660
f 660 733 661
f 733 734 661
f 661 734 662
f 734 735 662
f 662 735 663
f 735 736 663
f 663 736 664
f 736 737 664
f 664 737 665
f 737 738 665
f 665 738 666
f 738 739 666
f 666 739 667
f 739 740 667
f 667 740 668
f 740 741 668
f 668 741 669
f 741 742 669
f 669 742 670
f 742 743 670
f 670 743 671
f 743 744 671
f 671 744 672
f 744 745 672
f 672 745 673
f 745 746 673
f 673 746 674
f 746 747 674
f 674 747 675
f 747 748 675
f 675 748 676
f 748 749 676
f 676 749 677
f 749 750 677
f 677 750 678
f 750 751 678
f 678 751 679
f 751 752 679
f 679 752 680
f 752 753 680
f 680 753 681
f 753 754 681
f 681 754 682
f 754 755 682
f 682 755 683
f 755 756 683
f 683 756 684
f 756 757 684
f 684 757 685
f 757 758 685
f 685 758 686
f 758 759 686
f 686 759 687
f 759 760 687
f 687 760 688
f 760 761 688
f 688 761 689
f 761 762 689
f 689 762 690
f 762 763 690
f 690 763 691
f 763 764 691
f 691 764 692
f 764 765 692
f 692 765 693
f 765 766 693
f 693 766 694
f 766 767 694
f 694 767 695
f 767 768 695
f 695 768 696
f 768 769 696
f 696 769 697
f 769 770 697
f 697 770 698
f 770 771 698
f 698 771 699
f 771 772 699
f 699 772 700
f 772 773 700
f 700 773 701
f 773 774 701
f 701 774 702
f 774 775 702
f 702 775 703
f 775 776 703
f 703 776 704
f 776 777 704
f 704 777 705
f 777 778 705
f 705 778 706
f 778 779 706
f 706 779 707
f 779 780 707
f 707 780 708
f 780 781 708
f 708 781 709
f 781 782 709
f 709 782 710
f 782 783 710
f 710 783 711
f 783 784 711
f 711 784 712
f 784 785 712
f 712 785 713
f 785 786 713
f 713 786 714
f 786 787 714
f 714 787 715
f 787 788 715
f 715 788 716
f 788 789 716
f 716 789 717
f 789 790 717
f 717 790 718
f 790 791 718
f 718 791 719
f 791 792 719
f 719 792 720
f 792 721 720
f 792 793 721
f 793 794 721
f 721 794 722
f 794 795 722
f 722 795 723
f 795 796 723
f 723 796 724
f 796 797 724
f 724 797 725
f 797 798 725
f 725 798 726
f 798 799 726
f 726 799 727
f 799 800 727
f 727 800 728
f 800 801 728
f 728 801 729
f 801 802 729
f 729 802 730
f 802 803 730
f 730 803 731
f 803 804 731
f 731 804 732
f 804 805 732
f 732 805 733
f 805 806 733
f 733 806 734
f 806 807 734
f 734 807 735
f 807 808 735
f 735 808 736
f 808 809 736
f 736 809 737
f 809 810 737
f 737 810 738
f 810 811 738
f 738 811 739
f 811 812 739
f 739 812 740
f 812 813 740
f 740 813 741
f 813 814 741
f 741 814 742
f 814 815 742
f 742 815 743
f 815 816 743
f 743 816 744
f 816 817 744
f 744 817 745
f 817 818 745
f 745 818 746
f 818 819 746
f 746 819 747
f 819 820 747
f 747 820 748
f 820 821 748
f 748 821 749
f 821 822 749
f 749 822 750
f 822 823 750
f 750 823 751
f 823 824 751
f 751 824 752
f 824 825 752
f 752 825 753
f 825 826 753
f 753 826 754
f 826 827 754
f 754 827 755
f 827 828 755
f 755 828 756
f 828 829 756
f 756 829 757
f 829 830 757
f 757 830 758
f 830 831 758
f 758 831 759
f 831 832 759
f 759 832 760
f 832 833 760
f 760 833 761
f 833 834 761
f 761 834 762
f 834 835 762
f 762 835 763
f 835 836 763
f 763 836 764
f 836 837 764
f 764 837 765
f 837 838 765
f 765 838 766
f 838 839 766
f 766 839 767
f 839 840 767
f 767 840 768
f 840 841 768
f 768 841 769
f 841 842 769
f 769 842 770
f 842 843 770
f 770 843 771
f 843 844 771
f 771 844 772
f 844 845 772
f 772 845 773
f 845 846 773
f 773 846 774
f 846 847 774
f 774 847 775
f 847 848 775
f 775 848 776
f 848 849 776
f 776 849 777
f 849 850 777
f 777 850 778
f 850 851 778
f 778 851 779
f 851 852 779
f 779 852 780
f 852 853 780
f 780 853 781
f 853 854 781
f 781 854 782
f 854 855 782
f 782 855 783
f 855 856 783
f 783 856 784
f 856 857 784
f 784 857 785
f 857 858 785
f 785 858 786
f 858 859 786
f 786 859 787
f 859 860 787
f 787 860 788
f 860 861 788
f 788 861 789
f 861 862 789
f 789 862 790
f 862 863 790
f 790 863 791
f 863 864 791
f 791 864 792
f 864 793 792
f 864 865 793
f 865 866 793
f 793 866 794
f 866 867 794
f 794 867 795
f 867 868 795
f 795 868 796
f 868 869 796
f 796 869 797
f 869 870 797
f 797 870 798
f 870 871 798
f 798 871 799
f 871 872 799
f 799 872 800
f 872 873 800
f 800 873 801
f 873 874 801
f 801 874 802
f 874 875 802
f 802 875 803
f 875 876 803
f 803 876 804
f 876 877 804
f 804 877 805
f 877 878 805
f 805 878 806
f 878 879 806
f 806 879 807
f 879 880 807
f 807 880 808
f 880 881 808
f 808 881 809
f 881 882 809
f 809 882 810
f 882 883 810
f 810 883 811
f 883 884 811
f 811 884 812
f 884 885 812
f 812 885 813
f 885 886 813
f 813 886 814
f 886 887 814
f 814 887 815
f 887 888 815
f 815 888 816
f 888 889 816
f 816 889 817
f 889 890 817
f 817 890 818
f 890 891 818
f 818 891 819
f 891 892 819
f 819 892 820
f 892 893 820
f 820 893 821
f 893 894 821
f 821 894 822
f 894 895 822
f 822 895 823
f 895 896 823
f 823 896 824
f 896 897 824
f 824 897 825
f 897 898 825
f 825 898 826
f 898 899 826
f 826 899 827
f 899 900 827
f 827 900 828
f 900 901 828
f 828 901 829
f 901 902 829
f 829 902 830
f 902 903 830
f 830 903 831
f 903 904 831
f 831 904 832
f 904 905 832
f 832 905 833
f 905 906 833
f 833 906 834
f 906 907 834
f 834 907 835
f 907 908 835
f 835 908 836
f 908 909 836
f 836 909 837
f 909 910 837
f 837 910 838
f 910 911 838
f 838 911 839
f 911 912 839
f 839 912 840
f 912 913 840
f 840 913 841
f 913 914 841
f 841 914 842
f 914 915 842
f 842 915 843
f 915 916 843
f 843 916 844
f 916 917 844
f 844 917 845
f 917 918 845
f 845 918 846
f 918 919 846
f 846 919 847
f 919 920 847
f 847 920 848
f 920 921 848
f 848 921 849
f 921 922 849
f 849 922 850
f 922 923 850
f 850 923 851
f 923 924 851
f 851 924 852
f 924 925 852
f 852 925 853
f 925 926 853
f 853 926 854
f 926 927 854
f 854 927 855
f 927 928 855
f 855 928 856
f 928 929 856
f 856 929 857
f 929 930 857
f 857 930 858
f 930 931 858
f 858 931 859
f 931 932 859
f 859 932 860
f 932 933 860
f 860 933 861
f 933 934 861
f 861 934 862
f 934 935 862
f 862 935 863
f 935 936 863
f 863 936 864
f 936 865 864
f 936 937 865
f 937 938 865
f 865 938 866
f 938 939 866
f 866 939 867
f 939 940 867
f 867 940 868
f 940 941 868
f 868 941 869
f 941 942 869
f 869 942 870
f 942 943 870
f 870 943 871
f 943 944 871
f 871 944 872
f 944 945 872
f 872 945 873
f 945 946 873
f 873 946 874
f 946 947 874
f 874 947 875
f 947 948 875
f 875 948 876
f 948 949 876
f 876 949 877
f 949 950 877
f 877 950 878
f 950 951 878
f 878 951 879
f 951 952 879
f 879 952 880
f 952 953 880
f 880 953 881
f 953 954 881
f 881 954 882
f 954 955 882
f 882 955 883
f 955 956 883
f 883 956 884
f 956 957 884
f 884 957 885
f 957 958 885
f 885 958 886
f 958 959 886
f 886 959 887
f 959 960 887
f 887 960 888
f 960 961 888
f 888 961 889
f 961 962 889
f 889 962 890
f 962 963 890
f 890 963 891
f 963 964 891
f 891 964 892
f 964 965 892
f 892 965 893
f 965 966 893
f 893 966 894
f 966 967 894
f 894 967 895
f 967 968 895
f 895 968 896
f 968 969 896
f 896 969 897
f 969 970 897
f 897 970 898
f 970 971 898
f 898 971 899
f 971 972 899
f 899 972 900
f 972 973 900
f 900 973 901
f 973 974 901
f 901 974 902
f 974 975 902
f 902 975 903
f 975 976 903
f 903 976 904
f 976 977 904
f 904 977 905
f 977 978 905
f 905 978 906
f 978 979 906
f 906 979 907
f 979 980 907
f 907 980 908
f 980 981 908
f 908 981 909
f 981 982 909
f 909 982 910
f 982 983 910
f 910 983 911
f 983 984 911
f 911 984 912
f 984 985 912
f 912 985 913
f 985 986 913
f 913 986 914
f 986 987 914
f 914 987 915
f 987 988 915
f 915 988 916
f 988 989 916
f 916 989 917
f 989 990 917
f 917 990 918
f 990 991 918
f 918 991 919
f 991 992 919
f 919 992 920
f 992 993 920
f 920 993 921
f 993 994 921
f 921 994 922
f 994 995 922
f 922 995 923
f 995 996 923
f 923 996 924
f 996 997 924
f 924 997 925
f 997 998 925
f 925 998 926
f 998 999 926
f 926 999 927
f 999 1000 927
f 927 1000 928
f 1000 1001 928
f 928 1001 929
f 1001 1002 929
f 929 1002 930
f 1002 1003 930
f 930 1003 931
f 1003 1004 931
f 931 1004 932
f 1004 1005 932
f 932 1005 933
f 1005 1006 933
f 933 1006 934
f 1006 1007 934
f 934 1007 935
f 1007 1008 935
f 935 1008 936
f 1008 937 936
f 1008 1009 937
f 1009 1010 937
f 937 1010 938
f 1010 1011 938
f 938 1011 939
f 1011 1012 939
f 939 1012 940
f 1012 1013 940
f 940 1013 941
f 1013 1014 941
f 941 1014 942
f 1014 1015 942
f 942 1015 943
f 1015 1016 943
f 943 1016 944
f 1016 1017 944
f 944 1017 945
f 1017 1018 945
f 945 1018 946
f 1018 1019 946
f 946 1019 947
f 1019 1020 947
f 947 1020 948
f 1020 1021 948
f 948 1021 949
f 1021 1022 949
f 949 1022 950
f 1022 1023 950
f 950 1023 951
f 1023 1024 951
f 951 1024 952
f 1024 1025 952
f 952 1025 953
f 1025 1026 953
f 953 1026 954
f 1026 1027 954
f 954 1027 955
f 1027 1028 955
f 955 1028 956
f 1028 1029 956
f 956 1029 957
f 1029 1030 957
f 957 1030 958
f 1030 1031 958
f 958 1031 959
f 1031 1032 959
f 959 1032 960
f 1032 1033 960
f 960 1033 961
f 1033 1034 961
f 961 1034 962
f 1034 1035 962
f 962 1035 963
f 1035 1036 963
f 963 1036 964
f 1036 1037 964
f 964 1037 965
f 1037 1038 965
f 965 1038 966
f 1038 1039 966
f 966 1039 967
f 1039 1040 967
f 967 1040 968
f 1040 1041 968
f 968 1041 969
f 1041 1042 969
f 969 1042 970
f 1042 1043 970
f 970 1043 971
f 1043 1044 971
f 971 1044 972
f 1044 1045 972
f 972 1045 973
f 1045 1046 973
f 973 1046 974
f 1046 1047 974
f 974 1047 975
f 1047 1048 975
f 975 1048 976
f 1048 1049 976
f 976 1049 977
f 1049 1050 977
f 977 1050 978
f 1050 1051 978
f 978 1051 979
f 1051 1052 979
f 979 1052 980
f 1052 1053 980
f 980 1053 981
f 1053 1054 981
f 981 1054 982
f 1054 1055 982
f 982 1055 983
f 1055 1056 983
f 983 1056 984
f 1056 1057 984
f 984 1057 985
f 1057 1058 985
f 985 1058 986
f 1058 1059 986
f 986 1059 987
f 1059 1060 987
f 987 1060 988
f 1060 1061 988
f 988 1061 989
f 1061 1062 989
f 989 1062 990
f 1062 1063 990
f 990 1063 991
f 1063 1064 991
f 991 1064 992
f 1064 1065 992
f 992 1065 993
f 1065 1066 993
f 993 1066 994
f 1066 1067 994
f 994 1067 995
f 1067 1068 995
f 995 1068 996
f 1068 1069 996
f 996 1069 997
f 1069 1070 997
f 997 1070 998
f 1070 1071 998
f 998 1071 999
f 1071 1072 999
f 999 1072 1000
f 1072 1073 1000
f 1000 1073 1001
f 1073 1074 1001
f 1001 1074 1002
f 1074 1075 1002
f 1002 1075 1003
f 1075 1076 1003
f 1003 1076 1004
f 1076 1077 1004
f 1004 1077 1005
f 1077 1078 1005
f 1005 1078 1006
f 1078 1079 1006
f 1006 1079 1007
f 1079 1080 1007
f 1007 1080 1008
f 1080 1009 1008
f 1080 1081 1009
f 1081 1082 1009
f 1009 1082 1010
f 1082 1083 1010
f 1010 1083 1011
f 1083 1084 1011
f 1011 1084 1012
f 1084 1085 1012
f 1012 1085 1013
f 1085 1086 1013
f 1013 1086 1014
f 1086 1087 1014
f 1014 1087 1015
f 1087 1088 1015
f 1015 1088 1016
f 1088 1089 1016
f 1016 1089 1017
f 1089 1090 1017
f 1017 1090 1018
f 1090 1091 1018
f 1018 1091 1019
f 1091 1092 1019
f 1019 1092 1020
f 1092 1093 1020
f 1020 1093 1021
f 1093 1094 1021
f 1021 1094 1022
f 1094 1095 1022
f 1022 1095 1023
f 1095 1096 1023
f 1023 1096 1024
f 1096 1097 1024
f 1024 1097 1025
f 1097 1098 1025
f 1025 1098 1026
f 1098 1099 1026
f 1026 1099 1027
f 1099 1100 1027
f 1027 1100 1028
f 1100 1101 1028
f 1028 1101 1029
f 1101 1102 1029
f 1029 1102 1030
f 1102 1103 1030
f 1030 1103 1031
f 1103 1104 1031
f 1031 1104 1032
f 1104 1105 1032
f 1032 1105 1033
f 1105 1106 1033
f 1033 1106 1034
f 1106 1107 1034
f 1034 1107 1035
f 1107 1108 1035
f 1035 1108 1036
f 1108 1109 1036
f 1036 1109 1037
f 1109 1110 1037
f 1037 1110 1038
f 1110 1111 1038
f 1038 1111 1039
f 1111 1112 1039
f 1039 1112 1040
f 1112 1113 1040
f 1040 1113 1041
f 1113 1114 1041
f 1041 1114 1042
f 1114 1115 1042
f 1042 1115 1043
f 1115 1116 1043
f 1043 1116 1044
f 1116 1117 1044
f 1044 1117 1045
f 1117 1118 1045
f 1045 1118 1046
f 1118 1119 1046
f 1046 1119 1047
f 1119 1120 1047
f 1047 1120 1048
f 1120 1121 1048
f 1048 1121 1049
f 1121 1122 1049
f 1049 1122 1050
f 1122 1123 1050
f 1050 1123 1051
f 1123 1124 1051
f 1051 1124 1052
f 1124 1125 1052
f 1052 1125 1053
f 1125 1126 1053
f 1053 1126 1054
f 1126 1127 1054
f 1054 1127 1055
f 1127 1128 1055
f 1055 1128 1056
f 1128 1129 1056
f 1056 1129 1057
f 1129 1130 1057
f 1057 1130 1058
f 1130 1131 1058
f 1058 1131 1059
f 1131 1132 1059
f 1059 1132 1060
f 1132 1133 1060
f 1060 1133 1061
f 1133 1134 1061
f 1061 1134 1062
f 1134 1135 1062
f 1062 1135 1063
f 1135 1136 1063
f 1063 1136 1064
f 1136 1137 1064
f 1064 1137 1065
f 1137 1138 1065
f 1065 1138 1066
f 1138 1139 1066
f 1066 1139 1067
f 1139 1140 1067
f 1067 1140 1068
f 1140 1141 1068
f 1068 1141 1069
f 1141 1142 1069
f 1069 1142 1070
f 1142 1143 1070
f 1070 1143 1071
f 1143 1144 1071
f 1071 1144 1072
f 1144 1145 1072
f 1072 1145 1073
f 1145 1146 1073
f 1073 1146 1074
f 1146 1147 1074
f 1074 1147 1075
f 1147 1148 1075
f 1075 1148 1076
f 1148 1149 1076
f 1076 1149 1077
f 1149 1150 1077
f 1077 1150 1078
f 1150 1151 1078
f 1078 1151 1079
f 1151 1152 1079
f 1079 1152 1080
f 1152 1081 1080
f 1152 1153 1081
f 1153 1154 1081
f 1081 1154 1082
f 1154 1155 1082
f 1082 1155 1083
f 1155 1156 1083
f 1083 1156 1084
f 1156 1157 1084
f 1084 1157 1085
f 1157 1158 1085
f 1085 1158 1086
f 1158 1159 1086
f 1086 1159 1087
f 1159 1160 1087
f 1087 1160 1088
f 1160 1161 1088
f 1088 1161 1089
f 1161 1162 1089
f 1089 1162 1090
f 1162 1163 1090
f 1090 1163 1091
f 1163 1164 1091
f 1091 1164 1092
f 1164 1165 1092
f 1092 1165 1093
f 1165 1166 1093
f 1093 1166 1094
f 1166 1167 1094
f 1094 1167 1095
f 1167 1168 1095
f 1095 1168 1096
f 1168 1169 1096
f 1096 1169 1097
f 1169 1170 1097
f 1097 1170 1098
f 1170 1171 1098
f 1098 1171 1099
f 1171 1172 1099
f 1099 1172 1100
f 1172 1173 1100
f 1100 1173 1101
f 1173 1174 1101
f 1101 1174 1102
f 1174 1175 1102
f 1102 1175 1103
f 1175 1176 1103
f 1103 1176 1104
f 1176 1177 1104
f 1104 1177 1105
f 1177 1178 1105
f 1105 1178 1106
f 1178 1179 1106
f 1106 1179 1107
f 1179 1180 1107
f 1107 1180 1108
f 1180 1181 1108
f 1108 1181 1109
f 1181 1182 1109
f 1109 1182 1110
f 1182 1183 1110
f 1110 1183 1111
f 1183 1184 1111
f 1111 1184 1112
f 1184 1185 1112
f 1112 1185 1113
f 1185 1186 1113
f 1113 1186 1114
f 1186 1187 1114
f 1114 1187 1115
f 1187 1188 1115
f 1115 1188 1116
f 1188 1189 1116
f 1116 1189 1117
f 1189 1190 1117
f 1117 1190 1118
f 1190 1191 1118
f 1118 1191 1119
f 1191 1192 1119
f 1119 1192 1120
f 1192 1193 1120
f 1120 1193 1121
f 1193 1194 1121
f 1121 1194 1122
f 1194 1195 1122
f 1122 1195 1123
f 1195 1196 1123
f 1123 1196 1124
f 1196 1197 1124
f 1124 1197 1125
f 1197 1198 1125
f 1125 1198 1126
f 1198 1199 1126
f 1126 1199 1127
f 1199 1200 1127
f 1127 1200 1128
f 1200 1201 1128
f 1128 1201 1129
f 1201 1202 1129
f 1129 1202 1130
f 1202 1203 1130
f 1130 1203 1131
f 1203 1204 1131
f 1131 1204 1132
f 1204 1205 1132
f 1132 1205 1133
f 1205 1206 1133
f 1133 1206 1134
f 1206 1207 1134
f 1134 1207 1135
f 1207 1208 1135
f 1135 1208 1136
f 1208 1209 1136
f 1136 1209 1137
f 1209 1210 1137
f 1137 1210 1138
f 1210 1211 1138
f 1138 1211 1139
f 1211 1212 1139
f 1139 1212 1140
f 1212 1213 1140
f 1140 1213 1141
f 1213 1214 1141
f 1141 1214 1142
f 1214 1215 1142
f 1142 1215 1143
f 1215 1216 1143
f 1143 1216 1144
f 1216 1217 1144
f 1144 1217 1145
f 1217 1218 1145
f 1145 1218 1146
f 1218 1219 1146
f 1146 1219 1147
f 1219 1220 1147
f 1147 1220 1148
f 1220 1221 1148
f 1148 1221 1149
f 1221 1222 1149
f 1149 1222 1150
f 1222 1223 1150
f 1150 1223 1151
f 1223 1224 1151
f 1151 1224 1152
f 1224 1153 1152
f 1224 1225 1153
f 1225 1226 1153
f 1153 1226 1154
f 1226 1227 1154
f 1154 1227 1155
f 1227 1228 1155
f 1155 1228 1156
f 1228 1229 1156
f 1156 1229 1157
f 1229 1230 1157
f 1157 1230 1158
f 1230 1231 1158
f 1158 1231 1159
f 1231 1232 1159
f 1159 1232 1160
f 1232 1233 1160
f 1160 1233 1161
f 1233 1234 1161
f 1161 1234 1162
f 1234 1235 1162
f 1162 1235 1163
f 1235 1236 1163
f 1163 1236 1164
f 1236 1237 1164
f 1164 1237 1165
f 1237 1238 1165
f 1165 1238 1166
f 1238 1239 1166
f 1166 1239 1167
f 1239 1240 1167
f 1167 1240 1168
f 1240 1241 1168
f 1168 1241 1169
f 1241 1242 1169
f 1169 1242 1170
f 1242 1243 1170
f 1170 1243 1171
f 1243 1244 1171
f 1171 1244 1172
f 1244 1245 1172
f 1172 1245 1173
f 1245 1246 1173
f 1173 1246 1174
f 1246 1247 1174
f 1174 1247 1175
f 1247 1248 1175
f 1175 1248 1176
f 1248 1249 1176
f 1176 1249 1177
f 1249 1250 1177
f 1177 1250 1178
f 1250 1251 1178
f 1178 1251 1179
f 1251 1252 1179
f 1179 1252 1180
f 1252 1253 1180
f 1180 1253 1181
f 1253 1254 1181
f 1181 1254 1182
f 1254 1255 1182
f 1182 1255 1183
f 1255 1256 1183
f 1183 1256 1184
f 1256 1257 1184
f 1184 1257 1185
f 1257 1258 1185
f 1185 1258 1186
f 1258 1259 1186
f 1186 1259 1187
f 1259 1260 1187
f 1187 1260 1188
f 1260 1261 1188
f 1188 1261 1189
f 1261 1262 1189
f 1189 1262 1190
f 1262 1263 1190
f 1190 1263 1191
f 1263 1264 1191
f 1191 1264 1192
f 1264 1265 1192
f 1192 1265 1193
f 1265 1266 1193
f 1193 1266 1194
f 1266 1267 1194
f 1194 1267 1195
f 1267 1268 1195
f 1195 1268 1196
f 1268 1269 1196
f 1196 1269 1197
f 1269 1270 1197
f 1197 1270 1198
f 1270 1271 1198
f 1198 1271 1199
f 1271 1272 1199
f 1199 1272 1200
f 1272 1273 1200
f 1200 1273 1201
f 1273 1274 1201
f 1201 1274 1202
f 1274 1275 1202
f 1202 1275 1203
f 1275 1276 1203
f 1203 1276 1204
f 1276 1277 1204
f 1204 1277 1205
f 1277 1278 1205
f 1205 1278 1206
f 1278 1279 1206
f 1206 1279 1207
f 1279 1280 1207
f 1207 1280 1208
f 1280 1281 1208
f 1208 1281 1209
f 1281 1282 1209
f 1209 1282 1210
f 1282 1283 1210
f 1210 1283 1211
f 1283 1284 1211
f 1211 1284 1212
f 1284 1285 1212
f 1212 1285 1213
f 1285 1286 1213
f 1213 1286 1214
f 1286 1287 1214
f 1214 1287 1215
f 1287 1288 1215
f 1215 1288 1216
f 1288 1289 1216
f 1216 1289 1217
f 1289 1290 1217
f 1217 1290 1218
f 1290 1291 1218
f 1218 1291 1219
f 1291 1292 1219
f 1219 1292 1220
f 1292 1293 1220
f 1220 1293 1221
f 1293 1294 1221
f 1221 1294 1222
f 1294 1295 1222
f 1222 1295 1223
f 1295 1296 1223
f 1223 1296 1224
f 1296 1225 1224
f 1296 1297 1225
f 1297 1298 1225
f 1225 1298 1226
f 1298 1299 1226
f 1226 1299 1227
f 1299 1300 1227
f 1227 1300 1228
f 1300 1301 1228
f 1228 1301 1229
f 1301 1302 1229
f 1229 1302 1230
f 1302 1303 1230
f 1230 1303 1231
f 1303 1304 1231
f 1231 1304 1232
f 1304 1305 1232
f 1232 1305 1233
f 1305 1306 1233
f 1233 1306 1234
f 1306 1307 1234
f 1234 1307 1235
f 1307 1308 1235
f 1235 1308 1236
f 1308 1309 1236
f 1236 1309 1237
f 1309 1310 1237
f 1237 1310 1238
f 1310 1311 1238
f 1238 1311 1239
f 1311 1312 1239
f 1239 1312 1240
f 1312 1313 1240
f 1240 1313 1241
f 1313 1314 1241
f 1241 1314 1242
f 1314 1315 1242
f 1242 1315 1243
f 1315 1316 1243
f 1243 1316 1244
f 1316 1317 1244
f 1244 1317 1245
f 1317 1318 1245
f 1245 1318 1246
f 1318 1319 1246
f 1246 1319 1247
f 1319 1320 1247
f 1247 1320 1248
f 1320 1321 1248
f 1248 1321 1249
f 1321 1322 1249
f 1249 1322 1250
f 1322 1323 1250
f 1250 1323 1251
f 1323 1324 1251
f 1251 1324 1252
f 1324 1325 1252
f 1252 1325 1253
f 1325 1326 1253
f 1253 1326 1254
f 1326 1327 1254
f 1254 1327 1255
f 1327 1328 1255
f 1255 1328 1256
f 1328 1329 1256
f 1256 1329 1257
f 1329 1330 1257
f 1257 1330 1258
f 1330 1331 1258
f 1258 1331 1259
f 1331 1332 1259
f 1259 1332 1260
f 1332 1333 1260
f 1260 1333 1261
f 1333 1334 1261
f 1261 1334 1262
f 1334 1335 1262
f 1262 1335 1263
f 1335 1336 1263
f 1263 1336 1264
f 1336 1337 1264
f 1264 1337 1265
f 1337 1338 1265
f 1265 1338 1266
f 1338 1339 1266
f 1266 1339 1267
f 1339 1340 1267
f 1267 1340 1268
f 1340 1341 1268
f 1268 1341 1269
f 1341 1342 1269
f 1269 1342 1270
f 1342 1343 1270
f 1270 1343 1271
f 1343 1344 1271
f 1271 1344 1272
f 1344 1345 1272
f 1272 1345 1273
f 1345 1346 1273
f 1273 1346 1274
f 1346 1347 1274
f 1274 1347 1275
f 1347 1348 1275
f 1275 1348 1276
f 1348 1349 1276
f 1276 1349 1277
f 1349 1350 1277
f 1277 1350 1278
f 1350 1351 1278
f 1278 1351 1279
f 1351 1352 1279
f 1279 1352 1280
f 1352 1353 1280
f 1280 1353 1281
f 1353 1354 1281
f 1281 1354 1282
f 1354 1355 1282
f 1282 1355 1283
f 1355 1356 1283
f 1283 1356 1284
f 1356 1357 1284
f 1284 1357 1285
f 1357 1358 1285
f 1285 1358 1286
f 1358 1359 1286
f 1286 1359 1287
f 1359 1360 1287
f 1287 1360 1288
f 1360 1361 1288
f 1288 1361 1289
f 1361 1362 1289
f 1289 1362 1290
f 1362 1363 1290
f 1290 1363 1291
f 1363 1364 1291
f 1291 1364 1292
f 1364 1365 1292
f 1292 1365 1293
f 1365 1366 1293
f 1293 1366 1294
f 1366 1367 1294
f 1294 1367 1295
f 1367 1368 1295
f 1295 1368 1296
f 1368 1297 1296
f 1369 1370 1371
f 1370 1372 1371
f 1371 1372 1373
f 1372 1374 1373
f 1373 1374 1375
f 1374 1376 1375
f 1375 1376 1377
f 1376 1378 1377
f 1377 1378 1379
f 1378 1380 1379
f 1379 1380 1381
f 1380 1382 1381
f 1381 1382 1383
f 1382 1384 1383
f 1383 1384 1385
f 1384 1386 1385
f 1385 1386 1387
f 1386 1388 1387
f 1387 1388 1389
f 1388 1390 1389
f 1389 1390 1391
f 1390 1392 1391
f 1391 1392 1393
f 1392 1394 1393
f 1393 1394 1395
f 1394 1396 1395
f 1395 1396 1397
f 1396 1398 1397
f 1397 1398 1399
f 1398 1400 1399
f 1399 1400 1401
f 1400 1402 1401
f 1401 1402 1403
f 1402 1404 1403
f 1403 1404 1405
f 1404 1406 1405
f 1405 1406 1407
f 1406 1408 1407
f 1407 1408 1409
f 1408 1410 1409
f 1409 1410 1411
f 1410 1412 1411
f 1411 1412 1413
f 1412 1414 1413
f 1413 1414 1415
f 1414 1416 1415
f 1415 1416 1417
f 1416 1418 1417
f 1417 1418 1419
f 1418 1420 1419
f 1419 1420 1421
f 1420 1422 1421
f 1421 1422 1423
f 1422 1424 1423
f 1423 1424 1425
f 1424 1426 1425
f 1425 1426 1427
f 1426 1428 1427
f 1427 1428 1429
f 1428 1430 1429
f 1429 1430 1431
f 1430 1432 1431
f 1431 1432 1433
f 1432 1434 1433
f 1433 1434 1435
f 1434 1436 1435
f 1435 1436 1437
f 1436 1438 1437
f 1437 1438 1439
f 1438 1440 1439
f 1439 1440 1441
f 1440 1442 1441
f 1441 1442 1443
f 1442 1444 1443
f 1443 1444 1445
f 1444 1446 1445
f 1445 1446 1447
f 1446 1448 1447
f 1447 1448 1449
f 1448 1450 1449
f 1449 1450 1451
f 1450 1452 1451
f 1451 1452 1453
f 1452 1454 1453
f 1453 1454 1455
f 1454 1456 1455
f 1455 1456 1457
f 1456 1458 1457
f 1457 1458 1459
f 1458 1460 1459
f 1459 1460 1461
f 1460 1462 1461
f 1461 1462 1463
f 1462 1464 1463
f 1463 1464 1465
f 1464 1466 1465
f 1465 1466 1467
f 1466 1468 1467
f 1467 1468 1469
f 1468 1470 1469
f 1469 1470 1471
f 1470 1472 1471
f 1471 1472 1473
f 1472 1474 1473
f 1473 1474 1475
f 1474 1476 1475
f 1475 1476 1477
f 1476 1478 1477
f 1477 1478 1479
f 1478 1480 1479
f 1479 1480 1481
f 1480 1482 1481
f 1481 1482 1483
f 1482 1484 1483
f 1483 1484 1485
f 1484 1486 1485
f 1485 1486 1487
f 1486 1488 1487
f 1487 1488 1489
f 1488 1490 1489
f 1489 1490 1491
f 1490 1492 1491
f 1491 1492 1493
f 1492 1494 1493
f 1493 1494 1495
f 1494 1496 1495
f 1495 1496 1497
f 1496 1498 1497
f 1497 1498 1499
f 1498 1500 1499
f 1499 1500 1501
f 1500 1502 1501
f 1501 1502 1503
f 1502 1504 1503
f 1503 1504 1505
f 1504 1506 1505
f 1505 1506 1507
f 1506 1508 1507
f 1507 1508 1509
f 1508 1510 1509
f 1509 1510 1511
f 1510 1512 1511
f 1511 1512 1369
f 1512 1370 1369
f 1512 1513 1370
f 1513 1514 1370
f 1370 1514 1372
f 1514 1515 1372
f 1372 1515 1374
f 1515 1516 1374
f 1374 1516 1376
f 1516 1517 1376
f 1376 1517 1378
f 1517 1518 1378
f 1378 1518 1380
f 1518 1519 1380
f 1380 1519 1382
f 1519 1520 1382
f 1382 1520 1384
f 1520 1521 1384
f 1384 1521 1386
f 1521 1522 1386
f 1386 1522 1388
f 1522 1523 1388
f 1388 1523 1390
f 1523 1524 1390
f 1390 1524 1392
f 1524 1525 1392
f 1392 1525 1394
f 1525 1526 1394
f 1394 1526 1396
f 1526 1527 1396
f 1396 1527 1398
f 1527 1528 1398
f 1398 1528 1400
f 1528 1529 1400
f 1400 1529 1402
f 1529 1530 1402
f 1402 1530 1404
f 1530 1531 1404
f 1404 1531 1406
f 1531 1532 1406
f 1406 1532 1408
f 1532 1533 1408
f 1408 1533 1410
f 1533 1534 1410
f 1410 1534 1412
f 1534 1535 1412
f 1412 1535 1414
f 1535 1536 1414
f 1414 1536 1416
f 1536 1537 1416
f 1416 1537 1418
f 1537 1538 1418
f 1418 1538 1420
f 1538 1539 1420
f 1420 1539 1422
f 1539 1540 1422
f 1422 1540 1424
f 1540 1541 1424
f 1424 1541 1426
f 1541 1542 1426
f 1426 1542 1428
f 1542 1543 1428
f 1428 1543 1430
f 1543 1544 1430
f 1430 1544 1432
f 1544 1545 1432
f 1432 1545 1434
f 1545 1546 1434
f 1434 1546 1436
f 1546 1547 1436
f 1436 1547 1438
f 1547 1548 1438
f 1438 1548 1440
f 1548 1549 1440
f 1440 1549 1442
f 1549 1550 1442
f 1442 1550 1444
f 1550 1551 1444
f 1444 1551 1446
f 1551 1552 1446
f 1446 1552 1448
f 1552 1553 1448
f 1448 1553 1450
f 1553 1554 1450
f 1450 1554 1452
f 1554 1555 1452
f 1452 1555 1454
f 1555 1556 1454
f 1454 1556 1456
f 1556 1557 1456
f 1456 1557 1458
f 1557 1558 1458
f 1458 1558 1460
f 1558 1559 1460
f 1460 1559 1462
f 1559 1560 1462
f 1462 1560 1464
f 1560 1561 1464
f 1464 1561 1466
f 1561 1562 1466
f 1466 1562 1468
f 1562 1563 1468
f 1468 1563 1470
f 1563 1564 1470
f 1470 1564 1472
f 1564 1565 1472
f 1472 1565 1474
f 1565 1566 1474
f 1474 1566 1476
f 1566 1567 1476
f 1476 1567 1478
f 1567 1568 1478
f 1478 1568 1480
f 1568 1569 1480
f 1480 1569 1482
f 1569 1570 1482
f 1482 1570 1484
f 1570 1571 1484
f 1484 1571 1486
f 1571 1572 1486
f 1486 1572 1488
f 1572 1573 1488
f 1488 1573 1490
f 1573 1574 1490
f 1490 1574 1492
f 1574 1575 1492
f 1492 1575 1494
f 1575 1576 1494
f 1494 1576 1496
f 1576 1577 1496
f 1496 1577 1498
f 1577 1578 1498
f 1498 1578 1500
f 1578 1579 1500
f 1500 1579 1502
f 1579 1580 1502
f 1502 1580 1504
f 1580 1581 1504
f 1504 1581 1506
f 1581 1582 1506
f 1506 1582 1508
f 1582 1583 1508
f 1508 1583 1510
f 1583 1584 1510
f 1510 1584 1512
f 1584 1513 1512
f 1584 1585 1513
f 1585 1586 1513
f 1513 1586 1514
f 1586 1587 1514
f 1514 1587 1515
f 1587 1588 1515
f 1515 1588 1516
f 1588 1589 1516
f 1516 1589 1517
f 1589 1590 1517
f 1517 1590 1518
f 1590 1591 1518
f 1518 1591 1519
f 1591 1592 1519
f 1519 1592 1520
f 1592 1593 1520
f 1520 1593 1521
f 1593 1594 1521
f 1521 1594 1522
f 1594 1595 1522
f 1522 1595 1523
f 1595 1596 1523
f 1523 1596 1524
f 1596 1597 1524
f 1524 1597 1525
f 1597 1598 1525
f 1525 1598 1526
f 1598 1599 1526
f 1526 1599 1527
f 1599 1600 1527
f 1527 1600 1528
f 1600 1601 1528
f 1528 1601 1529
f 1601 1602 1529
f 1529 1602 1530
f 1602 1603 1530
f 1530 1603 1531
f 1603 1604 1531
f 1531 1604 1532
f 1604 1605 1532
f 1532 1605 1533
f 1605 1606 1533
f 1533 1606 1534
f 1606 1607 1534
f 1534 1607 1535
f 1607 1608 1535
f 1535 1608 1536
f 1608 1609 1536
f 1536 1609 1537
f 1609 1610 1537
f 1537 1610 1538
f 1610 1611 1538
f 1538 1611 1539
f 1611 1612 1539
f 1539 1612 1540
f 1612 1613 1540
f 1540 1613 1541
f 1613 1614 1541
f 1541 1614 1542
f 1614 1615 1542
f 1542 1615 1543
f 1615 1616 1543
f 1543 1616 1544
f 1616 1617 1544
f 1544 1617 1545
f 1617 1618 1545
f 1545 1618 1546
f 1618 1619 1546
f 1546 1619 1547
f 1619 1620 1547
f 1547 1620 1548
f 1620 1621 1548
f 1548 1621 1549
f 1621 1622 1549
f 1549 1622 1550
f 1622 1623 1550
f 1550 1623 1551
f 1623 1624 1551
f 1551 1624 1552
f 1624 1625 1552
f 1552 1625 1553
f 1625 1626 1553
f 1553 1626 1554
f 1626 1627 1554
f 1554 1627 1555
f 1627 1628 1555
f 1555 1628 1556
f 1628 1629 1556
f 1556 1629 1557
f 1629 1630 1557
f 1557 1630 1558
f 1630 1631 1558
f 1558 1631 1559
f 1631 1632 1559
f 1559 1632 1560
f 1632 1633 1560
f 1560 1633 1561
f 1633 1634 1561
f 1561 1634 1562
f 1634 1635 1562
f 1562 1635 1563
f 1635 1636 1563
f 1563 1636 1564
f 1636 1637 1564
f 1564 1637 1565
f 1637 1638 1565
f 1565 1638 1566
f 1638 1639 1566
f 1566 1639 1567
f 1639 1640 1567
f 1567 1640 1568
f 1640 1641 1568
f 1568 1641 1569
f 1641 1642 1569
f 1569 1642 1570
f 1642 1643 1570
f 1570 1643 1571
f 1643 1644 1571
f 1571 1644 1572
f 1644 1645 1572
f 1572 1645 1573
f 1645 1646 1573
f 1573 1646 1574
f 1646 1647 1574
f 1574 1647 1575
f 1647 1648 1575
f 1575 1648 1576
f 1648 1649 1576
f 1576 1649 1577
f 1649 1650 1577
f 1577 1650 1578
f 1650 1651 1578
f 1578 1651 1579
f 1651 1652 1579
f 1579 1652 1580
f 1652 1653 1580
f 1580 1653 1581
f 1653 1654 1581
f 1581 1654 1582
f 1654 1655 1582
f 1582 1655 1583
f 1655 1656 1583
f 1583 1656 1584
f 1656 1585 1584
f 1656 1657 1585
f 1657 1658 1585
f 1585 1658 1586
f 1658 1659 1586
f 1586 1659 1587
f 1659 1660 1587
f 1587 1660 1588
f 1660 1661 1588
f 1588 1661 1589
f 1661 1662 1589
f 1589 1662 1590
f 1662 1663 1590
f 1590 1663 1591
f 1663 1664 1591
f 1591 1664 1592
f 1664 1665 1592
f 1592 1665 1593
f 1665 1666 1593
f 1593 1666 1594
f 1666 1667 1594
f 1594 1667 1595
f 1667 1668 1595
f 1595 1668 1596
f 1668 1669 1596
f 1596 1669 1597
f 1669 1670 1597
f 1597 1670 1598
f 1670 1671 1598
f 1598 1671 1599
f 1671 1672 1599
f 1599 1672 1600
f 1672 1673 1600
f 1600 1673 1601
f 1673 1674 1601
f 1601 1674 1602
f 1674 1675 1602
f 1602 1675 1603
f 1675 1676 1603
f 1603 1676 1604
f 1676 1677 1604
f 1604 1677 1605
f 1677 1678 1605
f 1605 1678 1606
f 1678 1679 1606
f 1606 1679 1607
f 1679 1680 1607
f 1607 1680 1608
f 1680 1681 1608
f 1608 1681 1609
f 1681 1682 1609
f 1609 1682 1610
f 1682 1683 1610
f 1610 1683 1611
f 1683 1684 1611
f 1611 1684 1612
f 1684 1685 1612
f 1612 1685 1613
f 1685 1686 1613
f 1613 1686 1614
f 1686 1687 1614
f 1614 1687 1615
f 1687 1688 1615
f 1615 1688 1616
f 1688 1689 1616
f 1616 1689 1617
f 1689 1690 1617
f 1617 1690 1618
f 1690 1691 1618
f 1618 1691 1619
f 1691 1692 1619
f 1619 1692 1620
f 1692 1693 1620
f 1620 1693 1621
f 1693 1694 1621
f 1621 1694 1622
f 1694 1695 1622
f 1622 1695 1623
f 1695 1696 1623
f 1623 1696 1624
f 1696 1697 1624
f 1624 1697 1625
f 1697 1698 1625
f 1625 1698 1626
f 1698 1699 1626
f 1626 1699 1627
f 1699 1700 1627
f 1627 1700 1628
f 1700 1701 1628
f 1628 1701 1629
f 1701 1702 1629
f 1629 1702 1630
f 1702 1703 1630
f 1630 1703 1631
f 1703 1704 1631
f 1631 1704 1632
f 1704 1705 1632
f 1632 1705 1633
f 1705 1706 1633
f 1633 1706 1634
f 1706 1707 1634
f 1634 1707 1635
f 1707 1708 1635
f 1635 1708 1636
f 1708 1709 1636
f 1636 1709 1637
f 1709 1710 1637
f 1637 1710 1638
f 1710 1711 1638
f 1638 1711 1639
f 1711 1712 1639
f 1639 1712 1640
f 1712 1713 1640
f 1640 1713 1641
f 1713 1714 1641
f 1641 1714 1642
f 1714 1715 1642
f 1642 1715 1643
f 1715 1716 1643
f 1643 1716 1644
f 1716 1717 1644
f 1644 1717 1645
f 1717 1718 1645
f 1645 1718 1646
f 1718 1719 1646
f 1646 1719 1647
f 1719 1720 1647
f 1647 1720 1648
f 1720 1721 1648
f 1648 1721 1649
f 1721 1722 1649
f 1649 1722 1650
f 1722 1723 1650
f 1650 1723 1651
f 1723 1724 1651
f 1651 1724 1652
f 1724 1725 1652
f 1652 1725 1653
f 1725 1726 1653
f 1653 1726 1654
f 1726 1727 1654
f 1654 1727 1655
f 1727 1728 1655
f 1655 1728 1656
f 1728 1657 1656
f 1728 1729 1657
f 1729 1730 1657
f 1657 1730 1658
f 1730 1731 1658
f 1658 1731 1659
f 1731 1732 1659
f 1659 1732 1660
f 1732 1733 1660
f 1660 1733 1661
f 1733 1734 1661
f 1661 1734 1662
f 1734 1735 1662
f 1662 1735 1663
f 1735 1736 1663
f 1663 1736 1664
f 1736 1737 1664
f 1664 1737 1665
f 1737 1738 1665
f 1665 1738 1666
f 1738 1739 1666
f 1666 1739 1667
f 1739 1740 1667
f 1667 1740 1668
f 1740 1741 1668
f 1668 1741 1669
f 1741 1742 1669
f 1669 1742 1670
f 1742 1743 1670
f 1670 1743 1671
f 1743 1744 1671
f 1671 1744 1672
f 1744 1745 1672
f 1672 1745 1673
f 1745 1746 1673
f 1673 1746 1674
f 1746 1747 1674
f 1674 1747 1675
f 1747 1748 1675
f 1675 1748 1676
f 1748 1749 1676
f 1676 1749 1677
f 1749 1750 1677
f 1677 1750 1678
f 1750 1751 1678
f 1678 1751 1679
f 1751 1752 1679
f 1679 1752 1680
f 1752 1753 1680
f 1680 1753 1681
f 1753 1754 1681
f 1681 1754 1682
f 1754 1755 1682
f 1682 1755 1683
f 1755 1756 1683
f 1683 1756 1684
f 1756 1757 1684
f 1684 1757 1685
f 1757 1758 1685
f 1685 1758 1686
f 1758 1759 1686
f 1686 1759 1687
f 1759 1760 1687
f 1687 1760 1688
f 1760 1761 1688
f 1688 1761 1689
f 1761 1762 1689
f 1689 1762 1690
f 1762 1763 1690
f 1690 1763 1691
f 1763 1764 1691
f 1691 1764 1692
f 1764 1765 1692
f 1692 1765 1693
f 1765 1766 1693
f 1693 1766 1694
f 1766 1767 1694
f 1694 1767 1695
f 1767 1768 1695
f 1695 1768 1696
f 1768 1769 1696
f 1696 1769 1697
f 1769 1770 1697
f 1697 1770 1698
f 1770 1771 1698
f 1698 1771 1699
f 1771 1772 1699
f 1699 1772 1700
f 1772 1773 1700
f 1700 1773 1701
f 1773 1774 1701
f 1701 1774 1702
f 1774 1775 1702
f 1702 1775 1703
f 1775 1776 1703
f 1703 1776 1704
f 1776 1777 1704
f 1704 1777 1705
f 1777 1778 1705
f 1705 1778 1706
f 1778 1779 1706
f 1706 1779 1707
f 1779 1780 1707
f 1707 1780 1708
f 1780 1781 1708
f 1708 1781 1709
f 1781 1782 1709
f 1709 1782 1710
f 1782 1783 1710
f 1710 1783 1711
f 1783 1784 1711
f 1711 1784 1712
f 1784 1785 1712
f 1712 1785 1713
f 1785 1786 1713
f 1713 1786 1714
f 1786 1787 1714
f 1714 1787 1715
f 1787 1788 1715
f 1715 1788 1716
f 1788 1789 1716
f 1716 1789 1717
f 1789 1790 1717
f 1717 1790 1718
f 1790 1791 1718
f 1718 1791 1719
f 1791 1792 1719
f 1719 1792 1720
f 1792 1793 1720
f 1720 1793 1721
f 1793 1794 1721
f 1721 1794 1722
f 1794 1795 1722
f 1722 1795 1723
f 1795 1796 1723
f 1723 1796 1724
f 1796 1797 1724
f 1724 1797 1725
f 1797 1798 1725
f 1725 1798 1726
f 1798 1799 1726
f 1726 1799 1727
f 1799 1800 1727
f 1727 1800 1728
f 1800 1729 1728
f 1800 1801 1729
f 1801 1802 1729
f 1729 1802 1730
f 1802 1803 1730
f 1730 1803 1731
f 1803 1804 1731
f 1731 1804 1732
f 1804 1805 1732
f 1732 1805 1733
f 1805 1806 1733
f 1733 1806 1734
f 1806 1807 1734
f 1734 1807 1735
f 1807 1808 1735
f 1735 1808 1736
f 1808 1809 1736
f 1736 1809 1737
f 1809 1810 1737
f 1737 1810 1738
f 1810 1811 1738
f 1738 1811 1739
f 1811 1812 1739
f 1739 1812 1740
f 1812 1813 1740
f 1740 1813 1741
f 1813 1814 1741
f 1741 1814 1742
f 1814 1815 1742
f 1742 1815 1743
f 1815 1816 1743
f 1743 1816 1744
f 1816 1817 1744
f 1744 1817 1745
f 1817 1818 1745
f 1745 1818 1746
f 1818 1819 1746
f 1746 1819 1747
f 1819 1820 1747
f 1747 1820 1748
f 1820 1821 1748
f 1748 1821 1749
f 1821 1822 1749
f 1749 1822 1750
f 1822 1823 1750
f 1750 1823 1751
f 1823 1824 1751
f 1751 1824 1752
f 1824 1825 1752
f 1752 1825 1753
f 1825 1826 1753
f 1753 1826 1754
f 1826 1827 1754
f 1754 1827 1755
f 1827 1828 1755
f 1755 1828 1756
f 1828 1829 1756
f 1756 1829 1757
f 1829 1830 1757
f 1757 1830 1758
f 1830 1831 1758
f 1758 1831 1759
f 1831 1832 1759
f 1759 1832 1760
f 1832 1833 1760
f 1760 1833 1761
f 1833 1834 1761
f 1761 1834 1762
f 1834 1835 1762
f 1762 1835 1763
f 1835 1836 1763
f 1763 1836 1764
f 1836 1837 1764
f 1764 1837 1765
f 1837 1838 1765
f 1765 1838 1766
f 1838 1839 1766
f 1766 1839 1767
f 1839 1840 1767
f 1767 1840 1768
f 1840 1841 1768
f 1768 1841 1769
f 1841 1842 1769
f 1769 1842 1770
f 1842 1843 1770
f 1770 1843 1771
f 1843 1844 1771
f 1771 1844 1772
f 1844 1845 1772
f 1772 1845 1773
f 1845 1846 1773
f 1773 1846 1774
f 1846 1847 1774
f 1774 1847 1775
f 1847 1848 1775
f 1775 1848 1776
f 1848 1849 1776
f 1776 1849 1777
f 1849 1850 1777
f 1777 1850 1778
f 1850 1851 1778
f 1778 1851 1779
f 1851 1852 1779
f 1779 1852 1780
f 1852 1853 1780
f 1780 1853 1781
f 1853 1854 1781
f 1781 1854 1782
f 1854 1855 1782
f 1782 1855 1783
f 1855 1856 1783
f 1783 1856 1784
f 1856 1857 1784
f 1784 1857 1785
f 1857 1858 1785
f 1785 1858 1786
f 1858 1859 1786
f 1786 1859 1787
f 1859 1860 1787
f 1787 1860 1788
f 1860 1861 1788
f 1788 1861 1789
f 1861 1862 1789
f 1789 1862 1790
f 1862 1863 1790
f 1790 1863 1791
f 1863 1864 1791
f 1791 1864 1792
f 1864 1865 1792
f 1792 1865 1793
f 1865 1866 1793
f 1793 1866 1794
f 1866 1867 1794
f 1794 1867 1795
f 1867 1868 1795
f 1795 1868 1796
f 1868 1869 1796
f 1796 1869 1797
f 1869 1870 1797
f 1797 1870 1798
f 1870 1871 1798
f 1798 1871 1799
f 1871 1872 1799
f 1799 1872 1800
f 1872 1801 1800
f 1872 1873 1801
f 1873 1874 1801
f 1801 1874 1802
f 1874 1875 1802
f 1802 1875 1803
f 1875 1876 1803
f 1803 1876 1804
f 1876 1877 1804
f 1804 1877 1805
f 1877 1878 1805
f 1805 1878 1806
f 1878 1879 1806
f 1806 1879 1807
f 1879 1880 1807
f 1807 1880 1808
f 1880 1881 1808
f 1808 1881 1809
f 1881 1882 1809
f 1809 1882 1810
f 1882 1883 1810
f 1810 1883 1811
f 1883 1884 1811
f 1811 1884 1812
f 1884 1885 1812
f 1812 1885 1813
f 1885 1886 1813
f 1813 1886 1814
f 1886 1887 1814
f 1814 1887 1815
f 1887 1888 1815
f 1815 1888 1816
f 1888 1889 1816
f 1816 1889 1817
f 1889 1890 1817
f 1817 1890 1818
f 1890 1891 1818
f 1818 1891 1819
f 1891 1892 1819
f 1819 1892 1820
f 1892 1893 1820
f 1820 1893 1821
f 1893 1894 1821
f 1821 1894 1822
f 1894 1895 1822
f 1822 1895 1823
f 1895 1896 1823
f 1823 1896 1824
f 1896 1897 1824
f 1824 1897 1825
f 1897 1898 1825
f 1825 1898 1826
f 1898 1899 1826
f 1826 1899 1827
f 1899 1900 1827
f 1827 1900 1828
f 1900 1901 1828
f 1828 1901 1829
f 1901 1902 1829
f 1829 1902 1830
f 1902 1903 1830
f 1830 1903 1831
f 1903 1904 1831
f 1831 1904 1832
f 1904 1905 1832
f 1832 1905 1833
f 1905 1906 1833
f 1833 1906 1834
f 1906 1907 1834
f 1834 1907 1835
f 1907 1908 1835
f 1835 1908 1836
f 1908 1909 1836
f 1836 1909 1837
f 1909 1910 1837
f 1837 1910 1838
f 1910 1911 1838
f 1838 1911 1839
f 1911 1912 1839
f 1839 1912 1840
f 1912 1913 1840
f 1840 1913 1841
f 1913 1914 1841
f 1841 1914 1842
f 1914 1915 1842
f 1842 1915 1843
f 1915 1916 1843
f 1843 1916 1844
f 1916 1917 1844
f 1844 1917 1845
f 1917 1918 1845
f 1845 1918 1846
f 1918 1919 1846
f 1846 1919 1847
f 1919 1920 1847
f 1847 1920 1848
f 1920 1921 1848
f 1848 1921 1849
f 1921 1922 1849
f 1849 1922 1850
f 1922 1923 1850
f 1850 1923 1851
f 1923 1924 1851
f 1851 1924 1852
f 1924 1925 1852
f 1852 1925 1853
f 1925 1926 1853
f 1853 1926 1854
f 1926 1927 1854
f 1854 1927 1855
f 1927 1928 1855
f 1855 1928 1856
f 1928 1929 1856
f 1856 1929 1857
f 1929 1930 1857
f 1857 1930 1858
f 1930 1931 1858
f 1858 1931 1859
f 1931 1932 1859
f 1859 1932 1860
f 1932 1933 1860
f 1860 1933 1861
f 1933 1934 1861
f 1861 1934 1862
f 1934 1935 1862
f 1862 1935 1863
f 1935 1936 1863
f 1863 1936 1864
f 1936 1937 1864
f 1864 1937 1865
f 1937 1938 1865
f 1865 1938 1866
f 1938 1939 1866
f 1866 1939 1867
f 1939 1940 1867
f 1867 1940 1868
f 1940 1941 1868
f 1868 1941 1869
f 1941 1942 1869
f 1869 1942 1870
f 1942 1943 1870
f 1870 1943 1871
f 1943 1944 1871
f 1871 1944 1872
f 1944 1873 1872
f 1944 1945 1873
f 1945 1946 1873
f 1873 1946 1874
f 1946 1947 1874
f 1874 1947 1875
f 1947 1948 1875
f 1875 1948 1876
f 1948 1949 1876
f 1876 1949 1877
f 1949 1950 1877
f 1877 1950 1878
f 1950 1951 1878
f 1878 1951 1879
f 1951 1952 1879
f 1879 1952 1880
f 1952 1953 1880
f 1880 1953 1881
f 1953 1954 1881
f 1881 1954 1882
f 1954 1955 1882
f 1882 1955 1883
f 1955 1956 1883
f 1883 1956 1884
f 1956 1957 1884
f 1884 1957 1885
f 1957 1958 1885
f 1885 1958 1886
f 1958 1959 1886
f 1886 1959 1887
f 1959 1960 1887
f 1887 1960 1888
f 1960 1961 1888
f 1888 1961 1889
f 1961 1962 1889
f 1889 1962 1890
f 1962 1963 1890
f 1890 1963 1891
f 1963 1964 1891
f 1891 1964 1892
f 1964 1965 1892
f 1892 1965 1893
f 1965 1966 1893
f 1893 1966 1894
f 1966 1967 1894
f 1894 1967 1895
f 1967 1968 1895
f 1895 1968 1896
f 1968 1969 1896
f 1896 1969 1897
f 1969 1970 1897
f 1897 1970 1898
f 1970 1971 1898
f 1898 1971 1899
f 1971 1972 1899
f 1899 1972 1900
f 1972 1973 1900
f 1900 1973 1901
f 1973 1974 1901
f 1901 1974 1902
f 1974 1975 1902
f 1902 1975 1903
f 1975 1976 1903
f 1903 1976 1904
f 1976 1977 1904
f 1904 1977 1905
f 1977 1978 1905
f 1905 1978 1906
f 1978 1979 1906
f 1906 1979 1907
f 1979 1980 1907
f 1907 1980 1908
f 1980 1981 1908
f 1908 1981 1909
f 1981 1982 1909
f 1909 1982 1910
f 1982 1983 1910
f 1910 1983 1911
f 1983 1984 1911
f 1911 1984 1912
f 1984 1985 1912
f 1912 1985 1913
f 1985 1986 1913
f 1913 1986 1914
f 1986 1987 1914
f 1914 1987 1915
f 1987 1988 1915
f 1915 1988 1916
f 1988 1989 1916
f 1916 1989 1917
f 1989 1990 1917
f 1917 1990 1918
f 1990 1991 1918
f 1918 1991 1919
f 1991 1992 1919
f 1919 1992 1920
f 1992 1993 1920
f 1920 1993 1921
f 1993 1994 1921
f 1921 1994 1922
f 1994 1995 1922
f 1922 1995 1923
f 1995 1996 1923
f 1923 1996 1924
f 1996 1997 1924
f 1924 1997 1925
f 1997 1998 1925
f 1925 1998 1926
f 1998 1999 1926
f 1926 1999 1927
f 1999 2000 1927
f 1927 2000 1928
f 2000 2001 1928
f 1928 2001 1929
f 2001 2002 1929
f 1929 2002 1930
f 2002 2003 1930
f 1930 2003 1931
f 2003 2004 1931
f 1931 2004 1932
f 2004 2005 1932
f 1932 2005 1933
f 2005 2006 1933
f 1933 2006 1934
f 2006 2007 1934
f 1934 2007 1935
f 2007 2008 1935
f 1935 2008 1936
f 2008 2009 1936
f 1936 2009 1937
f 2009 2010 1937
f 1937 2010 1938
f 2010 2011 1938
f 1938 2011 1939
f 2011 2012 1939
f 1939 2012 1940
f 2012 2013 1940
f 1940 2013 1941
f 2013 2014 1941
f 1941 2014 1942
f 2014 2015 1942
f 1942 2015 1943
f 2015 2016 1943
f 1943 2016 1944
f 2016 1945 1944
f 2016 2017 1945
f 2017 2018 1945
f 1945 2018 1946
f 2018 2019 1946
f 1946 2019 1947
f 2019 2020 1947
f 1947 2020 1948
f 2020 2021 1948
f 1948 2021 1949
f 2021 2022 1949
f 1949 2022 1950
f 2022 2023 1950
f 1950 2023 1951
f 2023 2024 1951
f 1951 2024 1952
f 2024 2025 1952
f 1952 2025 1953
f 2025 2026 1953
f 1953 2026 1954
f 2026 2027 1954
f 1954 2027 1955
f 2027 2028 1955
f 1955 2028 1956
f 2028 2029 1956
f 1956 2029 1957
f 2029 2030 1957
f 1957 2030 1958
f 2030 2031 1958
f 1958 2031 1959
f 2031 2032 1959
f 1959 2032 1960
f 2032 2033 1960
f 1960 2033 1961
f 2033 2034 1961
f 1961 2034 1962
f 2034 2035 1962
f 1962 2035 1963
f 2035 2036 1963
f 1963 2036 1964
f 2036 2037 1964
f 1964 2037 1965
f 2037 2038 1965
f 1965 2038 1966
f 2038 2039 1966
f 1966 2039 1967
f 2039 2040 1967
f 1967 2040 1968
f 2040 2041 1968
f 1968 2041 1969
f 2041 2042 1969
f 1969 2042 1970
f 2042 2043 1970
f 1970 2043 1971
f 2043 2044 1971
f 1971 2044 1972
f 2044 2045 1972
f 1972 2045 1973
f 2045 2046 1973
f 1973 2046 1974
f 2046 2047 1974
f 1974 2047 1975
f 2047 2048 1975
f 1975 2048 1976
f 2048 2049 1976
f 1976 2049 1977
f 2049 2050 1977
f 1977 2050 1978
f 2050 2051 1978
f 1978 2051 1979
f 2051 2052 1979
f 1979 2052 1980
f 2052 2053 1980
f 1980 2053 1981
f 2053 2054 1981
f 1981 2054 1982
f 2054 2055 1982
f 1982 2055 1983
f 2055 2056 1983
f 1983 2056 1984
f 2056 2057 1984
f 1984 2057 1985
f 2057 2058 1985
f 1985 2058 1986
f 2058 2059 1986
f 1986 2059 1987
f 2059 2060 1987
f 1987 2060 1988
f 2060 2061 1988
f 1988 2061 1989
f 2061 2062 1989
f 1989 2062 1990
f 2062 2063 1990
f 1990 2063 1991
f 2063 2064 1991
f 1991 2064 1992
f 2064 2065 1992
f 1992 2065 1993
f 2065 2066 1993
f 1993 2066 1994
f 2066 2067 1994
f 1994 2067 1995
f 2067 2068 1995
f 1995 2068 1996
f 2068 2069 1996
f 1996 2069 1997
f 2069 2070 1997
f 1997 2070 1998
f 2070 2071 1998
f 1998 2071 1999
f 2071 2072 1999
f 1999 2072 2000
f 2072 2073 2000
f 2000 2073 2001
f 2073 2074 2001
f 2001 2074 2002
f 2074 2075 2002
f 2002 2075 2003
f 2075 2076 2003
f 2003 2076 2004
f 2076 2077 2004
f 2004 2077 2005
f 2077 2078 2005
f 2005 2078 2006
f 2078 2079 2006
f 2006 2079 2007
f 2079 2080 2007
f 2007 2080 2008
f 2080 2081 2008
f 2008 2081 2009
f 2081 2082 2009
f 2009 2082 2010
f 2082 2083 2010
f 2010 2083 2011
f 2083 2084 2011
f 2011 2084 2012
f 2084 2085 2012
f 2012 2085 2013
f 2085 2086 2013
f 2013 2086 2014
f 2086 2087 2014
f 2014 2087 2015
f 2087 2088 2015
f 2015 2088 2016
f 2088 2017 2016
f 2088 2089 2017
f 2089 2090 2017
f 2017 2090 2018
f 2090 2091 2018
f 2018 2091 2019
f 2091 2092 2019
f 2019 2092 2020
f 2092 2093 2020
f 2020 2093 2021
f 2093 2094 2021
f 2021 2094 2022
f 2094 2095 2022
f 2022 2095 2023
f 2095 2096 2023
f 2023 2096 2024
f 2096 2097 2024
f 2024 2097 2025
f 2097 2098 2025
f 2025 2098 2026
f 2098 2099 2026
f 2026 2099 2027
f 2099 2100 2027
f 2027 2100 2028
f 2100 2101 2028
f 2028 2101 2029
f 2101 2102 2029
f 2029 2102 2030
f 2102 2103 2030
f 2030 2103 2031
f 2103 2104 2031
f 2031 2104 2032
f 2104 2105 2032
f 2032 2105 2033
f 2105 2106 2033
f 2033 2106 2034
f 2106 2107 2034
f 2034 2107 2035
f 2107 2108 2035
f 2035 2108 2036
f 2108 2109 2036
f 2036 2109 2037
f 2109 2110 2037
f 2037 2110 2038
f 2110 2111 2038
f 2038 2111 2039
f 2111 2112 2039
f 2039 2112 2040
f 2112 2113 2040
f 2040 2113 2041
f 2113 2114 2041
f 2041 2114 2042
f 2114 2115 2042
f 2042 2115 2043
f 2115 2116 2043
f 2043 2116 2044
f 2116 2117 2044
f 2044 2117 2045
f 2117 2118 2045
f 2045 2118 2046
f 2118 2119 2046
f 2046 2119 2047
f 2119 2120 2047
f 2047 2120 2048
f 2120 2121 2048
f 2048 2121 2049
f 2121 2122 2049
f 2049 2122 2050
f 2122 2123 2050
f 2050 2123 2051
f 2123 2124 2051
f 2051 2124 2052
f 2124 2125 2052
f 2052 2125 2053
f 2125 2126 2053
f 2053 2126 2054
f 2126 2127 2054
f 2054 2127 2055
f 2127 2128 2055
f 2055 2128 2056
f 2128 2129 2056
f 2056 2129 2057
f 2129 2130 2057
f 2057 2130 2058
f 2130 2131 2058
f 2058 2131 2059
f 2131 2132 2059
f 2059 2132 2060
f 2132 2133 2060
f 2060 2133 2061
f 2133 2134 2061
f 2061 2134 2062
f 2134 2135 2062
f 2062 2135 2063
f 2135 2136 2063
f 2063 2136 2064
f 2136 2137 2064
f 2064 2137 2065
f 2137 2138 2065
f 2065 2138 2066
f 2138 2139 2066
f 2066 2139 2067
f 2139 2140 2067
f 2067 2140 2068
f 2140 2141 2068
f 2068 2141 2069
f 2141 2142 2069
f 2069 2142 2070
f 2142 2143 2070
f 2070 2143 2071
f 2143 2144 2071
f 2071 2144 2072
f 2144 2145 2072
f 2072 2145 2073
f 2145 2146 2073
f 2073 2146 2074
f 2146 2147 2074
f 2074 2147 2075
f 2147 2148 2075
f 2075 2148 2076
f 2148 2149 2076
f 2076 2149 2077
f 2149 2150 2077
f 2077 2150 2078
f 2150 2151 2078
f 2078 2151 2079
f 2151 2152 2079
f 2079 2152 2080
f 2152 2153 2080
f 2080 2153 2081
f 2153 2154 2081
f 2081 2154 2082
f 2154 2155 2082
f 2082 2155 2083
f 2155 2156 2083
f 2083 2156 2084
f 2156 2157 2084
f 2084 2157 2085
f 2157 2158 2085
f 2085 2158 2086
f 2158 2159 2086
f 2086 2159 2087
f 2159 2160 2087
f 2087 2160 2088
f 2160 2089 2088
f 2160 2161 2089
f 2161 2162 2089
f 2089 2162 2090
f 2162 2163 2090
f 2090 2163 2091
f 2163 2164 2091
f 2091 2164 2092
f 2164 2165 2092
f 2092 2165 2093
f 2165 2166 2093
f 2093 2166 2094
f 2166 2167 2094
f 2094 2167 2095
f 2167 2168 2095
f 2095 2168 2096
f 2168 2169 2096
f 2096 2169 2097
f 2169 2170 2097
f 2097 2170 2098
f 2170 2171 2098
f 2098 2171 2099
f 2171 2172 2099
f 2099 2172 2100
f 2172 2173 2100
f 2100 2173 2101
f 2173 2174 2101
f 2101 2174 2102
f 2174 2175 2102
f 2102 2175 2103
f 2175 2176 2103
f 2103 2176 2104
f 2176 2177 2104
f 2104 2177 2105
f 2177 2178 2105
f 2105 2178 2106
f 2178 2179 2106
f 2106 2179 2107
f 2179 2180 2107
f 2107 2180 2108
f 2180 2181 2108
f 2108 2181 2109
f 2181 2182 2109
f 2109 2182 2110
f 2182 2183 2110
f 2110 2183 2111
f 2183 2184 2111
f 2111 2184 2112
f 2184 2185 2112
f 2112 2185 2113
f 2185 2186 2113
f 2113 2186 2114
f 2186 2187 2114
f 2114 2187 2115
f 2187 2188 2115
f 2115 2188 2116
f 2188 2189 2116
f 2116 2189 2117
f 2189 2190 2117
f 2117 2190 2118
f 2190 2191 2118
f 2118 2191 2119
f 2191 2192 2119
f 2119 2192 2120
f 2192 2193 2120
f 2120 2193 2121
f 2193 2194 2121
f 2121 2194 2122
f 2194 2195 2122
f 2122 2195 2123
f 2195 2196 2123
f 2123 2196 2124
f 2196 2197 2124
f 2124 2197 2125
f 2197 2198 2125
f 2125 2198 2126
f 2198 2199 2126
f 2126 2199 2127
f 2199 2200 2127
f 2127 2200 2128
f 2200 2201 2128
f 2128 2201 2129
f 2201 2202 2129
f 2129 2202 2130
f 2202 2203 2130
f 2130 2203 2131
f 2203 2204 2131
f 2131 2204 2132
f 2204 2205 2132
f 2132 2205 2133
f 2205 2206 2133
f 2133 2206 2134
f 2206 2207 2134
f 2134 2207 2135
f 2207 2208 2135
f 2135 2208 2136
f 2208 2209 2136
f 2136 2209 2137
f 2209 2210 2137
f 2137 2210 2138
f 2210 2211 2138
f 2138 2211 2139
f 2211 2212 2139
f 2139 2212 2140
f 2212 2213 2140
f 2140 2213 2141
f 2213 2214 2141
f 2141 2214 2142
f 2214 2215 2142
f 2142 2215 2143
f 2215 2216 2143
f 2143 2216 2144
f 2216 2217 2144
f 2144 2217 2145
f 2217 2218 2145
f 2145 2218 2146
f 2218 2219 2146
f 2146 2219 2147
f 2219 2220 2147
f 2147 2220 2148
f 2220 2221 2148
f 2148 2221 2149
f 2221 2222 2149
f 2149 2222 2150
f 2222 2223 2150
f 2150 2223 2151
f 2223 2224 2151
f 2151 2224 2152
f 2224 2225 2152
f 2152 2225 2153
f 2225 2226 2153
f 2153 2226 2154
f 2226 2227 2154
f 2154 2227 2155
f 2227 2228 2155
f 2155 2228 2156
f 2228 2229 2156
f 2156 2229 2157
f 2229 2230 2157
f 2157 2230 2158
f 2230 2231 2158
f 2158 2231 2159
f 2231 2232 2159
f 2159 2232 2160
f 2232 2161 2160
f 2232 2233 2161
f 2233 2234 2161
f 2161 2234 2162
f 2234 2235 2162
f 2162 2235 2163
f 2235 2236 2163
f 2163 2236 2164
f 2236 2237 2164
f 2164 2237 2165
f 2237 2238 2165
f 2165 2238 2166
f 2238 2239 2166
f 2166 2239 2167
f 2239 2240 2167
f 2167 2240 2168
f 2240 2241 2168
f 2168 2241 2169
f 2241 2242 2169
f 2169 2242 2170
f 2242 2243 2170
f 2170 2243 2171
f 2243 2244 2171
f 2171 2244 2172
f 2244 2245 2172
f 2172 2245 2173
f 2245 2246 2173
f 2173 2246 2174
f 2246 2247 2174
f 2174 2247 2175
f 2247 2248 2175
f 2175 2248 2176
f 2248 2249 2176
f 2176 2249 2177
f 2249 2250 2177
f 2177 2250 2178
f 2250 2251 2178
f 2178 2251 2179
f 2251 2252 2179
f 2179 2252 2180
f 2252 2253 2180
f 2180 2253 2181
f 2253 2254 2181
f 2181 2254 2182
f 2254 2255 2182
f 2182 2255 2183
f 2255 2256 2183
f 2183 2256 2184
f 2256 2257 2184
f 2184 2257 2185
f 2257 2258 2185
f 2185 2258 2186
f 2258 2259 2186
f 2186 2259 2187
f 2259 2260 2187
f 2187 2260 2188
f 2260 2261 2188
f 2188 2261 2189
f 2261 2262 2189
f 2189 2262 2190
f 2262 2263 2190
f 2190 2263 2191
f 2263 2264 2191
f 2191 2264 2192
f 2264 2265 2192
f 2192 2265 2193
f 2265 2266 2193
f 2193 2266 2194
f 2266 2267 2194
f 2194 2267 2195
f 2267 2268 2195
f 2195 2268 2196
f 2268 2269 2196
f 2196 2269 2197
f 2269 2270 2197
f 2197 2270 2198
f 2270 2271 2198
f 2198 2271 2199
f 2271 2272 2199
f 2199 2272 2200
f 2272 2273 2200
f 2200 2273 2201
f 2273 2274 2201
f 2201 2274 2202
f 2274 2275 2202
f 2202 2275 2203
f 2275 2276 2203
f 2203 2276 2204
f 2276 2277 2204
f 2204 2277 2205
f 2277 2278 2205
f 2205 2278 2206
f 2278 2279 2206
f 2206 2279 2207
f 2279 2280 2207
f 2207 2280 2208
f 2280 2281 2208
f 2208 2281 2209
f 2281 2282 2209
f 2209 2282 2210
f 2282 2283 2210
f 2210 2283 2211
f 2283 2284 2211
f 2211 2284 2212
f 2284 2285 2212
f 2212 2285 2213
f 2285 2286 2213
f 2213 2286 2214
f 2286 2287 2214
f 2214 2287 2215
f 2287 2288 2215
f 2215 2288 2216
f 2288 2289 2216
f 2216 2289 2217
f 2289 2290 2217
f 2217 2290 2218
f 2290 2291 2218
f 2218 2291 2219
f 2291 2292 2219
f 2219 2292 2220
f 2292 2293 2220
f 2220 2293 2221
f 2293 2294 2221
f 2221 2294 2222
f 2294 2295 2222
f 2222 2295 2223
f 2295 2296 2223
f 2223 2296 2224
f 2296 2297 2224
f 2224 2297 2225
f 2297 2298 2225
f 2225 2298 2226
f 2298 2299 2226
f 2226 2299 2227
f 2299 2300 2227
f 2227 2300 2228
f 2300 2301 2228
f 2228 2301 2229
f 2301 2302 2229
f 2229 2302 2230
f 2302 2303 2230
f 2230 2303 2231
f 2303 2304 2231
f 2231 2304 2232
f 2304 2233 2232
f 2304 2305 2233
f 2305 2306 2233
f 2233 2306 2234
f 2306 2307 2234
f 2234 2307 2235
f 2307 2308 2235
f 2235 2308 2236
f 2308 2309 2236
f 2236 2309 2237
f 2309 2310 2237
f 2237 2310 2238
f 2310 2311 2238
f 2238 2311 2239
f 2311 2312 2239
f 2239 2312 2240
f 2312 2313 2240
f 2240 2313 2241
f 2313 2314 2241
f 2241 2314 2242
f 2314 2315 2242
f 2242 2315 2243
f 2315 2316 2243
f 2243 2316 2244
f 2316 2317 2244
f 2244 2317 2245
f 2317 2318 2245
f 2245 2318 2246
f 2318 2319 2246
f 2246 2319 2247
f 2319 2320 2247
f 2247 2320 2248
f 2320 2321 2248
f 2248 2321 2249
f 2321 2322 2249
f 2249 2322 2250
f 2322 2323 2250
f 2250 2323 2251
f 2323 2324 2251
f 2251 2324 2252
f 2324 2325 2252
f 2252 2325 2253
f 2325 2326 2253
f 2253 2326 2254
f 2326 2327 2254
f 2254 2327 2255
f 2327 2328 2255
f 2255 2328 2256
f 2328 2329 2256
f 2256 2329 2257
f 2329 2330 2257
f 2257 2330 2258
f 2330 2331 2258
f 2258 2331 2259
f 2331 2332 2259
f 2259 2332 2260
f 2332 2333 2260
f 2260 2333 2261
f 2333 2334 2261
f 2261 2334 2262
f 2334 2335 2262
f 2262 2335 2263
f 2335 2336 2263
f 2263 2336 2264
f 2336 2337 2264
f 2264 2337 2265
f 2337 2338 2265
f 2265 2338 2266
f 2338 2339 2266
f 2266 2339 2267
f 2339 2340 2267
f 2267 2340 2268
f 2340 2341 2268
f 2268 2341 2269
f 2341 2342 2269
f 2269 2342 2270
f 2342 2343 2270
f 2270 2343 2271
f 2343 2344 2271
f 2271 2344 2272
f 2344 2345 2272
f 2272 2345 2273
f 2345 2346 2273
f 2273 2346 2274
f 2346 2347 2274
f 2274 2347 2275
f 2347 2348 2275
f 2275 2348 2276
f 2348 2349 2276
f 2276 2349 2277
f 2349 2350 2277
f 2277 2350 2278
f 2350 2351 2278
f 2278 2351 2279
f 2351 2352 2279
f 2279 2352 2280
f 2352 2353 2280
f 2280 2353 2281
f 2353 2354 2281
f 2281 2354 2282
f 2354 2355 2282
f 2282 2355 2283
f 2355 2356 2283
f 2283 2356 2284
f 2356 2357 2284
f 2284 2357 2285
f 2357 2358 2285
f 2285 2358 2286
f 2358 2359 2286
f 2286 2359 2287
f 2359 2360 2287
f 2287 2360 2288
f 2360 2361 2288
f 2288 2361 2289
f 2361 2362 2289
f 2289 2362 2290
f 2362 2363 2290
f 2290 2363 2291
f 2363 2364 2291
f 2291 2364 2292
f 2364 2365 2292
f 2292 2365 2293
f 2365 2366 2293
f 2293 2366 2294
f 2366 2367 2294
f 2294 2367 2295
f 2367 2368 2295
f 2295 2368 2296
f 2368 2369 2296
f 2296 2369 2297
f 2369 2370 2297
f 2297 2370 2298
f 2370 2371 2298
f 2298 2371 2299
f 2371 2372 2299
f 2299 2372 2300
f 2372 2373 2300
f 2300 2373 2301
f 2373 2374 2301
f 2301 2374 2302
f 2374 2375 2302
f 2302 2375 2303
f 2375 2376 2303
f 2303 2376 2304
f 2376 2305 2304
f 2376 2377 2305
f 2377 2378 2305
f 2305 2378 2306
f 2378 2379 2306
f 2306 2379 2307
f 2379 2380 2307
f 2307 2380 2308
f 2380 2381 2308
f 2308 2381 2309
f 2381 2382 2309
f 2309 2382 2310
f 2382 2383 2310
f 2310 2383 2311
f 2383 2384 2311
f 2311 2384 2312
f 2384 2385 2312
f 2312 2385 2313
f 2385 2386 2313
f 2313 2386 2314
f 2386 2387 2314
f 2314 2387 2315
f 2387 2388 2315
f 2315 2388 2316
f 2388 2389 2316
f 2316 2389 2317
f 2389 2390 2317
f 2317 2390 2318
f 2390 2391 2318
f 2318 2391 2319
f 2391 2392 2319
f 2319 2392 2320
f 2392 2393 2320
f 2320 2393 2321
f 2393 2394 2321
f 2321 2394 2322
f 2394 2395 2322
f 2322 2395 2323
f 2395 2396 2323
f 2323 2396 2324
f 2396 2397 2324
f 2324 2397 2325
f 2397 2398 2325
f 2325 2398 2326
f 2398 2399 2326
f 2326 2399 2327
f 2399 2400 2327
f 2327 2400 2328
f 2400 2401 2328
f 2328 2401 2329
f 2401 2402 2329
f 2329 2402 2330
f 2402 2403 2330
f 2330 2403 2331
f 2403 2404 2331
f 2331 2404 2332
f 2404 2405 2332
f 2332 2405 2333
f 2405 2406 2333
f 2333 2406 2334
f 2406 2407 2334
f 2334 2407 2335
f 2407 2408 2335
f 2335 2408 2336
f 2408 2409 2336
f 2336 2409 2337
f 2409 2410 2337
f 2337 2410 2338
f 2410 2411 2338
f 2338 2411 2339
f 2411 2412 2339
f 2339 2412 2340
f 2412 2413 2340
f 2340 2413 2341
f 2413 2414 2341
f 2341 2414 2342
f 2414 2415 2342
f 2342 2415 2343
f 2415 2416 2343
f 2343 2416 2344
f 2416 2417 2344
f 2344 2417 2345
f 2417 2418 2345
f 2345 2418 2346
f 2418 2419 2346
f 2346 2419 2347
f 2419 2420 2347
f 2347 2420 2348
f 2420 2421 2348
f 2348 2421 2349
f 2421 2422 2349
f 2349 2422 2350
f 2422 2423 2350
f 2350 2423 2351
f 2423 2424 2351
f 2351 2424 2352
f 2424 2425 2352
f 2352 2425 2353
f 2425 2426 2353
f 2353 2426 2354
f 2426 2427 2354
f 2354 2427 2355
f 2427 2428 2355
f 2355 2428 2356
f 2428 2429 2356
f 2356 2429 2357
f 2429 2430 2357
f 2357 2430 2358
f 2430 2431 2358
f 2358 2431 2359
f 2431 2432 2359
f 2359 2432 2360
f 2432 2433 2360
f 2360 2433 2361
f 2433 2434 2361
f 2361 2434 2362
f 2434 2435 2362
f 2362 2435 2363
f 2435 2436 2363
f 2363 2436 2364
f 2436 2437 2364
f 2364 2437 2365
f 2437 2438 2365
f 2365 2438 2366
f 2438 2439 2366
f 2366 2439 2367
f 2439 2440 2367
f 2367 2440 2368
f 2440 2441 2368
f 2368 2441 2369
f 2441 2442 2369
f 2369 2442 2370
f 2442 2443 2370
f 2370 2443 2371
f 2443 2444 2371
f 2371 2444 2372
f 2444 2445 2372
f 2372 2445 2373
f 2445 2446 2373
f 2373 2446 2374
f 2446 2447 2374
f 2374 2447 2375
f 2447 2448 2375
f 2375 2448 2376
f 2448 2377 2376
f 2448 2449 2377
f 2449 2450 2377
f 2377 2450 2378
f 2450 2451 2378
f 2378 2451 2379
f 2451 2452 2379
f 2379 2452 2380
f 2452 2453 2380
f 2380 2453 2381
f 2453 2454 2381
f 2381 2454 2382
f 2454 2455 2382
f 2382 2455 2383
f 2455 2456 2383
f 2383 2456 2384
f 2456 2457 2384
f 2384 2457 2385
f 2457 2458 2385
f 2385 2458 2386
f 2458 2459 2386
f 2386 2459 2387
f 2459 2460 2387
f 2387 2460 2388
f 2460 2461 2388
f 2388 2461 2389
f 2461 2462 2389
f 2389 2462 2390
f 2462 2463 2390
f 2390 2463 2391
f 2463 2464 2391
f 2391 2464 2392
f 2464 2465 2392
f 2392 2465 2393
f 2465 2466 2393
f 2393 2466 2394
f 2466 2467 2394
f 2394 2467 2395
f 2467 2468 2395
f 2395 2468 2396
f 2468 2469 2396
f 2396 2469 2397
f 2469 2470 2397
f 2397 2470 2398
f 2470 2471 2398
f 2398 2471 2399
f 2471 2472 2399
f 2399 2472 2400
f 2472 2473 2400
f 2400 2473 2401
f 2473 2474 2401
f 2401 2474 2402
f 2474 2475 2402
f 2402 2475 2403
f 2475 2476 2403
f 2403 2476 2404
f 2476 2477 2404
f 2404 2477 2405
f 2477 2478 2405
f 2405 2478 2406
f 2478 2479 2406
f 2406 2479 2407
f 2479 2480 2407
f 2407 2480 2408
f 2480 2481 2408
f 2408 2481 2409
f 2481 2482 2409
f 2409 2482 2410
f 2482 2483 2410
f 2410 2483 2411
f 2483 2484 2411
f 2411 2484 2412
f 2484 2485 2412
f 2412 2485 2413
f 2485 2486 2413
f 2413 2486 2414
f 2486 2487 2414
f 2414 2487 2415
f 2487 2488 2415
f 2415 2488 2416
f 2488 2489 2416
f 2416 2489 2417
f 2489 2490 2417
f 2417 2490 2418
f 2490 2491 2418
f 2418 2491 2419
f 2491 2492 2419
f 2419 2492 2420
f 2492 2493 2420
f 2420 2493 2421
f 2493 2494 2421
f 2421 2494 2422
f 2494 2495 2422
f 2422 2495 2423
f 2495 2496 2423
f 2423 2496 2424
f 2496 2497 2424
f 2424 2497 2425
f 2497 2498 2425
f 2425 2498 2426
f 2498 2499 2426
f 2426 2499 2427
f 2499 2500 2427
f 2427 2500 2428
f 2500 2501 2428
f 2428 2501 2429
f 2501 2502 2429
f 2429 2502 2430
f 2502 2503 2430
f 2430 2503 2431
f 2503 2504 2431
f 2431 2504 2432
f 2504 2505 2432
f 2432 2505 2433
f 2505 2506 2433
f 2433 2506 2434
f 2506 2507 2434
f 2434 2507 2435
f 2507 2508 2435
f 2435 2508 2436
f 2508 2509 2436
f 2436 2509 2437
f 2509 2510 2437
f 2437 2510 2438
f 2510 2511 2438
f 2438 2511 2439
f 2511 2512 2439
f 2439 2512 2440
f 2512 2513 2440
f 2440 2513 2441
f 2513 2514 2441
f 2441 2514 2442
f 2514 2515 2442
f 2442 2515 2443
f 2515 2516 2443
f 2443 2516 2444
f 2516 2517 2444
f 2444 2517 2445
f 2517 2518 2445
f 2445 2518 2446
f 2518 2519 2446
f 2446 2519 2447
f 2519 2520 2447
f 2447 2520 2448
f 2520 2449 2448
f 2520 2521 2449
f 2521 2522 2449
f 2449 2522 2450
f 2522 2523 2450
f 2450 2523 2451
f 2523 2524 2451
f 2451 2524 2452
f 2524 2525 2452
f 2452 2525 2453
f 2525 2526 2453
f 2453 2526 2454
f 2526 2527 2454
f 2454 2527 2455
f 2527 2528 2455
f 2455 2528 2456
f 2528 2529 2456
f 2456 2529 2457
f 2529 2530 2457
f 2457 2530 2458
f 2530 2531 2458
f 2458 2531 2459
f 2531 2532 2459
f 2459 2532 2460
f 2532 2533 2460
f 2460 2533 2461
f 2533 2534 2461
f 2461 2534 2462
f 2534 2535 2462
f 2462 2535 2463
f 2535 2536 2463
f 2463 2536 2464
f 2536 2537 2464
f 2464 2537 2465
f 2537 2538 2465
f 2465 2538 2466
f 2538 2539 2466
f 2466 2539 2467
f 2539 2540 2467
f 2467 2540 2468
f 2540 2541 2468
f 2468 2541 2469
f 2541 2542 2469
f 2469 2542 2470
f 2542 2543 2470
f 2470 2543 2471
f 2543 2544 2471
f 2471 2544 2472
f 2544 2545 2472
f 2472 2545 2473
f 2545 2546 2473
f 2473 2546 2474
f 2546 2547 2474
f 2474 2547 2475
f 2547 2548 2475
f 2475 2548 2476
f 2548 2549 2476
f 2476 2549 2477
f 2549 2550 2477
f 2477 2550 2478
f 2550 2551 2478
f 2478 2551 2479
f 2551 2552 2479
f 2479 2552 2480
f 2552 2553 2480
f 2480 2553 2481
f 2553 2554 2481
f 2481 2554 2482
f 2554 2555 2482
f 2482 2555 2483
f 2555 2556 2483
f 2483 2556 2484
f 2556 2557 2484
f 2484 2557 2485
f 2557 2558 2485
f 2485 2558 2486
f 2558 2559 2486
f 2486 2559 2487
f 2559 2560 2487
f 2487 2560 2488
f 2560 2561 2488
f 2488 2561 2489
f 2561 2562 2489
f 2489 2562 2490
f 2562 2563 2490
f 2490 2563 2491
f 2563 2564 2491
f 2491 2564 2492
f 2564 2565 2492
f 2492 2565 2493
f 2565 2566 2493
f 2493 2566 2494
f 2566 2567 2494
f 2494 2567 2495
f 2567 2568 2495
f 2495 2568 2496
f 2568 2569 2496
f 2496 2569 2497
f 2569 2570 2497
f 2497 2570 2498
f 2570 2571 2498
f 2498 2571 2499
f 2571 2572 2499
f 2499 2572 2500
f 2572 2573 2500
f 2500 2573 2501
f 2573 2574 2501
f 2501 2574 2502
f 2574 2575 2502
f 2502 2575 2503
f 2575 2576 2503
f 2503 2576 2504
f 2576 2577 2504
f 2504 2577 2505
f 2577 2578 2505
f 2505 2578 2506
f 2578 2579 2506
f 2506 2579 2507
f 2579 2580 2507
f 2507 2580 2508
f 2580 2581 2508
f 2508 2581 2509
f 2581 2582 2509
f 2509 2582 2510
f 2582 2583 2510
f 2510 2583 2511
f 2583 2584 2511
f 2511 2584 2512
f 2584 2585 2512
f 2512 2585 2513
f 2585 2586 2513
f 2513 2586 2514
f 2586 2587 2514
f 2514 2587 2515
f 2587 2588 2515
f 2515 2588 2516
f 2588 2589 2516
f 2516 2589 2517
f 2589 2590 2517
f 2517 2590 2518
f 2590 2591 2518
f 2518 2591 2519
f 2591 2592 2519
f 2519 2592 2520
f 2592 2521 2520
f 2592 2593 2521
f 2593 2594 2521
f 2521 2594 2522
f 2594 2595 2522
f 2522 2595 2523
f 2595 2596 2523
f 2523 2596 2524
f 2596 2597 2524
f 2524 2597 2525
f 2597 2598 2525
f 2525 2598 2526
f 2598 2599 2526
f 2526 2599 2527
f 2599 2600 2527
f 2527 2600 2528
f 2600 2601 2528
f 2528 2601 2529
f 2601 2602 2529
f 2529 2602 2530
f 2602 2603 2530
f 2530 2603 2531
f 2603 2604 2531
f 2531 2604 2532
f 2604 2605 2532
f 2532 2605 2533
f 2605 2606 2533
f 2533 2606 2534
f 2606 2607 2534
f 2534 2607 2535
f 2607 2608 2535
f 2535 2608 2536
f 2608 2609 2536
f 2536 2609 2537
f 2609 2610 2537
f 2537 2610 2538
f 2610 2611 2538
f 2538 2611 2539
f 2611 2612 2539
f 2539 2612 2540
f 2612 2613 2540
f 2540 2613 2541
f 2613 2614 2541
f 2541 2614 2542
f 2614 2615 2542
f 2542 2615 2543
f 2615 2616 2543
f 2543 2616 2544
f 2616 2617 2544
f 2544 2617 2545
f 2617 2618 2545
f 2545 2618 2546
f 2618 2619 2546
f 2546 2619 2547
f 2619 2620 2547
f 2547 2620 2548
f 2620 2621 2548
f 2548 2621 2549
f 2621 2622 2549
f 2549 2622 2550
f 2622 2623 2550
f 2550 2623 2551
f 2623 2624 2551
f 2551 2624 2552
f 2624 2625 2552
f 2552 2625 2553
f 2625 2626 2553
f 2553 2626 2554
f 2626 2627 2554
f 2554 2627 2555
f 2627 2628 2555
f 2555 2628 2556
f 2628 2629 2556
f 2556 2629 2557
f 2629 2630 2557
f 2557 2630 2558
f 2630 2631 2558
f 2558 2631 2559
f 2631 2632 2559
f 2559 2632 2560
f 2632 2633 2560
f 2560 2633 2561
f 2633 2634 2561
f 2561 2634 2562
f 2634 2635 2562
f 2562 2635 2563
f 2635 2636 2563
f 2563 2636 2564
f 2636 2637 2564
f 2564 2637 2565
f 2637 2638 2565
f 2565 2638 2566
f 2638 2639 2566
f 2566 2639 2567
f 2639 2640 2567
f 2567 2640 2568
f 2640 2641 2568
f 2568 2641 2569
f 2641 2642 2569
f 2569 2642 2570
f 2642 2643 2570
f 2570 2643 2571
f 2643 2644 2571
f 2571 2644 2572
f 2644 2645 2572
f 2572 2645 2573
f 2645 2646 2573
f 2573 2646 2574
f 2646 2647 2574
f 2574 2647 2575
f 2647 2648 2575
f 2575 2648 2576
f 2648 2649 2576
f 2576 2649 2577
f 2649 2650 2577
f 2577 2650 2578
f 2650 2651 2578
f 2578 2651 2579
f 2651 2652 2579
f 2579 2652 2580
f 2652 2653 2580
f 2580 2653 2581
f 2653 2654 2581
f 2581 2654 2582
f 2654 2655 2582
f 2582 2655 2583
f 2655 2656 2583
f 2583 2656 2584
f 2656 2657 2584
f 2584 2657 2585
f 2657 2658 2585
f 2585 2658 2586
f 2658 2659 2586
f 2586 2659 2587
f 2659 2660 2587
f 2587 2660 2588
f 2660 2661 2588
f 2588 2661 2589
f 2661 2662 2589
f 2589 2662 2590
f 2662 2663 2590
f 2590 2663 2591
f 2663 2664 2591
f 2591 2664 2592
f 2664 2593 2592
f 2664 2665 2593
f 2665 2666 2593
f 2593 2666 2594
f 2666 2667 2594
f 2594 2667 2595
f 2667 2668 2595
f 2595 2668 2596
f 2668 2669 2596
f 2596 2669 2597
f 2669 2670 2597
f 2597 2670 2598
f 2670 2671 2598
f 2598 2671 2599
f 2671 2672 2599
f 2599 2672 2600
f 2672 2673 2600
f 2600 2673 2601
f 2673 2674 2601
f 2601 2674 2602
f 2674 2675 2602
f 2602 2675 2603
f 2675 2676 2603
f 2603 2676 2604
f 2676 2677 2604
f 2604 2677 2605
f 2677 2678 2605
f 2605 2678 2606
f 2678 2679 2606
f 2606 2679 2607
f 2679 2680 2607
f 2607 2680 2608
f 2680 2681 2608
f 2608 2681 2609
f 2681 2682 2609
f 2609 2682 2610
f 2682 2683 2610
f 2610 2683 2611
f 2683 2684 2611
f 2611 2684 2612
f 2684 2685 2612
f 2612 2685 2613
f 2685 2686 2613
f 2613 2686 2614
f 2686 2687 2614
f 2614 2687 2615
f 2687 2688 2615
f 2615 2688 2616
f 2688 2689 2616
f 2616 2689 2617
f 2689 2690 2617
f 2617 2690 2618
f 2690 2691 2618
f 2618 2691 2619
f 2691 2692 2619
f 2619 2692 2620
f 2692 2693 2620
f 2620 2693 2621
f 2693 2694 2621
f 2621 2694 2622
f 2694 2695 2622
f 2622 2695 2623
f 2695 2696 2623
f 2623 2696 2624
f 2696 2697 2624
f 2624 2697 2625
f 2697 2698 2625
f 2625 2698 2626
f 2698 2699 2626
f 2626 2699 2627
f 2699 2700 2627
f 2627 2700 2628
f 2700 2701 2628
f 2628 2701 2629
f 2701 2702 2629
f 2629 2702 2630
f 2702 2703 2630
f 2630 2703 2631
f 2703 2704 2631
f 2631 2704 2632
f 2704 2705 2632
f 2632 2705 2633
f 2705 2706 2633
f 2633 2706 2634
f 2706 2707 2634
f 2634 2707 2635
f 2707 2708 2635
f 2635 2708 2636
f 2708 2709 2636
f 2636 2709 2637
f 2709 2710 2637
f 2637 2710 2638
f 2710 2711 2638
f 2638 2711 2639
f 2711 2712 2639
f 2639 2712 2640
f 2712 2713 2640
f 2640 2713 2641
f 2713 2714 2641
f 2641 2714 2642
f 2714 2715 2642
f 2642 2715 2643
f 2715 2716 2643
f 2643 2716 2644
f 2716 2717 2644
f 2644 2717 2645
f 2717 2718 2645
f 2645 2718 2646
f 2718 2719 2646
f 2646 2719 2647
f 2719 2720 2647
f 2647 2720 2648
f 2720 2721 2648
f 2648 2721 2649
f 2721 2722 2649
f 2649 2722 2650
f 2722 2723 2650
f 2650 2723 2651
f 2723 2724 2651
f 2651 2724 2652
f 2724 2725 2652
f 2652 2725 2653
f 2725 2726 2653
f 2653 2726 2654
f 2726 2727 2654
f 2654 2727 2655
f 2727 2728 2655
f 2655 2728 2656
f 2728 2729 2656
f 2656 2729 2657
f 2729 2730 2657
f 2657 2730 2658
f 2730 2731 2658
f 2658 2731 2659
f 2731 2732 2659
f 2659 2732 2660
f 2732 2733 2660
f 2660 2733 2661
f 2733 2734 2661
f 2661 2734 2662
f 2734 2735 2662
f 2662 2735 2663
f 2735 2736 2663
f 2663 2736 2664
f 2736 2665 2664
f 2737 2738 2739
f 2738 2740 2739
f 2738 2741 2740
f 2741 2742 2740
f 2741 2743 2742
f 2743 2744 2742
f 2737 2739 2745
f 2739 2746 2745
f 2745 2746 2747
f 2746 2748 2747
f 2747 2748 2749
f 2748 2750 2749
f 2749 2750 2751
f 2750 2752 2751
f 2751 2752 2753
f 2752 2754 2753
f 2753 2754 2755
f 2754 2756 2755
f 2755 2756 2757
f 2756 2758 2757
f 2757 2758 2759
f 2758 2760 2759
f 2759 2760 2761
f 2760 2762 2761
f 2761 2762 2763
f 2762 2764 2763
f 2763 2764 2765
f 2764 2766 2765
f 2765 2766 2767
f 2766 2768 2767
f 2767 2768 2769
f 2768 2770 2769
f 2769 2770 2771
f 2770 2772 2771
f 2771 2772 2773
f 2772 2774 2773
f 2773 2774 2775
f 2774 2776 2775
f 2775 2776 2777
f 2776 2778 2777
f 2777 2778 2779
f 2778 2780 2779
f 2779 2780 2781
f 2780 2782 2781
f 2781 2782 2783
f 2782 2784 2783
f 2783 2784 2785
f 2784 2786 2785
f 2785 2786 2787
f 2786 2788 2787
f 2787 2788 2789
f 2788 2790 2789
f 2789 2790 2791
f 2790 2792 2791
f 2791 2792 2793
f 2792 2794 2793
f 2793 2794 2795
f 2794 2796 2795
f 2795 2796 2797
f 2796 2798 2797
f 2797 2798 2799
f 2798 2800 2799
f 2799 2800 2801
f 2800 2802 2801
f 2801 2802 2803
f 2802 2804 2803
f 2803 2804 2805
f 2804 2806 2805
f 2805 2806 2807
f 2806 2808 2807
f 2807 2808 2809
f 2808 2810 2809
f 2809 2810 2811
f 2810 2812 2811
f 2811 2812 2813
f 2812 2814 2813
f 2813 2814 2815
f 2814 2816 2815
f 2815 2816 2817
f 2816 2818 2817
f 2817 2818 2819
f 2818 2820 2819
f 2819 2820 2821
f 2820 2822 2821
f 2821 2822 2823
f 2822 2824 2823
f 2823 2824 2825
f 2824 2826 2825
f 2825 2826 2827
f 2826 2828 2827
f 2827 2828 2829
f 2828 2830 2829
f 2829 2830 2831
f 2830 2832 2831
f 2831 2832 2833
f 2832 2834 2833
f 2833 2834 2835
f 2834 2836 2835
f 2835 2836 2837
f 2836 2838 2837
f 2837 2838 2839
f 2838 2840 2839
f 2839 2840 2841
f 2840 2842 2841
f 2841 2842 2843
f 2842 2844 2843
f 2843 2844 2845
f 2844 2846 2845
f 2845 2846 2847
f 2846 2848 2847
f 2847 2848 2849
f 2848 2850 2849
f 2849 2850 2851
f 2850 2852 2851
f 2851 2852 2853
f 2852 2854 2853
f 2853 2854 2855
f 2854 2856 2855
f 2855 2856 2857
f 2856 2858 2857
f 2857 2858 2859
f 2858 2860 2859
f 2859 2860 2861
f 2860 2862 2861
f 2861 2862 2863
f 2862 2864 2863
f 2863 2864 2865
f 2864 2866 2865
f 2865 2866 2867
f 2866 2868 2867
f 2867 2868 2869
f 2868 2870 2869
f 2869 2870 2871
f 2870 2872 2871
f 2871 2872 2873
f 2872 2874 2873
f 2873 2874 2875
f 2874 2876 2875
f 2875 2876 2743
f 2876 2744 2743
f 73 2699 71
f 2699 2698 71
f 71 2698 69
f 2698 2697 69
f 69 2697 67
f 2697 2696 67
f 67 2696 65
f 2696 2695 65
f 65 2695 63
f 2695 2694 63
f 63 2694 61
f 2694 2693 61
f 61 2693 59
f 2693 2692 59
f 59 2692 57
f 2692 2691 57
f 57 2691 55
f 2691 2690 55
f 55 2690 53
f 2690 2689 53
f 53 2689 51
f 2689 2688 51
f 51 2688 49
f 2688 2687 49
f 49 2687 47
f 2687 2686 47
f 47 2686 45
f 2686 2685 45
f 45 2685 43
f 2685 2684 43
f 43 2684 41
f 2684 2683 41
f 41 2683 39
f 2683 2682 39
f 39 2682 37
f 2682 2681 37
f 37 2681 35
f 2681 2680 35
f 35 2680 33
f 2680 2679 33
f 33 2679 31
f 2679 2678 31
f 31 2678 29
f 2678 2677 29
f 29 2677 27
f 2677 2676 27
f 27 2676 25
f 2676 2675 25
f 25 2675 23
f 2675 2674 23
f 23 2674 21
f 2674 2673 21
f 21 2673 19
f 2673 2672 19
f 19 2672 17
f 2672 2671 17
f 17 2671 15
f 2671 2670 15
f 15 2670 13
f 2670 2669 13
f 13 2669 11
f 2669 2668 11
f 11 2668 9
f 2668 2667 9
f 9 2667 7
f 2667 2666 7
f 7 2666 5
f 2666 2665 5
f 5 2665 3
f 2665 2736 3
f 3 2736 1
f 2736 2735 1
f 1 2735 143
f 2735 2734 143
f 143 2734 141
f 2734 2733 141
f 141 2733 139
f 2733 2732 139
f 139 2732 137
f 2732 2731 137
f 137 2731 135
f 2731 2730 135
f 135 2730 133
f 2730 2729 133
f 133 2729 131
f 2729 2728 131
f 131 2728 129
f 2728 2727 129
f 129 2727 127
f 2727 2726 127
f 127 2726 125
f 2726 2725 125
f 125 2725 123
f 2725 2724 123
f 123 2724 121
f 2724 2723 121
f 121 2723 119
f 2723 2722 119
f 119 2722 117
f 2722 2721 117
f 117 2721 115
f 2721 2720 115
f 115 2720 113
f 2720 2719 113
f 113 2719 111
f 2719 2718 111
f 111 2718 109
f 2718 2717 109
f 109 2717 107
f 2717 2716 107
f 107 2716 105
f 2716 2715 105
f 105 2715 103
f 2715 2714 103
f 103 2714 101
f 2714 2713 101
f 101 2713 99
f 2713 2712 99
f 99 2712 97
f 2712 2711 97
f 97 2711 95
f 2711 2710 95
f 95 2710 93
f 2710 2709 93
f 93 2709 91
f 2709 2708 91
f 91 2708 89
f 2708 2707 89
f 89 2707 87
f 2707 2706 87
f 87 2706 85
f 2706 2705 85
f 85 2705 83
f 2705 2704 83
f 83 2704 81
f 2704 2703 81
f 81 2703 79
f 2703 2702 79
f 79 2702 77
f 2702 2701 77
f 77 2701 75
f 2701 2700 75
f 75 2700 73
f 2700 2699 73
f 1337 2742 1338
f 2742 1339 1338
f 2742 2744 1339
f 2744 2876 1339
f 1339 2876 2874
f 1337 1336 2742
f 1336 1335 2742
f 2742 1335 1334
f 1331 2740 1332
f 2740 2742 1332
f 1332 2742 1333
f 2742 1334 1333
f 1331 1330 2740
f 1330 1329 2740
f 2740 1329 1328
f 1328 1327 2740
f 1327 1326 2740
f 2740 1326 1325
f 2739 2740 2746
f 2740 1325 2746
f 2746 1325 2748
f 1325 2750 2748
f 2874 2872 1339
f 2872 2870 1339
f 1339 2870 1340
f 2870 2868 1340
f 1340 2868 1341
f 2868 2866 1341
f 1341 2866 1342
f 2866 2864 1342
f 1342 2864 1343
f 2864 2862 1343
f 1343 2862 1344
f 2862 2860 1344
f 1344 2860 1345
f 2860 2858 1345
f 1345 2858 1346
f 2858 2856 1346
f 1346 2856 1347
f 2856 2854 1347
f 1347 2854 1348
f 2854 2852 1348
f 1348 2852 1349
f 2852 2850 1349
f 1349 2850 1350
f 2850 2848 1350
f 1350 2848 1351
f 2848 2846 1351
f 1351 2846 1352
f 2846 2844 1352
f 1352 2844 1353
f 2844 2842 1353
f 1353 2842 1354
f 2842 2840 1354
f 1354 2840 1355
f 2840 2838 1355
f 1355 2838 1356
f 2838 2836 1356
f 1356 2836 1357
f 2836 2834 1357
f 1357 2834 1358
f 2834 2832 1358
f 1358 2832 1359
f 2832 2830 1359
f 1359 2830 1360
f 2830 2828 1360
f 1360 2828 1361
f 2828 2826 1361
f 1361 2826 1362
f 2826 2824 1362
f 1362 2824 1363
f 2824 2822 1363
f 1363 2822 1364
f 2822 2820 1364
f 1364 2820 1365
f 2820 2818 1365
f 1365 2818 1366
f 2818 2816 1366
f 1366 2816 1367
f 2816 2814 1367
f 1367 2814 1368
f 2814 2812 1368
f 2812 2810 1368
f 1368 2810 1297
f 2810 2808 1297
f 1297 2808 1298
f 2808 2806 1298
f 1298 2806 1299
f 2806 2804 1299
f 1299 2804 1300
f 2804 2802 1300
f 1300 2802 1301
f 2802 2800 1301
f 1301 2800 1302
f 2800 2798 1302
f 1302 2798 1303
f 2798 2796 1303
f 1303 2796 1304
f 2796 2794 1304
f 1304 2794 1305
f 2794 2792 1305
f 1305 2792 1306
f 2792 2790 1306
f 1306 2790 1307
f 2790 2788 1307
f 1307 2788 1308
f 2788 2786 1308
f 1308 2786 1309
f 2786 2784 1309
f 1309 2784 1310
f 2784 2782 1310
f 1310 2782 1311
f 2782 2780 1311
f 1311 2780 1312
f 2780 2778 1312
f 1312 2778 1313
f 2778 2776 1313
f 1313 2776 1314
f 2776 2774 1314
f 1314 2774 1315
f 2774 2772 1315
f 1315 2772 1316
f 2772 2770 1316
f 1316 2770 1317
f 2770 2768 1317
f 1317 2768 1318
f 2768 2766 1318
f 1318 2766 1319
f 2766 2764 1319
f 1319 2764 1320
f 2764 2762 1320
f 1320 2762 1321
f 2762 2760 1321
f 1321 2760 1322
f 2760 2758 1322
f 1322 2758 1323
f 2758 2756 1323
f 1323 2756 1324
f 2756 2754 1324
f 1324 2754 1325
f 2754 2752 1325
f 1325 2752 2750
f 1453 1455 2741
f 1445 1447 2741
f 2737 2745 1427
f 2745 2747 1427
f 2737 1427 2738
f 1427 1429 2738
f 2738 1429 1431
f 1431 1433 2738
f 1433 1435 2738
f 2738 1435 1437
f 1447 1449 2741
f 1449 1451 2741
f 2741 1451 1453
f 2743 2741 2875
f 2741 1455 2875
f 2875 1455 2873
f 1455 2871 2873
f 1437 1439 2738
f 1439 1441 2738
f 2738 1441 2741
f 1441 1443 2741
f 2741 1443 1445
f 2747 2749 1427
f 2749 2751 1427
f 1427 2751 1425
f 2751 2753 1425
f 1425 2753 1423
f 2753 2755 1423
f 1423 2755 1421
f 2755 2757 1421
f 1421 2757 1419
f 2757 2759 1419
f 1419 2759 1417
f 2759 2761 1417
f 1417 2761 1415
f 2761 2763 1415
f 1415 2763 1413
f 2763 2765 1413
f 1413 2765 1411
f 2765 2767 1411
f 1411 2767 1409
f 2767 2769 1409
f 1409 2769 1407
f 2769 2771 1407
f 1407 2771 1405
f 2771 2773 1405
f 1405 2773 1403
f 2773 2775 1403
f 1403 2775 1401
f 2775 2777 1401
f 1401 2777 1399
f 2777 2779 1399
f 1399 2779 1397
f 2779 2781 1397
f 1397 2781 1395
f 2781 2783 1395
f 1395 2783 1393
f 2783 2785 1393
f 1393 2785 1391
f 2785 2787 1391
f 1391 2787 1389
f 2787 2789 1389
f 1389 2789 1387
f 2789 2791 1387
f 1387 2791 1385
f 2791 2793 1385
f 1385 2793 1383
f 2793 2795 1383
f 1383 2795 1381
f 2795 2797 1381
f 1381 2797 1379
f 2797 2799 1379
f 1379 2799 1377
f 2799 2801 1377
f 1377 2801 1375
f 2801 2803 1375
f 1375 2803 1373
f 2803 2805 1373
f 1373 2805 1371
f 2805 2807 1371
f 1371 2807 1369
f 2807 2809 1369
f 2809 2811 1369
f 1369 2811 1511
f 2811 2813 1511
f 1511 2813 1509
f 2813 2815 1509
f 1509 2815 1507
f 2815 2817 1507
f 1507 2817 1505
f 2817 2819 1505
f 1505 2819 1503
f 2819 2821 1503
f 1503 2821 1501
f 2821 2823 1501
f 1501 2823 1499
f 2823 2825 1499
f 1499 2825 1497
f 2825 2827 1497
f 1497 2827 1495
f 2827 2829 1495
f 1495 2829 1493
f 2829 2831 1493
f 1493 2831 1491
f 2831 2833 1491
f 1491 2833 1489
f 2833 2835 1489
f 1489 2835 1487
f 2835 2837 1487
f 1487 2837 1485
f 2837 2839 1485
f 1485 2839 1483
f 2839 2841 1483
f 1483 2841 1481
f 2841 2843 1481
f 1481 2843 1479
f 2843 2845 1479
f 1479 2845 1477
f 2845 2847 1477
f 1477 2847 1475
f 2847 2849 1475
f 1475 2849 1473
f 2849 2851 1473
f 1473 2851 1471
f 2851 2853 1471
f 1471 2853 1469
f 2853 2855 1469
f 1469 2855 1467
f 2855 2857 1467
f 1467 2857 1465
f 2857 2859 1465
f 1465 2859 1463
f 2859 2861 1463
f 1463 2861 1461
f 2861 2863 1461
f 1461 2863 1459
f 2863 2865 1459
f 1459 2865 1457
f 2865 2867 1457
f 1457 2867 1455
f 2867 2869 1455
f 1455 2869 2871
f 2877 2878 2879
f 2878 2880 2879
f 2879 2880 2881
f 2880 2882 2881
f 2881 2882 2883
f 2882 2884 2883
f 2883 2884 2885
f 2884 2886 2885
f 2885 2886 2887
f 2886 2888 2887
f 2887 2888 2889
f 2888 2890 2889
f 2889 2890 2891
f 2890 2892 2891
f 2891 2892 2893
f 2892 2894 2893
f 2893 2894 2895
f 2894 2896 2895
f 2895 2896 2897
f 2896 2898 2897
f 2897 2898 2899
f 2898 2900 2899
f 2899 2900 2901
f 2900 2902 2901
f 2901 2902 2903
f 2902 2904 2903
f 2903 2904 2905
f 2904 2906 2905
f 2905 2906 2907
f 2906 2908 2907
f 2907 2908 2909
f 2908 2910 2909
f 2909 2910 2911
f 2910 2912 2911
f 2911 2912 2913
f 2912 2914 2913
f 2913 2914 2915
f 2914 2916 2915
f 2915 2916 2917
f 2916 2918 2917
f 2917 2918 2919
f 2918 2920 2919
f 2919 2920 2921
f 2920 2922 2921
f 2921 2922 2923
f 2922 2924 2923
f 2923 2924 2925
f 2924 2926 2925
f 2925 2926 2927
f 2926 2928 2927
f 2927 2928 2929
f 2928 2930 2929
f 2929 2930 2931
f 2930 2932 2931
f 2931 2932 2933
f 2932 2934 2933
f 2933 2934 2935
f 2934 2936 2935
f 2935 2936 2937
f 2936 2938 2937
f 2937 2938 2939
f 2938 2940 2939
f 2939 2940 2941
f 2940 2942 2941
f 2941 2942 2943
f 2942 2944 2943
f 2943 2944 2945
f 2944 2946 2945
f 2945 2946 2947
f 2946 2948 2947
f 2947 2948 2949
f 2948 2950 2949
f 2949 2950 2951
f 2950 2952 2951
f 2951 2952 2953
f 2952 2954 2953
f 2953 2954 2955
f 2954 2956 2955
f 2955 2956 2957
f 2956 2958 2957
f 2957 2958 2959
f 2958 2960 2959
f 2959 2960 2961
f 2960 2962 2961
f 2961 2962 2963
f 2962 2964 2963
f 2963 2964 2965
f 2964 2966 2965
f 2965 2966 2967
f 2966 2968 2967
f 2967 2968 2969
f 2968 2970 2969
f 2969 2970 2971
f 2970 2972 2971
f 2971 2972 2973
f 2972 2974 2973
f 2973 2974 2975
f 2974 2976 2975
f 2975 2976 2977
f 2976 2978 2977
f 2977 2978 2979
f 2978 2980 2979
f 2979 2980 2981
f 2980 2982 2981
f 2981 2982 2983
f 2982 2984 2983
f 2983 2984 2985
f 2984 2986 2985
f 2985 2986 2987
f 2986 2988 2987
f 2987 2988 2989
f 2988 2990 2989
f 2989 2990 2991
f 2990 2992 2991
f 2991 2992 2993
f 2992 2994 2993
f 2993 2994 2995
f 2994 2996 2995
f 2995 2996 2997
f 2996 2998 2997
f 2997 2998 2999
f 2998 3000 2999
f 2999 3000 3001
f 3000 3002 3001
f 3001 3002 3003
f 3002 3004 3003
f 3003 3004 3005
f 3004 3006 3005
f 3005 3006 3007
f 3006 3008 3007
f 3007 3008 3009
f 3008 3010 3009
f 3009 3010 3011
f 3010 3012 3011
f 3011 3012 3013
f 3012 3014 3013
f 3013 3014 3015
f 3014 3016 3015
f 3015 3016 3017
f 3016 3018 3017
f 3017 3018 3019
f 3018 3020 3019
f 3019 3020 2877
f 3020 2878 2877
f 3021 3022 3023
f 3022 3024 3023
f 3023 3024 3025
f 3024 3026 3025
f 3025 3026 3027
f 3026 3028 3027
f 3027 3028 3029
f 3028 3030 3029
f 3029 3030 3031
f 3030 3032 3031
f 3031 3032 3033
f 3032 3034 3033
f 3033 3034 3035
f 3034 3036 3035
f 3035 3036 3037
f 3036 3038 3037
f 3037 3038 3039
f 3038 3040 3039
f 3039 3040 3041
f 3040 3042 3041
f 3041 3042 3043
f 3042 3044 3043
f 3043 3044 3045
f 3044 3046 3045
f 3045 3046 3047
f 3046 3048 3047
f 3047 3048 3049
f 3048 3050 3049
f 3049 3050 3051
f 3050 3052 3051
f 3051 3052 3053
f 3052 3054 3053
f 3053 3054 3055
f 3054 3056 3055
f 3055 3056 3057
f 3056 3058 3057
f 3057 3058 3059
f 3058 3060 3059
f 3059 3060 3061
f 3060 3062 3061
f 3061 3062 3063
f 3062 3064 3063
f 3063 3064 3065
f 3064 3066 3065
f 3065 3066 3067
f 3066 3068 3067
f 3067 3068 3069
f 3068 3070 3069
f 3069 3070 3071
f 3070 3072 3071
f 3071 3072 3073
f 3072 3074 3073
f 3073 3074 3075
f 3074 3076 3075
f 3075 3076 3077
f 3076 3078 3077
f 3077 3078 3079
f 3078 3080 3079
f 3079 3080 3081
f 3080 3082 3081
f 3081 3082 3083
f 3082 3084 3083
f 3083 3084 3085
f 3084 3086 3085
f 3085 3086 3087
f 3086 3088 3087
f 3087 3088 3089
f 3088 3090 3089
f 3089 3090 3091
f 3090 3092 3091
f 3091 3092 3093
f 3092 3094 3093
f 3093 3094 3095
f 3094 3096 3095
f 3095 3096 3097
f 3096 3098 3097
f 3097 3098 3099
f 3098 3100 3099
f 3099 3100 3101
f 3100 3102 3101
f 3101 3102 3103
f 3102 3104 3103
f 3103 3104 3105
f 3104 3106 3105
f 3105 3106 3107
f 3106 3108 3107
f 3107 3108 3109
f 3108 3110 3109
f 3109 3110 3111
f 3110 3112 3111
f 3111 3112 3113
f 3112 3114 3113
f 3113 3114 3115
f 3114 3116 3115
f 3115 3116 3117
f 3116 3118 3117
f 3117 3118 3119
f 3118 3120 3119
f 3119 3120 3121
f 3120 3122 3121
f 3121 3122 3123
f 3122 3124 3123
f 3123 3124 3125
f 3124 3126 3125
f 3125 3126 3127
f 3126 3128 3127
f 3127 3128 3129
f 3128 3130 3129
f 3129 3130 3131
f 3130 3132 3131
f 3131 3132 3133
f 3132 3134 3133
f 3133 3134 3135
f 3134 3136 3135
f 3135 3136 3137
f 3136 3138 3137
f 3137 3138 3139
f 3138 3140 3139
f 3139 3140 3141
f 3140 3142 3141
f 3141 3142 3143
f 3142 3144 3143
f 3143 3144 3145
f 3144 3146 3145
f 3145 3146 3147
f 3146 3148 3147
f 3147 3148 3149
f 3148 3150 3149
f 3149 3150 3151
f 3150 3152 3151
f 3151 3152 3153
f 3152 3154 3153
f 3153 3154 3155
f 3154 3156 3155
f 3155 3156 3157
f 3156 3158 3157
f 3157 3158 3159
f 3158 3160 3159
f 3159 3160 3161
f 3160 3162 3161
f 3161 3162 3163
f 3162 3164 3163
f 3163 3164 3021
f 3164 3022 3021
f 3165 3166 3167
f 3166 3168 3167
f 3167 3168 3169
f 3168 3170 3169
f 3169 3170 3171
f 3170 3172 3171
f 3171 3172 3173
f 3172 3174 3173
f 3173 3174 3175
f 3174 3176 3175
f 3175 3176 3177
f 3176 3178 3177
f 3177 3178 3179
f 3178 3180 3179
f 3179 3180 3181
f 3180 3182 3181
f 3181 3182 3183
f 3182 3184 3183
f 3183 3184 3185
f 3184 3186 3185
f 3185 3186 3187
f 3186 3188 3187
f 3187 3188 3189
f 3188 3190 3189
f 3189 3190 3191
f 3190 3192 3191
f 3191 3192 3193
f 3192 3194 3193
f 3193 3194 3195
f 3194 3196 3195
f 3195 3196 3197
f 3196 3198 3197
f 3197 3198 3199
f 3198 3200 3199
f 3199 3200 3201
f 3200 3202 3201
f 3201 3202 3203
f 3202 3204 3203
f 3203 3204 3205
f 3204 3206 3205
f 3205 3206 3207
f 3206 3208 3207
f 3207 3208 3209
f 3208 3210 3209
f 3209 3210 3211
f 3210 3212 3211
f 3211 3212 3213
f 3212 3214 3213
f 3213 3214 3215
f 3214 3216 3215
f 3215 3216 3217
f 3216 3218 3217
f 3217 3218 3219
f 3218 3220 3219
f 3219 3220 3221
f 3220 3222 3221
f 3221 3222 3223
f 3222 3224 3223
f 3223 3224 3225
f 3224 3226 3225
f 3225 3226 3227
f 3226 3228 3227
f 3227 3228 3229
f 3228 3230 3229
f 3229 3230 3231
f 3230 3232 3231
f 3231 3232 3233
f 3232 3234 3233
f 3233 3234 3235
f 3234 3236 3235
f 3235 3236 3237
f 3236 3238 3237
f 3237 3238 3239
f 3238 3240 3239
f 3239 3240 3241
f 3240 3242 3241
f 3241 3242 3243
f 3242 3244 3243
f 3243 3244 3245
f 3244 3246 3245
f 3245 3246 3247
f 3246 3248 3247
f 3247 3248 3249
f 3248 3250 3249
f 3249 3250 3251
f 3250 3252 3251
f 3251 3252 3253
f 3252 3254 3253
f 3253 3254 3255
f 3254 3256 3255
f 3255 3256 3257
f 3256 3258 3257
f 3257 3258 3259
f 3258 3260 3259
f 3259 3260 3261
f 3260 3262 3261
f 3261 3262 3263
f 3262 3264 3263
f 3263 3264 3265
f 3264 3266 3265
f 3265 3266 3267
f 3266 3268 3267
f 3267 3268 3269
f 3268 3270 3269
f 3269 3270 3271
f 3270 3272 3271
f 3271 3272 3273
f 3272 3274 3273
f 3273 3274 3275
f 3274 3276 3275
f 3275 3276 3277
f 3276 3278 3277
f 3277 3278 3279
f 3278 3280 3279
f 3279 3280 3281
f 3280 3282 3281
f 3281 3282 3283
f 3282 3284 3283
f 3283 3284 3285
f 3284 3286 3285
f 3285 3286 3287
f 3286 3288 3287
f 3287 3288 3289
f 3288 3290 3289
f 3289 3290 3291
f 3290 3292 3291
f 3291 3292 3293
f 3292 3294 3293
f 3293 3294 3295
f 3294 3296 3295
f 3295 3296 3297
f 3296 3298 3297
f 3297 3298 3299
f 3298 3300 3299
f 3299 3300 3301
f 3300 3302 3301
f 3301 3302 3303
f 3302 3304 3303
f 3303 3304 3305
f 3304 3306 3305
f 3305 3306 3307
f 3306 3308 3307
f 3307 3308 3165
f 3308 3166 3165
f 3309 3310 3311
f 3310 3312 3311
f 3311 3312 3313
f 3312 3314 3313
f 3313 3314 3315
f 3314 3316 3315
f 3315 3316 3317
f 3316 3318 3317
f 3317 3318 3319
f 3318 3320 3319
f 3319 3320 3321
f 3320 3322 3321
f 3321 3322 3323
f 3322 3324 3323
f 3323 3324 3325
f 3324 3326 3325
f 3325 3326 3327
f 3326 3328 3327
f 3327 3328 3329
f 3328 3330 3329
f 3329 3330 3331
f 3330 3332 3331
f 3331 3332 3333
f 3332 3334 3333
f 3333 3334 3335
f 3334 3336 3335
f 3335 3336 3337
f 3336 3338 3337
f 3337 3338 3339
f 3338 3340 3339
f 3339 3340 3341
f 3340 3342 3341
f 3341 3342 3343
f 3342 3344 3343
f 3343 3344 3345
f 3344 3346 3345
f 3345 3346 3347
f 3346 3348 3347
f 3347 3348 3349
f 3348 3350 3349
f 3349 3350 3351
f 3350 3352 3351
f 3351 3352 3353
f 3352 3354 3353
f 3353 3354 3355
f 3354 3356 3355
f 3355 3356 3357
f 3356 3358 3357
f 3357 3358 3359
f 3358 3360 3359
f 3359 3360 3361
f 3360 3362 3361
f 3361 3362 3363
f 3362 3364 3363
f 3363 3364 3365
f 3364 3366 3365
f 3365 3366 3367
f 3366 3368 3367
f 3367 3368 3369
f 3368 3370 3369
f 3369 3370 3371
f 3370 3372 3371
f 3371 3372 3373
f 3372 3374 3373
f 3373 3374 3375
f 3374 3376 3375
f 3375 3376 3377
f 3376 3378 3377
f 3377 3378 3379
f 3378 3380 3379
f 3379 3380 3381
f 3380 3382 3381
f 3381 3382 3383
f 3382 3384 3383
f 3383 3384 3385
f 3384 3386 3385
f 3385 3386 3387
f 3386 3388 3387
f 3387 3388 3389
f 3388 3390 3389
f 3389 3390 3391
f 3390 3392 3391
f 3391 3392 3393
f 3392 3394 3393
f 3393 3394 3395
f 3394 3396 3395
f 3395 3396 3397
f 3396 3398 3397
f 3397 3398 3399
f 3398 3400 3399
f 3399 3400 3401
f 3400 3402 3401
f 3401 3402 3403
f 3402 3404 3403
f 3403 3404 3405
f 3404 3406 3405
f 3405 3406 3407
f 3406 3408 3407
f 3407 3408 3409
f 3408 3410 3409
f 3409 3410 3411
f 3410 3412 3411
f 3411 3412 3413
f 3412 3414 3413
f 3413 3414 3415
f 3414 3416 3415
f 3415 3416 3417
f 3416 3418 3417
f 3417 3418 3419
f 3418 3420 3419
f 3419 3420 3421
f 3420 3422 3421
f 3421 3422 3423
f 3422 3424 3423
f 3423 3424 3425
f 3424 3426 3425
f 3425 3426 3427
f 3426 3428 3427
f 3427 3428 3429
f 3428 3430 3429
f 3429 3430 3431
f 3430 3432 3431
f 3431 3432 3433
f 3432 3434 3433
f 3433 3434 3435
f 3434 3436 3435
f 3435 3436 3437
f 3436 3438 3437
f 3437 3438 3439
f 3438 3440 3439
f 3439 3440 3441
f 3440 3442 3441
f 3441 3442 3443
f 3442 3444 3443
f 3443 3444 3445
f 3444 3446 3445
f 3445 3446 3447
f 3446 3448 3447
f 3447 3448 3449
f 3448 3450 3449
f 3449 3450 3451
f 3450 3452 3451
f 3451 3452 3309
f 3452 3310 3309
f 3453 3451 3454
f 3451 3309 3454
f 3454 3309 3455
f 3309 3311 3455
f 3455 3311 3456
f 3311 3313 3456
f 3456 3313 3457
f 3313 3315 3457
f 3457 3315 3458
f 3315 3317 3458
f 3458 3317 3459
f 3317 3319 3459
f 3459 3319 3460
f 3319 3321 3460
f 3460 3321 3461
f 3321 3323 3461
f 3461 3323 3462
f 3323 3325 3462
f 3462 3325 3463
f 3325 3327 3463
f 3463 3327 3464
f 3327 3329 3464
f 3464 3329 3465
f 3329 3331 3465
f 3465 3331 3466
f 3331 3333 3466
f 3466 3333 3467
f 3333 3335 3467
f 3467 3335 3468
f 3335 3337 3468
f 3468 3337 3469
f 3337 3339 3469
f 3469 3339 3470
f 3339 3341 3470
f 3470 3341 3471
f 3341 3343 3471
f 3471 3343 3472
f 3343 3345 3472
f 3472 3345 3473
f 3345 3347 3473
f 3473 3347 3474
f 3347 3349 3474
f 3474 3349 3475
f 3349 3351 3475
f 3475 3351 3476
f 3351 3353 3476
f 3476 3353 3477
f 3353 3355 3477
f 3477 3355 3478
f 3355 3357 3478
f 3478 3357 3479
f 3357 3359 3479
f 3479 3359 3480
f 3359 3361 3480
f 3480 3361 3481
f 3361 3363 3481
f 3481 3363 3482
f 3363 3365 3482
f 3482 3365 3483
f 3365 3367 3483
f 3483 3367 3484
f 3367 3369 3484
f 3484 3369 3485
f 3369 3371 3485
f 3485 3371 3486
f 3371 3373 3486
f 3486 3373 3487
f 3373 3375 3487
f 3487 3375 3488
f 3375 3377 3488
f 3488 3377 3489
f 3377 3379 3489
f 3489 3379 3490
f 3379 3381 3490
f 3490 3381 3491
f 3381 3383 3491
f 3491 3383 3492
f 3383 3385 3492
f 3492 3385 3493
f 3385 3387 3493
f 3493 3387 3494
f 3387 3389 3494
f 3494 3389 3495
f 3389 3391 3495
f 3495 3391 3496
f 3391 3393 3496
f 3496 3393 3497
f 3393 3395 3497
f 3497 3395 3498
f 3395 3397 3498
f 3498 3397 3499
f 3397 3399 3499
f 3499 3399 3500
f 3399 3401 3500
f 3500 3401 3501
f 3401 3403 3501
f 3501 3403 3502
f 3403 3405 3502
f 3502 3405 3503
f 3405 3407 3503
f 3503 3407 3504
f 3407 3409 3504
f 3504 3409 3505
f 3409 3411 3505
f 3505 3411 3506
f 3411 3413 3506
f 3506 3413 3507
f 3413 3415 3507
f 3507 3415 3508
f 3415 3417 3508
f 3508 3417 3509
f 3417 3419 3509
f 3509 3419 3510
f 3419 3421 3510
f 3510 3421 3511
f 3421 3423 3511
f 3511 3423 3512
f 3423 3425 3512
f 3512 3425 3513
f 3425 3427 3513
f 3513 3427 3514
f 3427 3429 3514
f 3514 3429 3515
f 3429 3431 3515
f 3515 3431 3516
f 3431 3433 3516
f 3516 3433 3517
f 3433 3435 3517
f 3517 3435 3518
f 3435 3437 3518
f 3518 3437 3519
f 3437 3439 3519
f 3519 3439 3520
f 3439 3441 3520
f 3520 3441 3521
f 3441 3443 3521
f 3521 3443 3522
f 3443 3445 3522
f 3522 3445 3523
f 3445 3447 3523
f 3523 3447 3524
f 3447 3449 3524
f 3524 3449 3453
f 3449 3451 3453
f 3525 3167 3526
f 3167 3169 3526
f 3526 3169 3527
f 3169 3171 3527
f 3527 3171 3528
f 3171 3173 3528
f 3528 3173 3529
f 3173 3175 3529
f 3529 3175 3530
f 3175 3177 3530
f 3530 3177 3531
f 3177 3179 3531
f 3531 3179 3532
f 3179 3181 3532
f 3532 3181 3533
f 3181 3183 3533
f 3533 3183 3534
f 3183 3185 3534
f 3534 3185 3535
f 3185 3187 3535
f 3535 3187 3536
f 3187 3189 3536
f 3536 3189 3537
f 3189 3191 3537
f 3537 3191 3538
f 3191 3193 3538
f 3538 3193 3539
f 3193 3195 3539
f 3539 3195 3540
f 3195 3197 3540
f 3540 3197 3541
f 3197 3199 3541
f 3541 3199 3542
f 3199 3201 3542
f 3542 3201 3543
f 3201 3203 3543
f 3543 3203 3544
f 3203 3205 3544
f 3544 3205 3545
f 3205 3207 3545
f 3545 3207 3546
f 3207 3209 3546
f 3546 3209 3547
f 3209 3211 3547
f 3547 3211 3548
f 3211 3213 3548
f 3548 3213 3549
f 3213 3215 3549
f 3549 3215 3550
f 3215 3217 3550
f 3550 3217 3551
f 3217 3219 3551
f 3551 3219 3552
f 3219 3221 3552
f 3552 3221 3553
f 3221 3223 3553
f 3553 3223 3554
f 3223 3225 3554
f 3554 3225 3555
f 3225 3227 3555
f 3555 3227 3556
f 3227 3229 3556
f 3556 3229 3557
f 3229 3231 3557
f 3557 3231 3558
f 3231 3233 3558
f 3558 3233 3559
f 3233 3235 3559
f 3559 3235 3560
f 3235 3237 3560
f 3560 3237 3561
f 3237 3239 3561
f 3561 3239 3562
f 3239 3241 3562
f 3562 3241 3563
f 3241 3243 3563
f 3563 3243 3564
f 3243 3245 3564
f 3564 3245 3565
f 3245 3247 3565
f 3565 3247 3566
f 3247 3249 3566
f 3566 3249 3567
f 3249 3251 3567
f 3567 3251 3568
f 3251 3253 3568
f 3568 3253 3569
f 3253 3255 3569
f 3569 3255 3570
f 3255 3257 3570
f 3570 3257 3571
f 3257 3259 3571
f 3571 3259 3572
f 3259 3261 3572
f 3572 3261 3573
f 3261 3263 3573
f 3573 3263 3574
f 3263 3265 3574
f 3574 3265 3575
f 3265 3267 3575
f 3575 3267 3576
f 3267 3269 3576
f 3576 3269 3577
f 3269 3271 3577
f 3577 3271 3578
f 3271 3273 3578
f 3578 3273 3579
f 3273 3275 3579
f 3579 3275 3580
f 3275 3277 3580
f 3580 3277 3581
f 3277 3279 3581
f 3581 3279 3582
f 3279 3281 3582
f 3582 3281 3583
f 3281 3283 3583
f 3583 3283 3584
f 3283 3285 3584
f 3584 3285 3585
f 3285 3287 3585
f 3585 3287 3586
f 3287 3289 3586
f 3586 3289 3587
f 3289 3291 3587
f 3587 3291 3588
f 3291 3293 3588
f 3588 3293 3589
f 3293 3295 3589
f 3589 3295 3590
f 3295 3297 3590
f 3590 3297 3591
f 3297 3299 3591
f 3591 3299 3592
f 3299 3301 3592
f 3592 3301 3593
f 3301 3303 3593
f 3593 3303 3594
f 3303 3305 3594
f 3594 3305 3595
f 3305 3307 3595
f 3595 3307 3596
f 3307 3165 3596
f 3596 3165 3525
f 3165 3167 3525
f 3475 3208 3474
f 3208 3206 3474
f 3474 3206 3473
f 3206 3204 3473
f 3473 3204 3472
f 3204 3202 3472
f 3472 3202 3471
f 3202 3200 3471
f 3471 3200 3470
f 3200 3198 3470
f 3470 3198 3469
f 3198 3196 3469
f 3469 3196 3468
f 3196 3194 3468
f 3468 3194 3467
f 3194 3192 3467
f 3467 3192 3466
f 3192 3190 3466
f 3466 3190 3465
f 3190 3188 3465
f 3465 3188 3464
f 3188 3186 3464
f 3464 3186 3463
f 3186 3184 3463
f 3463 3184 3462
f 3184 3182 3462
f 3462 3182 3461
f 3182 3180 3461
f 3461 3180 3460
f 3180 3178 3460
f 3460 3178 3459
f 3178 3176 3459
f 3459 3176 3458
f 3176 3174 3458
f 3458 3174 3457
f 3174 3172 3457
f 3457 3172 3456
f 3172 3170 3456
f 3456 3170 3455
f 3170 3168 3455
f 3455 3168 3454
f 3168 3166 3454
f 3454 3166 3453
f 3166 3308 3453
f 3453 3308 3524
f 3308 3306 3524
f 3524 3306 3523
f 3306 3304 3523
f 3523 3304 3522
f 3304 3302 3522
f 3522 3302 3521
f 3302 3300 3521
f 3521 3300 3520
f 3300 3298 3520
f 3520 3298 3519
f 3298 3296 3519
f 3519 3296 3518
f 3296 3294 3518
f 3518 3294 3517
f 3294 3292 3517
f 3517 3292 3516
f 3292 3290 3516
f 3516 3290 3515
f 3290 3288 3515
f 3515 3288 3514
f 3288 3286 3514
f 3514 3286 3513
f 3286 3284 3513
f 3513 3284 3512
f 3284 3282 3512
f 3512 3282 3511
f 3282 3280 3511
f 3511 3280 3510
f 3280 3278 3510
f 3510 3278 3509
f 3278 3276 3509
f 3509 3276 3508
f 3276 3274 3508
f 3508 3274 3507
f 3274 3272 3507
f 3507 3272 3506
f 3272 3270 3506
f 3506 3270 3505
f 3270 3268 3505
f 3505 3268 3504
f 3268 3266 3504
f 3504 3266 3503
f 3266 3264 3503
f 3503 3264 3502
f 3264 3262 3502
f 3502 3262 3501
f 3262 3260 3501
f 3501 3260 3500
f 3260 3258 3500
f 3500 3258 3499
f 3258 3256 3499
f 3499 3256 3498
f 3256 3254 3498
f 3498 3254 3497
f 3254 3252 3497
f 3497 3252 3496
f 3252 3250 3496
f 3496 3250 3495
f 3250 3248 3495
f 3495 3248 3494
f 3248 3246 3494
f 3494 3246 3493
f 3246 3244 3493
f 3493 3244 3492
f 3244 3242 3492
f 3492 3242 3491
f 3242 3240 3491
f 3491 3240 3490
f 3240 3238 3490
f 3490 3238 3489
f 3238 3236 3489
f 3489 3236 3488
f 3236 3234 3488
f 3488 3234 3487
f 3234 3232 3487
f 3487 3232 3486
f 3232 3230 3486
f 3486 3230 3485
f 3230 3228 3485
f 3485 3228 3484
f 3228 3226 3484
f 3484 3226 3483
f 3226 3224 3483
f 3483 3224 3482
f 3224 3222 3482
f 3482 3222 3481
f 3222 3220 3481
f 3481 3220 3480
f 3220 3218 3480
f 3480 3218 3479
f 3218 3216 3479
f 3479 3216 3478
f 3216 3214 3478
f 3478 3214 3477
f 3214 3212 3477
f 3477 3212 3476
f 3212 3210 3476
f 3476 3210 3475
f 3210 3208 3475
f 3093 2879 3091
f 2879 2881 3091
f 3091 2881 3089
f 2881 2883 3089
f 3089 2883 3087
f 2883 2885 3087
f 3087 2885 3085
f 2885 2887 3085
f 3085 2887 3083
f 2887 2889 3083
f 3083 2889 3081
f 2889 2891 3081
f 3081 2891 3079
f 2891 2893 3079
f 3079 2893 3077
f 2893 2895 3077
f 3077 2895 3075
f 2895 2897 3075
f 3075 2897 3073
f 2897 2899 3073
f 3073 2899 3071
f 2899 2901 3071
f 3071 2901 3069
f 2901 2903 3069
f 3069 2903 3067
f 2903 2905 3067
f 3067 2905 3065
f 2905 2907 3065
f 3065 2907 3063
f 2907 2909 3063
f 3063 2909 3061
f 2909 2911 3061
f 3061 2911 3059
f 2911 2913 3059
f 3059 2913 3057
f 2913 2915 3057
f 3057 2915 3055
f 2915 2917 3055
f 3055 2917 3053
f 2917 2919 3053
f 3053 2919 3051
f 2919 2921 3051
f 3051 2921 3049
f 2921 2923 3049
f 3049 2923 3047
f 2923 2925 3047
f 3047 2925 3045
f 2925 2927 3045
f 3045 2927 3043
f 2927 2929 3043
f 3043 2929 3041
f 2929 2931 3041
f 3041 2931 3039
f 2931 2933 3039
f 3039 2933 3037
f 2933 2935 3037
f 3037 2935 3035
f 2935 2937 3035
f 3035 2937 3033
f 2937 2939 3033
f 3033 2939 3031
f 2939 2941 3031
f 3031 2941 3029
f 2941 2943 3029
f 3029 2943 3027
f 2943 2945 3027
f 3027 2945 3025
f 2945 2947 3025
f 3025 2947 3023
f 2947 2949 3023
f 3023 2949 3021
f 2949 2951 3021
f 3021 2951 3163
f 2951 2953 3163
f 3163 2953 3161
f 2953 2955 3161
f 3161 2955 3159
f 2955 2957 3159
f 3159 2957 3157
f 2957 2959 3157
f 3157 2959 3155
f 2959 2961 3155
f 3155 2961 3153
f 2961 2963 3153
f 3153 2963 3151
f 2963 2965 3151
f 3151 2965 3149
f 2965 2967 3149
f 3149 2967 3147
f 2967 2969 3147
f 3147 2969 3145
f 2969 2971 3145
f 3145 2971 3143
f 2971 2973 3143
f 3143 2973 3141
f 2973 2975 3141
f 3141 2975 3139
f 2975 2977 3139
f 3139 2977 3137
f 2977 2979 3137
f 3137 2979 3135
f 2979 2981 3135
f 3135 2981 3133
f 2981 2983 3133
f 3133 2983 3131
f 2983 2985 3131
f 3131 2985 3129
f 2985 2987 3129
f 3129 2987 3127
f 2987 2989 3127
f 3127 2989 3125
f 2989 2991 3125
f 3125 2991 3123
f 2991 2993 3123
f 3123 2993 3121
f 2993 2995 3121
f 3121 2995 3119
f 2995 2997 3119
f 3119 2997 3117
f 2997 2999 3117
f 3117 2999 3115
f 2999 3001 3115
f 3115 3001 3113
f 3001 3003 3113
f 3113 3003 3111
f 3003 3005 3111
f 3111 3005 3109
f 3005 3007 3109
f 3109 3007 3107
f 3007 3009 3107
f 3107 3009 3105
f 3009 3011 3105
f 3105 3011 3103
f 3011 3013 3103
f 3103 3013 3101
f 3013 3015 3101
f 3101 3015 3099
f 3015 3017 3099
f 3099 3017 3097
f 3017 3019 3097
f 3097 3019 3095
f 3019 2877 3095
f 3095 2877 3093
f 2877 2879 3093
f 3350 3050 3352
f 3050 3048 3352
f 3352 3048 3354
f 3048 3046 3354
f 3354 3046 3356
f 3046 3044 3356
f 3356 3044 3358
f 3044 3042 3358
f 3358 3042 3360
f 3042 3040 3360
f 3360 3040 3362
f 3040 3038 3362
f 3362 3038 3364
f 3038 3036 3364
f 3364 3036 3366
f 3036 3034 3366
f 3366 3034 3368
f 3034 3032 3368
f 3368 3032 3370
f 3032 3030 3370
f 3370 3030 3372
f 3030 3028 3372
f 3372 3028 3374
f 3028 3026 3374
f 3374 3026 3376
f 3026 3024 3376
f 3376 3024 3378
f 3024 3022 3378
f 3378 3022 3380
f 3022 3164 3380
f 3380 3164 3382
f 3164 3162 3382
f 3382 3162 3384
f 3162 3160 3384
f 3384 3160 3386
f 3160 3158 3386
f 3386 3158 3388
f 3158 3156 3388
f 3388 3156 3390
f 3156 3154 3390
f 3390 3154 3392
f 3154 3152 3392
f 3392 3152 3394
f 3152 3150 3394
f 3394 3150 3396
f 3150 3148 3396
f 3396 3148 3398
f 3148 3146 3398
f 3398 3146 3400
f 3146 3144 3400
f 3400 3144 3402
f 3144 3142 3402
f 3402 3142 3404
f 3142 3140 3404
f 3404 3140 3406
f 3140 3138 3406
f 3406 3138 3408
f 3138 3136 3408
f 3408 3136 3410
f 3136 3134 3410
f 3410 3134 3412
f 3134 3132 3412
f 3412 3132 3414
f 3132 3130 3414
f 3414 3130 3416
f 3130 3128 3416
f 3416 3128 3418
f 3128 3126 3418
f 3418 3126 3420
f 3126 3124 3420
f 3420 3124 3422
f 3124 3122 3422
f 3422 3122 3424
f 3122 3120 3424
f 3424 3120 3426
f 3120 3118 3426
f 3426 3118 3428
f 3118 3116 3428
f 3428 3116 3430
f 3116 3114 3430
f 3430 3114 3432
f 3114 3112 3432
f 3432 3112 3434
f 3112 3110 3434
f 3434 3110 3436
f 3110 3108 3436
f 3436 3108 3438
f 3108 3106 3438
f 3438 3106 3440
f 3106 3104 3440
f 3440 3104 3442
f 3104 3102 3442
f 3442 3102 3444
f 3102 3100 3444
f 3444 3100 3446
f 3100 3098 3446
f 3446 3098 3448
f 3098 3096 3448
f 3448 3096 3450
f 3096 3094 3450
f 3450 3094 3452
f 3094 3092 3452
f 3452 3092 3310
f 3092 3090 3310
f 3310 3090 3312
f 3090 3088 3312
f 3312 3088 3314
f 3088 3086 3314
f 3314 3086 3316
f 3086 3084 3316
f 3316 3084 3318
f 3084 3082 3318
f 3318 3082 3320
f 3082 3080 3320
f 3320 3080 3322
f 3080 3078 3322
f 3322 3078 3324
f 3078 3076 3324
f 3324 3076 3326
f 3076 3074 3326
f 3326 3074 3328
f 3074 3072 3328
f 3328 3072 3330
f 3072 3070 3330
f 3330 3070 3332
f 3070 3068 3332
f 3332 3068 3334
f 3068 3066 3334
f 3334 3066 3336
f 3066 3064 3336
f 3336 3064 3338
f 3064 3062 3338
f 3338 3062 3340
f 3062 3060 3340
f 3340 3060 3342
f 3060 3058 3342
f 3342 3058 3344
f 3058 3056 3344
f 3344 3056 3346
f 3056 3054 3346
f 3346 3054 3348
f 3054 3052 3348
f 3348 3052 3350
f 3052 3050 3350
f 3541 2908 3540
f 2908 2906 3540
f 3540 2906 3539
f 2906 2904 3539
f 3539 2904 3538
f 2904 2902 3538
f 3538 2902 3537
f 2902 2900 3537
f 3537 2900 3536
f 2900 2898 3536
f 3536 2898 3535
f 2898 2896 3535
f 3535 2896 3534
f 2896 2894 3534
f 3534 2894 3533
f 2894 2892 3533
f 3533 2892 3532
f 2892 2890 3532
f 3532 2890 3531
f 2890 2888 3531
f 3531 2888 3530
f 2888 2886 3530
f 3530 2886 3529
f 2886 2884 3529
f 3529 2884 3528
f 2884 2882 3528
f 3528 2882 3527
f 2882 2880 3527
f 3527 2880 3526
f 2880 2878 3526
f 3526 2878 3525
f 2878 3020 3525
f 3525 3020 3596
f 3020 3018 3596
f 3596 3018 3595
f 3018 3016 3595
f 3595 3016 3594
f 3016 3014 3594
f 3594 3014 3593
f 3014 3012 3593
f 3593 3012 3592
f 3012 3010 3592
f 3592 3010 3591
f 3010 3008 3591
f 3591 3008 3590
f 3008 3006 3590
f 3590 3006 3589
f 3006 3004 3589
f 3589 3004 3588
f 3004 3002 3588
f 3588 3002 3587
f 3002 3000 3587
f 3587 3000 3586
f 3000 2998 3586
f 3586 2998 3585
f 2998 2996 3585
f 3585 2996 3584
f 2996 2994 3584
f 3584 2994 3583
f 2994 2992 3583
f 3583 2992 3582
f 2992 2990 3582
f 3582 2990 3581
f 2990 2988 3581
f 3581 2988 3580
f 2988 2986 3580
f 3580 2986 3579
f 2986 2984 3579
f 3579 2984 3578
f 2984 2982 3578
f 3578 2982 3577
f 2982 2980 3577
f 3577 2980 3576
f 2980 2978 3576
f 3576 2978 3575
f 2978 2976 3575
f 3575 2976 3574
f 2976 2974 3574
f 3574 2974 3573
f 2974 2972 3573
f 3573 2972 3572
f 2972 2970 3572
f 3572 2970 3571
f 2970 2968 3571
f 3571 2968 3570
f 2968 2966 3570
f 3570 2966 3569
f 2966 2964 3569
f 3569 2964 3568
f 2964 2962 3568
f 3568 2962 3567
f 2962 2960 3567
f 3567 2960 3566
f 2960 2958 3566
f 3566 2958 3565
f 2958 2956 3565
f 3565 2956 3564
f 2956 2954 3564
f 3564 2954 3563
f 2954 2952 3563
f 3563 2952 3562
f 2952 2950 3562
f 3562 2950 3561
f 2950 2948 3561
f 3561 2948 3560
f 2948 2946 3560
f 3560 2946 3559
f 2946 2944 3559
f 3559 2944 3558
f 2944 2942 3558
f 3558 2942 3557
f 2942 2940 3557
f 3557 2940 3556
f 2940 2938 3556
f 3556 2938 3555
f 2938 2936 3555
f 3555 2936 3554
f 2936 2934 3554
f 3554 2934 3553
f 2934 2932 3553
f 3553 2932 3552
f 2932 2930 3552
f 3552 2930 3551
f 2930 2928 3551
f 3551 2928 3550
f 2928 2926 3550
f 3550 2926 3549
f 2926 2924 3549
f 3549 2924 3548
f 2924 2922 3548
f 3548 2922 3547
f 2922 2920 3547
f 3547 2920 3546
f 2920 2918 3546
f 3546 2918 3545
f 2918 2916 3545
f 3545 2916 3544
f 2916 2914 3544
f 3544 2914 3543
f 2914 2912 3543
f 3543 2912 3542
f 2912 2910 3542
f 3542 2910 3541
f 2910 2908 3541
f 3597 3598 3599
f 3598 3600 3599
f 3599 3600 3601
f 3602 3603 3604
f 3602 3604 3605
f 3604 3606 3605
f 3605 3606 3607
f 3606 3608 3607
f 3607 3608 3609
f 3608 3610 3609
f 3609 3610 3611
f 3610 3612 3611
f 3611 3612 3613
f 3612 3614 3613
f 3613 3614 3615
f 3614 3616 3615
f 3615 3616 3617
f 3616 3618 3617
f 3617 3618 3619
f 3618 3620 3619
f 3619 3620 3621
f 3620 3622 3621
f 3621 3622 3623
f 3622 3624 3623
f 3623 3624 3625
f 3624 3626 3625
f 3625 3626 3627
f 3626 3628 3627
f 3627 3628 3629
f 3628 3630 3629
f 3629 3630 3631
f 3630 3632 3631
f 3631 3632 3633
f 3632 3634 3633
f 3633 3634 3635
f 3634 3636 3635
f 3635 3636 3637
f 3636 3638 3637
f 3637 3638 3639
f 3638 3640 3639
f 3639 3640 3641
f 3640 3642 3641
f 3641 3642 3643
f 3642 3644 3643
f 3643 3644 3645
f 3644 3646 3645
f 3645 3646 3647
f 3646 3648 3647
f 3647 3648 3649
f 3648 3650 3649
f 3649 3650 3651
f 3650 3652 3651
f 3651 3652 3653
f 3652 3654 3653
f 3653 3654 3655
f 3654 3656 3655
f 3655 3656 3657
f 3656 3658 3657
f 3657 3658 3659
f 3658 3660 3659
f 3659 3660 3661
f 3660 3662 3661
f 3661 3662 3663
f 3662 3664 3663
f 3663 3664 3665
f 3664 3666 3665
f 3665 3666 3667
f 3666 3668 3667
f 3667 3668 3669
f 3668 3670 3669
f 3669 3670 3671
f 3670 3672 3671
f 3671 3672 3673
f 3672 3597 3673
f 3673 3597 3599
f 3674 3675 3676
f 3675 3677 3676
f 3676 3677 3678
f 3677 3679 3678
f 3678 3679 3680
f 3679 3681 3680
f 3680 3681 3682
f 3681 3683 3682
f 3682 3683 3684
f 3683 3685 3684
f 3684 3685 3686
f 3685 3687 3686
f 3686 3687 3688
f 3687 3689 3688
f 3688 3689 3690
f 3689 3691 3690
f 3690 3691 3692
f 3691 3693 3692
f 3692 3693 3694
f 3693 3695 3694
f 3694 3695 3696
f 3695 3697 3696
f 3696 3697 3698
f 3697 3699 3698
f 3698 3699 3700
f 3699 3701 3700
f 3700 3701 3702
f 3701 3703 3702
f 3702 3703 3704
f 3703 3705 3704
f 3704 3705 3706
f 3705 3707 3706
f 3706 3707 3708
f 3707 3709 3708
f 3708 3709 3710
f 3709 3711 3710
f 3710 3711 3712
f 3711 3713 3712
f 3712 3713 3714
f 3713 3715 3714
f 3714 3715 3716
f 3715 3717 3716
f 3716 3717 3718
f 3717 3719 3718
f 3718 3719 3720
f 3719 3721 3720
f 3720 3721 3722
f 3721 3723 3722
f 3722 3723 3724
f 3723 3725 3724
f 3724 3725 3726
f 3725 3727 3726
f 3726 3727 3728
f 3727 3729 3728
f 3728 3729 3730
f 3729 3731 3730
f 3730 3731 3732
f 3731 3733 3732
f 3732 3733 3598
f 3733 3734 3598
f 3598 3734 3600
f 3734 3601 3600
f 3735 3603 3736
f 3603 3602 3736
f 3736 3602 3737
f 3678 3738 3676
f 3738 3739 3676
f 3676 3739 3674
f 3737 3740 3736
f 3740 3741 3736
f 3736 3741 3735
f 3741 3742 3735
f 3735 3742 3743
f 3742 3744 3743
f 3743 3744 3745
f 3744 3746 3745
f 3745 3746 3747
f 3746 3748 3747
f 3747 3748 3749
f 3748 3750 3749
f 3749 3750 3751
f 3750 3752 3751
f 3751 3752 3753
f 3752 3754 3753
f 3753 3754 3755
f 3754 3756 3755
f 3755 3756 3757
f 3756 3758 3757
f 3757 3758 3759
f 3758 3760 3759
f 3759 3760 3761
f 3760 3762 3761
f 3761 3762 3763
f 3762 3764 3763
f 3763 3764 3765
f 3764 3766 3765
f 3765 3766 3767
f 3766 3768 3767
f 3767 3768 3769
f 3768 3770 3769
f 3769 3770 3771
f 3770 3772 3771
f 3771 3772 3773
f 3772 3774 3773
f 3773 3774 3775
f 3774 3776 3775
f 3775 3776 3777
f 3776 3778 3777
f 3777 3778 3779
f 3778 3780 3779
f 3779 3780 3781
f 3780 3782 3781
f 3781 3782 3783
f 3782 3784 3783
f 3783 3784 3785
f 3784 3786 3785
f 3785 3786 3787
f 3786 3788 3787
f 3787 3788 3789
f 3788 3790 3789
f 3789 3790 3791
f 3790 3792 3791
f 3791 3792 3793
f 3792 3794 3793
f 3793 3794 3795
f 3794 3796 3795
f 3795 3796 3797
f 3796 3798 3797
f 3797 3798 3799
f 3798 3800 3799
f 3801 3802 3803
f 3804 3805 3806
f 3807 3808 3809
f 3808 3810 3809
f 3809 3810 3811
f 3810 3806 3811
f 3805 3812 3806
f 3812 3813 3806
f 3806 3813 3811
f 3814 3807 3815
f 3807 3816 3815
f 3802 3817 3803
f 3817 3818 3803
f 3803 3818 3819
f 3801 3803 3806
f 3803 3820 3806
f 3806 3820 3804
f 3821 3822 3807
f 3822 3823 3807
f 3807 3823 3816
f 3824 3825 3826
f 3827 3828 3826
f 3828 3829 3826
f 3829 3830 3826
f 3830 3831 3826
f 3826 3831 3832
f 3833 3807 3834
f 3807 3835 3834
f 3833 3836 3807
f 3836 3837 3807
f 3807 3837 3821
f 3814 3838 3807
f 3838 3839 3807
f 3807 3839 3840
f 3841 3842 3843
f 3842 3844 3843
f 3843 3844 3845
f 3846 3847 3810
f 3848 3849 3843
f 3849 3850 3843
f 3843 3850 3841
f 3848 3851 3849
f 3851 3852 3849
f 3849 3852 3853
f 3853 3854 3849
f 3854 3855 3849
f 3849 3855 3856
f 3840 3857 3807
f 3857 3858 3807
f 3807 3858 3859
f 3845 3860 3843
f 3860 3861 3843
f 3843 3861 3862
f 3832 3863 3826
f 3863 3864 3826
f 3826 3864 3865
f 3866 3867 3843
f 3867 3868 3843
f 3843 3868 3869
f 3843 3870 3871
f 3856 3872 3849
f 3872 3873 3849
f 3849 3873 3874
f 3875 3876 3807
f 3876 3877 3807
f 3807 3877 3878
f 3859 3879 3807
f 3879 3880 3807
f 3807 3880 3881
f 3862 3882 3843
f 3882 3883 3843
f 3843 3883 3884
f 3884 3885 3843
f 3885 3886 3843
f 3843 3886 3826
f 3886 3887 3826
f 3826 3887 3888
f 3889 3890 3826
f 3890 3891 3826
f 3826 3891 3827
f 3892 3893 3806
f 3893 3894 3806
f 3869 3895 3843
f 3895 3896 3843
f 3843 3896 3870
f 3871 3897 3843
f 3897 3898 3843
f 3843 3898 3848
f 3878 3899 3807
f 3899 3900 3807
f 3807 3900 3835
f 3881 3901 3807
f 3901 3902 3807
f 3807 3902 3808
f 3888 3903 3826
f 3903 3904 3826
f 3826 3904 3905
f 3905 3906 3826
f 3906 3907 3826
f 3826 3907 3824
f 3825 3908 3826
f 3908 3909 3826
f 3826 3909 3889
f 3874 3910 3849
f 3910 3911 3849
f 3849 3911 3912
f 3911 3913 3912
f 3912 3913 3914
f 3913 3915 3914
f 3914 3915 3916
f 3915 3917 3916
f 3916 3917 3918
f 3917 3919 3918
f 3918 3919 3920
f 3919 3921 3920
f 3920 3921 3922
f 3921 3923 3922
f 3922 3923 3924
f 3923 3925 3924
f 3924 3925 3926
f 3925 3927 3926
f 3926 3927 3928
f 3927 3929 3928
f 3928 3929 3930
f 3929 3931 3930
f 3930 3931 3932
f 3931 3933 3932
f 3932 3933 3934
f 3933 3935 3934
f 3934 3935 3936
f 3935 3937 3936
f 3936 3937 3938
f 3937 3939 3938
f 3938 3939 3810
f 3939 3940 3810
f 3810 3940 3846
f 3894 3941 3806
f 3941 3942 3806
f 3806 3942 3943
f 3866 3843 3944
f 3843 3945 3944
f 3944 3945 3946
f 3945 3947 3946
f 3946 3947 3948
f 3947 3949 3948
f 3948 3949 3950
f 3949 3951 3950
f 3950 3951 3952
f 3951 3953 3952
f 3952 3953 3954
f 3953 3955 3954
f 3954 3955 3956
f 3955 3957 3956
f 3956 3957 3958
f 3957 3959 3958
f 3958 3959 3960
f 3959 3961 3960
f 3960 3961 3962
f 3961 3963 3962
f 3962 3963 3964
f 3963 3965 3964
f 3964 3965 3966
f 3965 3967 3966
f 3966 3967 3968
f 3967 3969 3968
f 3968 3969 3970
f 3969 3971 3970
f 3970 3971 3972
f 3971 3806 3972
f 3972 3806 3973
f 3974 3975 3976
f 3975 3977 3976
f 3974 3978 3975
f 3978 3979 3975
f 3975 3979 3807
f 3979 3980 3807
f 3807 3980 3875
f 3865 3981 3826
f 3981 3982 3826
f 3826 3982 3983
f 3847 3984 3810
f 3984 3985 3810
f 3810 3985 3986
f 3943 3987 3806
f 3987 3988 3806
f 3806 3988 3973
f 3989 3990 3991
f 3990 3992 3991
f 3991 3992 3993
f 3989 3994 3990
f 3994 3995 3990
f 3990 3995 3996
f 3983 3997 3826
f 3997 3990 3826
f 3826 3990 3998
f 3990 3996 3998
f 3986 3999 3810
f 3999 4000 3810
f 3810 4000 4001
f 4001 4002 3810
f 4002 4003 3810
f 3810 4003 3806
f 4003 4004 3806
f 3806 4004 3892
f 4005 4006 3705
f 3641 3643 3602
f 3602 3599 3737
f 3599 3601 3737
f 3737 3601 3705
f 3772 3770 3796
f 3770 3768 3796
f 3796 3768 3798
f 3768 4007 4008
f 3727 3725 3707
f 4009 4010 3737
f 4010 4011 3737
f 3737 4011 4012
f 4013 4014 3674
f 4014 4015 3674
f 3674 4015 4016
f 3633 3635 3602
f 3667 3669 3602
f 4017 4018 4019
f 4018 4020 4019
f 4019 4020 4021
f 4022 4023 4019
f 4023 4024 4019
f 3786 3784 3774
f 4006 4025 3705
f 4025 4026 3705
f 3705 4026 4027
f 4027 4028 3705
f 4028 4029 3705
f 3705 4029 4030
f 4030 4031 3705
f 4031 4032 3705
f 3705 4032 3737
f 4032 4033 3737
f 3737 4033 4009
f 4008 4034 3768
f 4034 4035 3768
f 3768 4035 4036
f 4036 4037 3768
f 4037 4038 3768
f 3768 4038 4039
f 4016 4040 3674
f 4040 4041 3674
f 3674 4041 4042
f 3635 3637 3602
f 3637 3639 3602
f 3602 3639 3641
f 3727 3707 3729
f 4043 4044 4019
f 4044 4045 4019
f 4045 4046 4019
f 4046 4047 4019
f 4019 4047 4048
f 3772 3796 3774
f 3796 3794 3774
f 3774 3794 3792
f 4012 4049 3737
f 4049 4050 3737
f 3737 4050 4051
f 4039 4052 3768
f 4052 4053 3768
f 3768 4053 3674
f 4053 4054 3674
f 3674 4054 4013
f 3627 3602 3625
f 3602 3623 3625
f 3643 3645 3602
f 3645 3647 3602
f 3602 3647 3649
f 3649 3651 3602
f 3651 3653 3602
f 3602 3653 3655
f 3655 3657 3602
f 3657 3659 3602
f 3602 3659 3661
f 3669 3671 3602
f 3671 3673 3602
f 3602 3673 3599
f 3601 3734 3705
f 3734 3733 3705
f 3705 3733 3707
f 3733 3731 3707
f 3707 3731 3729
f 3725 3723 3707
f 3723 3721 3707
f 3707 3721 3719
f 3798 3768 3800
f 3768 3674 3800
f 3800 3674 4055
f 3674 3739 4055
f 4055 3739 4019
f 3739 4056 4019
f 4019 4056 4043
f 4048 4057 4019
f 4057 4058 4019
f 4019 4058 4059
f 4021 4060 4019
f 4060 4061 4019
f 4019 4061 4022
f 3792 3790 3774
f 3790 3788 3774
f 3774 3788 3786
f 3784 3782 3774
f 3782 3780 3774
f 3774 3780 3776
f 3780 3778 3776
f 4042 4062 3674
f 4062 4063 3674
f 3674 4063 3675
f 4063 4064 3675
f 3675 4064 3677
f 4064 4065 3677
f 3677 4065 3679
f 4065 4066 3679
f 3679 4066 3681
f 4066 4067 3681
f 3681 4067 3683
f 4067 4068 3683
f 3683 4068 3685
f 4068 4069 3685
f 3685 4069 3687
f 4069 4070 3687
f 3687 4070 3689
f 4070 4071 3689
f 3689 4071 3691
f 4071 4072 3691
f 3691 4072 3693
f 4072 4073 3693
f 3693 4073 3695
f 4073 4074 3695
f 3695 4074 3697
f 4074 4075 3697
f 3697 4075 3699
f 4075 4076 3699
f 3699 4076 3701
f 4076 4077 3701
f 3701 4077 3703
f 4077 4078 3703
f 3703 4078 3705
f 4078 4079 3705
f 3705 4079 4005
f 3611 3613 3602
f 3613 3615 3602
f 3602 3615 3617
f 3617 3619 3602
f 3619 3621 3602
f 3602 3621 3623
f 3627 3629 3602
f 3629 3631 3602
f 3602 3631 3633
f 3661 3663 3602
f 3663 3665 3602
f 3602 3665 3667
f 3719 3717 3707
f 3717 3715 3707
f 3707 3715 3709
f 3715 3713 3709
f 3709 3713 3711
f 4059 4080 4019
f 4080 4081 4019
f 4019 4081 4017
f 4051 4082 3737
f 4082 4083 3737
f 3737 4083 3740
f 4083 4084 3740
f 3740 4084 3741
f 4084 4085 3741
f 3741 4085 3742
f 4085 4086 3742
f 3742 4086 3744
f 4086 4087 3744
f 3744 4087 3746
f 4087 4088 3746
f 3746 4088 3748
f 4088 4089 3748
f 3748 4089 3750
f 4089 4090 3750
f 3750 4090 3752
f 4090 4091 3752
f 3752 4091 3754
f 4091 4092 3754
f 3754 4092 3756
f 4092 4093 3756
f 3756 4093 3758
f 4093 4094 3758
f 3758 4094 3760
f 4094 4095 3760
f 3760 4095 3762
f 4095 4096 3762
f 3762 4096 3764
f 4096 4097 3764
f 3764 4097 3766
f 4097 4098 3766
f 3766 4098 3768
f 4098 4099 3768
f 3768 4099 4007
f 3611 3602 3609
f 3602 3605 3609
f 3609 3605 3607
f 4024 4100 4019
f 4100 4101 4019
f 4019 4101 4102
f 4101 4103 4102
f 4102 4103 4104
f 4104 4105 4102
f 4105 4106 4102
f 4102 4106 4107
f 4107 4108 4102
f 4108 4109 4102
f 4102 4109 4110
f 4109 4111 4110
f 4110 4111 4112
f 3843 3678 3680
f 3843 3680 3945
f 3680 3682 3945
f 3945 3682 3947
f 3682 3684 3947
f 3947 3684 3949
f 3684 3686 3949
f 3949 3686 3951
f 3686 3688 3951
f 3951 3688 3953
f 3688 3690 3953
f 3953 3690 3955
f 3690 3692 3955
f 3955 3692 3957
f 3692 3694 3957
f 3957 3694 3959
f 3694 3696 3959
f 3959 3696 3961
f 3696 3698 3961
f 3961 3698 3963
f 3698 3700 3963
f 3963 3700 3965
f 3700 3702 3965
f 3965 3702 3967
f 3702 3704 3967
f 3967 3704 3969
f 3704 3706 3969
f 3969 3706 3971
f 3706 3708 3971
f 3971 3708 3806
f 3708 3710 3806
f 3806 3710 3801
f 3710 3712 3801
f 3801 3712 3802
f 3712 3714 3802
f 3802 3714 3817
f 3714 3716 3817
f 3817 3716 3818
f 3716 3718 3818
f 3818 3718 3819
f 3718 3720 3819
f 3819 3720 3803
f 3720 3722 3803
f 3803 3722 3820
f 3722 3724 3820
f 3820 3724 3804
f 3724 3726 3804
f 3804 3726 3805
f 3726 3728 3805
f 3805 3728 3812
f 3728 3730 3812
f 3812 3730 3813
f 3730 3732 3813
f 3813 3732 3811
f 3732 3598 3811
f 3811 3598 3809
f 3597 3807 3598
f 3807 3809 3598
f 3807 3597 3672
f 3807 3672 3975
f 3672 3670 3975
f 3975 3670 3977
f 3670 3668 3977
f 3977 3668 3976
f 3668 3666 3976
f 3976 3666 3974
f 3666 3664 3974
f 3974 3664 3978
f 3664 3662 3978
f 3978 3662 3979
f 3662 3660 3979
f 3979 3660 3980
f 3660 3658 3980
f 3980 3658 3875
f 3658 3656 3875
f 3875 3656 3876
f 3656 3654 3876
f 3876 3654 3877
f 3654 3652 3877
f 3877 3652 3878
f 3652 3650 3878
f 3878 3650 3899
f 3650 3648 3899
f 3899 3648 3900
f 3648 3646 3900
f 3900 3646 3835
f 3646 3644 3835
f 3835 3644 3834
f 3644 3642 3834
f 3834 3642 3833
f 3642 3640 3833
f 3833 3640 3836
f 3640 3638 3836
f 3836 3638 3837
f 3638 3636 3837
f 3837 3636 3821
f 3636 3634 3821
f 3821 3634 3822
f 3634 3632 3822
f 3822 3632 3823
f 3632 3630 3823
f 3823 3630 3816
f 3630 3628 3816
f 3816 3628 3815
f 3628 3626 3815
f 3815 3626 3814
f 3626 3624 3814
f 3814 3624 3838
f 3624 3622 3838
f 3838 3622 3839
f 3622 3620 3839
f 3839 3620 3840
f 3620 3618 3840
f 3840 3618 3857
f 3618 3616 3857
f 3857 3616 3858
f 3616 3614 3858
f 3858 3614 3859
f 3614 3612 3859
f 3859 3612 3879
f 3612 3610 3879
f 3879 3610 3880
f 3610 3608 3880
f 3880 3608 3881
f 3608 3606 3881
f 3881 3606 3901
f 3606 3604 3901
f 3901 3604 3902
f 3604 3603 3902
f 3902 3603 3808
f 3735 3810 3603
f 3810 3808 3603
f 3810 3735 3743
f 3810 3743 3938
f 3743 3745 3938
f 3938 3745 3936
f 3745 3747 3936
f 3936 3747 3934
f 3747 3749 3934
f 3934 3749 3932
f 3749 3751 3932
f 3932 3751 3930
f 3751 3753 3930
f 3930 3753 3928
f 3753 3755 3928
f 3928 3755 3926
f 3755 3757 3926
f 3926 3757 3924
f 3757 3759 3924
f 3924 3759 3922
f 3759 3761 3922
f 3922 3761 3920
f 3761 3763 3920
f 3920 3763 3918
f 3763 3765 3918
f 3918 3765 3916
f 3765 3767 3916
f 3916 3767 3914
f 3767 3769 3914
f 3914 3769 3912
f 3769 3771 3912
f 3912 3771 3849
f 3771 3773 3849
f 3849 3773 3850
f 3773 3775 3850
f 3850 3775 3841
f 3775 3777 3841
f 3841 3777 3842
f 3777 3779 3842
f 3842 3779 3844
f 3779 3781 3844
f 3844 3781 3845
f 3781 3783 3845
f 3845 3783 3860
f 3783 3785 3860
f 3860 3785 3861
f 3785 3787 3861
f 3861 3787 3862
f 3787 3789 3862
f 3862 3789 3882
f 3789 3791 3882
f 3882 3791 3883
f 3791 3793 3883
f 3883 3793 3884
f 3793 3795 3884
f 3884 3795 3885
f 3795 3797 3885
f 3885 3797 3886
f 4113 3887 3797
f 3887 3886 3797
f 3887 4113 4114
f 3887 4114 3888
f 4114 4115 3888
f 3888 4115 3903
f 4115 4116 3903
f 3903 4116 3904
f 4116 4117 3904
f 3904 4117 3905
f 4117 4118 3905
f 3905 4118 3906
f 4118 4119 3906
f 3906 4119 3907
f 4119 4120 3907
f 3907 4120 3824
f 4120 4121 3824
f 3824 4121 3825
f 4121 4122 3825
f 3825 4122 3908
f 4122 4123 3908
f 3908 4123 3909
f 4123 4124 3909
f 3909 4124 3889
f 4124 4125 3889
f 3889 4125 3890
f 4125 4126 3890
f 3890 4126 3891
f 4126 4127 3891
f 3891 4127 3827
f 4127 4128 3827
f 3827 4128 3828
f 4128 4129 3828
f 3828 4129 3829
f 4129 4130 3829
f 3829 4130 3830
f 4130 4131 3830
f 3830 4131 3831
f 4131 4132 3831
f 3831 4132 3832
f 4132 4133 3832
f 3832 4133 3863
f 4133 4134 3863
f 3863 4134 3864
f 4134 4135 3864
f 3864 4135 3865
f 4135 4136 3865
f 3865 4136 3981
f 4136 4137 3981
f 3981 4137 3982
f 4137 4138 3982
f 3982 4138 3983
f 4138 4139 3983
f 3983 4139 3997
f 4139 4140 3997
f 3997 4140 3990
f 4140 4141 3990
f 3990 4141 3992
f 4141 4142 3992
f 3992 4142 3993
f 4142 4143 3993
f 3993 4143 3991
f 4143 4144 3991
f 3991 4144 3989
f 4144 4145 3989
f 3989 4145 3994
f 4145 4146 3994
f 3994 4146 3995
f 4146 4147 3995
f 3995 4147 3996
f 4147 4148 3996
f 3996 4148 3998
f 4148 3738 3998
f 3998 3738 3826
f 3678 3843 3738
f 3843 3826 3738
f 3970 4079 3968
f 4079 4078 3968
f 3968 4078 3966
f 4078 4077 3966
f 3966 4077 3964
f 4077 4076 3964
f 3964 4076 3962
f 4076 4075 3962
f 3962 4075 3960
f 4075 4074 3960
f 3960 4074 3958
f 4074 4073 3958
f 3958 4073 3956
f 4073 4072 3956
f 3956 4072 3954
f 4072 4071 3954
f 3954 4071 3952
f 4071 4070 3952
f 3952 4070 3950
f 4070 4069 3950
f 3950 4069 3948
f 4069 4068 3948
f 3948 4068 3946
f 4068 4067 3946
f 3946 4067 3944
f 4067 4066 3944
f 3944 4066 3866
f 4066 4065 3866
f 3866 4065 3867
f 4065 4064 3867
f 3867 4064 3868
f 4064 4063 3868
f 3868 4063 3869
f 4063 4062 3869
f 3869 4062 3895
f 4062 4042 3895
f 3895 4042 3896
f 4042 4041 3896
f 3896 4041 3870
f 4041 4040 3870
f 3870 4040 3871
f 4040 4016 3871
f 3871 4016 3897
f 4016 4015 3897
f 3897 4015 3898
f 4015 4014 3898
f 3898 4014 3848
f 4014 4013 3848
f 3848 4013 3851
f 4013 4054 3851
f 3851 4054 3852
f 4054 4053 3852
f 3852 4053 3853
f 4053 4052 3853
f 3853 4052 3854
f 4052 4039 3854
f 3854 4039 3855
f 4039 4038 3855
f 3855 4038 3856
f 4038 4037 3856
f 3856 4037 3872
f 4037 4036 3872
f 3872 4036 3873
f 4036 4035 3873
f 3873 4035 3874
f 4035 4034 3874
f 3874 4034 3910
f 4034 4008 3910
f 3910 4008 3911
f 4008 4007 3911
f 3911 4007 3913
f 4007 4099 3913
f 3913 4099 3915
f 4099 4098 3915
f 3915 4098 3917
f 4098 4097 3917
f 3917 4097 3919
f 4097 4096 3919
f 3919 4096 3921
f 4096 4095 3921
f 3921 4095 3923
f 4095 4094 3923
f 3923 4094 3925
f 4094 4093 3925
f 3925 4093 3927
f 4093 4092 3927
f 3927 4092 3929
f 4092 4091 3929
f 3929 4091 3931
f 4091 4090 3931
f 3931 4090 3933
f 4090 4089 3933
f 3933 4089 3935
f 4089 4088 3935
f 3935 4088 3937
f 4088 4087 3937
f 3937 4087 3939
f 4087 4086 3939
f 3939 4086 3940
f 4086 4085 3940
f 3940 4085 3846
f 4085 4084 3846
f 3846 4084 3847
f 4084 4083 3847
f 3847 4083 3984
f 4083 4082 3984
f 3984 4082 3985
f 4082 4051 3985
f 3985 4051 3986
f 4051 4050 3986
f 3986 4050 3999
f 4050 4049 3999
f 3999 4049 4000
f 4049 4012 4000
f 4000 4012 4001
f 4012 4011 4001
f 4001 4011 4002
f 4011 4010 4002
f 4002 4010 4003
f 4010 4009 4003
f 4003 4009 4004
f 4009 4033 4004
f 4004 4033 3892
f 4033 4032 3892
f 3892 4032 3893
f 4032 4031 3893
f 3893 4031 3894
f 4031 4030 3894
f 3894 4030 3941
f 4030 4029 3941
f 3941 4029 3942
f 4029 4028 3942
f 3942 4028 3943
f 4028 4027 3943
f 3943 4027 3987
f 4027 4026 3987
f 3987 4026 3988
f 4026 4025 3988
f 3988 4025 3973
f 4025 4006 3973
f 3973 4006 3972
f 4006 4005 3972
f 3972 4005 3970
f 4005 4079 3970
f 4113 3797 4055
f 3797 3799 4055
f 4055 3799 3800
f 3739 3738 4148
f 3739 4148 4056
f 4148 4147 4056
f 4056 4147 4043
f 4147 4146 4043
f 4043 4146 4044
f 4146 4145 4044
f 4044 4145 4045
f 4145 4144 4045
f 4045 4144 4046
f 4144 4143 4046
f 4046 4143 4047
f 4143 4142 4047
f 4047 4142 4048
f 4142 4141 4048
f 4048 4141 4057
f 4141 4140 4057
f 4057 4140 4058
f 4140 4139 4058
f 4058 4139 4059
f 4139 4138 4059
f 4059 4138 4080
f 4138 4137 4080
f 4080 4137 4081
f 4137 4136 4081
f 4081 4136 4017
f 4136 4135 4017
f 4017 4135 4018
f 4135 4134 4018
f 4018 4134 4020
f 4134 4133 4020
f 4020 4133 4021
f 4133 4132 4021
f 4021 4132 4060
f 4132 4131 4060
f 4060 4131 4061
f 4131 4130 4061
f 4061 4130 4022
f 4130 4129 4022
f 4022 4129 4023
f 4129 4128 4023
f 4023 4128 4024
f 4128 4127 4024
f 4024 4127 4100
f 4127 4126 4100
f 4100 4126 4101
f 4126 4125 4101
f 4101 4125 4103
f 4125 4124 4103
f 4103 4124 4104
f 4124 4123 4104
f 4104 4123 4105
f 4123 4122 4105
f 4105 4122 4106
f 4122 4121 4106
f 4106 4121 4107
f 4121 4120 4107
f 4107 4120 4108
f 4120 4119 4108
f 4108 4119 4109
f 4119 4118 4109
f 4109 4118 4111
f 4118 4117 4111
f 4111 4117 4112
f 4117 4116 4112
f 4112 4116 4110
f 4116 4115 4110
f 4110 4115 4102
f 4115 4114 4102
f 4102 4114 4019
f 4114 4113 4019
f 4019 4113 4055
f 4149 4150 4151
f 4150 4152 4151
f 4151 4152 4153
f 4152 4154 4153
f 4153 4154 4155
f 4154 4156 4155
f 4155 4156 4157
f 4156 4158 4157
f 4157 4158 4159
f 4158 4160 4159
f 4159 4160 4161
f 4160 4162 4161
f 4161 4162 4163
f 4162 4164 4163
f 4163 4164 4165
f 4164 4166 4165
f 4165 4166 4167
f 4166 4168 4167
f 4167 4168 4169
f 4168 4170 4169
f 4169 4170 4171
f 4170 4172 4171
f 4171 4172 4173
f 4172 4174 4173
f 4173 4174 4175
f 4174 4176 4175
f 4175 4176 4177
f 4176 4178 4177
f 4177 4178 4179
f 4178 4180 4179
f 4179 4180 4181
f 4180 4182 4181
f 4181 4182 4183
f 4182 4184 4183
f 4183 4184 4185
f 4184 4186 4185
f 4185 4186 4187
f 4186 4188 4187
f 4187 4188 4189
f 4188 4190 4189
f 4189 4190 4191
f 4190 4192 4191
f 4191 4192 4193
f 4192 4194 4193
f 4193 4194 4195
f 4194 4196 4195
f 4195 4196 4197
f 4196 4198 4197
f 4197 4198 4199
f 4198 4200 4199
f 4199 4200 4201
f 4200 4202 4201
f 4201 4202 4203
f 4202 4204 4203
f 4203 4204 4205
f 4204 4206 4205
f 4205 4206 4207
f 4206 4208 4207
f 4207 4208 4209
f 4208 4210 4209
f 4209 4210 4211
f 4210 4212 4211
f 4211 4212 4213
f 4212 4214 4213
f 4213 4214 4215
f 4214 4216 4215
f 4215 4216 4217
f 4216 4218 4217
f 4217 4218 4219
f 4218 4220 4219
f 4219 4220 4221
f 4220 4222 4221
f 4221 4222 4223
f 4222 4224 4223
f 4223 4224 4225
f 4224 4226 4225
f 4225 4226 4227
f 4226 4228 4227
f 4227 4228 4229
f 4228 4230 4229
f 4229 4230 4231
f 4230 4232 4231
f 4231 4232 4233
f 4232 4234 4233
f 4233 4234 4235
f 4234 4236 4235
f 4235 4236 4237
f 4236 4238 4237
f 4237 4238 4239
f 4238 4240 4239
f 4239 4240 4241
f 4240 4242 4241
f 4241 4242 4243
f 4242 4244 4243
f 4243 4244 4245
f 4244 4246 4245
f 4245 4246 4247
f 4246 4248 4247
f 4247 4248 4249
f 4248 4250 4249
f 4249 4250 4251
f 4250 4252 4251
f 4251 4252 4253
f 4252 4254 4253
f 4253 4254 4255
f 4254 4256 4255
f 4255 4256 4257
f 4256 4258 4257
f 4257 4258 4259
f 4258 4260 4259
f 4259 4260 4261
f 4260 4262 4261
f 4261 4262 4263
f 4262 4264 4263
f 4263 4264 4265
f 4264 4266 4265
f 4265 4266 4267
f 4266 4268 4267
f 4267 4268 4269
f 4268 4270 4269
f 4269 4270 4271
f 4270 4272 4271
f 4271 4272 4273
f 4272 4274 4273
f 4273 4274 4275
f 4274 4276 4275
f 4275 4276 4277
f 4276 4278 4277
f 4277 4278 4279
f 4278 4280 4279
f 4279 4280 4281
f 4280 4282 4281
f 4281 4282 4283
f 4282 4284 4283
f 4283 4284 4285
f 4284 4286 4285
f 4285 4286 4287
f 4286 4288 4287
f 4287 4288 4289
f 4288 4290 4289
f 4289 4290 4291
f 4290 4292 4291
f 4291 4292 4149
f 4292 4150 4149
f 4293 4294 4295
f 4294 4296 4295
f 4294 4293 4297
f 4293 4298 4297
f 4297 4298 4299
f 4298 4300 4299
f 4299 4300 4301
f 4300 4302 4301
f 4301 4302 4303
f 4302 4304 4303
f 4303 4304 4305
f 4304 4306 4305
f 4305 4306 4307
f 4306 4308 4307
f 4307 4308 4309
f 4308 4310 4309
f 4309 4310 4311
f 4310 4312 4311
f 4311 4312 4313
f 4312 4314 4313
f 4313 4314 4315
f 4314 4316 4315
f 4315 4316 4317
f 4316 4318 4317
f 4317 4318 4319
f 4318 4320 4319
f 4319 4320 4321
f 4320 4322 4321
f 4321 4322 4323
f 4322 4324 4323
f 4323 4324 4325
f 4324 4326 4325
f 4325 4326 4327
f 4326 4328 4327
f 4327 4328 4329
f 4328 4330 4329
f 4329 4330 4331
f 4330 4332 4331
f 4331 4332 4333
f 4332 4334 4333
f 4333 4334 4335
f 4334 4336 4335
f 4335 4336 4337
f 4336 4338 4337
f 4337 4338 4339
f 4338 4340 4339
f 4339 4340 4341
f 4340 4342 4341
f 4341 4342 4343
f 4342 4344 4343
f 4343 4344 4345
f 4344 4346 4345
f 4345 4346 4347
f 4346 4348 4347
f 4347 4348 4349
f 4348 4350 4349
f 4349 4350 4351
f 4350 4352 4351
f 4351 4352 4353
f 4352 4354 4353
f 4353 4354 4355
f 4354 4356 4355
f 4355 4356 4357
f 4356 4358 4357
f 4357 4358 4359
f 4358 4360 4359
f 4359 4360 4361
f 4360 4362 4361
f 4361 4362 4363
f 4362 4364 4363
f 4363 4364 4365
f 4364 4366 4365
f 4365 4366 4367
f 4366 4368 4367
f 4369 4370 4371
f 4370 4372 4371
f 4371 4372 4373
f 4372 4374 4373
f 4373 4374 4375
f 4374 4376 4375
f 4375 4376 4377
f 4376 4378 4377
f 4377 4378 4379
f 4378 4380 4379
f 4379 4380 4381
f 4380 4382 4381
f 4381 4382 4383
f 4382 4384 4383
f 4383 4384 4385
f 4384 4386 4385
f 4385 4386 4387
f 4386 4388 4387
f 4387 4388 4389
f 4388 4390 4389
f 4389 4390 4391
f 4390 4392 4391
f 4391 4392 4393
f 4392 4394 4393
f 4393 4394 4395
f 4394 4396 4395
f 4395 4396 4397
f 4396 4398 4397
f 4397 4398 4399
f 4398 4400 4399
f 4399 4400 4401
f 4400 4402 4401
f 4401 4402 4403
f 4402 4404 4403
f 4403 4404 4405
f 4404 4406 4405
f 4405 4406 4407
f 4406 4408 4407
f 4407 4408 4409
f 4408 4410 4409
f 4409 4410 4411
f 4410 4412 4411
f 4411 4412 4413
f 4412 4414 4413
f 4413 4414 4415
f 4414 4416 4415
f 4415 4416 4417
f 4416 4418 4417
f 4417 4418 4419
f 4418 4420 4419
f 4419 4420 4421
f 4420 4422 4421
f 4421 4422 4423
f 4422 4424 4423
f 4423 4424 4296
f 4424 4295 4296
f 4367 4368 4425
f 4368 4426 4425
f 4370 4369 4427
f 4369 4428 4427
f 4425 4426 4429
f 4426 4430 4429
f 4429 4430 4431
f 4430 4432 4431
f 4431 4432 4433
f 4432 4434 4433
f 4433 4434 4435
f 4434 4436 4435
f 4435 4436 4437
f 4436 4438 4437
f 4437 4438 4439
f 4438 4440 4439
f 4439 4440 4441
f 4440 4442 4441
f 4441 4442 4443
f 4442 4444 4443
f 4443 4444 4445
f 4444 4446 4445
f 4445 4446 4447
f 4446 4448 4447
f 4447 4448 4449
f 4448 4450 4449
f 4449 4450 4451
f 4450 4452 4451
f 4451 4452 4453
f 4452 4454 4453
f 4453 4454 4455
f 4454 4456 4455
f 4455 4456 4457
f 4456 4458 4457
f 4457 4458 4459
f 4458 4460 4459
f 4459 4460 4461
f 4460 4462 4461
f 4461 4462 4463
f 4462 4464 4463
f 4463 4464 4465
f 4464 4466 4465
f 4465 4466 4467
f 4466 4468 4467
f 4467 4468 4469
f 4468 4470 4469
f 4469 4470 4471
f 4470 4472 4471
f 4471 4472 4473
f 4472 4474 4473
f 4473 4474 4475
f 4474 4476 4475
f 4475 4476 4477
f 4476 4478 4477
f 4477 4478 4479
f 4478 4480 4479
f 4479 4480 4481
f 4480 4482 4481
f 4481 4482 4483
f 4482 4484 4483
f 4485 4486 4487
f 4486 4488 4487
f 4487 4488 4489
f 4488 4490 4489
f 4489 4490 4491
f 4490 4492 4491
f 4491 4492 4493
f 4492 4494 4493
f 4493 4494 4495
f 4494 4496 4495
f 4495 4496 4497
f 4496 4498 4497
f 4497 4498 4499
f 4498 4500 4499
f 4499 4500 4501
f 4500 4502 4501
f 4501 4502 4503
f 4502 4504 4503
f 4503 4504 4505
f 4504 4506 4505
f 4505 4506 4507
f 4506 4508 4507
f 4507 4508 4509
f 4508 4510 4509
f 4509 4510 4511
f 4510 4512 4511
f 4511 4512 4513
f 4512 4514 4513
f 4513 4514 4515
f 4514 4516 4515
f 4515 4516 4517
f 4516 4518 4517
f 4517 4518 4519
f 4518 4520 4519
f 4519 4520 4521
f 4520 4522 4521
f 4521 4522 4523
f 4522 4524 4523
f 4523 4524 4525
f 4524 4526 4525
f 4525 4526 4527
f 4526 4528 4527
f 4527 4528 4529
f 4528 4530 4529
f 4529 4530 4531
f 4530 4532 4531
f 4531 4532 4533
f 4532 4534 4533
f 4533 4534 4535
f 4534 4536 4535
f 4535 4536 4537
f 4536 4538 4537
f 4537 4538 4539
f 4538 4540 4539
f 4539 4540 4541
f 4540 4542 4541
f 4541 4542 4543
f 4542 4544 4543
f 4543 4544 4545
f 4544 4546 4545
f 4545 4546 4547
f 4546 4548 4547
f 4547 4548 4549
f 4548 4550 4549
f 4549 4550 4551
f 4550 4552 4551
f 4551 4552 4553
f 4552 4554 4553
f 4553 4554 4555
f 4554 4556 4555
f 4555 4556 4428
f 4556 4427 4428
f 4486 4485 4484
f 4485 4483 4484
f 4557 4558 4559
f 4558 4560 4559
f 4559 4560 4561
f 4560 4562 4561
f 4561 4562 4563
f 4562 4564 4563
f 4563 4564 4565
f 4564 4566 4565
f 4565 4566 4567
f 4566 4568 4567
f 4567 4568 4569
f 4568 4570 4569
f 4569 4570 4571
f 4570 4572 4571
f 4571 4572 4573
f 4572 4574 4573
f 4573 4574 4575
f 4574 4576 4575
f 4575 4576 4577
f 4576 4578 4577
f 4577 4578 4579
f 4578 4580 4579
f 4579 4580 4581
f 4580 4582 4581
f 4581 4582 4583
f 4582 4584 4583
f 4583 4584 4585
f 4584 4586 4585
f 4585 4586 4587
f 4586 4588 4587
f 4587 4588 4589
f 4588 4590 4589
f 4589 4590 4591
f 4590 4592 4591
f 4591 4592 4593
f 4592 4594 4593
f 4593 4594 4595
f 4594 4596 4595
f 4595 4596 4597
f 4596 4598 4597
f 4597 4598 4599
f 4598 4600 4599
f 4599 4600 4601
f 4600 4602 4601
f 4601 4602 4603
f 4602 4604 4603
f 4603 4604 4605
f 4604 4606 4605
f 4605 4606 4607
f 4606 4608 4607
f 4607 4608 4609
f 4608 4610 4609
f 4609 4610 4611
f 4610 4612 4611
f 4611 4612 4613
f 4612 4614 4613
f 4613 4614 4615
f 4614 4616 4615
f 4615 4616 4617
f 4616 4618 4617
f 4617 4618 4619
f 4618 4620 4619
f 4619 4620 4621
f 4620 4622 4621
f 4621 4622 4623
f 4622 4624 4623
f 4623 4624 4625
f 4624 4626 4625
f 4625 4626 4627
f 4626 4628 4627
f 4627 4628 4629
f 4628 4630 4629
f 4629 4630 4631
f 4630 4632 4631
f 4631 4632 4633
f 4632 4634 4633
f 4633 4634 4635
f 4634 4636 4635
f 4635 4636 4637
f 4636 4638 4637
f 4637 4638 4639
f 4638 4640 4639
f 4639 4640 4641
f 4640 4642 4641
f 4641 4642 4643
f 4642 4644 4643
f 4643 4644 4645
f 4644 4646 4645
f 4645 4646 4647
f 4646 4648 4647
f 4647 4648 4649
f 4648 4650 4649
f 4649 4650 4651
f 4650 4652 4651
f 4651 4652 4653
f 4652 4654 4653
f 4653 4654 4655
f 4654 4656 4655
f 4655 4656 4657
f 4656 4658 4657
f 4657 4658 4659
f 4658 4660 4659
f 4659 4660 4661
f 4660 4662 4661
f 4661 4662 4663
f 4662 4664 4663
f 4663 4664 4665
f 4664 4666 4665
f 4665 4666 4667
f 4666 4668 4667
f 4667 4668 4669
f 4668 4670 4669
f 4669 4670 4671
f 4670 4672 4671
f 4671 4672 4673
f 4672 4674 4673
f 4673 4674 4675
f 4674 4676 4675
f 4675 4676 4677
f 4676 4678 4677
f 4677 4678 4679
f 4678 4680 4679
f 4679 4680 4681
f 4680 4682 4681
f 4681 4682 4683
f 4682 4684 4683
f 4683 4684 4685
f 4684 4686 4685
f 4685 4686 4687
f 4686 4688 4687
f 4687 4688 4689
f 4688 4690 4689
f 4689 4690 4691
f 4690 4692 4691
f 4691 4692 4693
f 4692 4694 4693
f 4693 4694 4695
f 4694 4696 4695
f 4695 4696 4697
f 4696 4698 4697
f 4697 4698 4699
f 4698 4700 4699
f 4699 4700 4557
f 4700 4558 4557
f 4701 4702 4703
f 4702 4704 4703
f 4703 4704 4705
f 4704 4706 4705
f 4705 4706 4707
f 4706 4708 4707
f 4707 4708 4709
f 4708 4710 4709
f 4709 4710 4711
f 4710 4712 4711
f 4711 4712 4713
f 4712 4714 4713
f 4713 4714 4715
f 4714 4716 4715
f 4715 4716 4717
f 4716 4718 4717
f 4717 4718 4719
f 4718 4720 4719
f 4719 4720 4721
f 4720 4722 4721
f 4721 4722 4723
f 4722 4724 4723
f 4723 4724 4725
f 4724 4726 4725
f 4725 4726 4727
f 4726 4728 4727
f 4727 4728 4729
f 4728 4730 4729
f 4729 4730 4731
f 4730 4732 4731
f 4731 4732 4733
f 4732 4734 4733
f 4733 4734 4735
f 4734 4736 4735
f 4735 4736 4737
f 4736 4738 4737
f 4737 4738 4739
f 4738 4740 4739
f 4739 4740 4741
f 4740 4742 4741
f 4741 4742 4743
f 4742 4744 4743
f 4743 4744 4745
f 4744 4746 4745
f 4745 4746 4747
f 4746 4748 4747
f 4747 4748 4749
f 4748 4750 4749
f 4749 4750 4751
f 4750 4752 4751
f 4751 4752 4753
f 4752 4754 4753
f 4753 4754 4755
f 4754 4756 4755
f 4755 4756 4757
f 4756 4758 4757
f 4757 4758 4759
f 4758 4760 4759
f 4759 4760 4761
f 4760 4762 4761
f 4761 4762 4763
f 4762 4764 4763
f 4763 4764 4765
f 4764 4766 4765
f 4765 4766 4767
f 4766 4768 4767
f 4767 4768 4769
f 4768 4770 4769
f 4769 4770 4771
f 4770 4772 4771
f 4771 4772 4773
f 4772 4774 4773
f 4773 4774 4775
f 4774 4776 4775
f 4775 4776 4777
f 4776 4778 4777
f 4777 4778 4779
f 4778 4780 4779
f 4779 4780 4781
f 4780 4782 4781
f 4781 4782 4783
f 4782 4784 4783
f 4783 4784 4785
f 4784 4786 4785
f 4785 4786 4787
f 4786 4788 4787
f 4787 4788 4789
f 4788 4790 4789
f 4789 4790 4791
f 4790 4792 4791
f 4791 4792 4793
f 4792 4794 4793
f 4793 4794 4795
f 4794 4796 4795
f 4795 4796 4797
f 4796 4798 4797
f 4797 4798 4799
f 4798 4800 4799
f 4799 4800 4801
f 4800 4802 4801
f 4801 4802 4803
f 4802 4804 4803
f 4803 4804 4805
f 4804 4806 4805
f 4805 4806 4807
f 4806 4808 4807
f 4807 4808 4809
f 4808 4810 4809
f 4809 4810 4811
f 4810 4812 4811
f 4811 4812 4813
f 4812 4814 4813
f 4813 4814 4815
f 4814 4816 4815
f 4815 4816 4817
f 4816 4818 4817
f 4817 4818 4819
f 4818 4820 4819
f 4819 4820 4821
f 4820 4822 4821
f 4821 4822 4823
f 4822 4824 4823
f 4823 4824 4825
f 4824 4826 4825
f 4825 4826 4827
f 4826 4828 4827
f 4827 4828 4829
f 4828 4830 4829
f 4829 4830 4831
f 4830 4832 4831
f 4831 4832 4833
f 4832 4834 4833
f 4833 4834 4835
f 4834 4836 4835
f 4835 4836 4837
f 4836 4838 4837
f 4837 4838 4839
f 4838 4840 4839
f 4839 4840 4841
f 4840 4842 4841
f 4841 4842 4843
f 4842 4844 4843
f 4843 4844 4701
f 4844 4702 4701
f 4845 4846 4847
f 4846 4848 4847
f 4847 4848 4849
f 4848 4850 4849
f 4849 4850 4851
f 4850 4852 4851
f 4851 4852 4853
f 4852 4854 4853
f 4853 4854 4855
f 4854 4856 4855
f 4855 4856 4857
f 4856 4858 4857
f 4857 4858 4859
f 4858 4860 4859
f 4859 4860 4861
f 4860 4862 4861
f 4861 4862 4863
f 4862 4864 4863
f 4863 4864 4865
f 4864 4866 4865
f 4865 4866 4867
f 4866 4868 4867
f 4867 4868 4869
f 4868 4870 4869
f 4869 4870 4871
f 4870 4872 4871
f 4871 4872 4873
f 4872 4874 4873
f 4873 4874 4875
f 4874 4876 4875
f 4875 4876 4877
f 4876 4878 4877
f 4877 4878 4879
f 4878 4880 4879
f 4879 4880 4881
f 4880 4882 4881
f 4881 4882 4883
f 4882 4884 4883
f 4883 4884 4885
f 4884 4886 4885
f 4885 4886 4887
f 4886 4888 4887
f 4887 4888 4889
f 4888 4890 4889
f 4889 4890 4891
f 4890 4892 4891
f 4891 4892 4893
f 4892 4894 4893
f 4893 4894 4895
f 4894 4896 4895
f 4895 4896 4897
f 4896 4898 4897
f 4897 4898 4899
f 4898 4900 4899
f 4899 4900 4901
f 4900 4902 4901
f 4901 4902 4903
f 4902 4904 4903
f 4903 4904 4905
f 4904 4906 4905
f 4905 4906 4907
f 4906 4908 4907
f 4907 4908 4909
f 4908 4910 4909
f 4909 4910 4911
f 4910 4912 4911
f 4911 4912 4913
f 4912 4914 4913
f 4913 4914 4915
f 4914 4916 4915
f 4915 4916 4917
f 4916 4918 4917
f 4917 4918 4919
f 4918 4920 4919
f 4919 4920 4921
f 4920 4922 4921
f 4921 4922 4923
f 4922 4924 4923
f 4923 4924 4925
f 4924 4926 4925
f 4925 4926 4927
f 4926 4928 4927
f 4927 4928 4929
f 4928 4930 4929
f 4929 4930 4931
f 4930 4932 4931
f 4931 4932 4933
f 4932 4934 4933
f 4933 4934 4935
f 4934 4936 4935
f 4935 4936 4937
f 4936 4938 4937
f 4937 4938 4939
f 4938 4940 4939
f 4939 4940 4941
f 4940 4942 4941
f 4941 4942 4943
f 4942 4944 4943
f 4943 4944 4945
f 4944 4946 4945
f 4945 4946 4947
f 4946 4948 4947
f 4947 4948 4949
f 4948 4950 4949
f 4949 4950 4951
f 4950 4952 4951
f 4951 4952 4953
f 4952 4954 4953
f 4953 4954 4955
f 4954 4956 4955
f 4955 4956 4957
f 4956 4958 4957
f 4957 4958 4959
f 4958 4960 4959
f 4959 4960 4961
f 4960 4962 4961
f 4961 4962 4963
f 4962 4964 4963
f 4963 4964 4965
f 4964 4966 4965
f 4965 4966 4967
f 4966 4968 4967
f 4967 4968 4969
f 4968 4970 4969
f 4969 4970 4971
f 4970 4972 4971
f 4971 4972 4973
f 4972 4974 4973
f 4973 4974 4975
f 4974 4976 4975
f 4975 4976 4977
f 4976 4978 4977
f 4977 4978 4979
f 4978 4980 4979
f 4979 4980 4981
f 4980 4982 4981
f 4981 4982 4983
f 4982 4984 4983
f 4983 4984 4985
f 4984 4986 4985
f 4985 4986 4987
f 4986 4988 4987
f 4987 4988 4845
f 4988 4846 4845
f 4989 4990 4991
f 4990 4992 4991
f 4991 4992 4993
f 4992 4994 4993
f 4993 4994 4995
f 4994 4996 4995
f 4995 4996 4997
f 4996 4998 4997
f 4997 4998 4999
f 4998 5000 4999
f 4999 5000 5001
f 5000 5002 5001
f 5001 5002 5003
f 5002 5004 5003
f 5003 5004 5005
f 5004 5006 5005
f 5005 5006 5007
f 5006 5008 5007
f 5007 5008 5009
f 5008 5010 5009
f 5009 5010 5011
f 5010 5012 5011
f 5011 5012 5013
f 5012 5014 5013
f 5013 5014 5015
f 5014 5016 5015
f 5015 5016 5017
f 5016 5018 5017
f 5017 5018 5019
f 5018 5020 5019
f 5019 5020 5021
f 5020 5022 5021
f 5021 5022 5023
f 5022 5024 5023
f 5023 5024 5025
f 5024 5026 5025
f 5025 5026 5027
f 5026 5028 5027
f 5027 5028 5029
f 5028 5030 5029
f 5029 5030 5031
f 5030 5032 5031
f 5031 5032 5033
f 5032 5034 5033
f 5033 5034 5035
f 5034 5036 5035
f 5035 5036 5037
f 5036 5038 5037
f 5037 5038 5039
f 5038 5040 5039
f 5039 5040 5041
f 5040 5042 5041
f 5041 5042 5043
f 5042 5044 5043
f 5043 5044 5045
f 5044 5046 5045
f 5045 5046 5047
f 5046 5048 5047
f 5047 5048 5049
f 5048 5050 5049
f 5049 5050 5051
f 5050 5052 5051
f 5051 5052 5053
f 5052 5054 5053
f 5053 5054 5055
f 5054 5056 5055
f 5055 5056 5057
f 5056 5058 5057
f 5057 5058 5059
f 5058 5060 5059
f 5059 5060 5061
f 5060 5062 5061
f 5061 5062 5063
f 5062 5064 5063
f 5063 5064 5065
f 5064 5066 5065
f 5065 5066 5067
f 5066 5068 5067
f 5067 5068 5069
f 5068 5070 5069
f 5069 5070 5071
f 5070 5072 5071
f 5071 5072 5073
f 5072 5074 5073
f 5073 5074 5075
f 5074 5076 5075
f 5075 5076 5077
f 5076 5078 5077
f 5077 5078 5079
f 5078 5080 5079
f 5079 5080 5081
f 5080 5082 5081
f 5081 5082 5083
f 5082 5084 5083
f 5083 5084 5085
f 5084 5086 5085
f 5085 5086 5087
f 5086 5088 5087
f 5087 5088 5089
f 5088 5090 5089
f 5089 5090 5091
f 5090 5092 5091
f 5091 5092 5093
f 5092 5094 5093
f 5093 5094 5095
f 5094 5096 5095
f 5095 5096 5097
f 5096 5098 5097
f 5097 5098 5099
f 5098 5100 5099
f 5099 5100 5101
f 5100 5102 5101
f 5101 5102 5103
f 5102 5104 5103
f 5103 5104 5105
f 5104 5106 5105
f 5105 5106 5107
f 5106 5108 5107
f 5107 5108 5109
f 5108 5110 5109
f 5109 5110 5111
f 5110 5112 5111
f 5111 5112 5113
f 5112 5114 5113
f 5113 5114 5115
f 5114 5116 5115
f 5115 5116 5117
f 5116 5118 5117
f 5117 5118 5119
f 5118 5120 5119
f 5119 5120 5121
f 5120 5122 5121
f 5121 5122 5123
f 5122 5124 5123
f 5123 5124 5125
f 5124 5126 5125
f 5125 5126 5127
f 5126 5128 5127
f 5127 5128 5129
f 5128 5130 5129
f 5129 5130 5131
f 5130 5132 5131
f 5131 5132 4989
f 5132 4990 4989
f 5133 5134 5135
f 5135 5134 5136
f 5137 5138 5139
f 5140 5141 5142
f 5141 5143 5142
f 5142 5143 5144
f 5144 5145 5142
f 5145 5146 5142
f 5142 5146 5147
f 5147 5148 5142
f 5148 5149 5142
f 5142 5149 5150
f 5150 5151 5142
f 5151 5152 5142
f 5142 5152 5153
f 5153 5154 5142
f 5154 5155 5142
f 5142 5155 5156
f 5155 5139 5156
f 5156 5139 5157
f 5139 5158 5157
f 5159 5160 5134
f 5160 5161 5134
f 5134 5161 5162
f 5019 5021 5134
f 5138 5163 5139
f 5163 5164 5139
f 5139 5164 5165
f 5021 5023 5134
f 5023 5025 5134
f 5134 5025 5027
f 5165 5166 5139
f 5166 5167 5139
f 5139 5167 5158
f 5162 5168 5134
f 5168 5169 5134
f 5134 5169 5170
f 5089 5091 5142
f 5091 5093 5142
f 5142 5093 5095
f 5171 5139 5172
f 5139 5173 5172
f 5171 5174 5139
f 5174 5175 5139
f 5139 5175 5176
f 5176 5177 5139
f 5177 5178 5139
f 5139 5178 5179
f 5180 5181 5139
f 5181 5182 5139
f 5139 5182 5183
f 5183 5184 5139
f 5184 5185 5139
f 5139 5185 5137
f 5170 5186 5134
f 5186 5187 5134
f 5134 5187 5188
f 5188 5189 5134
f 5189 5190 5134
f 5134 5190 5136
f 5191 5192 5193
f 5193 5194 5195
f 5196 5197 5193
f 5197 5198 5193
f 5095 5097 5142
f 5097 5099 5142
f 5142 5099 5101
f 5101 5103 5142
f 5103 5105 5142
f 5142 5105 5107
f 5119 5140 5117
f 5140 5115 5117
f 5125 5127 5140
f 5127 5129 5140
f 5173 5139 5199
f 5139 5200 5199
f 5199 5200 5201
f 5201 5202 5199
f 5202 5203 5199
f 5199 5203 5204
f 5205 5206 5139
f 5206 5207 5139
f 5139 5207 5180
f 5195 5208 5193
f 5208 5209 5193
f 5193 5209 5210
f 5210 5211 5193
f 5211 5212 5193
f 5193 5212 5213
f 5213 5214 5193
f 5214 5215 5193
f 5193 5215 5216
f 5135 5217 5133
f 5217 5193 5133
f 5133 5193 5218
f 5193 5198 5218
f 5107 5109 5142
f 5109 5111 5142
f 5142 5111 5140
f 5111 5113 5140
f 5140 5113 5115
f 5027 5029 5134
f 5029 5031 5134
f 5134 5031 5033
f 5045 5159 5043
f 5159 5041 5043
f 5179 5219 5139
f 5219 5220 5139
f 5139 5220 5205
f 5192 5221 5193
f 5221 5222 5193
f 5193 5222 5194
f 5216 5223 5193
f 5223 5224 5193
f 5193 5224 5225
f 5089 5142 5087
f 5142 5226 5087
f 5087 5226 5085
f 5226 5227 5085
f 5085 5227 5083
f 5227 5228 5083
f 5083 5228 5081
f 5228 5229 5081
f 5081 5229 5079
f 5229 5230 5079
f 5079 5230 5077
f 5230 5231 5077
f 5077 5231 5075
f 5231 5232 5075
f 5075 5232 5073
f 5232 5233 5073
f 5073 5233 5071
f 5233 5234 5071
f 5071 5234 5069
f 5234 5235 5069
f 5069 5235 5067
f 5235 5236 5067
f 5067 5236 5065
f 5236 5237 5065
f 5065 5237 5063
f 5237 5238 5063
f 5063 5238 5061
f 5238 5239 5061
f 5061 5239 5059
f 5239 5159 5059
f 5059 5159 5057
f 5119 5121 5140
f 5121 5123 5140
f 5140 5123 5125
f 5045 5047 5159
f 5047 5049 5159
f 5159 5049 5051
f 5051 5053 5159
f 5053 5055 5159
f 5159 5055 5057
f 5225 5240 5193
f 5240 5241 5193
f 5193 5241 5242
f 5242 5243 5193
f 5243 5244 5193
f 5193 5244 5196
f 5129 5131 5140
f 5131 4989 5140
f 5140 4989 5245
f 4989 4991 5245
f 5245 4991 5246
f 4991 4993 5246
f 5246 4993 5247
f 4993 4995 5247
f 5247 4995 5248
f 4995 4997 5248
f 5248 4997 5249
f 4997 4999 5249
f 5249 4999 5250
f 4999 5001 5250
f 5250 5001 5251
f 5001 5003 5251
f 5251 5003 5252
f 5003 5005 5252
f 5252 5005 5253
f 5005 5007 5253
f 5253 5007 5254
f 5007 5009 5254
f 5254 5009 5255
f 5009 5011 5255
f 5255 5011 5256
f 5011 5013 5256
f 5256 5013 5257
f 5013 5015 5257
f 5257 5015 5134
f 5015 5017 5134
f 5134 5017 5019
f 5258 5259 5260
f 5259 5261 5260
f 5258 5262 5259
f 5262 5263 5259
f 5259 5263 5193
f 5263 5264 5193
f 5193 5264 5191
f 5033 5035 5134
f 5035 5037 5134
f 5134 5037 5159
f 5037 5039 5159
f 5159 5039 5041
f 4369 5134 4428
f 5134 5133 4428
f 5134 4369 5257
f 4369 4371 5257
f 5257 4371 5256
f 4371 4373 5256
f 5256 4373 5255
f 4373 4375 5255
f 5255 4375 5254
f 4375 4377 5254
f 5254 4377 5253
f 4377 4379 5253
f 5253 4379 5252
f 4379 4381 5252
f 5252 4381 5251
f 4381 4383 5251
f 5251 4383 5250
f 4383 4385 5250
f 5250 4385 5249
f 4385 4387 5249
f 5249 4387 5248
f 4387 4389 5248
f 5248 4389 5247
f 4389 4391 5247
f 5247 4391 5246
f 4391 4393 5246
f 5246 4393 5245
f 4393 4395 5245
f 5245 4395 5140
f 4395 4397 5140
f 5140 4397 5141
f 4397 4399 5141
f 5141 4399 5143
f 4399 4401 5143
f 5143 4401 5144
f 4401 4403 5144
f 5144 4403 5145
f 4403 4405 5145
f 5145 4405 5146
f 4405 4407 5146
f 5146 4407 5147
f 4407 4409 5147
f 5147 4409 5148
f 4409 4411 5148
f 5148 4411 5149
f 4411 4413 5149
f 5149 4413 5150
f 4413 4415 5150
f 5150 4415 5151
f 4415 4417 5151
f 5151 4417 5152
f 4417 4419 5152
f 5152 4419 5153
f 4419 4421 5153
f 5153 4421 5154
f 4421 4423 5154
f 5154 4423 5155
f 4423 4296 5155
f 5265 4180 5266
f 4180 4178 5266
f 5266 4178 5267
f 4178 4176 5267
f 5267 4176 5268
f 4176 4174 5268
f 5268 4174 5269
f 4174 4172 5269
f 5269 4172 5270
f 4172 4170 5270
f 5270 4170 5271
f 4170 4168 5271
f 5271 4168 5272
f 4168 4166 5272
f 5272 4166 5273
f 4166 4164 5273
f 5273 4164 5274
f 4164 4162 5274
f 5274 4162 5275
f 4162 4160 5275
f 5275 4160 5276
f 4160 4158 5276
f 5276 4158 5277
f 4158 4156 5277
f 5277 4156 5278
f 4156 4154 5278
f 5278 4154 5279
f 4154 4152 5279
f 5279 4152 5280
f 4152 4150 5280
f 5280 4150 5281
f 4150 4292 5281
f 5281 4292 5282
f 4292 4290 5282
f 5282 4290 5283
f 4290 4288 5283
f 5283 4288 5284
f 4288 4286 5284
f 5284 4286 5285
f 4286 4284 5285
f 5285 4284 5286
f 4284 4282 5286
f 5286 4282 5287
f 4282 4280 5287
f 5287 4280 5288
f 4280 4278 5288
f 5288 4278 5289
f 4278 4276 5289
f 5289 4276 5290
f 4276 4274 5290
f 5290 4274 5291
f 4274 4272 5291
f 5291 4272 5292
f 4272 4270 5292
f 5292 4270 5293
f 4270 4268 5293
f 5293 4268 5294
f 4268 4266 5294
f 5294 4266 5295
f 4266 4264 5295
f 5295 4264 5296
f 4264 4262 5296
f 5296 4262 5297
f 4262 4260 5297
f 5297 4260 5298
f 4260 4258 5298
f 5298 4258 5299
f 4258 4256 5299
f 5299 4256 5300
f 4256 4254 5300
f 5300 4254 5301
f 4254 4252 5301
f 5301 4252 5302
f 4252 4250 5302
f 5302 4250 5303
f 4250 4248 5303
f 5303 4248 5304
f 4248 4246 5304
f 5304 4246 5305
f 4246 4244 5305
f 5305 4244 5306
f 4244 4242 5306
f 5306 4242 5307
f 4242 4240 5307
f 5307 4240 5308
f 4240 4238 5308
f 5308 4238 5309
f 4238 4236 5309
f 5309 4236 5310
f 4236 4234 5310
f 5310 4234 5311
f 4234 4232 5311
f 5311 4232 5312
f 4232 4230 5312
f 5312 4230 5313
f 4230 4228 5313
f 5313 4228 5314
f 4228 4226 5314
f 5314 4226 5315
f 4226 4224 5315
f 5315 4224 5316
f 4224 4222 5316
f 5316 4222 5317
f 4222 4220 5317
f 5317 4220 5318
f 4220 4218 5318
f 5318 4218 5319
f 4218 4216 5319
f 5319 4216 5320
f 4216 4214 5320
f 5320 4214 5321
f 4214 4212 5321
f 5321 4212 5322
f 4212 4210 5322
f 5322 4210 5323
f 4210 4208 5323
f 5323 4208 5324
f 4208 4206 5324
f 5324 4206 5325
f 4206 4204 5325
f 5325 4204 5326
f 4204 4202 5326
f 5326 4202 5327
f 4202 4200 5327
f 5327 4200 5328
f 4200 4198 5328
f 5328 4198 5329
f 4198 4196 5329
f 5329 4196 5330
f 4196 4194 5330
f 5330 4194 5331
f 4194 4192 5331
f 5331 4192 5332
f 4192 4190 5332
f 5332 4190 5333
f 4190 4188 5333
f 5333 4188 5334
f 4188 4186 5334
f 5334 4186 5335
f 4186 4184 5335
f 5335 4184 5336
f 4184 4182 5336
f 5336 4182 5265
f 4182 4180 5265
f 4332 4330 4664
f 4664 4330 4666
f 4660 4658 4344
f 4598 4596 4512
f 4344 4342 4660
f 4342 4340 4660
f 4660 4340 4662
f 4670 4668 4322
f 4522 4520 4592
f 4512 4510 4598
f 4510 4508 4598
f 4598 4508 4600
f 4644 4366 4646
f 4366 4364 4646
f 4646 4364 4648
f 4656 4654 4352
f 4340 4338 4662
f 4338 4336 4662
f 4662 4336 4664
f 4336 4334 4664
f 4664 4334 4332
f 4330 4328 4666
f 4328 4326 4666
f 4666 4326 4668
f 4326 4324 4668
f 4668 4324 4322
f 4592 4520 4594
f 4508 4506 4600
f 4506 4504 4600
f 4600 4504 4602
f 4644 4438 4436
f 4352 4350 4656
f 4350 4348 4656
f 4656 4348 4658
f 4348 4346 4658
f 4658 4346 4344
f 4322 4320 4670
f 4320 4318 4670
f 4670 4318 4672
f 4364 4362 4648
f 4362 4360 4648
f 4648 4360 4650
f 4360 4358 4650
f 4650 4358 4652
f 4358 4356 4652
f 4652 4356 4654
f 4356 4354 4654
f 4654 4354 4352
f 4318 4316 4672
f 4316 4314 4672
f 4672 4314 4674
f 4588 4586 4534
f 4590 4526 4592
f 4526 4524 4592
f 4592 4524 4522
f 4436 4434 4644
f 4434 4432 4644
f 4644 4432 4366
f 4432 4430 4366
f 4366 4430 4368
f 4430 4426 4368
f 4314 4312 4674
f 4312 4310 4674
f 4674 4310 4676
f 4310 4308 4676
f 4676 4308 4678
f 4308 4306 4678
f 4678 4306 4680
f 4534 4532 4588
f 4532 4530 4588
f 4588 4530 4590
f 4530 4528 4590
f 4590 4528 4526
f 4520 4518 4594
f 4518 4516 4594
f 4594 4516 4596
f 4516 4514 4596
f 4596 4514 4512
f 4504 4502 4602
f 4502 4500 4602
f 4602 4500 4604
f 4500 4498 4604
f 4604 4498 4606
f 4498 4496 4606
f 4606 4496 4608
f 4572 4556 4574
f 4556 4554 4574
f 4574 4554 4576
f 4584 4582 4542
f 4542 4540 4584
f 4540 4538 4584
f 4584 4538 4586
f 4538 4536 4586
f 4586 4536 4534
f 4380 4378 4572
f 4554 4552 4576
f 4552 4550 4576
f 4576 4550 4578
f 4550 4548 4578
f 4578 4548 4580
f 4548 4546 4580
f 4580 4546 4582
f 4546 4544 4582
f 4582 4544 4542
f 4482 4480 4612
f 4480 4478 4612
f 4612 4478 4476
f 4306 4304 4680
f 4304 4302 4680
f 4680 4302 4682
f 4302 4300 4682
f 4682 4300 4684
f 4300 4298 4684
f 4684 4298 4424
f 4298 4293 4424
f 4424 4293 4295
f 4424 4422 4684
f 4422 4420 4684
f 4684 4420 4418
f 4496 4494 4608
f 4494 4492 4608
f 4608 4492 4610
f 4492 4490 4610
f 4610 4490 4612
f 4490 4488 4612
f 4612 4488 4482
f 4488 4486 4482
f 4482 4486 4484
f 4378 4376 4572
f 4376 4374 4572
f 4572 4374 4556
f 4374 4372 4556
f 4556 4372 4427
f 4372 4370 4427
f 4418 4416 4684
f 4416 4414 4684
f 4684 4414 4686
f 4414 4412 4686
f 4686 4412 4688
f 4412 4410 4688
f 4688 4410 4690
f 4410 4408 4690
f 4690 4408 4692
f 4408 4406 4692
f 4692 4406 4694
f 4406 4404 4694
f 4694 4404 4696
f 4404 4402 4696
f 4696 4402 4698
f 4402 4400 4698
f 4698 4400 4700
f 4400 4398 4700
f 4700 4398 4558
f 4398 4396 4558
f 4558 4396 4560
f 4396 4394 4560
f 4560 4394 4562
f 4394 4392 4562
f 4562 4392 4564
f 4392 4390 4564
f 4564 4390 4566
f 4390 4388 4566
f 4566 4388 4568
f 4388 4386 4568
f 4568 4386 4570
f 4386 4384 4570
f 4570 4384 4572
f 4384 4382 4572
f 4572 4382 4380
f 4476 4474 4612
f 4474 4472 4612
f 4612 4472 4614
f 4472 4470 4614
f 4614 4470 4616
f 4470 4468 4616
f 4616 4468 4618
f 4468 4466 4618
f 4618 4466 4620
f 4466 4464 4620
f 4620 4464 4622
f 4464 4462 4622
f 4622 4462 4624
f 4462 4460 4624
f 4624 4460 4626
f 4460 4458 4626
f 4626 4458 4628
f 4458 4456 4628
f 4628 4456 4630
f 4456 4454 4630
f 4630 4454 4632
f 4454 4452 4632
f 4632 4452 4634
f 4452 4450 4634
f 4634 4450 4636
f 4450 4448 4636
f 4636 4448 4638
f 4448 4446 4638
f 4638 4446 4640
f 4446 4444 4640
f 4640 4444 4642
f 4444 4442 4642
f 4642 4442 4644
f 4442 4440 4644
f 4644 4440 4438
f 4629 4151 4627
f 4151 4153 4627
f 4627 4153 4625
f 4153 4155 4625
f 4625 4155 4623
f 4155 4157 4623
f 4623 4157 4621
f 4157 4159 4621
f 4621 4159 4619
f 4159 4161 4619
f 4619 4161 4617
f 4161 4163 4617
f 4617 4163 4615
f 4163 4165 4615
f 4615 4165 4613
f 4165 4167 4613
f 4613 4167 4611
f 4167 4169 4611
f 4611 4169 4609
f 4169 4171 4609
f 4609 4171 4607
f 4171 4173 4607
f 4607 4173 4605
f 4173 4175 4605
f 4605 4175 4603
f 4175 4177 4603
f 4603 4177 4601
f 4177 4179 4601
f 4601 4179 4599
f 4179 4181 4599
f 4599 4181 4597
f 4181 4183 4597
f 4597 4183 4595
f 4183 4185 4595
f 4595 4185 4593
f 4185 4187 4593
f 4593 4187 4591
f 4187 4189 4591
f 4591 4189 4589
f 4189 4191 4589
f 4589 4191 4587
f 4191 4193 4587
f 4587 4193 4585
f 4193 4195 4585
f 4585 4195 4583
f 4195 4197 4583
f 4583 4197 4581
f 4197 4199 4581
f 4581 4199 4579
f 4199 4201 4579
f 4579 4201 4577
f 4201 4203 4577
f 4577 4203 4575
f 4203 4205 4575
f 4575 4205 4573
f 4205 4207 4573
f 4573 4207 4571
f 4207 4209 4571
f 4571 4209 4569
f 4209 4211 4569
f 4569 4211 4567
f 4211 4213 4567
f 4567 4213 4565
f 4213 4215 4565
f 4565 4215 4563
f 4215 4217 4563
f 4563 4217 4561
f 4217 4219 4561
f 4561 4219 4559
f 4219 4221 4559
f 4559 4221 4557
f 4221 4223 4557
f 4557 4223 4699
f 4223 4225 4699
f 4699 4225 4697
f 4225 4227 4697
f 4697 4227 4695
f 4227 4229 4695
f 4695 4229 4693
f 4229 4231 4693
f 4693 4231 4691
f 4231 4233 4691
f 4691 4233 4689
f 4233 4235 4689
f 4689 4235 4687
f 4235 4237 4687
f 4687 4237 4685
f 4237 4239 4685
f 4685 4239 4683
f 4239 4241 4683
f 4683 4241 4681
f 4241 4243 4681
f 4681 4243 4679
f 4243 4245 4679
f 4679 4245 4677
f 4245 4247 4677
f 4677 4247 4675
f 4247 4249 4675
f 4675 4249 4673
f 4249 4251 4673
f 4673 4251 4671
f 4251 4253 4671
f 4671 4253 4669
f 4253 4255 4669
f 4669 4255 4667
f 4255 4257 4667
f 4667 4257 4665
f 4257 4259 4665
f 4665 4259 4663
f 4259 4261 4663
f 4663 4261 4661
f 4261 4263 4661
f 4661 4263 4659
f 4263 4265 4659
f 4659 4265 4657
f 4265 4267 4657
f 4657 4267 4655
f 4267 4269 4655
f 4655 4269 4653
f 4269 4271 4653
f 4653 4271 4651
f 4271 4273 4651
f 4651 4273 4649
f 4273 4275 4649
f 4649 4275 4647
f 4275 4277 4647
f 4647 4277 4645
f 4277 4279 4645
f 4645 4279 4643
f 4279 4281 4643
f 4643 4281 4641
f 4281 4283 4641
f 4641 4283 4639
f 4283 4285 4639
f 4639 4285 4637
f 4285 4287 4637
f 4637 4287 4635
f 4287 4289 4635
f 4635 4289 4633
f 4289 4291 4633
f 4633 4291 4631
f 4291 4149 4631
f 4631 4149 4629
f 4149 4151 4629
f 5337 4820 5338
f 4820 4818 5338
f 5338 4818 5339
f 4818 4816 5339
f 5339 4816 5340
f 4816 4814 5340
f 5340 4814 5341
f 4814 4812 5341
f 5341 4812 5342
f 4812 4810 5342
f 5342 4810 5343
f 4810 4808 5343
f 5343 4808 5344
f 4808 4806 5344
f 5344 4806 5345
f 4806 4804 5345
f 5345 4804 5346
f 4804 4802 5346
f 5346 4802 5347
f 4802 4800 5347
f 5347 4800 5348
f 4800 4798 5348
f 5348 4798 5349
f 4798 4796 5349
f 5349 4796 5350
f 4796 4794 5350
f 5350 4794 5351
f 4794 4792 5351
f 5351 4792 5352
f 4792 4790 5352
f 5352 4790 5353
f 4790 4788 5353
f 5353 4788 5354
f 4788 4786 5354
f 5354 4786 5355
f 4786 4784 5355
f 5355 4784 5356
f 4784 4782 5356
f 5356 4782 5357
f 4782 4780 5357
f 5357 4780 5358
f 4780 4778 5358
f 5358 4778 5359
f 4778 4776 5359
f 5359 4776 5360
f 4776 4774 5360
f 5360 4774 5361
f 4774 4772 5361
f 5361 4772 5362
f 4772 4770 5362
f 5362 4770 5363
f 4770 4768 5363
f 5363 4768 5364
f 4768 4766 5364
f 5364 4766 5365
f 4766 4764 5365
f 5365 4764 5366
f 4764 4762 5366
f 5366 4762 5367
f 4762 4760 5367
f 5367 4760 5368
f 4760 4758 5368
f 5368 4758 5369
f 4758 4756 5369
f 5369 4756 5370
f 4756 4754 5370
f 5370 4754 5371
f 4754 4752 5371
f 5371 4752 5372
f 4752 4750 5372
f 5372 4750 5373
f 4750 4748 5373
f 5373 4748 5374
f 4748 4746 5374
f 5374 4746 5375
f 4746 4744 5375
f 5375 4744 5376
f 4744 4742 5376
f 5376 4742 5377
f 4742 4740 5377
f 5377 4740 5378
f 4740 4738 5378
f 5378 4738 5379
f 4738 4736 5379
f 5379 4736 5380
f 4736 4734 5380
f 5380 4734 5381
f 4734 4732 5381
f 5381 4732 5382
f 4732 4730 5382
f 5382 4730 5383
f 4730 4728 5383
f 5383 4728 5384
f 4728 4726 5384
f 5384 4726 5385
f 4726 4724 5385
f 5385 4724 5386
f 4724 4722 5386
f 5386 4722 5387
f 4722 4720 5387
f 5387 4720 5388
f 4720 4718 5388
f 5388 4718 5389
f 4718 4716 5389
f 5389 4716 5390
f 4716 4714 5390
f 5390 4714 5391
f 4714 4712 5391
f 5391 4712 5392
f 4712 4710 5392
f 5392 4710 5393
f 4710 4708 5393
f 5393 4708 5394
f 4708 4706 5394
f 5394 4706 5395
f 4706 4704 5395
f 5395 4704 5396
f 4704 4702 5396
f 5396 4702 5397
f 4702 4844 5397
f 5397 4844 5398
f 4844 4842 5398
f 5398 4842 5399
f 4842 4840 5399
f 5399 4840 5400
f 4840 4838 5400
f 5400 4838 5401
f 4838 4836 5401
f 5401 4836 5402
f 4836 4834 5402
f 5402 4834 5403
f 4834 4832 5403
f 5403 4832 5404
f 4832 4830 5404
f 5404 4830 5405
f 4830 4828 5405
f 5405 4828 5406
f 4828 4826 5406
f 5406 4826 5407
f 4826 4824 5407
f 5407 4824 5408
f 4824 4822 5408
f 5408 4822 5337
f 4822 4820 5337
f 5281 4703 5280
f 4703 4705 5280
f 5280 4705 5279
f 4705 4707 5279
f 5279 4707 5278
f 4707 4709 5278
f 5278 4709 5277
f 4709 4711 5277
f 5277 4711 5276
f 4711 4713 5276
f 5276 4713 5275
f 4713 4715 5275
f 5275 4715 5274
f 4715 4717 5274
f 5274 4717 5273
f 4717 4719 5273
f 5273 4719 5272
f 4719 4721 5272
f 5272 4721 5271
f 4721 4723 5271
f 5271 4723 5270
f 4723 4725 5270
f 5270 4725 5269
f 4725 4727 5269
f 5269 4727 5268
f 4727 4729 5268
f 5268 4729 5267
f 4729 4731 5267
f 5267 4731 5266
f 4731 4733 5266
f 5266 4733 5265
f 4733 4735 5265
f 5265 4735 5336
f 4735 4737 5336
f 5336 4737 5335
f 4737 4739 5335
f 5335 4739 5334
f 4739 4741 5334
f 5334 4741 5333
f 4741 4743 5333
f 5333 4743 5332
f 4743 4745 5332
f 5332 4745 5331
f 4745 4747 5331
f 5331 4747 5330
f 4747 4749 5330
f 5330 4749 5329
f 4749 4751 5329
f 5329 4751 5328
f 4751 4753 5328
f 5328 4753 5327
f 4753 4755 5327
f 5327 4755 5326
f 4755 4757 5326
f 5326 4757 5325
f 4757 4759 5325
f 5325 4759 5324
f 4759 4761 5324
f 5324 4761 5323
f 4761 4763 5323
f 5323 4763 5322
f 4763 4765 5322
f 5322 4765 5321
f 4765 4767 5321
f 5321 4767 5320
f 4767 4769 5320
f 5320 4769 5319
f 4769 4771 5319
f 5319 4771 5318
f 4771 4773 5318
f 5318 4773 5317
f 4773 4775 5317
f 5317 4775 5316
f 4775 4777 5316
f 5316 4777 5315
f 4777 4779 5315
f 5315 4779 5314
f 4779 4781 5314
f 5314 4781 5313
f 4781 4783 5313
f 5313 4783 5312
f 4783 4785 5312
f 5312 4785 5311
f 4785 4787 5311
f 5311 4787 5310
f 4787 4789 5310
f 5310 4789 5309
f 4789 4791 5309
f 5309 4791 5308
f 4791 4793 5308
f 5308 4793 5307
f 4793 4795 5307
f 5307 4795 5306
f 4795 4797 5306
f 5306 4797 5305
f 4797 4799 5305
f 5305 4799 5304
f 4799 4801 5304
f 5304 4801 5303
f 4801 4803 5303
f 5303 4803 5302
f 4803 4805 5302
f 5302 4805 5301
f 4805 4807 5301
f 5301 4807 5300
f 4807 4809 5300
f 5300 4809 5299
f 4809 4811 5299
f 5299 4811 5298
f 4811 4813 5298
f 5298 4813 5297
f 4813 4815 5297
f 5297 4815 5296
f 4815 4817 5296
f 5296 4817 5295
f 4817 4819 5295
f 5295 4819 5294
f 4819 4821 5294
f 5294 4821 5293
f 4821 4823 5293
f 5293 4823 5292
f 4823 4825 5292
f 5292 4825 5291
f 4825 4827 5291
f 5291 4827 5290
f 4827 4829 5290
f 5290 4829 5289
f 4829 4831 5289
f 5289 4831 5288
f 4831 4833 5288
f 5288 4833 5287
f 4833 4835 5287
f 5287 4835 5286
f 4835 4837 5286
f 5286 4837 5285
f 4837 4839 5285
f 5285 4839 5284
f 4839 4841 5284
f 5284 4841 5283
f 4841 4843 5283
f 5283 4843 5282
f 4843 4701 5282
f 5282 4701 5281
f 4701 4703 5281
f 5058 4848 5060
f 4848 4846 5060
f 5060 4846 5062
f 4846 4988 5062
f 5062 4988 5064
f 4988 4986 5064
f 5064 4986 5066
f 4986 4984 5066
f 5066 4984 5068
f 4984 4982 5068
f 5068 4982 5070
f 4982 4980 5070
f 5070 4980 5072
f 4980 4978 5072
f 5072 4978 5074
f 4978 4976 5074
f 5074 4976 5076
f 4976 4974 5076
f 5076 4974 5078
f 4974 4972 5078
f 5078 4972 5080
f 4972 4970 5080
f 5080 4970 5082
f 4970 4968 5082
f 5082 4968 5084
f 4968 4966 5084
f 5084 4966 5086
f 4966 4964 5086
f 5086 4964 5088
f 4964 4962 5088
f 5088 4962 5090
f 4962 4960 5090
f 5090 4960 5092
f 4960 4958 5092
f 5092 4958 5094
f 4958 4956 5094
f 5094 4956 5096
f 4956 4954 5096
f 5096 4954 5098
f 4954 4952 5098
f 5098 4952 5100
f 4952 4950 5100
f 5100 4950 5102
f 4950 4948 5102
f 5102 4948 5104
f 4948 4946 5104
f 5104 4946 5106
f 4946 4944 5106
f 5106 4944 5108
f 4944 4942 5108
f 5108 4942 5110
f 4942 4940 5110
f 5110 4940 5112
f 4940 4938 5112
f 5112 4938 5114
f 4938 4936 5114
f 5114 4936 5116
f 4936 4934 5116
f 5116 4934 5118
f 4934 4932 5118
f 5118 4932 5120
f 4932 4930 5120
f 5120 4930 5122
f 4930 4928 5122
f 5122 4928 5124
f 4928 4926 5124
f 5124 4926 5126
f 4926 4924 5126
f 5126 4924 5128
f 4924 4922 5128
f 5128 4922 5130
f 4922 4920 5130
f 5130 4920 5132
f 4920 4918 5132
f 5132 4918 4990
f 4918 4916 4990
f 4990 4916 4992
f 4916 4914 4992
f 4992 4914 4994
f 4914 4912 4994
f 4994 4912 4996
f 4912 4910 4996
f 4996 4910 4998
f 4910 4908 4998
f 4998 4908 5000
f 4908 4906 5000
f 5000 4906 5002
f 4906 4904 5002
f 5002 4904 5004
f 4904 4902 5004
f 5004 4902 5006
f 4902 4900 5006
f 5006 4900 5008
f 4900 4898 5008
f 5008 4898 5010
f 4898 4896 5010
f 5010 4896 5012
f 4896 4894 5012
f 5012 4894 5014
f 4894 4892 5014
f 5014 4892 5016
f 4892 4890 5016
f 5016 4890 5018
f 4890 4888 5018
f 5018 4888 5020
f 4888 4886 5020
f 5020 4886 5022
f 4886 4884 5022
f 5022 4884 5024
f 4884 4882 5024
f 5024 4882 5026
f 4882 4880 5026
f 5026 4880 5028
f 4880 4878 5028
f 5028 4878 5030
f 4878 4876 5030
f 5030 4876 5032
f 4876 4874 5032
f 5032 4874 5034
f 4874 4872 5034
f 5034 4872 5036
f 4872 4870 5036
f 5036 4870 5038
f 4870 4868 5038
f 5038 4868 5040
f 4868 4866 5040
f 5040 4866 5042
f 4866 4864 5042
f 5042 4864 5044
f 4864 4862 5044
f 5044 4862 5046
f 4862 4860 5046
f 5046 4860 5048
f 4860 4858 5048
f 5048 4858 5050
f 4858 4856 5050
f 5050 4856 5052
f 4856 4854 5052
f 5052 4854 5054
f 4854 4852 5054
f 5054 4852 5056
f 4852 4850 5056
f 5056 4850 5058
f 4850 4848 5058
f 5397 4847 5396
f 4847 4849 5396
f 5396 4849 5395
f 4849 4851 5395
f 5395 4851 5394
f 4851 4853 5394
f 5394 4853 5393
f 4853 4855 5393
f 5393 4855 5392
f 4855 4857 5392
f 5392 4857 5391
f 4857 4859 5391
f 5391 4859 5390
f 4859 4861 5390
f 5390 4861 5389
f 4861 4863 5389
f 5389 4863 5388
f 4863 4865 5388
f 5388 4865 5387
f 4865 4867 5387
f 5387 4867 5386
f 4867 4869 5386
f 5386 4869 5385
f 4869 4871 5385
f 5385 4871 5384
f 4871 4873 5384
f 5384 4873 5383
f 4873 4875 5383
f 5383 4875 5382
f 4875 4877 5382
f 5382 4877 5381
f 4877 4879 5381
f 5381 4879 5380
f 4879 4881 5380
f 5380 4881 5379
f 4881 4883 5379
f 5379 4883 5378
f 4883 4885 5378
f 5378 4885 5377
f 4885 4887 5377
f 5377 4887 5376
f 4887 4889 5376
f 5376 4889 5375
f 4889 4891 5375
f 5375 4891 5374
f 4891 4893 5374
f 5374 4893 5373
f 4893 4895 5373
f 5373 4895 5372
f 4895 4897 5372
f 5372 4897 5371
f 4897 4899 5371
f 5371 4899 5370
f 4899 4901 5370
f 5370 4901 5369
f 4901 4903 5369
f 5369 4903 5368
f 4903 4905 5368
f 5368 4905 5367
f 4905 4907 5367
f 5367 4907 5366
f 4907 4909 5366
f 5366 4909 5365
f 4909 4911 5365
f 5365 4911 5364
f 4911 4913 5364
f 5364 4913 5363
f 4913 4915 5363
f 5363 4915 5362
f 4915 4917 5362
f 5362 4917 5361
f 4917 4919 5361
f 5361 4919 5360
f 4919 4921 5360
f 5360 4921 5359
f 4921 4923 5359
f 5359 4923 5358
f 4923 4925 5358
f 5358 4925 5357
f 4925 4927 5357
f 5357 4927 5356
f 4927 4929 5356
f 5356 4929 5355
f 4929 4931 5355
f 5355 4931 5354
f 4931 4933 5354
f 5354 4933 5353
f 4933 4935 5353
f 5353 4935 5352
f 4935 4937 5352
f 5352 4937 5351
f 4937 4939 5351
f 5351 4939 5350
f 4939 4941 5350
f 5350 4941 5349
f 4941 4943 5349
f 5349 4943 5348
f 4943 4945 5348
f 5348 4945 5347
f 4945 4947 5347
f 5347 4947 5346
f 4947 4949 5346
f 5346 4949 5345
f 4949 4951 5345
f 5345 4951 5344
f 4951 4953 5344
f 5344 4953 5343
f 4953 4955 5343
f 5343 4955 5342
f 4955 4957 5342
f 5342 4957 5341
f 4957 4959 5341
f 5341 4959 5340
f 4959 4961 5340
f 5340 4961 5339
f 4961 4963 5339
f 5339 4963 5338
f 4963 4965 5338
f 5338 4965 5337
f 4965 4967 5337
f 5337 4967 5408
f 4967 4969 5408
f 5408 4969 5407
f 4969 4971 5407
f 5407 4971 5406
f 4971 4973 5406
f 5406 4973 5405
f 4973 4975 5405
f 5405 4975 5404
f 4975 4977 5404
f 5404 4977 5403
f 4977 4979 5403
f 5403 4979 5402
f 4979 4981 5402
f 5402 4981 5401
f 4981 4983 5401
f 5401 4983 5400
f 4983 4985 5400
f 5400 4985 5399
f 4985 4987 5399
f 5399 4987 5398
f 4987 4845 5398
f 5398 4845 5397
f 4845 4847 5397
f 5217 4485 5193
f 4485 4487 5193
f 5193 4487 5259
f 4487 4489 5259
f 5259 4489 5261
f 4489 4491 5261
f 5261 4491 5260
f 4491 4493 5260
f 5260 4493 5258
f 4493 4495 5258
f 5258 4495 5262
f 4495 4497 5262
f 5262 4497 5263
f 4497 4499 5263
f 5263 4499 5264
f 4499 4501 5264
f 5264 4501 5191
f 4501 4503 5191
f 5191 4503 5192
f 4503 4505 5192
f 5192 4505 5221
f 4505 4507 5221
f 5221 4507 5222
f 4507 4509 5222
f 5222 4509 5194
f 4509 4511 5194
f 5194 4511 5195
f 4511 4513 5195
f 5195 4513 5208
f 4513 4515 5208
f 5208 4515 5209
f 4515 4517 5209
f 5209 4517 5210
f 4517 4519 5210
f 5210 4519 5211
f 4519 4521 5211
f 5211 4521 5212
f 4521 4523 5212
f 5212 4523 5213
f 4523 4525 5213
f 5213 4525 5214
f 4525 4527 5214
f 5214 4527 5215
f 4527 4529 5215
f 5215 4529 5216
f 4529 4531 5216
f 5216 4531 5223
f 4531 4533 5223
f 5223 4533 5224
f 4533 4535 5224
f 5224 4535 5225
f 4535 4537 5225
f 5225 4537 5240
f 4537 4539 5240
f 5240 4539 5241
f 4539 4541 5241
f 5241 4541 5242
f 4541 4543 5242
f 5242 4543 5243
f 4543 4545 5243
f 5243 4545 5244
f 4545 4547 5244
f 5244 4547 5196
f 4547 4549 5196
f 5196 4549 5197
f 4549 4551 5197
f 5197 4551 5198
f 4551 4553 5198
f 5198 4553 5218
f 4553 4555 5218
f 5218 4555 5133
f 4555 4428 5133
f 4485 5217 4483
f 5217 5135 4483
f 5142 4425 5226
f 4425 4429 5226
f 5226 4429 5227
f 4429 4431 5227
f 5227 4431 5228
f 4431 4433 5228
f 5228 4433 5229
f 4433 4435 5229
f 5229 4435 5230
f 4435 4437 5230
f 5230 4437 5231
f 4437 4439 5231
f 5231 4439 5232
f 4439 4441 5232
f 5232 4441 5233
f 4441 4443 5233
f 5233 4443 5234
f 4443 4445 5234
f 5234 4445 5235
f 4445 4447 5235
f 5235 4447 5236
f 4447 4449 5236
f 5236 4449 5237
f 4449 4451 5237
f 5237 4451 5238
f 4451 4453 5238
f 5238 4453 5239
f 4453 4455 5239
f 5239 4455 5159
f 4455 4457 5159
f 5159 4457 5160
f 4457 4459 5160
f 5160 4459 5161
f 4459 4461 5161
f 5161 4461 5162
f 4461 4463 5162
f 5162 4463 5168
f 4463 4465 5168
f 5168 4465 5169
f 4465 4467 5169
f 5169 4467 5170
f 4467 4469 5170
f 5170 4469 5186
f 4469 4471 5186
f 5186 4471 5187
f 4471 4473 5187
f 5187 4473 5188
f 4473 4475 5188
f 5188 4475 5189
f 4475 4477 5189
f 5189 4477 5190
f 4477 4479 5190
f 5190 4479 5136
f 4479 4481 5136
f 5136 4481 5135
f 4481 4483 5135
f 4425 5142 4367
f 5142 5156 4367
f 5139 4294 5200
f 4294 4297 5200
f 5200 4297 5201
f 4297 4299 5201
f 5201 4299 5202
f 4299 4301 5202
f 5202 4301 5203
f 4301 4303 5203
f 5203 4303 5204
f 4303 4305 5204
f 5204 4305 5199
f 4305 4307 5199
f 5199 4307 5173
f 4307 4309 5173
f 5173 4309 5172
f 4309 4311 5172
f 5172 4311 5171
f 4311 4313 5171
f 5171 4313 5174
f 4313 4315 5174
f 5174 4315 5175
f 4315 4317 5175
f 5175 4317 5176
f 4317 4319 5176
f 5176 4319 5177
f 4319 4321 5177
f 5177 4321 5178
f 4321 4323 5178
f 5178 4323 5179
f 4323 4325 5179
f 5179 4325 5219
f 4325 4327 5219
f 5219 4327 5220
f 4327 4329 5220
f 5220 4329 5205
f 4329 4331 5205
f 5205 4331 5206
f 4331 4333 5206
f 5206 4333 5207
f 4333 4335 5207
f 5207 4335 5180
f 4335 4337 5180
f 5180 4337 5181
f 4337 4339 5181
f 5181 4339 5182
f 4339 4341 5182
f 5182 4341 5183
f 4341 4343 5183
f 5183 4343 5184
f 4343 4345 5184
f 5184 4345 5185
f 4345 4347 5185
f 5185 4347 5137
f 4347 4349 5137
f 5137 4349 5138
f 4349 4351 5138
f 5138 4351 5163
f 4351 4353 5163
f 5163 4353 5164
f 4353 4355 5164
f 5164 4355 5165
f 4355 4357 5165
f 5165 4357 5166
f 4357 4359 5166
f 5166 4359 5167
f 4359 4361 5167
f 5167 4361 5158
f 4361 4363 5158
f 5158 4363 5157
f 4363 4365 5157
f 5157 4365 5156
f 4365 4367 5156
f 4294 5139 4296
f 5139 5155 4296
f 5409 5410 5411
f 5410 5412 5411
f 5411 5412 5413
f 5413 5414 5411
f 5414 5415 5411
f 5411 5415 5416
f 5415 5417 5416
f 5417 5418 5416
f 5418 5419 5416
f 5416 5419 5420
f 5416 5420 5421
f 5422 5423 5411
f 5423 5424 5411
f 5411 5424 5409
f 5421 5425 5416
f 5425 5426 5416
f 5416 5426 5411
f 5426 5427 5411
f 5411 5427 5422
f 5428 5429 5430
f 5429 5431 5430
f 5430 5431 5432
f 5431 5433 5432
f 5432 5433 5434
f 5433 5435 5434
f 5434 5435 5436
f 5435 5437 5436
f 5436 5437 5438
f 5437 5439 5438
f 5438 5439 5440
f 5439 5441 5440
f 5440 5441 5442
f 5441 5443 5442
f 5442 5443 5444
f 5443 5445 5444
f 5444 5445 5446
f 5445 5447 5446
f 5446 5447 5448
f 5447 5449 5448
f 5448 5449 5450
f 5449 5451 5450
f 5450 5451 5452
f 5451 5453 5452
f 5452 5453 5454
f 5453 5455 5454
f 5454 5455 5456
f 5455 5457 5456
f 5456 5457 5458
f 5457 5459 5458
f 5458 5459 5460
f 5459 5461 5460
f 5460 5461 5462
f 5461 5463 5462
f 5462 5463 5464
f 5463 5465 5464
f 5464 5465 5466
f 5465 5467 5466
f 5466 5467 5468
f 5467 5469 5468
f 5468 5469 5470
f 5469 5471 5470
f 5470 5471 5472
f 5471 5473 5472
f 5472 5473 5474
f 5473 5475 5474
f 5474 5475 5476
f 5475 5477 5476
f 5476 5477 5478
f 5477 5479 5478
f 5478 5479 5480
f 5479 5481 5480
f 5480 5481 5482
f 5481 5483 5482
f 5482 5483 5484
f 5483 5485 5484
f 5484 5485 5486
f 5485 5487 5486
f 5486 5487 5488
f 5487 5489 5488
f 5488 5489 5490
f 5489 5491 5490
f 5490 5491 5492
f 5491 5493 5492
f 5492 5493 5494
f 5493 5495 5494
f 5494 5495 5496
f 5495 5497 5496
f 5496 5497 5498
f 5497 5499 5498
f 5498 5499 5500
f 5499 5501 5500
f 5500 5501 5502
f 5501 5503 5502
f 5502 5503 5504
f 5503 5505 5504
f 5504 5505 5506
f 5505 5507 5506
f 5506 5507 5508
f 5507 5509 5508
f 5508 5509 5510
f 5509 5511 5510
f 5510 5511 5512
f 5511 5513 5512
f 5512 5513 5514
f 5513 5515 5514
f 5514 5515 5516
f 5515 5517 5516
f 5516 5517 5518
f 5517 5519 5518
f 5518 5519 5520
f 5519 5521 5520
f 5520 5521 5522
f 5521 5523 5522
f 5522 5523 5524
f 5523 5525 5524
f 5524 5525 5526
f 5525 5527 5526
f 5526 5527 5528
f 5527 5529 5528
f 5528 5529 5530
f 5529 5531 5530
f 5530 5531 5532
f 5531 5533 5532
f 5532 5533 5534
f 5533 5535 5534
f 5534 5535 5536
f 5535 5537 5536
f 5536 5537 5538
f 5537 5539 5538
f 5538 5539 5540
f 5539 5541 5540
f 5540 5541 5542
f 5541 5543 5542
f 5542 5543 5544
f 5543 5545 5544
f 5544 5545 5546
f 5545 5547 5546
f 5546 5547 5548
f 5547 5549 5548
f 5548 5549 5550
f 5549 5551 5550
f 5550 5551 5552
f 5551 5553 5552
f 5552 5553 5554
f 5553 5555 5554
f 5554 5555 5556
f 5555 5557 5556
f 5556 5557 5558
f 5557 5559 5558
f 5558 5559 5560
f 5559 5561 5560
f 5560 5561 5562
f 5561 5563 5562
f 5562 5563 5564
f 5563 5565 5564
f 5564 5565 5566
f 5565 5567 5566
f 5566 5567 5568
f 5567 5569 5568
f 5568 5569 5570
f 5569 5571 5570
f 5570 5571 5428
f 5571 5429 5428
f 5572 5573 5574
f 5573 5575 5574
f 5574 5575 5576
f 5575 5577 5576
f 5576 5577 5578
f 5577 5579 5578
f 5578 5579 5580
f 5579 5581 5580
f 5580 5581 5582
f 5581 5583 5582
f 5582 5583 5584
f 5583 5585 5584
f 5584 5585 5586
f 5585 5587 5586
f 5586 5587 5588
f 5587 5589 5588
f 5588 5589 5590
f 5589 5591 5590
f 5590 5591 5592
f 5591 5593 5592
f 5592 5593 5594
f 5593 5595 5594
f 5594 5595 5596
f 5595 5597 5596
f 5596 5597 5598
f 5597 5599 5598
f 5598 5599 5600
f 5599 5601 5600
f 5600 5601 5602
f 5601 5603 5602
f 5602 5603 5604
f 5603 5605 5604
f 5604 5605 5606
f 5605 5607 5606
f 5606 5607 5608
f 5607 5609 5608
f 5608 5609 5610
f 5609 5611 5610
f 5610 5611 5612
f 5611 5613 5612
f 5612 5613 5614
f 5613 5615 5614
f 5614 5615 5616
f 5615 5617 5616
f 5616 5617 5618
f 5617 5619 5618
f 5618 5619 5620
f 5619 5621 5620
f 5620 5621 5622
f 5621 5623 5622
f 5622 5623 5624
f 5623 5625 5624
f 5624 5625 5626
f 5625 5627 5626
f 5626 5627 5628
f 5627 5629 5628
f 5628 5629 5630
f 5629 5631 5630
f 5630 5631 5632
f 5631 5633 5632
f 5632 5633 5634
f 5633 5635 5634
f 5634 5635 5636
f 5635 5637 5636
f 5636 5637 5638
f 5637 5639 5638
f 5638 5639 5640
f 5639 5641 5640
f 5640 5641 5642
f 5641 5643 5642
f 5642 5643 5644
f 5643 5645 5644
f 5644 5645 5646
f 5645 5647 5646
f 5646 5647 5648
f 5647 5649 5648
f 5648 5649 5650
f 5649 5651 5650
f 5650 5651 5652
f 5651 5653 5652
f 5652 5653 5654
f 5653 5655 5654
f 5654 5655 5656
f 5655 5657 5656
f 5656 5657 5658
f 5657 5659 5658
f 5658 5659 5660
f 5659 5661 5660
f 5660 5661 5662
f 5661 5663 5662
f 5662 5663 5664
f 5663 5665 5664
f 5664 5665 5666
f 5665 5667 5666
f 5666 5667 5668
f 5667 5669 5668
f 5668 5669 5670
f 5669 5671 5670
f 5670 5671 5672
f 5671 5673 5672
f 5672 5673 5674
f 5673 5675 5674
f 5674 5675 5676
f 5675 5677 5676
f 5676 5677 5678
f 5677 5679 5678
f 5678 5679 5680
f 5679 5681 5680
f 5680 5681 5682
f 5681 5683 5682
f 5682 5683 5684
f 5683 5685 5684
f 5684 5685 5686
f 5685 5687 5686
f 5686 5687 5688
f 5687 5689 5688
f 5688 5689 5690
f 5689 5691 5690
f 5690 5691 5692
f 5691 5693 5692
f 5692 5693 5694
f 5693 5695 5694
f 5694 5695 5696
f 5695 5697 5696
f 5696 5697 5698
f 5697 5699 5698
f 5698 5699 5700
f 5699 5701 5700
f 5700 5701 5702
f 5701 5703 5702
f 5702 5703 5704
f 5703 5705 5704
f 5704 5705 5706
f 5705 5707 5706
f 5706 5707 5708
f 5707 5709 5708
f 5708 5709 5710
f 5709 5711 5710
f 5710 5711 5712
f 5711 5713 5712
f 5712 5713 5714
f 5713 5715 5714
f 5714 5715 5572
f 5715 5573 5572
f 5716 5717 5718
f 5717 5719 5718
f 5718 5719 5720
f 5719 5721 5720
f 5720 5721 5722
f 5721 5723 5722
f 5722 5723 5724
f 5723 5725 5724
f 5724 5725 5726
f 5725 5727 5726
f 5726 5727 5728
f 5727 5729 5728
f 5728 5729 5730
f 5729 5731 5730
f 5730 5731 5732
f 5731 5733 5732
f 5732 5733 5734
f 5733 5735 5734
f 5734 5735 5736
f 5735 5737 5736
f 5736 5737 5738
f 5737 5739 5738
f 5738 5739 5740
f 5739 5741 5740
f 5740 5741 5742
f 5741 5743 5742
f 5742 5743 5744
f 5743 5745 5744
f 5744 5745 5746
f 5745 5747 5746
f 5746 5747 5748
f 5747 5749 5748
f 5748 5749 5750
f 5749 5751 5750
f 5750 5751 5752
f 5751 5753 5752
f 5752 5753 5754
f 5753 5755 5754
f 5754 5755 5756
f 5755 5757 5756
f 5756 5757 5758
f 5757 5759 5758
f 5758 5759 5760
f 5759 5761 5760
f 5760 5761 5762
f 5761 5763 5762
f 5762 5763 5764
f 5763 5765 5764
f 5764 5765 5766
f 5765 5767 5766
f 5766 5767 5768
f 5767 5769 5768
f 5768 5769 5770
f 5769 5771 5770
f 5770 5771 5772
f 5771 5773 5772
f 5772 5773 5774
f 5773 5775 5774
f 5774 5775 5776
f 5775 5777 5776
f 5776 5777 5778
f 5777 5779 5778
f 5778 5779 5780
f 5779 5781 5780
f 5780 5781 5782
f 5781 5783 5782
f 5782 5783 5784
f 5783 5785 5784
f 5784 5785 5786
f 5785 5787 5786
f 5786 5787 5788
f 5787 5789 5788
f 5788 5789 5790
f 5789 5791 5790
f 5790 5791 5792
f 5791 5793 5792
f 5792 5793 5794
f 5793 5795 5794
f 5794 5795 5796
f 5795 5797 5796
f 5796 5797 5798
f 5797 5799 5798
f 5798 5799 5800
f 5799 5801 5800
f 5800 5801 5802
f 5801 5803 5802
f 5802 5803 5804
f 5803 5805 5804
f 5804 5805 5806
f 5805 5807 5806
f 5806 5807 5808
f 5807 5809 5808
f 5808 5809 5810
f 5809 5811 5810
f 5810 5811 5812
f 5811 5813 5812
f 5812 5813 5814
f 5813 5815 5814
f 5814 5815 5816
f 5815 5817 5816
f 5816 5817 5818
f 5817 5819 5818
f 5818 5819 5820
f 5819 5821 5820
f 5820 5821 5822
f 5821 5823 5822
f 5822 5823 5824
f 5823 5825 5824
f 5824 5825 5826
f 5825 5827 5826
f 5826 5827 5828
f 5827 5829 5828
f 5828 5829 5830
f 5829 5831 5830
f 5830 5831 5832
f 5831 5833 5832
f 5832 5833 5834
f 5833 5835 5834
f 5834 5835 5836
f 5835 5837 5836
f 5836 5837 5838
f 5837 5839 5838
f 5838 5839 5840
f 5839 5841 5840
f 5840 5841 5842
f 5841 5843 5842
f 5842 5843 5844
f 5843 5845 5844
f 5844 5845 5846
f 5845 5847 5846
f 5846 5847 5848
f 5847 5849 5848
f 5848 5849 5850
f 5849 5851 5850
f 5850 5851 5852
f 5851 5853 5852
f 5852 5853 5854
f 5853 5855 5854
f 5854 5855 5856
f 5855 5857 5856
f 5856 5857 5858
f 5857 5859 5858
f 5858 5859 5716
f 5859 5717 5716
f 5860 5861 5862
f 5861 5863 5862
f 5862 5863 5864
f 5863 5865 5864
f 5864 5865 5866
f 5865 5867 5866
f 5866 5867 5868
f 5867 5869 5868
f 5868 5869 5870
f 5869 5871 5870
f 5870 5871 5872
f 5871 5873 5872
f 5872 5873 5874
f 5873 5875 5874
f 5874 5875 5876
f 5875 5877 5876
f 5876 5877 5878
f 5877 5879 5878
f 5878 5879 5880
f 5879 5881 5880
f 5880 5881 5882
f 5881 5883 5882
f 5882 5883 5884
f 5883 5885 5884
f 5884 5885 5886
f 5885 5887 5886
f 5886 5887 5888
f 5887 5889 5888
f 5888 5889 5890
f 5889 5891 5890
f 5890 5891 5892
f 5891 5893 5892
f 5892 5893 5894
f 5893 5895 5894
f 5894 5895 5896
f 5895 5897 5896
f 5896 5897 5898
f 5897 5899 5898
f 5898 5899 5900
f 5899 5901 5900
f 5900 5901 5902
f 5901 5903 5902
f 5902 5903 5904
f 5903 5905 5904
f 5904 5905 5906
f 5905 5907 5906
f 5906 5907 5908
f 5907 5909 5908
f 5908 5909 5910
f 5909 5911 5910
f 5910 5911 5912
f 5911 5913 5912
f 5912 5913 5914
f 5913 5915 5914
f 5914 5915 5916
f 5915 5917 5916
f 5916 5917 5918
f 5917 5919 5918
f 5918 5919 5920
f 5919 5921 5920
f 5920 5921 5922
f 5921 5923 5922
f 5922 5923 5924
f 5923 5925 5924
f 5924 5925 5926
f 5925 5927 5926
f 5926 5927 5928
f 5927 5929 5928
f 5928 5929 5930
f 5929 5931 5930
f 5930 5931 5932
f 5931 5933 5932
f 5932 5933 5934
f 5933 5935 5934
f 5934 5935 5936
f 5935 5937 5936
f 5936 5937 5938
f 5937 5939 5938
f 5938 5939 5940
f 5939 5941 5940
f 5940 5941 5942
f 5941 5943 5942
f 5942 5943 5944
f 5943 5945 5944
f 5944 5945 5946
f 5945 5947 5946
f 5946 5947 5948
f 5947 5949 5948
f 5948 5949 5950
f 5949 5951 5950
f 5950 5951 5952
f 5951 5953 5952
f 5952 5953 5954
f 5953 5955 5954
f 5954 5955 5956
f 5955 5957 5956
f 5956 5957 5958
f 5957 5959 5958
f 5958 5959 5960
f 5959 5961 5960
f 5960 5961 5962
f 5961 5963 5962
f 5962 5963 5964
f 5963 5965 5964
f 5964 5965 5966
f 5965 5967 5966
f 5966 5967 5968
f 5967 5969 5968
f 5968 5969 5970
f 5969 5971 5970
f 5970 5971 5972
f 5971 5973 5972
f 5972 5973 5974
f 5973 5975 5974
f 5974 5975 5976
f 5975 5977 5976
f 5976 5977 5978
f 5977 5979 5978
f 5978 5979 5980
f 5979 5981 5980
f 5980 5981 5982
f 5981 5983 5982
f 5982 5983 5984
f 5983 5985 5984
f 5984 5985 5986
f 5985 5987 5986
f 5986 5987 5988
f 5987 5989 5988
f 5988 5989 5990
f 5989 5991 5990
f 5990 5991 5992
f 5991 5993 5992
f 5992 5993 5994
f 5993 5995 5994
f 5994 5995 5996
f 5995 5997 5996
f 5996 5997 5998
f 5997 5999 5998
f 5998 5999 6000
f 5999 6001 6000
f 6000 6001 6002
f 6001 6003 6002
f 6002 6003 5860
f 6003 5861 5860
f 5795 5707 5797
f 5707 5705 5797
f 5797 5705 5799
f 5705 5703 5799
f 5799 5703 5801
f 5703 5701 5801
f 5801 5701 5803
f 5701 5699 5803
f 5803 5699 5805
f 5699 5697 5805
f 5805 5697 5807
f 5697 5695 5807
f 5807 5695 5809
f 5695 5693 5809
f 5809 5693 5811
f 5693 5691 5811
f 5811 5691 5813
f 5691 5689 5813
f 5813 5689 5815
f 5689 5687 5815
f 5815 5687 5817
f 5687 5685 5817
f 5817 5685 5819
f 5685 5683 5819
f 5819 5683 5821
f 5683 5681 5821
f 5821 5681 5823
f 5681 5679 5823
f 5823 5679 5825
f 5679 5677 5825
f 5825 5677 5827
f 5677 5675 5827
f 5827 5675 5829
f 5675 5673 5829
f 5829 5673 5831
f 5673 5671 5831
f 5831 5671 5833
f 5671 5669 5833
f 5833 5669 5835
f 5669 5667 5835
f 5835 5667 5837
f 5667 5665 5837
f 5837 5665 5839
f 5665 5663 5839
f 5839 5663 5841
f 5663 5661 5841
f 5841 5661 5843
f 5661 5659 5843
f 5843 5659 5845
f 5659 5657 5845
f 5845 5657 5847
f 5657 5655 5847
f 5847 5655 5849
f 5655 5653 5849
f 5849 5653 5851
f 5653 5651 5851
f 5851 5651 5853
f 5651 5649 5853
f 5853 5649 5855
f 5649 5647 5855
f 5855 5647 5857
f 5647 5645 5857
f 5857 5645 5859
f 5645 5643 5859
f 5859 5643 5717
f 5643 5641 5717
f 5717 5641 5719
f 5641 5639 5719
f 5719 5639 5721
f 5639 5637 5721
f 5721 5637 5723
f 5637 5635 5723
f 5723 5635 5725
f 5635 5633 5725
f 5725 5633 5727
f 5633 5631 5727
f 5727 5631 5729
f 5631 5629 5729
f 5729 5629 5731
f 5629 5627 5731
f 5731 5627 5733
f 5627 5625 5733
f 5733 5625 5735
f 5625 5623 5735
f 5735 5623 5737
f 5623 5621 5737
f 5737 5621 5739
f 5621 5619 5739
f 5739 5619 5741
f 5619 5617 5741
f 5741 5617 5743
f 5617 5615 5743
f 5743 5615 5745
f 5615 5613 5745
f 5745 5613 5747
f 5613 5611 5747
f 5747 5611 5749
f 5611 5609 5749
f 5749 5609 5751
f 5609 5607 5751
f 5751 5607 5753
f 5607 5605 5753
f 5753 5605 5755
f 5605 5603 5755
f 5755 5603 5757
f 5603 5601 5757
f 5757 5601 5759
f 5601 5599 5759
f 5759 5599 5761
f 5599 5597 5761
f 5761 5597 5763
f 5597 5595 5763
f 5763 5595 5765
f 5595 5593 5765
f 5765 5593 5767
f 5593 5591 5767
f 5767 5591 5769
f 5591 5589 5769
f 5769 5589 5771
f 5589 5587 5771
f 5771 5587 5773
f 5587 5585 5773
f 5773 5585 5775
f 5585 5583 5775
f 5775 5583 5777
f 5583 5581 5777
f 5777 5581 5779
f 5581 5579 5779
f 5779 5579 5781
f 5579 5577 5781
f 5781 5577 5783
f 5577 5575 5783
f 5783 5575 5785
f 5575 5573 5785
f 5785 5573 5787
f 5573 5715 5787
f 5787 5715 5789
f 5715 5713 5789
f 5789 5713 5791
f 5713 5711 5791
f 5791 5711 5793
f 5711 5709 5793
f 5793 5709 5795
f 5709 5707 5795
f 5955 5547 5957
f 5547 5545 5957
f 5957 5545 5959
f 5545 5543 5959
f 5959 5543 5961
f 5543 5541 5961
f 5961 5541 5963
f 5541 5539 5963
f 5963 5539 5965
f 5539 5537 5965
f 5965 5537 5967
f 5537 5535 5967
f 5967 5535 5969
f 5535 5533 5969
f 5969 5533 5971
f 5533 5531 5971
f 5971 5531 5973
f 5531 5529 5973
f 5973 5529 5975
f 5529 5527 5975
f 5975 5527 5977
f 5527 5525 5977
f 5977 5525 5979
f 5525 5523 5979
f 5979 5523 5981
f 5523 5521 5981
f 5981 5521 5983
f 5521 5519 5983
f 5983 5519 5985
f 5519 5517 5985
f 5985 5517 5987
f 5517 5515 5987
f 5987 5515 5989
f 5515 5513 5989
f 5989 5513 5991
f 5513 5511 5991
f 5991 5511 5993
f 5511 5509 5993
f 5993 5509 5995
f 5509 5507 5995
f 5995 5507 5997
f 5507 5505 5997
f 5997 5505 5999
f 5505 5503 5999
f 5999 5503 6001
f 5503 5501 6001
f 6001 5501 6003
f 5501 5499 6003
f 6003 5499 5861
f 5499 5497 5861
f 5861 5497 5863
f 5497 5495 5863
f 5863 5495 5865
f 5495 5493 5865
f 5865 5493 5867
f 5493 5491 5867
f 5867 5491 5869
f 5491 5489 5869
f 5869 5489 5871
f 5489 5487 5871
f 5871 5487 5873
f 5487 5485 5873
f 5873 5485 5875
f 5485 5483 5875
f 5875 5483 5877
f 5483 5481 5877
f 5877 5481 5879
f 5481 5479 5879
f 5879 5479 5881
f 5479 5477 5881
f 5881 5477 5883
f 5477 5475 5883
f 5883 5475 5885
f 5475 5473 5885
f 5885 5473 5887
f 5473 5471 5887
f 5887 5471 5889
f 5471 5469 5889
f 5889 5469 5891
f 5469 5467 5891
f 5891 5467 5893
f 5467 5465 5893
f 5893 5465 5895
f 5465 5463 5895
f 5895 5463 5897
f 5463 5461 5897
f 5897 5461 5899
f 5461 5459 5899
f 5899 5459 5901
f 5459 5457 5901
f 5901 5457 5903
f 5457 5455 5903
f 5903 5455 5905
f 5455 5453 5905
f 5905 5453 5907
f 5453 5451 5907
f 5907 5451 5909
f 5451 5449 5909
f 5909 5449 5911
f 5449 5447 5911
f 5911 5447 5913
f 5447 5445 5913
f 5913 5445 5915
f 5445 5443 5915
f 5915 5443 5917
f 5443 5441 5917
f 5917 5441 5919
f 5441 5439 5919
f 5919 5439 5921
f 5439 5437 5921
f 5921 5437 5923
f 5437 5435 5923
f 5923 5435 5925
f 5435 5433 5925
f 5925 5433 5927
f 5433 5431 5927
f 5927 5431 5929
f 5431 5429 5929
f 5929 5429 5931
f 5429 5571 5931
f 5931 5571 5933
f 5571 5569 5933
f 5933 5569 5935
f 5569 5567 5935
f 5935 5567 5937
f 5567 5565 5937
f 5937 5565 5939
f 5565 5563 5939
f 5939 5563 5941
f 5563 5561 5941
f 5941 5561 5943
f 5561 5559 5943
f 5943 5559 5945
f 5559 5557 5945
f 5945 5557 5947
f 5557 5555 5947
f 5947 5555 5949
f 5555 5553 5949
f 5949 5553 5951
f 5553 5551 5951
f 5951 5551 5953
f 5551 5549 5953
f 5953 5549 5955
f 5549 5547 5955
f 5410 6004 5412
f 6004 6005 5412
f 6006 6004 5456
f 6006 5456 6007
f 5616 5410 5409
f 5616 5409 5614
f 5456 5458 6007
f 5458 5460 6007
f 6007 5460 6008
f 5460 5462 6008
f 6008 5462 6009
f 5462 5464 6009
f 6009 5464 6010
f 5464 5466 6010
f 6010 5466 6011
f 5466 5468 6011
f 6011 5468 6012
f 5468 5470 6012
f 6012 5470 6013
f 5421 5420 5600
f 5420 5419 5600
f 5600 5419 6014
f 6013 5470 6015
f 5470 5472 6015
f 6015 5472 6014
f 5409 5424 5614
f 5424 5423 5614
f 5614 5423 5612
f 5423 5422 5612
f 5612 5422 5610
f 5422 5427 5610
f 5610 5427 5608
f 5427 5426 5608
f 5608 5426 5606
f 5426 5425 5606
f 5606 5425 5604
f 5425 5421 5604
f 5604 5421 5602
f 5421 5600 5602
f 6014 5472 5600
f 5472 5474 5600
f 5600 5474 5598
f 5474 5476 5598
f 5598 5476 5596
f 5476 5478 5596
f 5596 5478 5594
f 5478 5480 5594
f 5594 5480 5592
f 5480 5482 5592
f 5592 5482 5590
f 5482 5484 5590
f 5590 5484 5588
f 5484 5486 5588
f 5588 5486 5586
f 5486 5488 5586
f 5586 5488 5584
f 5488 5490 5584
f 5584 5490 5582
f 5490 5492 5582
f 5582 5492 5580
f 5492 5494 5580
f 5580 5494 5578
f 5494 5496 5578
f 5578 5496 5576
f 5496 5498 5576
f 5576 5498 5574
f 5498 5500 5574
f 5574 5500 5572
f 5500 5502 5572
f 5572 5502 5714
f 5502 5504 5714
f 5714 5504 5712
f 5504 5506 5712
f 5712 5506 5710
f 5506 5508 5710
f 5710 5508 5708
f 5508 5510 5708
f 5708 5510 5706
f 5510 5512 5706
f 5706 5512 5704
f 5512 5514 5704
f 5704 5514 5702
f 5514 5516 5702
f 5702 5516 5700
f 5516 5518 5700
f 5700 5518 5698
f 5518 5520 5698
f 5698 5520 5696
f 5520 5522 5696
f 5696 5522 5694
f 5522 5524 5694
f 5694 5524 5692
f 5524 5526 5692
f 5692 5526 5690
f 5526 5528 5690
f 5690 5528 5688
f 5528 5530 5688
f 5688 5530 5686
f 5530 5532 5686
f 5686 5532 5684
f 5532 5534 5684
f 5684 5534 5682
f 5534 5536 5682
f 5682 5536 5680
f 5536 5538 5680
f 5680 5538 5678
f 5538 5540 5678
f 5678 5540 5676
f 5540 5542 5676
f 5676 5542 5674
f 5542 5544 5674
f 5674 5544 5672
f 5544 5546 5672
f 5672 5546 5670
f 5546 5548 5670
f 5670 5548 5668
f 5548 5550 5668
f 5668 5550 5666
f 5550 5552 5666
f 5666 5552 5664
f 5552 5554 5664
f 5664 5554 5662
f 5554 5556 5662
f 5662 5556 5660
f 5556 5558 5660
f 5660 5558 5658
f 5558 5560 5658
f 5658 5560 5656
f 5560 5562 5656
f 5656 5562 5654
f 5562 5564 5654
f 5654 5564 5652
f 5564 5566 5652
f 5652 5566 5650
f 5566 5568 5650
f 5650 5568 5648
f 5568 5570 5648
f 5648 5570 5646
f 5570 5428 5646
f 5646 5428 5644
f 5428 5430 5644
f 5644 5430 5642
f 5430 5432 5642
f 5642 5432 5640
f 5432 5434 5640
f 5640 5434 5638
f 5434 5436 5638
f 5638 5436 5636
f 5436 5438 5636
f 5636 5438 5634
f 5438 5440 5634
f 5634 5440 5632
f 5440 5442 5632
f 5632 5442 5630
f 5442 5444 5630
f 5630 5444 5628
f 5444 5446 5628
f 5628 5446 5626
f 5446 5448 5626
f 5626 5448 5624
f 5448 5450 5624
f 5624 5450 5622
f 5450 5452 5622
f 5622 5452 5620
f 5452 5454 5620
f 5620 5454 5618
f 5454 5456 5618
f 5618 5456 5616
f 5456 6004 5616
f 5616 6004 5410
f 5418 6016 5419
f 6016 6014 5419
f 5414 6017 5415
f 6017 6018 5415
f 6008 6019 6007
f 6019 6006 6007
f 6015 6020 6013
f 6020 6012 6013
f 6008 6009 6019
f 6009 6010 6019
f 6019 6010 6020
f 6010 6011 6020
f 6020 6011 6012
f 5786 6002 5784
f 6002 5860 5784
f 5784 5860 5782
f 5860 5862 5782
f 5782 5862 5780
f 5862 5864 5780
f 5780 5864 5778
f 5864 5866 5778
f 5778 5866 5776
f 5866 5868 5776
f 5776 5868 5774
f 5868 5870 5774
f 5774 5870 5772
f 5870 5872 5772
f 5772 5872 5770
f 5872 5874 5770
f 5770 5874 5768
f 5874 5876 5768
f 5768 5876 5766
f 5876 5878 5766
f 5766 5878 5764
f 5878 5880 5764
f 5764 5880 5762
f 5880 5882 5762
f 5762 5882 5760
f 5882 5884 5760
f 5760 5884 5758
f 5884 5886 5758
f 5758 5886 5756
f 5886 5888 5756
f 5756 5888 5754
f 5888 5890 5754
f 5754 5890 5752
f 5890 5892 5752
f 5752 5892 5750
f 5892 5894 5750
f 5750 5894 5748
f 5894 5896 5748
f 5748 5896 5746
f 5896 5898 5746
f 5746 5898 5744
f 5898 5900 5744
f 5744 5900 5742
f 5900 5902 5742
f 5742 5902 5740
f 5902 5904 5740
f 5740 5904 5738
f 5904 5906 5738
f 5738 5906 5736
f 5906 5908 5736
f 5736 5908 5734
f 5908 5910 5734
f 5734 5910 5732
f 5910 5912 5732
f 5732 5912 5730
f 5912 5914 5730
f 5730 5914 5728
f 5914 5916 5728
f 5728 5916 5726
f 5916 5918 5726
f 5726 5918 5724
f 5918 5920 5724
f 5724 5920 5722
f 5920 5922 5722
f 5722 5922 5720
f 5922 5924 5720
f 5720 5924 5718
f 5924 5926 5718
f 5718 5926 5716
f 5926 5928 5716
f 5716 5928 5858
f 5928 5930 5858
f 5858 5930 5856
f 5930 5932 5856
f 5856 5932 5854
f 5932 5934 5854
f 5854 5934 5852
f 5934 5936 5852
f 5852 5936 5850
f 5936 5938 5850
f 5850 5938 5848
f 5938 5940 5848
f 5848 5940 5846
f 5940 5942 5846
f 5846 5942 5844
f 5942 5944 5844
f 5844 5944 5842
f 5944 5946 5842
f 5842 5946 5840
f 5946 5948 5840
f 5840 5948 5838
f 5948 5950 5838
f 5838 5950 5836
f 5950 5952 5836
f 5836 5952 5834
f 5952 5954 5834
f 5834 5954 5832
f 5954 5956 5832
f 5832 5956 5830
f 5956 5958 5830
f 5830 5958 5828
f 5958 5960 5828
f 5828 5960 5826
f 5960 5962 5826
f 5826 5962 5824
f 5962 5964 5824
f 5824 5964 5822
f 5964 5966 5822
f 5822 5966 5820
f 5966 5968 5820
f 5820 5968 5818
f 5968 5970 5818
f 5818 5970 5816
f 5970 5972 5816
f 5816 5972 5814
f 5972 5974 5814
f 5814 5974 5812
f 5974 5976 5812
f 5812 5976 5810
f 5976 5978 5810
f 5810 5978 5808
f 5978 5980 5808
f 5808 5980 5806
f 5980 5982 5806
f 5806 5982 5804
f 5982 5984 5804
f 5804 5984 5802
f 5984 5986 5802
f 5802 5986 5800
f 5986 5988 5800
f 5800 5988 5798
f 5988 5990 5798
f 5798 5990 5796
f 5990 5992 5796
f 5796 5992 5794
f 5992 5994 5794
f 5794 5994 5792
f 5994 5996 5792
f 5792 5996 5790
f 5996 5998 5790
f 5790 5998 5788
f 5998 6000 5788
f 5788 6000 5786
f 6000 6002 5786
f 6018 6016 5415
f 6016 5418 5415
f 5415 5418 5417
f 6016 6020 6014
f 6020 6015 6014
f 6016 6018 6020
f 6017 6019 6018
f 6019 6020 6018
f 6019 6005 6006
f 6005 6004 6006
f 6019 6017 6005
f 5413 5412 5414
f 5412 6005 5414
f 5414 6005 6017
